event,event_date,venue,discipline,round,athlete,fis_code,country,rank,run_score,time_points,turns_total,air_total,jump_1_jump_number,jump_1_type,jump_1_degree_diff,jump_1_judge_6_score,jump_1_judge_7_score,jump_2_jump_number,jump_2_type,jump_2_degree_diff,jump_2_judge_6_score,jump_2_judge_7_score
FIS FREESTYLE SKI WORLD CUP 2023,2022-12-16,ALPE D'HUEZ (FRA),Men's Moguls,Results Final 1,PAGE Nick,2533462,USA,2,79.76,15.95,46.2,17.61,1,7oG,1.01,8.2,8.4,2,10op,1.05,8.7,8.9
FIS FREESTYLE SKI WORLD CUP 2023,2022-12-16,ALPE D'HUEZ (FRA),Men's Moguls,Results Final 1,HOLMGREN Emil,2534210,SWE,12,66.13,14.6,40.2,11.33,1,10op,1.05,6.4,6.8,2,bp,0.71,6.0,6.4
FIS FREESTYLE SKI WORLD CUP 2023,2022-12-16,ALPE D'HUEZ (FRA),Men's Moguls,Results Final 2,HORISHIMA Ikuma,2529645,JPN,1,82.66,16.4,48.7,17.56,1,7oG,1.01,8.6,8.0,2,10op,1.05,8.7,8.8
FIS FREESTYLE SKI WORLD CUP 2023,2022-12-16,ALPE D'HUEZ (FRA),Women's Moguls,Results Final 1,KAJIWARA Yuki,2533769,JPN,13,65.97,17.61,37.1,11.26,1,bp,0.81,6.3,5.8,2,7op,0.98,6.5,6.5
FIS FREESTYLE SKI WORLD CUP 2023,2023-01-27,VAL ST. COME (CAN),Women's Moguls,Results Qualification,SCHWINGHAMMER,2533204,CAN,5,74.64,17.42,42.8,14.42,1,bT,0.78,8.2,8.4,2,bG,0.92,8.6,8.7
FIS FREESTYLE SKI WORLD CUP 2023,2023-01-27,VAL ST. COME (CAN),Women's Moguls,Results Qualification,MACUGA Alli,2534186,USA,19,63.39,17.78,35.3,10.31,1,bp,0.81,5.9,5.8,2,7op,0.98,5.5,5.9
FIS FREESTYLE SKI WORLD CUP 2023,2023-01-27,VAL ST. COME (CAN),Women's Moguls,Results Qualification,DEGROOTE Fantine,2533547,FRA,28,35.98,11.93,10.4,13.65,1,bG,0.92,7.6,8.0,2,bp,0.81,8.0,8.0
FIS FREESTYLE SKI WORLD CUP 2023,2023-01-27,VAL ST. COME (CAN),Men's Moguls,Results Final 1,KINGSBURY Mikael,2484937,CAN,1,83.74,17.58,49.8,16.36,1,bF,0.88,9.0,9.1,2,10op,1.05,8.0,8.0
FIS FREESTYLE SKI WORLD CUP 2023,2023-02-02,DEER VALLEY (USA),Men's Moguls,Results Final 1,KINGSBURY Mikael,2484937,CAN,2,80.5,16.57,48.9,15.03,1,10op,1.05,7.1,7.3,2,7op,0.88,8.5,8.5
FIS FREESTYLE SKI WORLD CUP 2023,2022-12-16,ALPE D'HUEZ (FRA),Men's Moguls,Results Final 1,WALLBERG Walter,2532001,SWE,4,78.01,16.15,46.2,15.66,1,bF,0.88,8.4,8.6,2,10op,1.05,8.1,7.5
FIS FREESTYLE SKI WORLD CUP 2023,2022-12-16,ALPE D'HUEZ (FRA),Men's Moguls,Results Final 1,SUGIMOTO Kosuke,2528069,JPN,11,69.99,13.98,44.1,11.91,1,7oG,1.01,5.8,5.8,2,7op,0.88,6.6,7.2
FIS FREESTYLE SKI WORLD CUP 2023,2022-12-16,ALPE D'HUEZ (FRA),Women's Moguls,Results Final 2,ANTHONY Jakara,2530720,AUS,1,79.7,16.24,47.5,15.96,1,7oG,1.11,7.5,7.1,2,bG,0.92,8.4,8.7
FIS FREESTYLE SKI WORLD CUP 2023,2022-12-16,ALPE D'HUEZ (FRA),Women's Moguls,Results Final 2,LAFFONT Perrine,2531156,FRA,2,75.81,16.6,45.3,13.91,1,bp,0.81,7.5,6.8,2,7op,0.98,8.4,8.2
FIS FREESTYLE SKI WORLD CUP 2023,2022-12-16,ALPE D'HUEZ (FRA),Women's Moguls,Results Final 2,KAUF Jaelin,2529064,USA,6,47.07,17.78,18.3,10.99,1,bG,0.92,8.2,8.4,2,S,0.48,7.0,7.0
FIS FREESTYLE SKI WORLD CUP 2023,2023-01-27,VAL ST. COME (CAN),Women's Moguls,Results Qualification,GIACCIO Olivia,2532241,USA,9,72.38,15.06,44.1,13.22,1,bF,0.98,7.3,7.2,2,7op,0.98,6.2,6.3
FIS FREESTYLE SKI WORLD CUP 2023,2023-01-27,VAL ST. COME (CAN),Women's Moguls,Results Qualification,JOHNSON Tess,2532270,USA,22,58.07,17.2,30.2,10.67,1,bG,0.92,6.5,7.2,2,7o,0.95,4.2,5.0
FIS FREESTYLE SKI WORLD CUP 2023,2023-01-27,VAL ST. COME (CAN),Women's Moguls,Results Qualification,HU Qiaonan,2537260,CHN,31,15.79,9.13,0.3,6.36,1,bp,0.81,4.0,4.1,2,bG,0.92,3.5,3.2
FIS FREESTYLE SKI WORLD CUP 2023,2023-01-27,VAL ST. COME (CAN),Women's Moguls,Results Final 1,ANTHONY Jakara,2530720,AUS,1,83.23,18.33,47.5,17.4,1,7oG,1.11,8.3,8.4,2,bG,0.92,8.9,8.8
FIS FREESTYLE SKI WORLD CUP 2023,2023-01-27,VAL ST. COME (CAN),Women's Moguls,Results Final 1,NAKAO Haruka,2533488,JPN,12,73.74,16.29,43.6,13.85,1,bG,0.92,6.8,6.5,2,7op,0.98,7.9,7.9
FIS FREESTYLE SKI WORLD CUP 2023,2023-01-27,VAL ST. COME (CAN),Women's Moguls,Results Final 1,LINTON Jessica,2533613,CAN,14,71.39,16.43,43.6,11.36,1,bG,0.92,7.5,7.8,2,bp,0.81,5.5,5.2
FIS FREESTYLE SKI WORLD CUP 2023,2023-01-27,VAL ST. COME (CAN),Men's Moguls,Results Final 1,SUGIMOTO Kosuke,2528069,JPN,8,77.91,17.19,45.4,15.32,1,7oG,1.01,7.9,8.0,2,7op,0.88,8.3,8.3
FIS FREESTYLE SKI WORLD CUP 2023,2023-02-02,DEER VALLEY (USA),Men's Moguls,Results Final 1,VAILLANCOURT Elliot,2532513,CAN,4,77.32,15.58,45.7,16.04,1,7oG,1.01,8.3,8.5,2,7op,0.88,8.5,8.7
FIS FREESTYLE SKI WORLD CUP 2023,2023-02-02,DEER VALLEY (USA),Men's Moguls,Results Final 1,SUGIMOTO Kosuke,2528069,JPN,6,75.85,16.22,46.2,13.43,1,7oG,1.01,8.0,7.9,2,7op,0.88,6.1,6.2
FIS FREESTYLE SKI WORLD CUP 2023,2022-12-10,IDRE FJÄLL (SWE),Women's Moguls,Results Final 2,GERKEN SCHOFIELD,2530540,GBR,6,67.96,18.27,38.3,11.39,1,bG,0.92,7.0,6.6,2,bp,0.81,6.5,6.2
FIS FREESTYLE SKI WORLD CUP 2023,2022-12-16,ALPE D'HUEZ (FRA),Men's Moguls,Results Final 1,KOLMAKOV Pavel,2528846,KAZ,13,58.92,15.39,31.2,12.33,1,bdF,1.05,7.3,6.4,2,10op,1.05,5.0,4.8
FIS FREESTYLE SKI WORLD CUP 2023,2022-12-16,ALPE D'HUEZ (FRA),Women's Moguls,Results Final 1,YANAGIMOTO Rino,2532040,JPN,5,74.19,15.87,44.3,14.02,1,bp,0.81,8.3,7.7,2,7op,0.98,7.4,8.0
FIS FREESTYLE SKI WORLD CUP 2023,2022-12-16,ALPE D'HUEZ (FRA),Women's Moguls,Results Final 1,AMRENOVA Ayaulym,2532085,KAZ,14,59.06,13.78,33.6,11.68,1,bG,0.92,6.7,6.9,2,7op,0.98,5.1,6.0
FIS FREESTYLE SKI WORLD CUP 2023,2022-12-16,ALPE D'HUEZ (FRA),Women's Moguls,Results Final 2,GERKEN SCHOFIELD,2530540,GBR,4,73.49,17.3,43.8,12.39,1,bG,0.92,7.0,6.4,2,bp,0.81,8.0,7.4
FIS FREESTYLE SKI WORLD CUP 2023,2022-12-16,ALPE D'HUEZ (FRA),Women's Moguls,Results Final 2,YANAGIMOTO Rino,2532040,JPN,5,71.96,16.2,42.3,13.46,1,bp,0.81,7.1,6.8,2,7op,0.98,8.2,7.8
FIS FREESTYLE SKI WORLD CUP 2023,2023-01-27,VAL ST. COME (CAN),Women's Moguls,Results Qualification,KAUF Jaelin,2529064,USA,8,72.91,18.2,42.7,12.01,1,bG,0.92,7.0,7.6,2,bp,0.81,6.7,6.4
FIS FREESTYLE SKI WORLD CUP 2023,2023-01-27,VAL ST. COME (CAN),Women's Moguls,Results Qualification,RAMSAUER Katharina,2530097,AUT,23,50.61,13.88,28.0,8.73,1,bL,0.81,5.7,5.9,2,bG,0.92,4.2,4.6
FIS FREESTYLE SKI WORLD CUP 2023,2023-01-27,VAL ST. COME (CAN),Women's Moguls,Results Qualification,CAO Tianqing,2537262,CHN,24,49.72,14.26,27.0,8.46,1,bG,0.92,3.9,4.4,2,7op,0.98,4.7,4.8
FIS FREESTYLE SKI WORLD CUP 2023,2023-01-27,VAL ST. COME (CAN),Men's Moguls,Results Final 1,CHALIFOUX Louis-,2534234,CAN,10,76.52,16.67,46.0,13.85,1,bF,0.88,8.0,8.0,2,7op,0.88,7.7,7.8
FIS FREESTYLE SKI WORLD CUP 2023,2023-01-27,VAL ST. COME (CAN),Men's Moguls,Results Final 1,MATSUDA So,2531671,JPN,11,76.29,16.12,45.9,14.27,1,bF,0.88,7.2,7.6,2,7oG,1.01,7.5,7.9
FIS FREESTYLE SKI WORLD CUP 2023,2022-12-10,IDRE FJÄLL (SWE),Women's Moguls,Results Final 2,LEMLEY Elizabeth,2537762,USA,5,73.49,19.82,40.8,12.87,1,7oG,1.11,5.2,5.3,2,bp,0.81,8.2,9.2
FIS FREESTYLE SKI WORLD CUP 2023,2022-12-16,ALPE D'HUEZ (FRA),Men's Moguls,Results Final 1,CAVET Benjamin,2530514,FRA,5,77.9,14.56,47.5,15.84,1,bF,0.88,9.0,9.0,2,10op,1.05,7.9,7.2
FIS FREESTYLE SKI WORLD CUP 2023,2022-12-16,ALPE D'HUEZ (FRA),Men's Moguls,Results Final 1,McDONALD Cole,2534511,USA,6,77.79,15.42,46.9,15.47,1,bF,0.88,8.1,8.6,2,10op,1.05,8.2,7.3
FIS FREESTYLE SKI WORLD CUP 2023,2022-12-16,ALPE D'HUEZ (FRA),Women's Moguls,Results Final 1,LAFFONT Perrine,2531156,FRA,3,77.8,16.64,46.8,14.36,1,bp,0.81,8.1,7.9,2,7op,0.98,7.9,8.2
FIS FREESTYLE SKI WORLD CUP 2023,2023-01-27,VAL ST. COME (CAN),Women's Moguls,Results Qualification,KAWAMURA Anri,2534852,JPN,3,80.99,19.31,46.5,15.18,1,bp,0.81,8.5,8.8,2,7op,0.98,8.4,8.3
FIS FREESTYLE SKI WORLD CUP 2023,2023-01-27,VAL ST. COME (CAN),Women's Moguls,Results Qualification,MA Zhuoni,2533012,CHN,26,41.08,10.4,22.4,8.28,1,bT,0.78,4.2,4.9,2,bG,0.92,5.1,5.2
FIS FREESTYLE SKI WORLD CUP 2023,2023-01-27,VAL ST. COME (CAN),Women's Moguls,Results Final 2,KAUF Jaelin,2529064,USA,3,78.34,20.0,44.7,13.64,1,bG,0.92,8.0,8.2,2,bp,0.81,7.8,7.5
FIS FREESTYLE SKI WORLD CUP 2023,2022-12-16,ALPE D'HUEZ (FRA),Men's Moguls,Results Final 1,WOODS Cooper,2532161,AUS,15,55.8,13.26,31.6,10.94,1,bF,0.88,7.4,7.4,2,bp,0.71,6.0,6.5
FIS FREESTYLE SKI WORLD CUP 2023,2023-01-27,VAL ST. COME (CAN),Women's Moguls,Results Final 1,KAWAMURA Anri,2534852,JPN,2,82.47,19.75,47.3,15.42,1,bp,0.81,9.0,8.9,2,7op,0.98,8.5,8.2
FIS FREESTYLE SKI WORLD CUP 2023,2023-01-27,VAL ST. COME (CAN),Women's Moguls,Results Final 1,LEMLEY Elizabeth,2537762,USA,9,74.84,18.01,42.8,14.03,1,7oG,1.11,6.5,6.7,2,7op,0.98,6.9,6.8
FIS FREESTYLE SKI WORLD CUP 2023,2023-01-27,VAL ST. COME (CAN),Women's Moguls,Results Final 1,GIACCIO Olivia,2532241,USA,11,74.53,16.9,44.9,12.73,1,bF,0.98,6.2,6.3,2,7op,0.98,6.9,6.6
FIS FREESTYLE SKI WORLD CUP 2023,2023-01-27,VAL ST. COME (CAN),Women's Moguls,Results Final 1,IHARA Haruka,2531368,JPN,15,70.2,15.93,43.1,11.17,1,bG,0.92,6.5,6.7,2,bp,0.81,6.5,6.1
FIS FREESTYLE SKI WORLD CUP 2023,2023-01-27,VAL ST. COME (CAN),Women's Moguls,Results Final 2,YANAGIMOTO Rino,2532040,JPN,6,66.38,17.82,35.9,12.66,1,7oG,1.11,6.1,6.3,2,7op,0.98,5.9,5.9
FIS FREESTYLE SKI WORLD CUP 2023,2023-01-27,VAL ST. COME (CAN),Men's Moguls,Results Final 1,VIERELA Severi,2533386,FIN,7,78.42,17.1,45.0,16.32,1,bF,0.88,9.0,8.9,2,10op,1.05,8.1,8.0
FIS FREESTYLE SKI WORLD CUP 2023,2022-12-10,IDRE FJÄLL (SWE),Women's Moguls,Results Final 2,ANTHONY Jakara,2530720,AUS,1,81.75,17.78,48.3,15.67,1,7oG,1.11,7.3,7.1,2,bG,0.92,8.5,8.2
FIS FREESTYLE SKI WORLD CUP 2023,2022-12-10,IDRE FJÄLL (SWE),Women's Moguls,Results Final 2,GIACCIO Olivia,2532241,USA,4,74.99,17.66,44.6,12.73,1,bF,0.98,6.7,6.6,2,7op,0.98,6.5,6.2
FIS FREESTYLE SKI WORLD CUP 2023,2022-12-16,ALPE D'HUEZ (FRA),Men's Moguls,Results Final 1,FJALLSTROM Ludvig,2528117,SWE,10,70.15,14.78,42.9,12.47,1,7op,0.88,7.4,7.8,2,bp,0.71,8.0,8.3
FIS FREESTYLE SKI WORLD CUP 2023,2022-12-16,ALPE D'HUEZ (FRA),Women's Moguls,Results Final 1,CARROLL Avital,2529074,AUT,8,71.88,14.93,43.9,13.05,1,bG,0.92,7.0,5.7,2,7oG,1.11,6.5,6.5
FIS FREESTYLE SKI WORLD CUP 2023,2023-01-27,VAL ST. COME (CAN),Women's Moguls,Results Qualification,SOAR Hannah,2531373,USA,10,71.58,16.47,44.8,10.31,1,bp,0.81,7.1,7.0,2,7op,0.98,4.4,5.0
FIS FREESTYLE SKI WORLD CUP 2023,2023-01-27,VAL ST. COME (CAN),Women's Moguls,Results Qualification,CABROL Camille,2530274,FRA,18,63.55,15.36,37.6,10.59,1,bT,0.78,6.8,7.4,2,bG,0.92,5.5,5.5
FIS FREESTYLE SKI WORLD CUP 2023,2023-01-27,VAL ST. COME (CAN),Women's Moguls,Results Qualification,YANG Ya,2537259,CHN,25,42.26,11.03,22.6,8.63,1,bp,0.81,5.1,6.0,2,bG,0.92,4.2,4.8
FIS FREESTYLE SKI WORLD CUP 2023,2023-01-27,VAL ST. COME (CAN),Women's Moguls,Results Final 1,BROWN Berkley,2531523,CAN,13,72.87,16.79,43.3,12.78,1,bT,0.78,7.8,8.0,2,bG,0.92,7.1,7.3
FIS FREESTYLE SKI WORLD CUP 2023,2023-02-02,DEER VALLEY (USA),Men's Moguls,Results Final 1,GRAHAM Matt,2441426,AUS,1,81.27,17.96,49.1,14.21,1,10op,1.05,7.1,7.5,2,7op,0.88,7.6,7.3
FIS FREESTYLE SKI WORLD CUP 2023,2022-12-16,ALPE D'HUEZ (FRA),Men's Moguls,Results Final 1,WALCZYK Dylan,2527085,USA,8,73.64,14.82,45.8,13.02,1,7oG,1.01,6.8,7.5,2,7op,0.88,6.9,6.3
FIS FREESTYLE SKI WORLD CUP 2023,2022-12-16,ALPE D'HUEZ (FRA),Women's Moguls,Results Final 1,NAKAO Haruka,2533488,JPN,12,66.5,14.09,39.9,12.51,1,bG,0.92,5.9,6.3,2,7op,0.98,7.0,7.1
FIS FREESTYLE SKI WORLD CUP 2023,2023-01-27,VAL ST. COME (CAN),Women's Moguls,Results Qualification,LAFFONT Perrine,2531156,FRA,2,82.3,18.79,49.0,14.51,1,bp,0.81,8.4,8.7,2,7op,0.98,7.7,7.8
FIS FREESTYLE SKI WORLD CUP 2023,2023-01-27,VAL ST. COME (CAN),Women's Moguls,Results Qualification,LINTON Jessica,2533613,CAN,12,69.36,15.67,42.3,11.39,1,bG,0.92,6.3,6.5,2,bp,0.81,7.0,6.6
FIS FREESTYLE SKI WORLD CUP 2023,2023-01-27,VAL ST. COME (CAN),Women's Moguls,Results Final 1,GERKEN SCHOFIELD,2530540,GBR,8,75.89,18.03,44.7,13.16,1,bG,0.92,7.1,7.1,2,bp,0.81,7.9,8.5
FIS FREESTYLE SKI WORLD CUP 2023,2023-01-27,VAL ST. COME (CAN),Men's Moguls,Results Final 1,KOLMAKOV Pavel,2528846,KAZ,14,73.45,17.04,45.6,10.81,1,bdF,1.05,4.8,5.0,2,10op,1.05,5.2,5.6
FIS FREESTYLE SKI WORLD CUP 2023,2023-01-27,VAL ST. COME (CAN),Men's Moguls,Results Final 1,GRAVENFORS Filip,2534858,SWE,15,71.86,18.63,40.7,12.53,1,bF,0.88,8.5,8.4,2,7op,0.88,5.6,6.0
FIS FREESTYLE SKI WORLD CUP 2023,2023-02-02,DEER VALLEY (USA),Men's Moguls,Results Final 1,MARCELLINI Dylan,2534089,USA,5,75.89,15.08,46.2,14.61,1,7op,0.88,6.7,6.8,2,7oG,1.01,8.4,8.8
FIS FREESTYLE SKI WORLD CUP 2023,2022-12-16,ALPE D'HUEZ (FRA),Men's Moguls,Results Final 1,DUFRESNE Gabriel,2530240,CAN,9,72.16,16.01,41.9,14.25,1,bF,0.88,8.4,8.5,2,7op,0.88,7.7,7.8
FIS FREESTYLE SKI WORLD CUP 2023,2022-12-16,ALPE D'HUEZ (FRA),Women's Moguls,Results Final 1,GERKEN SCHOFIELD,2530540,GBR,6,73.43,17.22,43.5,12.71,1,bG,0.92,7.6,7.9,2,bp,0.81,7.4,6.4
FIS FREESTYLE SKI WORLD CUP 2023,2023-01-27,VAL ST. COME (CAN),Women's Moguls,Results Qualification,NAKAO Haruka,2533488,JPN,13,67.17,14.98,39.8,12.39,1,bG,0.92,7.2,7.2,2,7op,0.98,5.7,6.1
FIS FREESTYLE SKI WORLD CUP 2023,2023-01-27,VAL ST. COME (CAN),Women's Moguls,Results Final 1,SCHWINGHAMMER,2533204,CAN,5,77.17,18.88,44.5,13.79,1,bT,0.78,8.5,8.6,2,bG,0.92,7.7,7.8
FIS FREESTYLE SKI WORLD CUP 2023,2023-01-27,VAL ST. COME (CAN),Women's Moguls,Results Final 1,SOAR Hannah,2531373,USA,10,74.73,17.89,45.9,10.94,1,bp,0.81,6.2,6.3,2,bG,0.92,6.4,6.4
FIS FREESTYLE SKI WORLD CUP 2023,2023-01-27,VAL ST. COME (CAN),Women's Moguls,Results Final 2,KAWAMURA Anri,2534852,JPN,1,82.25,20.0,47.2,15.05,1,bp,0.81,8.0,8.0,2,7op,0.98,8.7,8.8
FIS FREESTYLE SKI WORLD CUP 2023,2023-01-27,VAL ST. COME (CAN),Men's Moguls,Results Final 1,HORISHIMA Ikuma,2529645,JPN,2,83.22,17.61,47.5,18.11,1,7oG,1.01,9.3,9.0,2,10op,1.05,8.5,8.4
FIS FREESTYLE SKI WORLD CUP 2023,2023-01-27,VAL ST. COME (CAN),Men's Moguls,Results Final 1,GRAHAM Matt,2441426,AUS,6,78.49,17.23,47.4,13.86,1,bdF,1.05,6.8,6.3,2,7op,0.88,8.1,7.8
FIS FREESTYLE SKI WORLD CUP 2023,2023-01-27,VAL ST. COME (CAN),Men's Moguls,Results Final 1,SHIMAKAWA Takuya,2530672,JPN,16,70.42,17.07,42.4,10.95,1,7oG,1.01,5.5,5.5,2,7op,0.88,6.1,6.2
FIS FREESTYLE SKI WORLD CUP 2023,2022-12-16,ALPE D'HUEZ (FRA),Men's Moguls,Results Final 1,GRAHAM Matt,2441426,AUS,7,77.18,15.6,46.0,15.58,1,bdF,1.05,7.8,8.3,2,10op,1.05,6.9,6.7
FIS FREESTYLE SKI WORLD CUP 2023,2022-12-16,ALPE D'HUEZ (FRA),Men's Moguls,Results Final 2,KINGSBURY Mikael,2484937,CAN,2,80.85,15.29,48.3,17.26,1,bdF,1.05,7.7,8.1,2,10op,1.05,8.4,8.7
FIS FREESTYLE SKI WORLD CUP 2023,2022-12-16,ALPE D'HUEZ (FRA),Men's Moguls,Results Final 2,WALLBERG Walter,2532001,SWE,6,33.74,10.6,15.4,7.74,1,bF,0.88,8.7,8.9,2,NJ,0.0,0.0,0.0
FIS FREESTYLE SKI WORLD CUP 2023,2023-01-27,VAL ST. COME (CAN),Women's Moguls,Results Qualification,TOMITAKA Hinako,2532031,JPN,20,59.22,14.73,35.2,9.29,1,bp,0.81,5.7,5.9,2,7op,0.98,4.4,5.0
FIS FREESTYLE SKI WORLD CUP 2023,2023-01-27,VAL ST. COME (CAN),Women's Moguls,Results Qualification,MERZ Annika,2535327,GER,29,20.53,12.43,1.0,7.1,1,bG,0.92,4.3,4.1,2,bp,0.81,4.0,4.0
FIS FREESTYLE SKI WORLD CUP 2023,2023-01-27,VAL ST. COME (CAN),Women's Moguls,Results Final 1,CARROLL Avital,2529074,AUT,7,76.06,18.03,43.2,14.83,1,7oG,1.11,6.4,6.5,2,bG,0.92,8.3,8.4
FIS FREESTYLE SKI WORLD CUP 2023,2023-01-27,VAL ST. COME (CAN),Men's Moguls,Results Final 2,HORISHIMA Ikuma,2529645,JPN,3,81.36,18.23,46.6,16.53,1,7oG,1.01,9.2,8.8,2,10op,1.05,6.7,7.5
FIS FREESTYLE SKI WORLD CUP 2023,2023-01-27,VAL ST. COME (CAN),Men's Moguls,Results Final 2,PAGE Nick,2533462,USA,4,80.82,16.83,47.0,16.99,1,7oG,1.01,8.3,8.2,2,10op,1.05,8.4,8.1
FIS FREESTYLE SKI WORLD CUP 2023,2022-12-16,ALPE D'HUEZ (FRA),Men's Moguls,Results Final 1,HORISHIMA Ikuma,2529645,JPN,1,80.43,15.34,48.1,16.99,1,7oG,1.01,8.2,8.3,2,10op,1.05,8.4,8.1
FIS FREESTYLE SKI WORLD CUP 2023,2022-12-16,ALPE D'HUEZ (FRA),Men's Moguls,Results Final 1,KINGSBURY Mikael,2484937,CAN,3,78.56,15.03,47.1,16.43,1,bdF,1.05,7.2,7.6,2,10op,1.05,8.4,8.1
FIS FREESTYLE SKI WORLD CUP 2023,2022-12-16,ALPE D'HUEZ (FRA),Men's Moguls,Results Final 1,MATSUDA So,2531671,JPN,14,58.47,16.07,29.9,12.5,1,bF,0.88,7.9,8.6,2,7oG,1.01,5.4,5.0
FIS FREESTYLE SKI WORLD CUP 2023,2023-01-27,VAL ST. COME (CAN),Women's Moguls,Results Qualification,GERKEN SCHOFIELD,2530540,GBR,7,73.37,16.94,44.7,11.73,1,bG,0.92,6.5,6.7,2,bp,0.81,6.8,7.2
FIS FREESTYLE SKI WORLD CUP 2023,2023-01-27,VAL ST. COME (CAN),Women's Moguls,Results Qualification,IHARA Haruka,2531368,JPN,15,65.42,16.48,40.0,8.94,1,bG,0.92,5.1,5.1,2,bp,0.81,5.3,5.2
FIS FREESTYLE SKI WORLD CUP 2023,2023-01-27,VAL ST. COME (CAN),Women's Moguls,Results Final 1,LAFFONT Perrine,2531156,FRA,3,81.71,19.5,47.4,14.81,1,bp,0.81,8.3,8.7,2,7op,0.98,8.0,8.2
FIS FREESTYLE SKI WORLD CUP 2023,2023-01-27,VAL ST. COME (CAN),Women's Moguls,Results Final 1,DESMARAIS-GILBERT,2531811,CAN,16,69.68,15.52,42.4,11.76,1,bG,0.92,5.8,5.8,2,bp,0.81,8.0,7.9
FIS FREESTYLE SKI WORLD CUP 2023,2023-01-27,VAL ST. COME (CAN),Men's Moguls,Results Final 1,VAILLANCOURT Elliot,2532513,CAN,9,76.63,17.25,44.6,14.78,1,7oG,1.01,8.2,8.2,2,7op,0.88,7.2,7.6
FIS FREESTYLE SKI WORLD CUP 2023,2023-01-27,VAL ST. COME (CAN),Men's Moguls,Results Final 1,WOODS Cooper,2532161,AUS,13,74.73,16.82,44.5,13.41,1,bF,0.88,8.3,8.3,2,7op,0.88,6.9,7.0
FIS FREESTYLE SKI WORLD CUP 2023,2023-01-27,VAL ST. COME (CAN),Men's Moguls,Results Final 2,GRAHAM Matt,2441426,AUS,6,76.83,17.57,43.4,15.86,1,bdF,1.05,8.0,7.9,2,7op,0.88,8.5,8.6
FIS FREESTYLE SKI WORLD CUP 2023,2022-12-16,ALPE D'HUEZ (FRA),Men's Moguls,Results Final 2,CAVET Benjamin,2530514,FRA,4,75.04,15.57,44.3,15.17,1,bF,0.88,9.1,8.7,2,10op,1.05,7.2,6.8
FIS FREESTYLE SKI WORLD CUP 2023,2022-12-16,ALPE D'HUEZ (FRA),Women's Moguls,Results Final 1,TOMITAKA Hinako,2532031,JPN,9,71.2,15.69,43.4,12.11,1,7op,0.98,6.3,5.8,2,bp,0.81,7.5,7.8
FIS FREESTYLE SKI WORLD CUP 2023,2023-01-27,VAL ST. COME (CAN),Women's Moguls,Results Qualification,LI Ruilin,2537198,CHN,30,17.9,11.14,2.3,4.46,1,bp,0.81,2.1,2.1,2,bG,0.92,3.0,3.0
FIS FREESTYLE SKI WORLD CUP 2023,2023-01-27,VAL ST. COME (CAN),Women's Moguls,Results Final 2,LAFFONT Perrine,2531156,FRA,4,77.6,18.86,43.1,15.64,1,7oG,1.11,7.1,7.5,2,7op,0.98,7.6,7.8
FIS FREESTYLE SKI WORLD CUP 2023,2023-01-27,VAL ST. COME (CAN),Men's Moguls,Results Final 2,KINGSBURY Mikael,2484937,CAN,1,85.37,17.04,50.6,17.73,1,bdF,1.05,8.5,8.7,2,10op,1.05,8.3,8.3
FIS FREESTYLE SKI WORLD CUP 2023,2022-12-16,ALPE D'HUEZ (FRA),Men's Moguls,Results Final 2,McDONALD Cole,2534511,USA,3,75.17,16.78,42.6,15.79,1,bdF,1.05,6.5,6.8,2,10op,1.05,8.5,8.3
FIS FREESTYLE SKI WORLD CUP 2023,2022-12-16,ALPE D'HUEZ (FRA),Women's Moguls,Results Final 1,ANTHONY Jakara,2530720,AUS,1,80.68,16.14,47.6,16.94,1,7oG,1.11,8.0,8.2,2,bG,0.92,8.7,8.6
FIS FREESTYLE SKI WORLD CUP 2023,2022-12-16,ALPE D'HUEZ (FRA),Women's Moguls,Results Final 1,MACUGA Alli,2534186,USA,10,69.53,16.78,40.8,11.95,1,bF,0.98,6.5,6.7,2,7op,0.98,5.2,6.0
FIS FREESTYLE SKI WORLD CUP 2023,2022-12-16,ALPE D'HUEZ (FRA),Women's Moguls,Results Final 2,LEMLEY Elizabeth,2537762,USA,3,74.75,19.23,42.3,13.22,1,7oG,1.11,6.2,5.9,2,7op,0.98,7.1,6.2
FIS FREESTYLE SKI WORLD CUP 2023,2023-01-27,VAL ST. COME (CAN),Women's Moguls,Results Qualification,KAJIWARA Yuki,2533769,JPN,17,64.07,14.34,38.4,11.33,1,bp,0.81,6.7,7.4,2,7op,0.98,5.7,5.8
FIS FREESTYLE SKI WORLD CUP 2023,2023-01-27,VAL ST. COME (CAN),Women's Moguls,Results Qualification,SHAFFER Lulu,2531871,USA,21,58.3,17.43,31.5,9.37,1,bG,0.92,5.0,5.0,2,bp,0.81,5.8,6.0
FIS FREESTYLE SKI WORLD CUP 2023,2023-01-27,VAL ST. COME (CAN),Men's Moguls,Results Final 1,CAVET Benjamin,2530514,FRA,4,80.09,17.27,48.1,14.72,1,bF,0.88,7.9,7.8,2,10op,1.05,7.3,7.6
FIS FREESTYLE SKI WORLD CUP 2023,2023-02-02,DEER VALLEY (USA),Men's Moguls,Results Final 1,WALCZYK Dylan,2527085,USA,7,75.55,14.1,49.3,12.15,1,7oG,1.01,6.5,6.6,2,7op,0.88,6.4,6.2
FIS FREESTYLE SKI WORLD CUP 2023,2022-12-16,ALPE D'HUEZ (FRA),Men's Moguls,Results Final 1,HARVEY Jackson,2534735,AUS,16,51.62,14.93,26.1,10.59,1,bF,0.88,6.2,6.9,2,7op,0.88,5.4,5.6
FIS FREESTYLE SKI WORLD CUP 2023,2023-01-27,VAL ST. COME (CAN),Women's Moguls,Results Qualification,LEMLEY Elizabeth,2537762,USA,4,75.16,17.05,43.3,14.81,1,7oG,1.11,7.1,7.2,2,bp,0.81,8.5,8.5
FIS FREESTYLE SKI WORLD CUP 2023,2023-01-27,VAL ST. COME (CAN),Women's Moguls,Results Final 2,ANTHONY Jakara,2530720,AUS,2,81.88,18.25,46.7,16.93,1,7oG,1.11,8.1,8.0,2,bG,0.92,8.6,8.8
FIS FREESTYLE SKI WORLD CUP 2023,2023-01-27,VAL ST. COME (CAN),Men's Moguls,Results Final 1,VIEL Julien,2534074,CAN,12,75.65,17.41,45.4,12.84,1,bF,0.88,8.6,8.6,2,7op,0.88,6.0,6.0
FIS FREESTYLE SKI WORLD CUP 2023,2023-01-27,VAL ST. COME (CAN),Men's Moguls,Results Final 2,CAVET Benjamin,2530514,FRA,5,79.44,17.64,47.1,14.7,1,bdF,1.05,6.4,6.8,2,10op,1.05,7.4,7.4
FIS FREESTYLE SKI WORLD CUP 2023,2023-02-02,DEER VALLEY (USA),Men's Moguls,Results Final 1,MURATA Yutaro,2530684,JPN,8,75.23,17.63,44.9,12.7,1,bF,0.88,6.1,6.1,2,7op,0.88,8.4,8.3
FIS FREESTYLE SKI WORLD CUP 2023,2022-12-10,IDRE FJÄLL (SWE),Women's Moguls,Results Final 2,KAWAMURA Anri,2534852,JPN,2,80.02,19.17,46.8,14.05,1,7op,0.98,7.2,7.5,2,bG,0.92,7.7,7.2
FIS FREESTYLE SKI WORLD CUP 2023,2022-12-16,ALPE D'HUEZ (FRA),Women's Moguls,Results Final 1,SCHWINGHAMMER,2533204,CAN,11,69.49,16.45,41.2,11.84,1,bT,0.78,7.2,7.5,2,bG,0.92,6.9,6.4
FIS FREESTYLE SKI WORLD CUP 2023,2023-01-27,VAL ST. COME (CAN),Women's Moguls,Results Qualification,YANAGIMOTO Rino,2532040,JPN,11,71.21,15.66,40.1,15.45,1,7oG,1.11,6.8,7.2,2,7op,0.98,7.7,8.0
FIS FREESTYLE SKI WORLD CUP 2023,2023-01-27,VAL ST. COME (CAN),Women's Moguls,Results Qualification,BERGHUIS Janneke,2532759,NED,27,38.51,11.91,15.7,10.9,1,bG,0.92,5.3,5.2,2,fT,0.78,7.9,7.7
FIS FREESTYLE SKI WORLD CUP 2023,2022-12-16,ALPE D'HUEZ (FRA),Women's Moguls,Results Final 1,KAUF Jaelin,2529064,USA,2,78.56,18.83,46.1,13.63,1,bG,0.92,7.9,8.3,2,bp,0.81,7.8,7.5
FIS FREESTYLE SKI WORLD CUP 2023,2022-12-16,ALPE D'HUEZ (FRA),Women's Moguls,Results Final 1,LEMLEY Elizabeth,2537762,USA,4,77.03,17.85,45.7,13.48,1,7oG,1.11,8.4,8.1,2,bp,0.81,5.1,5.6
FIS FREESTYLE SKI WORLD CUP 2023,2023-01-27,VAL ST. COME (CAN),Women's Moguls,Results Qualification,ANTHONY Jakara,2530720,AUS,1,83.68,17.55,48.8,17.33,1,7oG,1.11,8.2,8.2,2,bG,0.92,9.0,8.9
FIS FREESTYLE SKI WORLD CUP 2023,2023-01-27,VAL ST. COME (CAN),Women's Moguls,Results Qualification,CARROLL Avital,2529074,AUT,6,73.63,16.6,43.4,13.63,1,bp,0.81,7.6,7.0,2,bG,0.92,8.3,8.5
FIS FREESTYLE SKI WORLD CUP 2023,2023-01-27,VAL ST. COME (CAN),Women's Moguls,Results Qualification,DESMARAIS-GILBERT,2531811,CAN,14,66.66,16.02,39.4,11.24,1,bG,0.92,6.3,6.2,2,bp,0.81,6.9,6.7
FIS FREESTYLE SKI WORLD CUP 2023,2023-01-27,VAL ST. COME (CAN),Women's Moguls,Results Qualification,BROWN Berkley,2531523,CAN,16,64.14,14.48,40.7,8.96,1,bT,0.78,6.5,7.3,2,bG,0.92,3.8,4.0
FIS FREESTYLE SKI WORLD CUP 2023,2023-01-27,VAL ST. COME (CAN),Women's Moguls,Results Final 2,SCHWINGHAMMER,2533204,CAN,5,72.92,19.22,41.0,12.7,1,bT,0.78,7.6,8.0,2,bG,0.92,7.3,7.1
FIS FREESTYLE SKI WORLD CUP 2023,2023-01-27,VAL ST. COME (CAN),Men's Moguls,Results Final 1,PAGE Nick,2533462,USA,5,79.9,16.57,46.9,16.43,1,7oG,1.01,7.7,7.7,2,10op,1.05,8.3,8.2
FIS FREESTYLE SKI WORLD CUP 2023,2023-01-27,VAL ST. COME (CAN),Men's Moguls,Results Final 2,WALLBERG Walter,2532001,SWE,2,81.69,18.48,48.1,15.11,1,bF,0.88,8.1,8.0,2,10op,1.05,7.7,7.6
FIS FREESTYLE SKI WORLD CUP 2023,2023-02-02,DEER VALLEY (USA),Men's Moguls,Results Final 1,CAVET Benjamin,2530514,FRA,3,78.31,16.7,47.2,14.41,1,bF,0.88,7.8,7.9,2,10op,1.05,7.1,7.2
FIS FREESTYLE SKI WORLD CUP 2023,2022-12-10,IDRE FJÄLL (SWE),Women's Moguls,Results Final 2,LAFFONT Perrine,2531156,FRA,3,76.08,19.41,43.7,12.97,1,7op,0.98,7.2,7.8,2,bp,0.81,7.1,6.8
FIS FREESTYLE SKI WORLD CUP 2023,2022-12-16,ALPE D'HUEZ (FRA),Men's Moguls,Results Final 2,PAGE Nick,2533462,USA,5,37.31,13.53,11.7,12.08,1,7oG,1.01,8.2,8.0,2,14op,1.22,3.2,3.2
FIS FREESTYLE SKI WORLD CUP 2023,2022-12-16,ALPE D'HUEZ (FRA),Women's Moguls,Results Final 1,JOHNSON Tess,2532270,USA,7,73.27,16.02,43.2,14.05,1,7op,0.98,6.7,6.7,2,bG,0.92,8.2,8.1
FIS FREESTYLE SKI WORLD CUP 2023,2022-12-16,ALPE D'HUEZ (FRA),Women's Moguls,Results Final 1,CABROL Camille,2530274,FRA,15,26.05,9.75,8.2,8.1,1,bT,0.78,7.7,7.0,2,S,0.48,5.4,4.5
FIS FREESTYLE SKI WORLD CUP 2023,2023-01-27,VAL ST. COME (CAN),Women's Moguls,Results Final 1,KAUF Jaelin,2529064,USA,4,78.39,20.0,44.7,13.69,1,bG,0.92,8.2,8.3,2,bp,0.81,7.6,7.5
FIS FREESTYLE SKI WORLD CUP 2023,2023-01-27,VAL ST. COME (CAN),Women's Moguls,Results Final 1,YANAGIMOTO Rino,2532040,JPN,6,76.91,17.86,43.1,15.95,1,7oG,1.11,7.7,7.9,2,7op,0.98,7.5,7.4
FIS FREESTYLE SKI WORLD CUP 2023,2023-01-27,VAL ST. COME (CAN),Men's Moguls,Results Final 1,WALLBERG Walter,2532001,SWE,3,80.96,17.95,48.1,14.91,1,bF,0.88,7.6,7.7,2,10op,1.05,7.8,7.8
FIS FREESTYLE SKI WORLD CUP 2023,2023-02-02,DEER VALLEY (USA),Men's Moguls,Results Final 1,HARVEY Jackson,2534735,AUS,14,71.02,15.41,43.3,12.31,1,bF,0.88,7.5,7.3,2,7op,0.88,6.7,6.5
FIS FREESTYLE SKI WORLD CUP 2023,2023-02-02,DEER VALLEY (USA),Men's Moguls,Results Final 2,SUGIMOTO Kosuke,2528069,JPN,6,43.22,10.37,19.6,13.25,1,7oG,1.01,7.8,7.4,2,7op,0.88,6.4,6.3
FIS FREESTYLE SKI WORLD CUP 2023,2023-02-02,DEER VALLEY (USA),Women's Moguls,Results Qualification,KAUF Jaelin,2529064,USA,4,74.98,18.52,42.3,14.16,1,bG,0.92,8.0,8.7,2,bp,0.81,8.0,8.0
FIS FREESTYLE SKI WORLD CUP 2023,2023-02-02,DEER VALLEY (USA),Women's Moguls,Results Final 1,HOGG Kasey,2534251,USA,14,67.62,15.92,41.8,9.9,1,bp,0.81,5.7,5.7,2,7op,0.98,5.3,5.5
FIS FREESTYLE SKI WORLD CUP 2023,2023-02-02,DEER VALLEY (USA),Women's Moguls,Results Final 2,LAFFONT Perrine,2531156,FRA,3,77.17,17.81,46.0,13.36,1,bp,0.81,7.8,7.8,2,7op,0.98,7.2,7.2
FIS FREESTYLE SKI WORLD CUP 2023,2023-03-17,ALMATY (KAZ),Men's Moguls,Results Qualification,WALLBERG Walter,2532001,SWE,2,78.71,17.28,47.6,13.83,1,10op,1.05,7.1,7.2,2,7op,0.88,7.3,7.1
FIS FREESTYLE SKI WORLD CUP 2023,2023-03-17,ALMATY (KAZ),Men's Moguls,Results Qualification,McDONALD Cole,2534511,USA,6,75.03,14.46,46.0,14.57,1,bF,0.88,7.7,7.9,2,10op,1.05,7.4,7.3
FIS FREESTYLE SKI WORLD CUP 2023,2023-03-17,ALMATY (KAZ),Men's Moguls,Results Final 1,FUJIKI Goshin,2529670,JPN,15,70.21,16.68,43.4,10.13,1,bF,0.88,4.8,5.0,2,10op,1.05,5.3,5.8
"FIS SNOWBOARD, FREESTYLE AND FREESKI WORLD CHAMPIONSHIPS 2023",2023-02-25,BAKURIANI (GEO),Women's Moguls,Results Final 1,LEMLEY Elizabeth,2537762,USA,6,77.48,18.07,43.4,16.01,1,7oG,1.11,8.0,7.9,2,7op,0.98,7.6,7.1
FIS FREESTYLE SKI WORLD CUP 2023,2023-02-02,DEER VALLEY (USA),Men's Moguls,Results Final 2,KINGSBURY Mikael,2484937,CAN,2,83.65,16.95,50.1,16.6,1,10op,1.05,9.0,7.8,2,7op,0.88,8.9,8.8
FIS FREESTYLE SKI WORLD CUP 2023,2023-02-02,DEER VALLEY (USA),Women's Moguls,Results Qualification,HOGG Kasey,2534251,USA,11,67.73,14.34,43.3,10.09,1,bp,0.81,6.1,5.9,2,7op,0.98,5.2,5.5
FIS FREESTYLE SKI WORLD CUP 2023,2023-02-02,DEER VALLEY (USA),Women's Moguls,Results Qualification,IHARA Haruka,2531368,JPN,19,60.6,15.29,33.1,12.21,1,bG,0.92,6.8,6.4,2,bp,0.81,7.4,7.8
FIS FREESTYLE SKI WORLD CUP 2023,2023-02-02,DEER VALLEY (USA),Women's Moguls,Results Final 1,GERKEN SCHOFIELD,2530540,GBR,11,71.31,16.74,43.0,11.57,1,bG,0.92,6.2,6.2,2,bp,0.81,7.3,7.2
FIS FREESTYLE SKI WORLD CUP 2023,2023-03-17,ALMATY (KAZ),Men's Moguls,Results Qualification,PENTTALA Olli,2528035,FIN,15,72.04,16.01,43.7,12.33,1,10op,1.05,5.8,6.3,2,7op,0.88,7.0,6.6
FIS FREESTYLE SKI WORLD CUP 2023,2023-03-17,ALMATY (KAZ),Women's Moguls,Results Final 1,CABROL Camille,2530274,FRA,13,63.95,14.54,38.7,10.71,1,bT,0.78,7.5,7.8,2,bF,0.98,4.9,4.8
FIS FREESTYLE SKI WORLD CUP 2023,2023-03-17,ALMATY (KAZ),Women's Moguls,Results Final 2,YANAGIMOTO Rino,2532040,JPN,5,72.74,17.21,41.2,14.33,1,7oG,1.11,6.7,6.7,2,7op,0.98,7.2,6.9
FIS FREESTYLE SKI WORLD CUP 2023,2023-02-02,DEER VALLEY (USA),Women's Moguls,Results Qualification,NAKAO Haruka,2533488,JPN,12,67.57,14.65,38.3,14.62,1,bG,0.92,7.6,7.7,2,7op,0.98,7.8,7.7
FIS FREESTYLE SKI WORLD CUP 2023,2023-02-02,DEER VALLEY (USA),Women's Moguls,Results Final 1,SCHWINGHAMMER,2533204,CAN,6,74.79,18.3,43.9,12.59,1,bT,0.78,6.8,6.5,2,bG,0.92,8.1,8.0
FIS FREESTYLE SKI WORLD CUP 2023,2023-02-02,DEER VALLEY (USA),Women's Moguls,Results Final 1,CARROLL Avital,2529074,AUT,10,71.89,17.09,41.5,13.3,1,bp,0.81,7.0,6.9,2,bG,0.92,8.4,8.3
FIS FREESTYLE SKI WORLD CUP 2023,2023-03-17,ALMATY (KAZ),Men's Moguls,Results Qualification,SUGIMOTO Kosuke,2528069,JPN,12,72.25,16.71,43.8,11.74,1,7oG,1.01,5.9,6.0,2,bG,0.82,7.1,6.9
FIS FREESTYLE SKI WORLD CUP 2023,2023-03-17,ALMATY (KAZ),Men's Moguls,Results Qualification,JUNG Daeyoon,2534856,KOR,14,72.13,14.91,42.8,14.42,1,10op,1.05,7.2,7.2,2,7oG,1.01,7.0,6.6
FIS FREESTYLE SKI WORLD CUP 2023,2023-03-17,ALMATY (KAZ),Men's Moguls,Results Final 2,KOLMAKOV Pavel,2528846,KAZ,2,78.72,16.46,46.5,15.76,1,10op,1.05,7.7,8.1,2,7oG,1.01,7.0,7.8
FIS FREESTYLE SKI WORLD CUP 2023,2023-03-17,ALMATY (KAZ),Women's Moguls,Results Final 1,GIACCIO Olivia,2532241,USA,8,73.0,15.79,43.6,13.61,1,bF,0.98,6.7,6.5,2,7op,0.98,7.2,7.4
FIS FREESTYLE SKI WORLD CUP 2023,2023-03-17,ALMATY (KAZ),Women's Moguls,Results Final 1,KAJIWARA Yuki,2533769,JPN,14,58.06,15.39,33.2,9.47,1,bp,0.81,6.0,5.8,2,7op,0.98,4.8,4.8
FIS FREESTYLE SKI WORLD CUP 2023,2023-03-17,ALMATY (KAZ),Women's Moguls,Results Final 2,LAFFONT Perrine,2531156,FRA,1,77.96,18.34,47.2,12.42,1,bp,0.81,7.9,7.8,2,7op,0.98,6.1,6.3
FIS FREESTYLE SKI WORLD CUP 2023,2023-03-17,ALMATY (KAZ),Women's Moguls,Results Final 2,JOHNSON Tess,2532270,USA,3,73.35,16.52,43.0,13.83,1,7op,0.98,6.3,5.8,2,bG,0.92,8.7,8.5
FIS FREESTYLE SKI WORLD CUP 2023,2023-03-17,ALMATY (KAZ),Women's Moguls,Results Final 2,TOMITAKA Hinako,2532031,JPN,4,72.94,17.01,44.7,11.23,1,7op,0.98,5.4,5.3,2,bp,0.81,7.2,7.6
FIS FREESTYLE SKI WORLD CUP 2023,2023-02-02,DEER VALLEY (USA),Women's Moguls,Results Qualification,GERKEN SCHOFIELD,2530540,GBR,7,71.58,15.54,44.3,11.74,1,bG,0.92,6.4,6.3,2,bp,0.81,7.2,7.4
FIS FREESTYLE SKI WORLD CUP 2023,2023-02-02,DEER VALLEY (USA),Women's Moguls,Results Qualification,SOAR Hannah,2531373,USA,8,69.45,16.48,41.6,11.37,1,bp,0.81,5.6,5.7,2,bG,0.92,7.3,7.5
FIS FREESTYLE SKI WORLD CUP 2023,2023-02-02,DEER VALLEY (USA),Women's Moguls,Results Qualification,JOHNSON Tess,2532270,USA,16,62.68,15.77,35.4,11.51,1,bp,0.81,5.8,6.2,2,7op,0.98,6.7,6.9
FIS FREESTYLE SKI WORLD CUP 2023,2023-02-02,DEER VALLEY (USA),Women's Moguls,Results Qualification,LI Ruilin,2537198,CHN,29,2.44,0.0,0.3,2.14,1,bL,0.81,2.8,2.5,2,NJ,0.0,0.0,0.0
FIS FREESTYLE SKI WORLD CUP 2023,2023-02-02,DEER VALLEY (USA),Women's Moguls,Results Final 1,KAWAMURA Anri,2534852,JPN,1,80.61,19.23,47.9,13.48,1,bp,0.81,7.6,7.8,2,7op,0.98,7.4,7.4
FIS FREESTYLE SKI WORLD CUP 2023,2023-02-02,DEER VALLEY (USA),Women's Moguls,Results Final 1,YANAGIMOTO Rino,2532040,JPN,8,74.17,16.21,42.8,15.16,1,7oG,1.11,6.7,6.5,2,7op,0.98,8.0,8.0
FIS FREESTYLE SKI WORLD CUP 2023,2023-03-17,ALMATY (KAZ),Men's Moguls,Results Qualification,MURATA Yutaro,2530684,JPN,5,75.46,16.43,45.4,13.63,1,bF,0.88,8.7,8.8,2,7op,0.88,6.9,6.6
FIS FREESTYLE SKI WORLD CUP 2023,2023-03-17,ALMATY (KAZ),Men's Moguls,Results Qualification,DUFRESNE Gabriel,2530240,CAN,7,74.86,16.17,45.2,13.49,1,10op,1.05,6.8,6.5,2,7op,0.88,7.4,7.4
FIS FREESTYLE SKI WORLD CUP 2023,2023-03-17,ALMATY (KAZ),Men's Moguls,Results Final 1,KINGSBURY Mikael,2484937,CAN,1,83.59,16.7,50.0,16.89,1,10op,1.05,8.3,8.4,2,7oG,1.01,8.0,8.1
FIS FREESTYLE SKI WORLD CUP 2023,2023-03-17,ALMATY (KAZ),Men's Moguls,Results Final 1,KOLMAKOV Pavel,2528846,KAZ,2,82.24,17.06,47.8,17.38,1,10op,1.05,7.7,8.3,2,7oG,1.01,8.7,9.1
FIS FREESTYLE SKI WORLD CUP 2023,2023-03-17,ALMATY (KAZ),Women's Moguls,Results Final 1,LAFFONT Perrine,2531156,FRA,1,79.05,17.87,47.6,13.58,1,bp,0.81,7.2,7.1,2,7op,0.98,7.9,8.0
FIS FREESTYLE SKI WORLD CUP 2023,2023-02-02,DEER VALLEY (USA),Men's Moguls,Results Final 1,McDONALD Cole,2534511,USA,13,71.34,17.71,41.3,12.33,1,bdF,1.05,4.1,4.6,2,10op,1.05,7.4,7.4
FIS FREESTYLE SKI WORLD CUP 2023,2023-02-02,DEER VALLEY (USA),Women's Moguls,Results Qualification,KAWAMURA Anri,2534852,JPN,5,73.99,17.83,44.3,11.86,1,bp,0.81,6.8,6.3,2,7op,0.98,6.7,6.7
FIS FREESTYLE SKI WORLD CUP 2023,2023-02-02,DEER VALLEY (USA),Women's Moguls,Results Final 1,JOHNSON Tess,2532270,USA,7,74.27,17.66,44.6,12.01,1,bp,0.81,7.0,6.7,2,7op,0.98,6.7,6.5
FIS FREESTYLE SKI WORLD CUP 2023,2023-03-17,ALMATY (KAZ),Men's Moguls,Results Qualification,CAVET Benjamin,2530514,FRA,4,76.53,17.75,46.6,12.18,1,bF,0.88,9.0,9.0,2,bp,0.71,6.0,6.0
FIS FREESTYLE SKI WORLD CUP 2023,2023-03-17,ALMATY (KAZ),Men's Moguls,Results Qualification,WENDLER Landon,2534140,USA,11,73.24,16.55,43.5,13.19,1,7op,0.88,6.5,6.5,2,7oG,1.01,7.5,7.3
FIS FREESTYLE SKI WORLD CUP 2023,2023-03-17,ALMATY (KAZ),Men's Moguls,Results Qualification,WALCZYK Dylan,2527085,USA,13,72.19,15.54,45.0,11.65,1,bF,0.88,7.3,6.9,2,7op,0.88,6.1,6.2
FIS FREESTYLE SKI WORLD CUP 2023,2023-03-17,ALMATY (KAZ),Men's Moguls,Results Final 1,WENDLER Landon,2534140,USA,3,80.3,17.37,47.1,15.83,1,7op,0.88,8.3,8.2,2,7oG,1.01,8.5,8.5
FIS FREESTYLE SKI WORLD CUP 2023,2023-03-17,ALMATY (KAZ),Men's Moguls,Results Final 1,PAGE Nick,2533462,USA,6,77.32,16.95,45.7,14.67,1,7oG,1.01,8.4,8.3,2,10op,1.05,5.9,6.0
FIS FREESTYLE SKI WORLD CUP 2023,2023-03-17,ALMATY (KAZ),Men's Moguls,Results Final 1,VAILLANCOURT Elliot,2532513,CAN,14,73.65,16.21,45.5,11.94,1,7oG,1.01,6.1,6.4,2,7op,0.88,6.3,6.5
FIS FREESTYLE SKI WORLD CUP 2023,2023-03-17,ALMATY (KAZ),Women's Moguls,Results Final 1,SOAR Hannah,2531373,USA,4,74.18,16.87,45.2,12.11,1,bp,0.81,6.5,6.5,2,bG,0.92,7.0,7.9
"FIS SNOWBOARD, FREESTYLE AND FREESKI WORLD CHAMPIONSHIPS 2023",2023-02-25,BAKURIANI (GEO),Women's Moguls,Results Final 1,LAFFONT Perrine,2531156,FRA,1,87.6,19.45,53.1,15.05,1,bG,0.92,7.7,7.9,2,7op,0.98,8.3,7.8
FIS FREESTYLE SKI WORLD CUP 2023,2023-02-02,DEER VALLEY (USA),Women's Moguls,Results Final 1,LAFFONT Perrine,2531156,FRA,4,77.44,17.38,47.5,12.56,1,bp,0.81,8.0,7.8,2,7op,0.98,6.3,6.3
FIS FREESTYLE SKI WORLD CUP 2023,2023-02-02,DEER VALLEY (USA),Women's Moguls,Results Final 1,LEMLEY Elizabeth,2537762,USA,13,68.89,17.12,39.6,12.17,1,bp,0.81,7.3,7.3,2,7op,0.98,6.7,6.1
FIS FREESTYLE SKI WORLD CUP 2023,2023-02-02,DEER VALLEY (USA),Women's Moguls,Results Final 1,NAKAO Haruka,2533488,JPN,15,27.6,10.52,4.9,12.18,1,bG,0.92,5.9,5.9,2,7op,0.98,7.0,6.8
FIS FREESTYLE SKI WORLD CUP 2023,2023-03-17,ALMATY (KAZ),Men's Moguls,Results Qualification,FUJIKI Goshin,2529670,JPN,8,73.71,15.94,47.0,10.77,1,bF,0.88,5.2,5.3,2,7op,0.88,7.1,6.9
FIS FREESTYLE SKI WORLD CUP 2023,2023-03-17,ALMATY (KAZ),Men's Moguls,Results Qualification,VAILLANCOURT Elliot,2532513,CAN,9,73.66,15.58,43.6,14.48,1,7oG,1.01,8.3,8.1,2,7op,0.88,7.1,7.0
FIS FREESTYLE SKI WORLD CUP 2023,2023-03-17,ALMATY (KAZ),Women's Moguls,Results Final 1,KAUF Jaelin,2529064,USA,2,78.21,19.28,46.9,12.03,1,bG,0.92,6.7,6.8,2,bp,0.81,7.2,7.2
FIS FREESTYLE SKI WORLD CUP 2023,2023-03-17,ALMATY (KAZ),Women's Moguls,Results Final 1,RAMSAUER Katharina,2530097,AUT,15,56.73,14.2,31.4,11.13,1,bL,0.81,6.2,6.2,2,bG,0.92,6.5,6.8
FIS FREESTYLE SKI WORLD CUP 2023,2023-02-02,DEER VALLEY (USA),Men's Moguls,Results Final 1,VIEL Julien,2534074,CAN,9,74.88,16.4,45.6,12.88,1,bF,0.88,8.1,8.4,2,7op,0.88,6.5,6.3
FIS FREESTYLE SKI WORLD CUP 2023,2023-02-02,DEER VALLEY (USA),Men's Moguls,Results Final 2,CAVET Benjamin,2530514,FRA,3,81.82,17.25,48.6,15.97,1,bF,0.88,8.1,8.3,2,10op,1.05,8.2,8.5
FIS FREESTYLE SKI WORLD CUP 2023,2023-02-02,DEER VALLEY (USA),Women's Moguls,Results Qualification,TOMITAKA Hinako,2532031,JPN,10,68.86,15.4,42.0,11.46,1,7op,0.98,5.8,5.7,2,bp,0.81,7.1,7.3
FIS FREESTYLE SKI WORLD CUP 2023,2023-02-02,DEER VALLEY (USA),Women's Moguls,Results Qualification,MERZ Annika,2535327,GER,26,26.91,11.33,6.3,9.28,1,bG,0.92,4.8,5.0,2,bp,0.81,6.0,5.8
FIS FREESTYLE SKI WORLD CUP 2023,2023-02-02,DEER VALLEY (USA),Women's Moguls,Results Final 1,SOAR Hannah,2531373,USA,5,75.47,18.57,44.2,12.7,1,bp,0.81,6.7,6.5,2,bG,0.92,8.0,8.0
"FIS SNOWBOARD, FREESTYLE AND FREESKI WORLD CHAMPIONSHIPS 2023",2023-02-25,BAKURIANI (GEO),Women's Moguls,Results Final 1,YANAGIMOTO Rino,2532040,JPN,3,79.52,18.13,44.5,16.89,1,7oG,1.11,8.4,8.0,2,7op,0.98,7.9,8.0
FIS FREESTYLE SKI WORLD CUP 2023,2023-02-02,DEER VALLEY (USA),Men's Moguls,Results Final 2,MARCELLINI Dylan,2534089,USA,4,72.77,14.58,44.5,13.69,1,7op,0.88,7.2,7.3,2,7oG,1.01,7.3,7.2
FIS FREESTYLE SKI WORLD CUP 2023,2023-02-02,DEER VALLEY (USA),Women's Moguls,Results Qualification,KAJIWARA Yuki,2533769,JPN,21,58.04,15.2,33.2,9.64,1,bp,0.81,6.7,6.8,2,bG,0.92,4.4,4.7
FIS FREESTYLE SKI WORLD CUP 2023,2023-03-17,ALMATY (KAZ),Men's Moguls,Results Qualification,SALONEN Jimi,2528237,FIN,18,66.86,14.68,40.9,11.28,1,7op,0.88,6.4,6.3,2,7oG,1.01,5.8,5.5
FIS FREESTYLE SKI WORLD CUP 2023,2023-03-17,ALMATY (KAZ),Men's Moguls,Results Final 1,GRAVENFORS Filip,2534858,SWE,4,79.7,17.45,46.3,15.95,1,10op,1.05,7.5,7.8,2,7oG,1.01,7.9,7.8
FIS FREESTYLE SKI WORLD CUP 2023,2023-03-17,ALMATY (KAZ),Men's Moguls,Results Final 1,VIEL Julien,2534074,CAN,13,73.82,16.27,45.2,12.35,1,bF,0.88,7.9,7.7,2,7op,0.88,6.3,6.2
FIS FREESTYLE SKI WORLD CUP 2023,2023-03-17,ALMATY (KAZ),Men's Moguls,Results Final 2,PAGE Nick,2533462,USA,5,71.52,16.54,41.0,13.98,1,7oG,1.01,8.4,8.3,2,14op,1.22,4.5,4.6
FIS FREESTYLE SKI WORLD CUP 2023,2023-02-02,DEER VALLEY (USA),Men's Moguls,Results Final 1,CHALIFOUX Louis-,2534234,CAN,10,74.49,16.32,43.0,15.17,1,bF,0.88,8.5,8.7,2,7op,0.88,8.7,8.6
FIS FREESTYLE SKI WORLD CUP 2023,2023-02-02,DEER VALLEY (USA),Women's Moguls,Results Qualification,GIACCIO Olivia,2532241,USA,3,75.04,16.44,45.6,13.0,1,bp,0.81,6.6,6.4,2,7op,0.98,7.8,8.0
FIS FREESTYLE SKI WORLD CUP 2023,2023-03-17,ALMATY (KAZ),Men's Moguls,Results Qualification,VIEL Julien,2534074,CAN,10,73.43,16.23,45.9,11.3,1,bF,0.88,5.3,6.0,2,7op,0.88,7.2,7.2
FIS FREESTYLE SKI WORLD CUP 2023,2023-03-17,ALMATY (KAZ),Men's Moguls,Results Qualification,MARCELLINI Dylan,2534089,USA,16,71.65,15.25,42.2,14.2,1,7op,0.88,6.3,6.6,2,7oG,1.01,8.4,8.5
FIS FREESTYLE SKI WORLD CUP 2023,2023-03-17,ALMATY (KAZ),Men's Moguls,Results Final 1,HORISHIMA Ikuma,2529645,JPN,8,77.0,15.48,48.3,13.22,1,bdF,1.05,6.4,6.7,2,10op,1.05,6.0,6.1
FIS FREESTYLE SKI WORLD CUP 2023,2023-03-17,ALMATY (KAZ),Women's Moguls,Results Final 1,DEGROOTE Fantine,2533547,FRA,7,73.17,16.01,42.9,14.26,1,bG,0.92,7.8,8.0,2,bp,0.81,8.6,8.7
"FIS SNOWBOARD, FREESTYLE AND FREESKI WORLD CHAMPIONSHIPS 2023",2023-02-25,BAKURIANI (GEO),Women's Moguls,Results Final 1,SCHWINGHAMMER,2533204,CAN,5,79.1,18.24,46.8,14.06,1,bT,0.78,7.9,8.0,2,bG,0.92,8.6,8.5
FIS FREESTYLE SKI WORLD CUP 2023,2023-02-02,DEER VALLEY (USA),Women's Moguls,Results Qualification,LEMLEY Elizabeth,2537762,USA,6,73.69,17.63,41.7,14.36,1,bp,0.81,8.3,7.7,2,7op,0.98,7.9,8.2
FIS FREESTYLE SKI WORLD CUP 2023,2023-02-02,DEER VALLEY (USA),Women's Moguls,Results Qualification,SHAFFER Lulu,2531871,USA,22,53.98,14.98,30.1,8.9,1,bG,0.92,4.3,4.5,2,bp,0.81,6.1,5.9
FIS FREESTYLE SKI WORLD CUP 2023,2023-02-02,DEER VALLEY (USA),Women's Moguls,Results Qualification,MA Zhuoni,2533012,CHN,25,29.53,9.09,13.3,7.14,1,bT,0.78,3.8,3.8,2,bG,0.92,4.5,4.6
FIS FREESTYLE SKI WORLD CUP 2023,2023-03-17,ALMATY (KAZ),Men's Moguls,Results Qualification,BONDAREV Anton,2532859,KAZ,17,70.25,15.7,42.7,11.85,1,bG,0.82,8.3,8.5,2,7op,0.88,5.5,5.8
FIS FREESTYLE SKI WORLD CUP 2023,2023-03-17,ALMATY (KAZ),Men's Moguls,Results Qualification,HOLMGREN Emil,2534210,SWE,19,65.0,15.16,39.4,10.44,1,10op,1.05,5.2,5.4,2,7op,0.88,5.5,5.6
FIS FREESTYLE SKI WORLD CUP 2023,2023-03-17,ALMATY (KAZ),Men's Moguls,Results Final 1,MURATA Yutaro,2530684,JPN,11,75.64,16.92,45.7,13.02,1,bF,0.88,8.0,8.0,2,7op,0.88,6.7,6.9
FIS FREESTYLE SKI WORLD CUP 2023,2023-03-17,ALMATY (KAZ),Women's Moguls,Results Final 1,AMRENOVA Ayaulym,2532085,KAZ,12,66.76,16.3,37.4,13.06,1,bG,0.92,7.2,7.8,2,7op,0.98,6.1,6.5
FIS FREESTYLE SKI WORLD CUP 2023,2023-02-02,DEER VALLEY (USA),Men's Moguls,Results Final 1,PENTTALA Olli,2528035,FIN,12,72.82,16.47,42.9,13.45,1,7op,0.88,6.5,6.3,2,10op,1.05,7.6,7.3
FIS FREESTYLE SKI WORLD CUP 2023,2023-02-02,DEER VALLEY (USA),Women's Moguls,Results Qualification,ANTHONY Jakara,2530720,AUS,1,79.13,16.69,47.0,15.44,1,7oG,1.11,7.6,7.4,2,bG,0.92,8.4,7.1
FIS FREESTYLE SKI WORLD CUP 2023,2023-02-02,DEER VALLEY (USA),Women's Moguls,Results Qualification,AMRENOVA Ayaulym,2532085,KAZ,27,20.95,4.23,7.3,9.42,1,bG,0.92,4.6,4.8,2,bp,0.81,6.2,6.4
FIS FREESTYLE SKI WORLD CUP 2023,2023-03-17,ALMATY (KAZ),Men's Moguls,Results Final 1,WALLBERG Walter,2532001,SWE,9,76.91,17.75,45.0,14.16,1,10op,1.05,8.4,8.2,2,7oG,1.01,4.9,5.9
FIS FREESTYLE SKI WORLD CUP 2023,2023-03-17,ALMATY (KAZ),Men's Moguls,Results Final 1,SUGIMOTO Kosuke,2528069,JPN,10,76.05,16.8,46.8,12.45,1,10op,1.05,6.4,6.6,2,7op,0.88,6.5,6.3
FIS FREESTYLE SKI WORLD CUP 2023,2023-03-17,ALMATY (KAZ),Women's Moguls,Results Final 1,SHAFFER Lulu,2531871,USA,11,67.57,17.28,41.8,8.49,1,bG,0.92,5.3,5.0,2,bp,0.81,4.5,4.8
FIS FREESTYLE SKI WORLD CUP 2023,2023-03-17,ALMATY (KAZ),Women's Moguls,Results Final 2,KAUF Jaelin,2529064,USA,2,76.3,18.94,43.9,13.46,1,bG,0.92,8.2,8.3,2,7op,0.98,6.0,6.0
FIS FREESTYLE SKI WORLD CUP 2023,2023-02-02,DEER VALLEY (USA),Men's Moguls,Results Final 1,WALLBERG Walter,2532001,SWE,11,73.69,18.64,41.9,13.15,1,bF,0.88,8.3,8.8,2,7op,0.88,6.3,6.5
FIS FREESTYLE SKI WORLD CUP 2023,2023-02-02,DEER VALLEY (USA),Women's Moguls,Results Qualification,YANAGIMOTO Rino,2532040,JPN,15,63.49,14.7,36.8,11.99,1,bp,0.81,7.3,7.2,2,7op,0.98,6.3,6.2
FIS FREESTYLE SKI WORLD CUP 2023,2023-02-02,DEER VALLEY (USA),Women's Moguls,Results Qualification,CABROL Camille,2530274,FRA,18,60.83,13.92,36.4,10.51,1,bT,0.78,5.4,5.4,2,bG,0.92,7.0,6.7
FIS FREESTYLE SKI WORLD CUP 2023,2023-02-02,DEER VALLEY (USA),Women's Moguls,Results Final 1,KAUF Jaelin,2529064,USA,3,78.46,19.57,46.3,12.59,1,bG,0.92,6.6,6.7,2,bp,0.81,8.1,7.9
FIS FREESTYLE SKI WORLD CUP 2023,2023-02-02,DEER VALLEY (USA),Women's Moguls,Results Final 2,KAUF Jaelin,2529064,USA,2,77.35,19.96,43.7,13.69,1,bG,0.92,7.8,7.9,2,bp,0.81,8.0,8.0
FIS FREESTYLE SKI WORLD CUP 2023,2023-03-17,ALMATY (KAZ),Men's Moguls,Results Final 1,DUFRESNE Gabriel,2530240,CAN,12,74.27,17.18,43.1,13.99,1,10op,1.05,7.3,7.8,2,7op,0.88,6.9,6.9
FIS FREESTYLE SKI WORLD CUP 2023,2023-03-17,ALMATY (KAZ),Men's Moguls,Results Final 2,WENDLER Landon,2534140,USA,6,67.64,16.92,38.7,12.02,1,7op,0.88,8.5,8.4,2,7oG,1.01,4.3,4.8
FIS FREESTYLE SKI WORLD CUP 2023,2023-02-02,DEER VALLEY (USA),Women's Moguls,Results Qualification,RAMSAUER Katharina,2530097,AUT,23,48.84,12.99,27.4,8.45,1,bT,0.78,5.2,5.4,2,bG,0.92,4.3,5.1
FIS FREESTYLE SKI WORLD CUP 2023,2023-02-02,DEER VALLEY (USA),Women's Moguls,Results Qualification,DAVIS August,2534386,USA,24,46.09,13.26,25.0,7.83,1,bF,0.98,4.2,4.0,2,fT,0.78,5.1,4.7
FIS FREESTYLE SKI WORLD CUP 2023,2023-02-02,DEER VALLEY (USA),Women's Moguls,Results Final 2,SCHWINGHAMMER,2533204,CAN,4,74.16,18.31,42.6,13.25,1,bT,0.78,6.8,6.9,2,bG,0.92,8.6,8.6
FIS FREESTYLE SKI WORLD CUP 2023,2023-03-17,ALMATY (KAZ),Women's Moguls,Results Final 1,TOMITAKA Hinako,2532031,JPN,6,73.84,16.75,45.9,11.19,1,7op,0.98,5.4,5.8,2,bp,0.81,7.2,6.9
FIS FREESTYLE SKI WORLD CUP 2023,2023-03-17,ALMATY (KAZ),Women's Moguls,Results Final 1,MACUGA Alli,2534186,USA,9,69.48,17.82,42.8,8.86,1,bF,0.98,5.0,5.0,2,7op,0.98,4.1,4.0
FIS FREESTYLE SKI WORLD CUP 2023,2023-02-02,DEER VALLEY (USA),Men's Moguls,Results Final 2,GRAHAM Matt,2441426,AUS,1,85.35,18.48,51.8,15.07,1,10op,1.05,7.7,7.6,2,7op,0.88,8.0,8.0
FIS FREESTYLE SKI WORLD CUP 2023,2023-02-02,DEER VALLEY (USA),Women's Moguls,Results Qualification,LAFFONT Perrine,2531156,FRA,2,76.35,16.84,47.3,12.21,1,bp,0.81,7.5,7.8,2,7op,0.98,6.2,6.1
FIS FREESTYLE SKI WORLD CUP 2023,2023-02-02,DEER VALLEY (USA),Women's Moguls,Results Qualification,SCHWINGHAMMER,2533204,CAN,13,66.73,15.21,40.0,11.52,1,bT,0.78,4.8,5.2,2,bG,0.92,8.3,8.3
FIS FREESTYLE SKI WORLD CUP 2023,2023-02-02,DEER VALLEY (USA),Women's Moguls,Results Qualification,BROWN Berkley,2531523,CAN,20,58.69,14.16,36.5,8.03,1,bT,0.78,4.2,4.5,2,bG,0.92,4.8,5.3
FIS FREESTYLE SKI WORLD CUP 2023,2023-02-02,DEER VALLEY (USA),Women's Moguls,Results Final 1,TOMITAKA Hinako,2532031,JPN,9,72.37,16.84,43.6,11.93,1,7op,0.98,6.2,6.1,2,bp,0.81,7.2,7.4
FIS FREESTYLE SKI WORLD CUP 2023,2023-03-17,ALMATY (KAZ),Men's Moguls,Results Qualification,KOLMAKOV Pavel,2528846,KAZ,1,79.44,15.54,46.6,17.3,1,10op,1.05,8.3,8.7,2,7oG,1.01,8.1,8.5
FIS FREESTYLE SKI WORLD CUP 2023,2023-03-17,ALMATY (KAZ),Men's Moguls,Results Qualification,GRAVENFORS Filip,2534858,SWE,3,77.59,17.74,45.8,14.05,1,10op,1.05,6.8,7.4,2,7op,0.88,7.2,7.8
FIS FREESTYLE SKI WORLD CUP 2023,2023-03-17,ALMATY (KAZ),Men's Moguls,Results Final 1,CAVET Benjamin,2530514,FRA,7,77.3,17.23,45.9,14.17,1,bF,0.88,8.0,8.0,2,10op,1.05,6.7,6.9
FIS FREESTYLE SKI WORLD CUP 2023,2023-03-17,ALMATY (KAZ),Men's Moguls,Results Final 1,McDONALD Cole,2534511,USA,16,69.88,16.49,38.9,14.49,1,bdF,1.05,6.8,7.0,2,10op,1.05,7.0,6.8
FIS FREESTYLE SKI WORLD CUP 2023,2023-03-17,ALMATY (KAZ),Men's Moguls,Results Final 2,GRAHAM Matt,2441426,AUS,3,78.42,17.27,46.4,14.75,1,10op,1.05,7.3,7.4,2,7op,0.88,8.0,8.0
FIS FREESTYLE SKI WORLD CUP 2023,2023-03-17,ALMATY (KAZ),Women's Moguls,Results Final 1,HOGG Kasey,2534251,USA,10,69.02,17.26,42.0,9.76,1,bp,0.81,5.8,6.1,2,7op,0.98,5.1,5.0
"FIS SNOWBOARD, FREESTYLE AND FREESKI WORLD CHAMPIONSHIPS 2023",2023-02-25,BAKURIANI (GEO),Women's Moguls,Results Final 1,CARROLL Avital,2529074,AUT,4,79.32,18.77,43.8,16.75,1,7oG,1.11,8.2,8.4,2,bG,0.92,8.4,8.0
FIS FREESTYLE SKI WORLD CUP 2023,2023-02-02,DEER VALLEY (USA),Men's Moguls,Results Final 2,VAILLANCOURT Elliot,2532513,CAN,5,68.89,16.6,36.6,15.69,1,7oG,1.01,8.3,8.6,2,7op,0.88,8.1,8.2
FIS FREESTYLE SKI WORLD CUP 2023,2023-02-02,DEER VALLEY (USA),Women's Moguls,Results Qualification,MACUGA Alli,2534186,USA,14,66.72,16.08,42.1,8.54,1,bp,0.81,5.2,5.0,2,7op,0.98,4.5,4.5
FIS FREESTYLE SKI WORLD CUP 2023,2023-02-02,DEER VALLEY (USA),Women's Moguls,Results Qualification,YANG Ya,2537259,CHN,28,20.76,7.39,7.0,6.37,1,bT,0.78,4.3,3.7,2,bG,0.92,3.8,3.3
FIS FREESTYLE SKI WORLD CUP 2023,2023-02-02,DEER VALLEY (USA),Women's Moguls,Results Final 1,MACUGA Alli,2534186,USA,12,69.2,17.3,40.3,11.6,1,bF,0.98,5.7,5.7,2,7op,0.98,6.2,6.1
FIS FREESTYLE SKI WORLD CUP 2023,2023-03-17,ALMATY (KAZ),Men's Moguls,Results Final 2,GRAVENFORS Filip,2534858,SWE,4,78.13,16.54,46.4,15.19,1,10oG,1.2,7.3,7.0,2,10op,1.05,6.4,6.2
FIS FREESTYLE SKI WORLD CUP 2023,2023-03-17,ALMATY (KAZ),Women's Moguls,Results Final 1,YANAGIMOTO Rino,2532040,JPN,3,77.14,17.48,44.6,15.06,1,7oG,1.11,7.1,6.9,2,7op,0.98,7.5,7.4
"FIS SNOWBOARD, FREESTYLE AND FREESKI WORLD CHAMPIONSHIPS 2023",2023-02-25,BAKURIANI (GEO),Women's Moguls,Results Final 1,KAUF Jaelin,2529064,USA,2,81.9,19.94,49.3,12.66,1,bG,0.92,7.8,7.6,2,bp,0.81,7.2,6.6
FIS FREESTYLE SKI WORLD CUP 2023,2023-02-02,DEER VALLEY (USA),Men's Moguls,Results Final 1,MICKEL Charlie,2537180,USA,15,64.73,15.18,37.3,12.25,1,10op,1.05,4.6,4.9,2,7oG,1.01,7.2,7.2
FIS FREESTYLE SKI WORLD CUP 2023,2023-02-02,DEER VALLEY (USA),Women's Moguls,Results Qualification,CARROLL Avital,2529074,AUT,9,69.04,15.67,40.4,12.97,1,bp,0.81,6.7,6.5,2,bG,0.92,8.2,8.4
FIS FREESTYLE SKI WORLD CUP 2023,2023-02-02,DEER VALLEY (USA),Women's Moguls,Results Qualification,KARIOTIS Kylie,2534866,USA,17,61.18,14.92,37.0,9.26,1,bG,0.92,5.3,5.7,2,fT,0.78,5.4,5.4
FIS FREESTYLE SKI WORLD CUP 2023,2023-02-02,DEER VALLEY (USA),Women's Moguls,Results Final 1,ANTHONY Jakara,2530720,AUS,2,80.29,17.53,46.6,16.16,1,7oG,1.11,7.9,7.9,2,bG,0.92,8.1,8.0
FIS FREESTYLE SKI WORLD CUP 2023,2023-02-02,DEER VALLEY (USA),Women's Moguls,Results Final 2,ANTHONY Jakara,2530720,AUS,1,80.15,18.12,46.4,15.63,1,7oG,1.11,7.6,7.4,2,bG,0.92,8.0,7.9
FIS FREESTYLE SKI WORLD CUP 2023,2023-03-17,ALMATY (KAZ),Men's Moguls,Results Final 1,GRAHAM Matt,2441426,AUS,5,78.47,17.64,47.0,13.83,1,10op,1.05,7.5,7.8,2,7op,0.88,6.5,6.7
FIS FREESTYLE SKI WORLD CUP 2023,2023-03-17,ALMATY (KAZ),Women's Moguls,Results Final 1,JOHNSON Tess,2532270,USA,5,73.93,16.63,43.3,14.0,1,7op,0.98,5.7,5.9,2,bG,0.92,9.2,8.9
FIS FREESTYLE SKI WORLD CUP 2023,2023-03-17,ALMATY (KAZ),Women's Moguls,Results Final 2,SOAR Hannah,2531373,USA,6,72.37,16.6,44.3,11.47,1,bp,0.81,6.0,6.1,2,bG,0.92,7.1,7.2
"FIS SNOWBOARD, FREESTYLE AND FREESKI WORLD CHAMPIONSHIPS 2023",2023-02-25,BAKURIANI (GEO),Women's Moguls,Results Final 2,SCHWINGHAMMER,2533204,CAN,5,13.37,0.0,0.3,13.07,1,bT,0.78,8.6,8.2,2,bG,0.92,7.0,7.2
"FIS SNOWBOARD, FREESTYLE AND FREESKI WORLD CHAMPIONSHIPS 2023",2023-02-25,BAKURIANI (GEO),Men's Moguls,Results Final 1,SUGIMOTO Kosuke,2528069,JPN,8,82.56,16.59,51.5,14.47,1,7oG,1.01,7.7,8.0,2,7op,0.88,7.2,7.7
"FIS SNOWBOARD, FREESTYLE AND FREESKI WORLD CHAMPIONSHIPS 2023",2023-02-25,BAKURIANI (GEO),Men's Moguls,Results Final 1,WOODS Cooper,2532161,AUS,11,80.5,15.7,50.9,13.9,1,bF,0.88,8.0,8.4,2,7op,0.88,7.7,7.5
"FIS SNOWBOARD, FREESTYLE AND FREESKI WORLD CHAMPIONSHIPS 2023",2023-02-25,BAKURIANI (GEO),Men's Moguls,Results Final 1,VIEL Julien,2534074,CAN,14,80.13,16.36,49.0,14.77,1,bdF,1.05,7.9,7.1,2,7op,0.88,8.0,7.7
"FIS SNOWBOARD, FREESTYLE AND FREESKI WORLD CHAMPIONSHIPS 2023",2023-02-25,BAKURIANI (GEO),Men's Moguls,Results Final 2,KINGSBURY Mikael,2484937,CAN,1,89.82,18.17,53.6,18.05,1,bdF,1.05,9.0,8.5,2,10op,1.05,8.7,8.2
FIS FREESTYLE SKI WORLD CUP 2023,2022-12-03,RUKA (FIN),Men's Moguls,Results Qualification,CAVET Benjamin,2530514,FRA,19,72.47,13.83,45.9,12.74,1,bF,0.88,7.9,8.1,2,bp,0.71,8.3,7.8
FIS FREESTYLE SKI WORLD CUP 2023,2022-12-03,RUKA (FIN),Men's Moguls,Results Qualification,VERDAGUER Lucas,2535379,ESP,44,52.43,11.13,29.2,12.1,1,bp,0.71,7.9,8.5,2,7op,0.88,7.2,7.1
FIS FREESTYLE SKI WORLD CUP 2023,2022-12-09,IDRE FJÄLL (SWE),Men's Moguls,Results Qualification,WALLBERG Walter,2532001,SWE,4,78.87,17.84,46.7,14.33,1,bF,0.88,8.1,8.7,2,7op,0.88,7.9,7.9
FIS FREESTYLE SKI WORLD CUP 2023,2022-12-09,IDRE FJÄLL (SWE),Men's Moguls,Results Qualification,PAGE Nick,2533462,USA,9,74.24,16.37,43.8,14.07,1,7oG,1.01,7.4,7.8,2,10op,1.05,6.0,6.2
FIS FREESTYLE SKI WORLD CUP 2023,2022-12-09,IDRE FJÄLL (SWE),Men's Moguls,Results Qualification,KOLMAKOV Pavel,2528846,KAZ,18,71.72,15.81,42.0,13.91,1,bF,0.88,6.5,7.0,2,7oG,1.01,7.8,8.0
FIS FREESTYLE SKI WORLD CUP 2023,2022-12-09,IDRE FJÄLL (SWE),Men's Moguls,Results Qualification,PENTTALA Olli,2528035,FIN,24,70.48,16.43,42.1,11.95,1,10o,1.02,6.1,6.3,2,7op,0.88,6.4,6.4
"FIS SNOWBOARD, FREESTYLE AND FREESKI WORLD CHAMPIONSHIPS 2023",2023-02-25,BAKURIANI (GEO),Women's Moguls,Results Final 1,CABROL Camille,2530274,FRA,10,72.83,15.98,44.9,11.95,1,bT,0.78,7.0,6.8,2,bG,0.92,6.9,7.4
"FIS SNOWBOARD, FREESTYLE AND FREESKI WORLD CHAMPIONSHIPS 2023",2023-02-25,BAKURIANI (GEO),Women's Moguls,Results Final 1,DESMARAIS-GILBERT,2531811,CAN,11,72.59,15.4,44.8,12.39,1,bG,0.92,7.1,7.0,2,bp,0.81,7.3,7.3
"FIS SNOWBOARD, FREESTYLE AND FREESKI WORLD CHAMPIONSHIPS 2023",2023-02-25,BAKURIANI (GEO),Men's Moguls,Results Final 1,PAGE Nick,2533462,USA,15,77.59,16.93,46.0,14.66,1,7oG,1.01,8.8,8.5,2,10op,1.05,5.6,5.7
"FIS SNOWBOARD, FREESTYLE AND FREESKI WORLD CHAMPIONSHIPS 2023",2023-02-25,BAKURIANI (GEO),Men's Moguls,Results Final 1,SALONEN Jimi,2528237,FIN,16,67.55,17.59,38.8,11.16,1,10op,1.05,7.0,7.4,2,7op,0.88,4.0,4.2
FIS FREESTYLE SKI WORLD CUP 2023,2022-12-03,RUKA (FIN),Men's Moguls,Results Qualification,SUIRE Martin,2528624,FRA,9,74.84,14.49,46.0,14.35,1,7oG,1.01,7.7,7.5,2,7op,0.88,7.7,7.5
FIS FREESTYLE SKI WORLD CUP 2023,2022-12-03,RUKA (FIN),Men's Moguls,Results Qualification,WALCZYK Dylan,2527085,USA,14,73.97,13.64,47.3,13.03,1,bG,0.82,7.8,7.7,2,7op,0.88,7.7,7.5
FIS FREESTYLE SKI WORLD CUP 2023,2022-12-03,RUKA (FIN),Men's Moguls,Results Qualification,GRAVENFORS Filip,2534858,SWE,34,65.33,18.71,34.7,11.92,1,bF,0.88,8.4,8.7,2,bp,0.71,6.0,6.4
FIS FREESTYLE SKI WORLD CUP 2023,2022-12-03,RUKA (FIN),Men's Moguls,Results Qualification,MURPHY George,2534254,AUS,49,30.09,11.19,12.1,6.8,1,bG,0.82,8.3,8.3,2,NJ,0.0,0.0,0.0
FIS FREESTYLE SKI WORLD CUP 2023,2022-12-03,RUKA (FIN),Men's Moguls,Results Qualification,MERZ Linus,2533504,GER,51,26.7,8.51,4.9,13.29,1,7op,0.88,7.0,6.4,2,10op,1.05,7.1,7.0
FIS FREESTYLE SKI WORLD CUP 2023,2022-12-03,RUKA (FIN),Men's Moguls,Results Final 2,KINGSBURY Mikael,2484937,CAN,1,84.5,15.96,52.2,16.34,1,bF,0.88,8.4,8.6,2,10op,1.05,8.4,8.5
FIS FREESTYLE SKI WORLD CUP 2023,2022-12-03,RUKA (FIN),Men's Moguls,Results Final 2,PAGE Nick,2533462,USA,4,80.05,14.25,48.0,17.8,1,7oG,1.01,7.9,8.4,2,14o,1.19,8.1,8.0
FIS FREESTYLE SKI WORLD CUP 2023,2022-12-03,RUKA (FIN),Men's Moguls,Results Final 2,FJALLSTROM Ludvig,2528117,SWE,5,79.37,14.61,50.5,14.26,1,7op,0.88,8.2,8.3,2,bG,0.82,8.5,8.6
FIS FREESTYLE SKI WORLD CUP 2023,2022-12-09,IDRE FJÄLL (SWE),Men's Moguls,Results Qualification,FJALLSTROM Ludvig,2528117,SWE,25,70.3,16.4,40.4,13.5,1,bF,0.88,7.7,8.4,2,7op,0.88,6.9,7.7
"FIS SNOWBOARD, FREESTYLE AND FREESKI WORLD CHAMPIONSHIPS 2023",2023-02-25,BAKURIANI (GEO),Men's Moguls,Results Final 1,WALLBERG Walter,2532001,SWE,2,88.2,17.96,53.7,16.54,1,bF,0.88,7.8,8.7,2,10op,1.05,8.9,8.8
FIS FREESTYLE SKI WORLD CUP 2023,2022-12-03,RUKA (FIN),Men's Moguls,Results Qualification,KOLMAKOV Pavel,2528846,KAZ,8,75.05,14.72,45.0,15.33,1,bF,0.88,8.0,7.8,2,7oG,1.01,8.2,8.4
FIS FREESTYLE SKI WORLD CUP 2023,2022-12-03,RUKA (FIN),Men's Moguls,Results Qualification,MICKEL Charlie,2537180,USA,30,67.93,12.4,41.9,13.63,1,7oG,1.01,8.2,8.3,2,10op,1.05,4.4,5.7
FIS FREESTYLE SKI WORLD CUP 2023,2022-12-09,IDRE FJÄLL (SWE),Men's Moguls,Results Qualification,DUFRESNE Gabriel,2530240,CAN,17,71.81,15.09,43.4,13.32,1,bF,0.88,6.7,7.2,2,7op,0.88,8.2,8.2
"FIS SNOWBOARD, FREESTYLE AND FREESKI WORLD CHAMPIONSHIPS 2023",2023-02-25,BAKURIANI (GEO),Women's Moguls,Results Final 1,NAKAO Haruka,2533488,JPN,13,69.77,15.48,39.3,14.99,1,7op,0.98,7.8,7.6,2,bG,0.92,8.0,8.2
"FIS SNOWBOARD, FREESTYLE AND FREESKI WORLD CHAMPIONSHIPS 2023",2023-02-25,BAKURIANI (GEO),Women's Moguls,Results Final 2,LAFFONT Perrine,2531156,FRA,1,87.4,19.23,52.4,15.77,1,bG,0.92,8.1,8.1,2,7op,0.98,8.6,8.4
"FIS SNOWBOARD, FREESTYLE AND FREESKI WORLD CHAMPIONSHIPS 2023",2023-02-25,BAKURIANI (GEO),Women's Moguls,Results Final 2,KAUF Jaelin,2529064,USA,2,83.56,19.83,49.8,13.93,1,bG,0.92,8.1,8.4,2,bp,0.81,7.8,7.9
FIS FREESTYLE SKI WORLD CUP 2023,2022-12-03,RUKA (FIN),Men's Moguls,Results Qualification,HORISHIMA Ikuma,2529645,JPN,6,75.24,13.88,46.5,14.86,1,bF,0.88,8.4,8.6,2,7op,0.88,8.3,8.5
FIS FREESTYLE SKI WORLD CUP 2023,2022-12-03,RUKA (FIN),Men's Moguls,Results Qualification,HOLMGREN Emil,2534210,SWE,28,68.84,12.87,42.6,13.37,1,7op,0.88,7.7,7.8,2,10op,1.05,6.2,6.3
FIS FREESTYLE SKI WORLD CUP 2023,2022-12-03,RUKA (FIN),Men's Moguls,Results Qualification,BOURDETTE Marius,2532799,FRA,31,67.14,14.27,39.9,12.97,1,bF,0.88,7.2,7.3,2,7op,0.88,7.3,7.7
FIS FREESTYLE SKI WORLD CUP 2023,2022-12-09,IDRE FJÄLL (SWE),Men's Moguls,Results Qualification,JUNG Daeyoon,2534856,KOR,14,72.76,16.74,42.7,13.32,1,bF,0.88,8.1,7.6,2,7op,0.88,7.1,7.5
FIS FREESTYLE SKI WORLD CUP 2023,2022-12-09,IDRE FJÄLL (SWE),Men's Moguls,Results Qualification,SUIRE Martin,2528624,FRA,23,70.66,15.38,42.3,12.98,1,7oG,1.01,7.7,8.0,2,7op,0.88,5.5,6.0
"FIS SNOWBOARD, FREESTYLE AND FREESKI WORLD CHAMPIONSHIPS 2023",2023-02-25,BAKURIANI (GEO),Men's Moguls,Results Final 1,HORISHIMA Ikuma,2529645,JPN,3,88.15,16.46,53.5,18.19,1,7oG,1.01,9.7,9.6,2,10op,1.05,8.1,8.0
"FIS SNOWBOARD, FREESTYLE AND FREESKI WORLD CHAMPIONSHIPS 2023",2023-02-25,BAKURIANI (GEO),Men's Moguls,Results Final 2,CAVET Benjamin,2530514,FRA,6,79.21,18.72,44.7,15.79,1,bdF,1.05,8.0,8.7,2,10op,1.05,6.9,6.5
FIS FREESTYLE SKI WORLD CUP 2023,2022-12-03,RUKA (FIN),Women's Moguls,Results Final 2,KAUF Jaelin,2529064,USA,5,77.33,18.76,44.9,13.67,1,bG,0.92,8.0,8.0,2,bp,0.81,7.6,8.0
FIS FREESTYLE SKI WORLD CUP 2023,2022-12-03,RUKA (FIN),Men's Moguls,Results Qualification,McDONALD Cole,2534511,USA,2,77.05,14.1,47.5,15.45,1,bF,0.88,8.0,8.4,2,10op,1.05,7.7,8.0
FIS FREESTYLE SKI WORLD CUP 2023,2022-12-03,RUKA (FIN),Men's Moguls,Results Qualification,PENTTALA Olli,2528035,FIN,20,71.96,14.13,42.9,14.93,1,7op,0.88,7.7,7.4,2,10op,1.05,8.1,7.7
FIS FREESTYLE SKI WORLD CUP 2023,2022-12-03,RUKA (FIN),Men's Moguls,Results Qualification,LAVOIE Alexandre,2531687,CAN,23,70.12,12.7,42.3,15.12,1,7op,0.88,7.9,7.9,2,7oG,1.01,8.3,7.9
FIS FREESTYLE SKI WORLD CUP 2023,2022-12-03,RUKA (FIN),Men's Moguls,Results Qualification,CONEDERA Martino,2532502,SUI,41,59.72,9.12,36.4,14.2,1,bF,0.88,7.4,7.1,2,7oG,1.01,8.0,7.5
FIS FREESTYLE SKI WORLD CUP 2023,2022-12-03,RUKA (FIN),Men's Moguls,Results Qualification,JUNG Daeyoon,2534856,KOR,52,19.8,8.51,0.3,10.99,1,7op,0.88,5.7,6.4,2,10op,1.05,5.4,5.4
FIS FREESTYLE SKI WORLD CUP 2023,2022-12-09,IDRE FJÄLL (SWE),Men's Moguls,Results Qualification,CAVET Benjamin,2530514,FRA,7,75.58,16.36,45.0,14.22,1,bF,0.88,7.9,8.2,2,10op,1.05,6.8,6.8
"FIS SNOWBOARD, FREESTYLE AND FREESKI WORLD CHAMPIONSHIPS 2023",2023-02-25,BAKURIANI (GEO),Women's Moguls,Results Final 1,AMRENOVA Ayaulym,2532085,KAZ,18,48.59,15.17,24.9,8.52,1,bG,0.92,4.5,4.7,2,bp,0.81,5.2,5.4
"FIS SNOWBOARD, FREESTYLE AND FREESKI WORLD CHAMPIONSHIPS 2023",2023-02-25,BAKURIANI (GEO),Men's Moguls,Results Final 1,KELLY Brenden,2527955,CAN,13,80.18,15.23,47.1,17.85,1,7oG,1.01,8.9,8.9,2,10op,1.05,8.2,8.7
"FIS SNOWBOARD, FREESTYLE AND FREESKI WORLD CHAMPIONSHIPS 2023",2023-02-25,BAKURIANI (GEO),Men's Moguls,Results Final 2,KOLMAKOV Pavel,2528846,KAZ,4,83.99,16.62,49.8,17.57,1,10op,1.05,8.8,9.1,2,7oG,1.01,8.0,8.2
FIS FREESTYLE SKI WORLD CUP 2023,2022-12-03,RUKA (FIN),Men's Moguls,Results Qualification,MATSUDA So,2531671,JPN,27,69.12,12.4,41.9,14.82,1,7op,0.88,8.2,8.4,2,7oG,1.01,7.9,7.0
FIS FREESTYLE SKI WORLD CUP 2023,2022-12-03,RUKA (FIN),Men's Moguls,Results Qualification,CROZET James,2533249,FRA,29,68.65,12.32,42.3,14.03,1,7op,0.88,7.4,7.3,2,7oG,1.01,7.6,7.4
FIS FREESTYLE SKI WORLD CUP 2023,2022-12-03,RUKA (FIN),Men's Moguls,Results Qualification,LEE Yoon Seung,2537625,KOR,40,59.84,11.61,35.0,13.23,1,bF,0.88,7.4,7.3,2,7op,0.88,7.8,7.6
FIS FREESTYLE SKI WORLD CUP 2023,2022-12-09,IDRE FJÄLL (SWE),Men's Moguls,Results Qualification,HARVEY Jackson,2534735,AUS,8,74.69,15.16,45.5,14.03,1,bF,0.88,7.8,8.3,2,7op,0.88,7.8,8.0
FIS FREESTYLE SKI WORLD CUP 2023,2022-12-09,IDRE FJÄLL (SWE),Men's Moguls,Results Qualification,SALONEN Jimi,2528237,FIN,11,73.13,17.33,42.2,13.6,1,10op,1.05,7.0,7.6,2,7op,0.88,6.7,6.8
FIS FREESTYLE SKI WORLD CUP 2023,2022-12-09,IDRE FJÄLL (SWE),Men's Moguls,Results Qualification,VAILLANCOURT Elliot,2532513,CAN,20,71.26,14.97,43.1,13.19,1,7oG,1.01,7.2,6.3,2,7op,0.88,6.7,7.8
FIS FREESTYLE SKI WORLD CUP 2023,2022-12-03,RUKA (FIN),Women's Moguls,Results Final 2,CARROLL Avital,2529074,AUT,6,40.7,9.49,18.6,12.61,1,7oG,1.11,4.5,4.9,2,bG,0.92,8.1,8.0
FIS FREESTYLE SKI WORLD CUP 2023,2022-12-03,RUKA (FIN),Men's Moguls,Results Qualification,SUGIMOTO Kosuke,2528069,JPN,13,74.25,12.95,47.6,13.7,1,7op,0.88,7.5,7.8,2,bG,0.82,8.5,8.5
FIS FREESTYLE SKI WORLD CUP 2023,2022-12-09,IDRE FJÄLL (SWE),Men's Moguls,Results Qualification,MURATA Yutaro,2530684,JPN,12,73.06,14.88,45.3,12.88,1,bF,0.88,8.1,7.5,2,7op,0.88,6.7,7.0
"FIS SNOWBOARD, FREESTYLE AND FREESKI WORLD CHAMPIONSHIPS 2023",2023-02-25,BAKURIANI (GEO),Women's Moguls,Results Final 1,GIACCIO Olivia,2532241,USA,12,71.31,18.33,40.5,12.48,1,bF,0.98,7.7,7.2,2,7op,0.98,5.3,5.3
"FIS SNOWBOARD, FREESTYLE AND FREESKI WORLD CHAMPIONSHIPS 2023",2023-02-25,BAKURIANI (GEO),Women's Moguls,Results Final 1,TOMITAKA Hinako,2532031,JPN,16,64.97,15.81,38.0,11.16,1,bp,0.81,7.8,7.8,2,7op,0.98,4.9,5.0
FIS FREESTYLE SKI WORLD CUP 2023,2022-12-03,RUKA (FIN),Women's Moguls,Results Final 2,LAFFONT Perrine,2531156,FRA,2,78.33,17.54,47.2,13.59,1,bG,0.92,6.9,7.0,2,7op,0.98,7.3,7.4
FIS FREESTYLE SKI WORLD CUP 2023,2022-12-03,RUKA (FIN),Men's Moguls,Results Qualification,ROMANOV Sergey,2532862,KAZ,37,62.36,11.03,36.4,14.93,1,7oG,1.01,7.7,8.2,2,7op,0.88,7.7,8.0
FIS FREESTYLE SKI WORLD CUP 2023,2022-12-03,RUKA (FIN),Men's Moguls,Results Qualification,VIEL Julien,2534074,CAN,38,62.1,13.56,36.1,12.44,1,bF,0.88,7.7,7.5,2,7op,0.88,7.0,6.1
FIS FREESTYLE SKI WORLD CUP 2023,2022-12-03,RUKA (FIN),Men's Moguls,Results Qualification,FENELEY William,2531950,GBR,42,55.56,11.3,32.2,12.06,1,bF,0.88,6.1,6.3,2,10op,1.05,6.1,6.5
FIS FREESTYLE SKI WORLD CUP 2023,2022-12-03,RUKA (FIN),Men's Moguls,Results Final 2,GRAHAM Matt,2441426,AUS,3,80.12,15.76,49.2,15.16,1,bdF,1.05,6.1,6.2,2,10op,1.05,8.3,8.3
FIS FREESTYLE SKI WORLD CUP 2023,2022-12-09,IDRE FJÄLL (SWE),Men's Moguls,Results Qualification,HORISHIMA Ikuma,2529645,JPN,2,79.92,15.62,49.3,15.0,1,10op,1.05,7.6,7.5,2,7op,0.88,8.1,8.0
"FIS SNOWBOARD, FREESTYLE AND FREESKI WORLD CHAMPIONSHIPS 2023",2023-02-25,BAKURIANI (GEO),Men's Moguls,Results Final 1,KINGSBURY Mikael,2484937,CAN,1,89.1,17.03,54.7,17.37,1,bdF,1.05,8.0,8.4,2,10op,1.05,8.2,8.5
FIS FREESTYLE SKI WORLD CUP 2023,2022-12-03,RUKA (FIN),Men's Moguls,Results Qualification,PAGE Nick,2533462,USA,3,76.89,13.89,47.0,16.0,1,7oG,1.01,7.9,8.1,2,10op,1.05,7.6,7.5
FIS FREESTYLE SKI WORLD CUP 2023,2022-12-03,RUKA (FIN),Men's Moguls,Results Qualification,SHIMAKAWA Takuya,2530672,JPN,17,73.03,13.15,44.7,15.18,1,7oG,1.01,8.1,7.7,2,7op,0.88,8.2,8.2
FIS FREESTYLE SKI WORLD CUP 2023,2022-12-03,RUKA (FIN),Men's Moguls,Results Qualification,OLGAARD Robin,2534212,SWE,50,28.35,5.08,9.8,13.47,1,7op,0.88,7.0,6.8,2,10op,1.05,7.1,7.0
FIS FREESTYLE SKI WORLD CUP 2023,2022-12-09,IDRE FJÄLL (SWE),Men's Moguls,Results Qualification,GRAVENFORS Filip,2534858,SWE,16,72.65,19.21,43.2,10.24,1,bF,0.88,7.3,7.3,2,7op,0.88,4.6,4.1
"FIS SNOWBOARD, FREESTYLE AND FREESKI WORLD CHAMPIONSHIPS 2023",2023-02-25,BAKURIANI (GEO),Men's Moguls,Results Final 1,GRAVENFORS Filip,2534858,SWE,9,82.05,17.35,49.3,15.4,1,bF,0.88,9.0,9.3,2,10op,1.05,7.0,7.0
FIS FREESTYLE SKI WORLD CUP 2023,2022-12-03,RUKA (FIN),Men's Moguls,Results Qualification,HARVEY Jackson,2534735,AUS,11,74.59,13.11,47.1,14.38,1,bF,0.88,8.4,8.2,2,7op,0.88,8.0,8.1
FIS FREESTYLE SKI WORLD CUP 2023,2022-12-03,RUKA (FIN),Men's Moguls,Results Qualification,WENDLER Landon,2534140,USA,26,69.45,13.42,43.7,12.33,1,bF,0.88,7.8,7.4,2,7oG,1.01,5.5,5.7
FIS FREESTYLE SKI WORLD CUP 2023,2022-12-03,RUKA (FIN),Men's Moguls,Results Qualification,BUZZI Enea,2533002,SUI,39,60.8,15.37,33.3,12.13,1,bF,0.88,7.3,6.5,2,bG,0.82,7.5,7.3
FIS FREESTYLE SKI WORLD CUP 2023,2022-12-03,RUKA (FIN),Men's Moguls,Results Qualification,GAJDECKA Marek,2535392,CZE,48,42.57,10.53,22.5,9.54,1,bT,0.68,6.8,7.3,2,bG,0.82,6.0,5.6
"FIS SNOWBOARD, FREESTYLE AND FREESKI WORLD CHAMPIONSHIPS 2023",2023-02-25,BAKURIANI (GEO),Women's Moguls,Results Final 1,WEESE Hanna,2532819,GER,14,69.68,16.23,40.9,12.55,1,bG,0.92,7.0,7.1,2,bp,0.81,7.4,7.6
"FIS SNOWBOARD, FREESTYLE AND FREESKI WORLD CHAMPIONSHIPS 2023",2023-02-25,BAKURIANI (GEO),Women's Moguls,Results Final 2,YANAGIMOTO Rino,2532040,JPN,4,79.67,17.73,45.2,16.74,1,7oG,1.11,7.7,8.0,2,7op,0.98,8.1,8.3
"FIS SNOWBOARD, FREESTYLE AND FREESKI WORLD CHAMPIONSHIPS 2023",2023-02-25,BAKURIANI (GEO),Men's Moguls,Results Final 1,MATSUDA So,2531671,JPN,17,28.18,6.97,6.2,15.01,1,10op,1.05,6.4,6.2,2,10oG,1.2,7.0,7.0
FIS FREESTYLE SKI WORLD CUP 2023,2022-12-03,RUKA (FIN),Women's Moguls,Results Final 2,KAWAMURA Anri,2534852,JPN,3,78.33,17.95,46.1,14.28,1,bp,0.81,7.8,8.0,2,7op,0.98,7.9,8.2
FIS FREESTYLE SKI WORLD CUP 2023,2022-12-03,RUKA (FIN),Men's Moguls,Results Qualification,FJALLSTROM Ludvig,2528117,SWE,12,74.47,12.45,49.4,12.62,1,7o,0.85,7.0,6.9,2,bG,0.82,8.4,8.0
FIS FREESTYLE SKI WORLD CUP 2023,2022-12-03,RUKA (FIN),Men's Moguls,Results Qualification,CHUNLAUD Kerrian,2527600,CAN,22,70.38,13.56,43.4,13.42,1,7op,0.88,7.7,8.2,2,bG,0.82,8.0,7.7
FIS FREESTYLE SKI WORLD CUP 2023,2022-12-03,RUKA (FIN),Men's Moguls,Results Qualification,TSINN Oleg,2532088,KAZ,43,53.47,11.88,29.1,12.49,1,bF,0.88,7.4,7.4,2,7op,0.88,6.9,6.7
FIS FREESTYLE SKI WORLD CUP 2023,2022-12-09,IDRE FJÄLL (SWE),Men's Moguls,Results Qualification,KINGSBURY Mikael,2484937,CAN,1,79.96,17.15,47.7,15.11,1,7op,0.88,7.8,8.3,2,10op,1.05,7.9,7.4
FIS FREESTYLE SKI WORLD CUP 2023,2022-12-09,IDRE FJÄLL (SWE),Men's Moguls,Results Qualification,WALCZYK Dylan,2527085,USA,6,75.93,16.79,46.2,12.94,1,bG,0.82,8.3,7.5,2,7op,0.88,7.4,7.3
"FIS SNOWBOARD, FREESTYLE AND FREESKI WORLD CHAMPIONSHIPS 2023",2023-02-25,BAKURIANI (GEO),Women's Moguls,Results Final 1,DEGROOTE Fantine,2533547,FRA,7,76.1,16.78,45.3,14.02,1,bG,0.92,8.4,8.2,2,bp,0.81,7.9,7.9
"FIS SNOWBOARD, FREESTYLE AND FREESKI WORLD CHAMPIONSHIPS 2023",2023-02-25,BAKURIANI (GEO),Women's Moguls,Results Final 1,BROWN Berkley,2531523,CAN,15,67.18,14.61,41.5,11.07,1,bT,0.78,7.0,6.9,2,bG,0.92,6.4,5.9
"FIS SNOWBOARD, FREESTYLE AND FREESKI WORLD CHAMPIONSHIPS 2023",2023-02-25,BAKURIANI (GEO),Men's Moguls,Results Final 1,SUIRE Martin,2528624,FRA,7,83.79,17.51,51.1,15.18,1,7oG,1.01,8.5,8.6,2,7op,0.88,7.4,7.5
FIS FREESTYLE SKI WORLD CUP 2023,2022-12-03,RUKA (FIN),Women's Moguls,Results Final 2,ANTHONY Jakara,2530720,AUS,1,81.69,17.64,48.2,15.85,1,7oG,1.11,8.2,8.2,2,bG,0.92,7.3,7.4
FIS FREESTYLE SKI WORLD CUP 2023,2022-12-03,RUKA (FIN),Men's Moguls,Results Qualification,KINGSBURY Mikael,2484937,CAN,1,79.06,16.0,48.9,14.16,1,bF,0.88,7.6,7.8,2,7op,0.88,8.5,8.3
FIS FREESTYLE SKI WORLD CUP 2023,2022-12-03,RUKA (FIN),Men's Moguls,Results Qualification,FUJIKI Goshin,2529670,JPN,5,75.44,13.94,46.6,14.9,1,bF,0.88,8.6,8.7,2,7op,0.88,8.2,8.4
FIS FREESTYLE SKI WORLD CUP 2023,2022-12-03,RUKA (FIN),Men's Moguls,Results Qualification,VAILLANCOURT Elliot,2532513,CAN,18,72.87,13.37,45.0,14.5,1,7oG,1.01,8.0,8.0,2,7op,0.88,7.1,7.5
FIS FREESTYLE SKI WORLD CUP 2023,2022-12-03,RUKA (FIN),Men's Moguls,Results Qualification,BEAUREGARD Ian,2533390,USA,47,43.12,16.62,18.0,8.5,1,bF,0.88,6.5,5.9,2,bp,0.71,4.1,4.5
FIS FREESTYLE SKI WORLD CUP 2023,2022-12-03,RUKA (FIN),Men's Moguls,Results Qualification,PASCARELLA Paolo,2534403,SUI,53,16.29,2.35,0.3,13.64,1,bF,0.88,7.4,7.5,2,10op,1.05,6.8,6.7
FIS FREESTYLE SKI WORLD CUP 2023,2022-12-03,RUKA (FIN),Men's Moguls,Results Final 2,HORISHIMA Ikuma,2529645,JPN,2,80.48,14.52,49.8,16.16,1,bF,0.88,8.5,8.2,2,10op,1.05,8.4,8.4
FIS FREESTYLE SKI WORLD CUP 2023,2022-12-09,IDRE FJÄLL (SWE),Men's Moguls,Results Qualification,SUGIMOTO Kosuke,2528069,JPN,15,72.72,14.77,44.9,13.05,1,7oG,1.01,6.9,6.8,2,bG,0.82,7.3,7.7
FIS FREESTYLE SKI WORLD CUP 2023,2022-12-09,IDRE FJÄLL (SWE),Men's Moguls,Results Qualification,WENDLER Landon,2534140,USA,22,70.75,14.97,43.3,12.48,1,bF,0.88,6.7,6.1,2,7op,0.88,7.6,8.0
"FIS SNOWBOARD, FREESTYLE AND FREESKI WORLD CHAMPIONSHIPS 2023",2023-02-25,BAKURIANI (GEO),Men's Moguls,Results Final 1,CAVET Benjamin,2530514,FRA,4,87.54,17.52,53.8,16.22,1,bF,0.88,8.6,8.6,2,10op,1.05,8.1,8.4
"FIS SNOWBOARD, FREESTYLE AND FREESKI WORLD CHAMPIONSHIPS 2023",2023-02-25,BAKURIANI (GEO),Men's Moguls,Results Final 1,JUNG Daeyoon,2534856,KOR,10,81.0,17.42,49.4,14.18,1,7oG,1.01,8.1,8.4,2,bp,0.71,8.4,8.1
"FIS SNOWBOARD, FREESTYLE AND FREESKI WORLD CHAMPIONSHIPS 2023",2023-02-25,BAKURIANI (GEO),Men's Moguls,Results Final 2,HORISHIMA Ikuma,2529645,JPN,5,80.07,17.68,46.5,15.89,1,7oG,1.01,8.0,8.4,2,10op,1.05,7.2,7.3
FIS FREESTYLE SKI WORLD CUP 2023,2022-12-03,RUKA (FIN),Women's Moguls,Results Final 2,GIACCIO Olivia,2532241,USA,4,77.98,16.21,46.3,15.47,1,bF,0.98,7.6,7.9,2,7op,0.98,7.9,8.2
FIS FREESTYLE SKI WORLD CUP 2023,2022-12-03,RUKA (FIN),Men's Moguls,Results Qualification,SALONEN Jimi,2528237,FIN,4,76.21,14.39,46.9,14.92,1,7op,0.88,7.9,7.1,2,7oG,1.01,8.5,8.0
FIS FREESTYLE SKI WORLD CUP 2023,2022-12-03,RUKA (FIN),Men's Moguls,Results Qualification,HOLMGREN Albin,2532811,SWE,21,70.58,13.66,42.0,14.92,1,7oG,1.01,8.2,8.2,2,7op,0.88,7.8,7.3
FIS FREESTYLE SKI WORLD CUP 2023,2022-12-03,RUKA (FIN),Men's Moguls,Results Qualification,GERKEN SCHOFIELD,2530541,GBR,35,64.41,13.64,38.5,12.27,1,bF,0.88,7.0,6.2,2,7op,0.88,7.5,7.2
FIS FREESTYLE SKI WORLD CUP 2023,2022-12-03,RUKA (FIN),Men's Moguls,Results Qualification,STEGFELDT Rasmus,2531923,SWE,36,63.61,16.92,37.0,9.69,1,bF,0.88,7.8,7.3,2,bp,0.71,4.1,4.5
FIS FREESTYLE SKI WORLD CUP 2023,2022-12-03,RUKA (FIN),Men's Moguls,Results Qualification,BELLUCCI Massimo,2530808,ITA,45,51.08,11.55,25.7,13.83,1,7op,0.88,7.6,7.1,2,7oG,1.01,7.2,7.4
FIS FREESTYLE SKI WORLD CUP 2023,2022-12-03,RUKA (FIN),Men's Moguls,Results Qualification,WEESE Nicolas,2535693,GER,46,49.93,14.06,25.5,10.37,1,bG,0.82,7.9,7.3,2,bp,0.71,5.9,5.8
FIS FREESTYLE SKI WORLD CUP 2023,2022-12-09,IDRE FJÄLL (SWE),Men's Moguls,Results Qualification,MATSUDA So,2531671,JPN,19,71.53,14.35,42.1,15.08,1,bF,0.88,8.9,9.0,2,7op,0.88,8.1,8.3
FIS FREESTYLE SKI WORLD CUP 2023,2022-12-09,IDRE FJÄLL (SWE),Men's Moguls,Results Qualification,CHUNLAUD Kerrian,2527600,CAN,21,71.07,15.16,44.2,11.71,1,7op,0.88,6.9,6.5,2,bG,0.82,7.5,6.7
"FIS SNOWBOARD, FREESTYLE AND FREESKI WORLD CHAMPIONSHIPS 2023",2023-02-25,BAKURIANI (GEO),Women's Moguls,Results Final 1,SOAR Hannah,2531373,USA,8,76.08,17.76,46.5,11.82,1,bp,0.81,7.0,6.3,2,bG,0.92,7.4,6.6
"FIS SNOWBOARD, FREESTYLE AND FREESKI WORLD CHAMPIONSHIPS 2023",2023-02-25,BAKURIANI (GEO),Women's Moguls,Results Final 1,GERKEN SCHOFIELD,2530540,GBR,9,74.75,17.14,44.6,13.01,1,bG,0.92,7.0,7.2,2,bp,0.81,8.0,8.0
"FIS SNOWBOARD, FREESTYLE AND FREESKI WORLD CHAMPIONSHIPS 2023",2023-02-25,BAKURIANI (GEO),Men's Moguls,Results Final 1,KOLMAKOV Pavel,2528846,KAZ,6,84.15,15.65,50.7,17.8,1,10op,1.05,8.7,8.4,2,7oG,1.01,8.9,8.6
"FIS SNOWBOARD, FREESTYLE AND FREESKI WORLD CHAMPIONSHIPS 2023",2023-02-25,BAKURIANI (GEO),Men's Moguls,Results Final 2,GRAHAM Matt,2441426,AUS,2,88.9,18.92,53.0,16.98,1,10op,1.05,9.4,9.3,2,7op,0.88,8.1,8.2
FIS FREESTYLE SKI WORLD CUP 2023,2022-12-09,IDRE FJÄLL (SWE),Men's Moguls,Results Qualification,FUJIKI Goshin,2529670,JPN,10,74.22,16.49,44.5,13.23,1,bF,0.88,7.8,8.1,2,7op,0.88,6.8,7.4
FIS FREESTYLE SKI WORLD CUP 2023,2022-12-09,IDRE FJÄLL (SWE),Men's Moguls,Results Qualification,WOODS Cooper,2532161,AUS,13,72.88,14.81,43.6,14.47,1,bF,0.88,8.9,8.8,2,7op,0.88,7.3,7.9
"FIS SNOWBOARD, FREESTYLE AND FREESKI WORLD CHAMPIONSHIPS 2023",2023-02-25,BAKURIANI (GEO),Women's Moguls,Results Final 1,ANTHONY Jakara,2530720,AUS,17,55.29,13.89,28.1,13.3,1,7oG,1.11,6.8,6.6,2,bp,0.81,7.5,7.0
"FIS SNOWBOARD, FREESTYLE AND FREESKI WORLD CHAMPIONSHIPS 2023",2023-02-25,BAKURIANI (GEO),Men's Moguls,Results Final 1,GRAHAM Matt,2441426,AUS,5,85.6,17.49,52.4,15.71,1,10op,1.05,8.4,8.3,2,7op,0.88,8.0,7.8
FIS FREESTYLE SKI WORLD CUP 2023,2022-12-03,RUKA (FIN),Men's Moguls,Results Qualification,GRAHAM Matt,2441426,AUS,7,75.09,14.74,46.5,13.85,1,bF,0.88,7.9,7.8,2,7op,0.88,8.1,7.7
FIS FREESTYLE SKI WORLD CUP 2023,2022-12-03,RUKA (FIN),Men's Moguls,Results Qualification,VIERELA Severi,2533386,FIN,24,70.1,13.69,42.3,14.11,1,bF,0.88,8.0,7.8,2,7op,0.88,8.1,8.2
FIS FREESTYLE SKI WORLD CUP 2023,2022-12-03,RUKA (FIN),Men's Moguls,Results Qualification,JEANNESSON Mateo,2535572,GBR,32,66.39,12.9,40.3,13.19,1,bF,0.88,7.6,7.0,2,7op,0.88,7.9,7.5
FIS FREESTYLE SKI WORLD CUP 2023,2022-12-03,RUKA (FIN),Men's Moguls,Results Qualification,TANNER Daniel,2531692,CAN,33,65.44,13.15,38.9,13.39,1,7op,0.88,7.2,6.5,2,7oG,1.01,7.3,7.3
FIS FREESTYLE SKI WORLD CUP 2023,2022-12-09,IDRE FJÄLL (SWE),Men's Moguls,Results Qualification,McDONALD Cole,2534511,USA,5,76.32,15.69,46.9,13.73,1,bF,0.88,8.2,7.5,2,10op,1.05,6.2,6.8
"FIS SNOWBOARD, FREESTYLE AND FREESKI WORLD CHAMPIONSHIPS 2023",2023-02-25,BAKURIANI (GEO),Women's Moguls,Results Final 2,CARROLL Avital,2529074,AUT,3,80.19,19.14,45.8,15.25,1,7oG,1.11,6.8,7.2,2,bG,0.92,7.9,8.4
"FIS SNOWBOARD, FREESTYLE AND FREESKI WORLD CHAMPIONSHIPS 2023",2023-02-25,BAKURIANI (GEO),Men's Moguls,Results Final 1,VAILLANCOURT Elliot,2532513,CAN,12,80.49,17.22,48.1,15.17,1,7oG,1.01,8.4,8.5,2,7op,0.88,7.6,7.5
"FIS SNOWBOARD, FREESTYLE AND FREESKI WORLD CHAMPIONSHIPS 2023",2023-02-25,BAKURIANI (GEO),Men's Moguls,Results Final 2,WALLBERG Walter,2532001,SWE,3,88.52,18.18,53.5,16.84,1,bF,0.88,9.1,8.9,2,10op,1.05,8.6,8.4
FIS FREESTYLE SKI WORLD CUP 2023,2022-12-03,RUKA (FIN),Men's Moguls,Results Qualification,MURATA Yutaro,2530684,JPN,10,74.63,13.17,47.3,14.16,1,bF,0.88,8.3,8.2,2,7op,0.88,7.8,7.9
FIS FREESTYLE SKI WORLD CUP 2023,2022-12-03,RUKA (FIN),Men's Moguls,Results Qualification,WOODS Cooper,2532161,AUS,15,73.83,12.59,47.3,13.94,1,bF,0.88,8.1,7.8,2,7op,0.88,7.9,7.9
FIS FREESTYLE SKI WORLD CUP 2023,2022-12-03,RUKA (FIN),Men's Moguls,Results Qualification,DUFRESNE Gabriel,2530240,CAN,16,73.34,13.51,45.1,14.73,1,bF,0.88,8.3,8.6,2,7op,0.88,8.3,8.3
FIS FREESTYLE SKI WORLD CUP 2023,2022-12-03,RUKA (FIN),Men's Moguls,Results Qualification,MOUILLE Thibaud,2532044,FRA,25,69.79,12.21,41.5,16.08,1,10o,1.02,7.5,7.7,2,7oG,1.01,8.5,8.0
FIS FREESTYLE SKI WORLD CUP 2023,2022-12-03,RUKA (FIN),Men's Moguls,Results Qualification,KARJALAINEN,2534001,FIN,54,13.64,5.51,1.8,6.33,1,7op,0.88,7.6,6.8,2,NJ,0.0,0.0,0.0
FIS FREESTYLE SKI WORLD CUP 2023,2022-12-09,IDRE FJÄLL (SWE),Men's Moguls,Results Qualification,GRAHAM Matt,2441426,AUS,3,78.97,16.8,49.2,12.97,1,bF,0.88,7.0,7.8,2,7op,0.88,7.4,7.3
FIS FREESTYLE SKI WORLD CUP 2023,2022-12-09,IDRE FJÄLL (SWE),Men's Moguls,Results Qualification,MURPHY George,2534254,AUS,35,67.42,14.25,40.6,12.57,1,7op,0.88,6.6,6.8,2,bG,0.82,8.1,8.2
FIS FREESTYLE SKI WORLD CUP 2024,2024-01-19,VAL ST. COME (CAN),Women's Moguls,Results Final 2,TOMITAKA Hinako,2532031,JPN,3,74.19,16.69,45.3,12.2,1,bG,0.92,7.2,7.1,2,7op,0.98,5.7,5.8
FIS FREESTYLE SKI WORLD CUP 2024,2023-12-02,RUKA (FIN),Men's Moguls,Results Qualification,SALONEN Jimi,2528237,FIN,26,67.24,17.0,37.7,12.54,1,10op,1.05,5.8,5.5,2,7oG,1.01,6.6,6.5
FIS FREESTYLE SKI WORLD CUP 2024,2023-12-02,RUKA (FIN),Men's Moguls,Results Qualification,CORDELL Sam,2532530,CAN,27,66.95,15.19,39.6,12.16,1,7oG,1.01,7.6,7.9,2,bG,0.82,5.6,5.0
FIS FREESTYLE SKI WORLD CUP 2024,2023-12-02,RUKA (FIN),Men's Moguls,Results Qualification,LOGAN Oliver,2534330,AUS,31,64.98,15.29,37.2,12.49,1,bF,0.88,7.0,7.2,2,7op,0.88,7.2,7.0
FIS FREESTYLE SKI WORLD CUP 2024,2023-12-15,ALPE D'HUEZ (FRA),Men's Moguls,Results Final 1,KOLMAKOV Pavel,2528846,KAZ,15,30.89,10.93,13.8,6.16,1,bdF,1.05,2.8,3.2,2,bL,0.71,4.1,4.4
FIS FREESTYLE SKI WORLD CUP 2023,2022-12-09,IDRE FJÄLL (SWE),Men's Moguls,Results Qualification,STEGFELDT Rasmus,2531923,SWE,43,63.07,18.34,35.7,9.03,1,bF,0.88,7.0,7.4,2,bp,0.71,4.2,3.4
FIS FREESTYLE SKI WORLD CUP 2023,2022-12-09,IDRE FJÄLL (SWE),Men's Moguls,Results Qualification,GAJDECKA Marek,2535392,CZE,44,60.53,12.93,38.7,8.9,1,bL,0.71,6.0,5.7,2,bG,0.82,5.9,5.7
FIS FREESTYLE SKI WORLD CUP 2023,2022-12-09,IDRE FJÄLL (SWE),Men's Moguls,Results Qualification,NILSSON Knut,2534859,SWE,47,58.43,12.24,38.1,8.09,1,7op,0.88,4.7,5.4,2,bp,0.71,5.6,4.7
FIS FREESTYLE SKI WORLD CUP 2023,2022-12-09,IDRE FJÄLL (SWE),Men's Moguls,Results Qualification,HANSSON MATHISEN,2537618,SWE,55,37.85,14.96,17.1,5.79,1,7op,0.88,4.0,4.5,2,bp,0.71,3.8,2.0
FIS FREESTYLE SKI WORLD CUP 2024,2024-01-19,VAL ST. COME (CAN),Women's Moguls,Results Final 2,ANTHONY Jakara,2530720,AUS,1,82.01,17.7,47.8,16.51,1,7oG,1.11,7.8,7.8,2,bG,0.92,8.4,8.7
FIS FREESTYLE SKI WORLD CUP 2024,2024-01-19,VAL ST. COME (CAN),Women's Moguls,Results Final 2,KAUF Jaelin,2529064,USA,2,74.87,18.82,44.0,12.05,1,bG,0.92,5.7,5.5,2,7op,0.98,7.2,6.9
FIS FREESTYLE SKI WORLD CUP 2024,2023-12-02,RUKA (FIN),Men's Moguls,Results Qualification,KINGSBURY Mikael,2484937,CAN,2,79.5,17.48,47.6,14.42,1,bF,0.88,9.2,9.5,2,7op,0.88,7.1,7.0
FIS FREESTYLE SKI WORLD CUP 2024,2023-12-02,RUKA (FIN),Men's Moguls,Results Qualification,MOUILLE Thibaud,2532044,FRA,20,69.26,15.4,39.6,14.26,1,7oG,1.01,6.8,6.8,2,10op,1.05,7.1,7.0
FIS FREESTYLE SKI WORLD CUP 2024,2023-12-02,RUKA (FIN),Men's Moguls,Results Qualification,CAVET Benjamin,2530514,FRA,24,68.48,17.28,38.9,12.3,1,bF,0.88,7.5,7.0,2,bp,0.71,8.4,8.3
FIS FREESTYLE SKI WORLD CUP 2024,2023-12-02,RUKA (FIN),Men's Moguls,Results Qualification,CAYOLLE Tristan,2533776,FRA,39,58.68,15.93,33.3,9.45,1,bF,0.88,5.8,5.7,2,bp,0.71,6.3,6.1
FIS FREESTYLE SKI WORLD CUP 2024,2023-12-02,RUKA (FIN),Men's Moguls,Results Qualification,BUZZI Enea,2533002,SUI,49,41.38,16.12,17.7,7.56,1,bF,0.88,7.0,7.5,2,7op,0.88,1.5,1.2
FIS FREESTYLE SKI WORLD CUP 2024,2023-12-15,ALPE D'HUEZ (FRA),Men's Moguls,Results Final 1,HOLMGREN Emil,2534210,SWE,6,74.78,15.8,45.1,13.88,1,7oG,1.01,7.2,7.3,2,10op,1.05,6.1,6.4
FIS FREESTYLE SKI WORLD CUP 2023,2022-12-09,IDRE FJÄLL (SWE),Men's Moguls,Results Qualification,RUTGERSSON Marcus,2534213,SWE,45,60.47,13.64,38.0,8.83,1,7op,0.88,5.3,4.7,2,7oG,1.01,4.5,4.3
FIS FREESTYLE SKI WORLD CUP 2023,2022-12-09,IDRE FJÄLL (SWE),Men's Moguls,Results Qualification,ROMANOV Sergey,2532862,KAZ,51,54.22,14.46,34.2,5.56,1,7oG,1.01,2.6,2.5,2,bG,0.82,3.8,3.5
FIS FREESTYLE SKI WORLD CUP 2023,2022-12-09,IDRE FJÄLL (SWE),Men's Moguls,Results Qualification,KARJALAINEN,2534001,FIN,56,28.18,15.47,6.1,6.61,1,10op,1.05,6.1,6.5,2,NJ,0.0,0.0,0.0
FIS FREESTYLE SKI WORLD CUP 2024,2023-12-02,RUKA (FIN),Men's Moguls,Results Qualification,GRAHAM Matt,2441426,AUS,6,75.08,16.27,45.4,13.41,1,bF,0.88,8.6,8.1,2,7op,0.88,6.8,7.0
FIS FREESTYLE SKI WORLD CUP 2024,2023-12-15,ALPE D'HUEZ (FRA),Men's Moguls,Results Final 2,VAILLANCOURT Elliot,2532513,CAN,2,77.44,17.24,45.1,15.1,1,7oG,1.01,8.2,8.3,2,7op,0.88,7.7,7.7
FIS FREESTYLE SKI WORLD CUP 2024,2023-12-15,ALPE D'HUEZ (FRA),Women's Moguls,Results Final 1,KAUF Jaelin,2529064,USA,2,79.45,19.18,47.4,12.87,1,bG,0.92,8.0,8.1,2,bp,0.81,6.5,7.0
FIS FREESTYLE SKI WORLD CUP 2024,2023-12-15,ALPE D'HUEZ (FRA),Women's Moguls,Results Final 1,LEMLEY Elizabeth,2537762,USA,3,75.03,17.16,43.3,14.57,1,7op,0.98,8.3,8.4,2,bp,0.81,8.0,7.8
FIS FREESTYLE SKI WORLD CUP 2023,2022-12-09,IDRE FJÄLL (SWE),Men's Moguls,Results Qualification,HOLMGREN Albin,2532811,SWE,37,66.49,15.54,38.0,12.95,1,7oG,1.01,6.5,6.8,2,7op,0.88,7.0,7.2
FIS FREESTYLE SKI WORLD CUP 2024,2023-12-02,RUKA (FIN),Men's Moguls,Results Final 2,PENTTALA Olli,2528035,FIN,4,76.3,17.12,41.9,17.28,1,10op,1.05,8.3,8.0,2,7oG,1.01,8.5,8.8
FIS FREESTYLE SKI WORLD CUP 2024,2023-12-02,RUKA (FIN),Men's Moguls,Results Qualification,PENTTALA Olli,2528035,FIN,11,72.11,17.02,40.8,14.29,1,10op,1.05,7.1,6.9,2,7op,0.88,8.0,7.8
FIS FREESTYLE SKI WORLD CUP 2024,2023-12-02,RUKA (FIN),Men's Moguls,Results Qualification,DUFRESNE Gabriel,2530240,CAN,18,69.95,16.25,38.8,14.9,1,bF,0.88,9.1,9.2,2,7op,0.88,8.0,7.6
FIS FREESTYLE SKI WORLD CUP 2024,2023-12-02,RUKA (FIN),Men's Moguls,Results Qualification,KARJALAINEN,2534001,FIN,32,64.54,16.09,35.4,13.05,1,bF,0.88,8.0,8.2,2,10op,1.05,5.8,5.5
FIS FREESTYLE SKI WORLD CUP 2024,2023-12-02,RUKA (FIN),Men's Moguls,Results Qualification,MURPHY George,2534254,AUS,38,61.62,14.76,33.2,13.66,1,7oG,1.01,6.7,6.7,2,7op,0.88,7.7,8.0
FIS FREESTYLE SKI WORLD CUP 2024,2023-12-02,RUKA (FIN),Men's Moguls,Results Qualification,MERZ Linus,2533504,GER,54,18.78,11.46,0.3,7.02,1,7op,0.88,6.4,6.0,2,10op,1.05,1.5,1.5
FIS FREESTYLE SKI WORLD CUP 2024,2023-12-15,ALPE D'HUEZ (FRA),Men's Moguls,Results Final 1,STEGFELDT Rasmus,2531923,SWE,13,61.98,19.25,33.9,8.83,1,bF,0.88,5.7,6.0,2,bG,0.82,4.2,4.8
FIS FREESTYLE SKI WORLD CUP 2023,2022-12-09,IDRE FJÄLL (SWE),Men's Moguls,Results Qualification,TANNER Daniel,2531692,CAN,27,69.96,15.36,41.8,12.8,1,7op,0.88,5.4,5.0,2,7oG,1.01,8.0,8.3
FIS FREESTYLE SKI WORLD CUP 2023,2022-12-09,IDRE FJÄLL (SWE),Men's Moguls,Results Qualification,PASCARELLA Paolo,2534403,SUI,50,54.65,11.07,34.8,8.78,1,bF,0.88,4.7,5.8,2,7o,0.85,4.8,5.0
FIS FREESTYLE SKI WORLD CUP 2024,2023-12-02,RUKA (FIN),Men's Moguls,Results Qualification,WENDLER Landon,2534140,USA,19,69.58,16.73,40.4,12.45,1,7op,0.88,7.2,7.7,2,7oG,1.01,5.9,5.8
FIS FREESTYLE SKI WORLD CUP 2024,2023-12-02,RUKA (FIN),Men's Moguls,Results Qualification,PASCARELLA Paolo,2534403,SUI,44,50.3,14.12,25.0,11.18,1,bdF,1.05,4.8,4.3,2,10op,1.05,6.2,6.0
FIS FREESTYLE SKI WORLD CUP 2024,2023-12-02,RUKA (FIN),Men's Moguls,Results Qualification,KIM Jinsuck,2537936,KOR,46,46.18,15.67,22.7,7.81,1,bF,0.88,6.4,6.2,2,bL,0.71,3.4,3.0
FIS FREESTYLE SKI WORLD CUP 2024,2023-12-15,ALPE D'HUEZ (FRA),Men's Moguls,Results Final 1,WOODS Cooper,2532161,AUS,3,77.19,17.19,44.8,15.2,1,bdF,1.05,7.8,7.8,2,7oG,1.01,7.0,6.9
FIS FREESTYLE SKI WORLD CUP 2024,2023-12-15,ALPE D'HUEZ (FRA),Men's Moguls,Results Final 1,VAILLANCOURT Elliot,2532513,CAN,4,77.11,17.51,44.8,14.8,1,7oG,1.01,7.4,7.9,2,7op,0.88,8.1,8.0
FIS FREESTYLE SKI WORLD CUP 2023,2022-12-09,IDRE FJÄLL (SWE),Men's Moguls,Results Qualification,OLGAARD Robin,2534212,SWE,41,63.57,13.75,41.3,8.52,1,7op,0.88,5.1,5.0,2,7oG,1.01,4.2,3.9
FIS FREESTYLE SKI WORLD CUP 2023,2022-12-09,IDRE FJÄLL (SWE),Men's Moguls,Results Qualification,BONDAREV Anton,2532859,KAZ,46,59.17,13.95,34.1,11.12,1,7o,0.85,6.0,5.8,2,bG,0.82,7.5,7.4
FIS FREESTYLE SKI WORLD CUP 2023,2022-12-09,IDRE FJÄLL (SWE),Men's Moguls,Results Qualification,BELLUCCI Massimo,2530808,ITA,54,46.41,14.66,21.8,9.95,1,7op,0.88,4.9,4.5,2,bp,0.71,7.9,8.5
FIS FREESTYLE SKI WORLD CUP 2024,2023-12-02,RUKA (FIN),Men's Moguls,Results Qualification,McDONALD Cole,2534511,USA,17,70.04,16.71,40.2,13.13,1,bF,0.88,7.2,6.8,2,10op,1.05,6.8,6.5
FIS FREESTYLE SKI WORLD CUP 2024,2023-12-02,RUKA (FIN),Men's Moguls,Results Qualification,SHIMAKAWA Takuya,2530672,JPN,30,66.06,15.96,36.0,14.1,1,7oG,1.01,6.9,7.0,2,10op,1.05,7.0,6.5
FIS FREESTYLE SKI WORLD CUP 2024,2023-12-02,RUKA (FIN),Men's Moguls,Results Qualification,BONDAREV Anton,2532859,KAZ,51,36.87,15.54,14.3,7.03,1,bF,0.88,6.3,6.2,2,7op,0.88,1.8,1.7
FIS FREESTYLE SKI WORLD CUP 2024,2023-12-02,RUKA (FIN),Women's Moguls,Results Final 2,KAUF Jaelin,2529064,USA,5,72.04,19.13,41.5,11.41,1,bG,0.92,5.8,5.7,2,7op,0.98,6.5,6.0
FIS FREESTYLE SKI WORLD CUP 2024,2023-12-15,ALPE D'HUEZ (FRA),Men's Moguls,Results Final 2,HORISHIMA Ikuma,2529645,JPN,3,77.23,17.93,45.6,13.7,1,bdF,1.05,6.0,6.0,2,10op,1.05,7.0,7.1
FIS FREESTYLE SKI WORLD CUP 2024,2023-12-15,ALPE D'HUEZ (FRA),Men's Moguls,Results Final 2,CAVET Benjamin,2530514,FRA,5,33.42,15.64,5.6,12.18,1,bdF,1.05,5.2,5.6,2,7oG,1.01,6.2,6.7
FIS FREESTYLE SKI WORLD CUP 2023,2022-12-09,IDRE FJÄLL (SWE),Men's Moguls,Results Qualification,SHIMAKAWA Takuya,2530672,JPN,31,68.75,15.11,40.0,13.64,1,10o,1.02,7.4,7.3,2,7op,0.88,7.3,6.7
FIS FREESTYLE SKI WORLD CUP 2023,2022-12-09,IDRE FJÄLL (SWE),Men's Moguls,Results Qualification,TSINN Oleg,2532088,KAZ,39,64.18,12.08,42.3,9.8,1,7op,0.88,5.4,6.4,2,bp,0.71,6.3,6.7
FIS FREESTYLE SKI WORLD CUP 2023,2022-12-09,IDRE FJÄLL (SWE),Men's Moguls,Results Qualification,MOUILLE Thibaud,2532044,FRA,52,48.22,15.63,21.8,10.79,1,10o,1.02,4.0,3.6,2,7oG,1.01,7.0,6.7
FIS FREESTYLE SKI WORLD CUP 2024,2023-12-02,RUKA (FIN),Men's Moguls,Results Qualification,JEANNESSON Mateo,2535572,GBR,10,72.6,16.85,40.3,15.45,1,bF,0.88,8.3,8.7,2,7oG,1.01,7.8,8.0
FIS FREESTYLE SKI WORLD CUP 2024,2023-12-02,RUKA (FIN),Men's Moguls,Results Qualification,VERDAGUER Lucas,2535379,ESP,29,66.76,16.3,37.6,12.86,1,7op,0.88,6.7,7.1,2,bG,0.82,8.4,8.2
FIS FREESTYLE SKI WORLD CUP 2024,2023-12-02,RUKA (FIN),Men's Moguls,Results Qualification,PAGE Nick,2533462,USA,37,61.63,16.27,32.4,12.96,1,7oG,1.01,7.7,7.8,2,10op,1.05,5.0,4.8
FIS FREESTYLE SKI WORLD CUP 2024,2023-12-02,RUKA (FIN),Men's Moguls,Results Qualification,WEESE Nicolas,2535693,GER,42,54.21,16.07,25.8,12.34,1,10op,1.05,6.3,6.2,2,bG,0.82,7.0,7.1
FIS FREESTYLE SKI WORLD CUP 2023,2022-12-09,IDRE FJÄLL (SWE),Men's Moguls,Results Qualification,GERKEN SCHOFIELD,2530541,GBR,38,65.09,15.16,38.5,11.43,1,7op,0.88,6.8,6.9,2,bG,0.82,6.9,6.3
FIS FREESTYLE SKI WORLD CUP 2023,2022-12-09,IDRE FJÄLL (SWE),Men's Moguls,Results Qualification,CONEDERA Martino,2532502,SUI,48,57.71,12.12,34.1,11.49,1,7o,0.85,5.4,6.2,2,7oG,1.01,6.2,6.8
FIS FREESTYLE SKI WORLD CUP 2023,2022-12-10,IDRE FJÄLL (SWE),Men's Moguls,Results Final 2,KINGSBURY Mikael,2484937,CAN,2,79.86,18.13,47.3,14.43,1,10op,1.05,7.6,7.5,2,7op,0.88,7.5,7.3
FIS FREESTYLE SKI WORLD CUP 2023,2022-12-10,IDRE FJÄLL (SWE),Men's Moguls,Results Final 2,GRAHAM Matt,2441426,AUS,6,77.53,17.45,46.7,13.38,1,bdF,1.05,5.7,5.6,2,10op,1.05,7.2,7.0
FIS FREESTYLE SKI WORLD CUP 2024,2023-12-02,RUKA (FIN),Men's Moguls,Results Qualification,VIERELA Severi,2533386,FIN,16,70.15,15.8,39.6,14.75,1,bF,0.88,7.0,6.7,2,7oG,1.01,8.8,8.5
FIS FREESTYLE SKI WORLD CUP 2024,2023-12-02,RUKA (FIN),Men's Moguls,Results Qualification,VOUTILAINEN Riku,2531880,FIN,41,54.75,13.58,30.1,11.07,1,7op,0.88,5.7,5.6,2,lG,0.82,7.2,7.7
FIS FREESTYLE SKI WORLD CUP 2024,2023-12-15,ALPE D'HUEZ (FRA),Men's Moguls,Results Final 1,JEANNESSON Mateo,2535572,GBR,9,73.58,16.59,43.8,13.19,1,bF,0.88,8.4,8.4,2,7oG,1.01,5.6,5.9
FIS FREESTYLE SKI WORLD CUP 2024,2023-12-15,ALPE D'HUEZ (FRA),Men's Moguls,Results Final 1,MARCELLINI Dylan,2534089,USA,11,69.91,17.64,41.6,10.67,1,7op,0.88,6.6,7.0,2,7oG,1.01,4.4,4.9
FIS FREESTYLE SKI WORLD CUP 2023,2022-12-09,IDRE FJÄLL (SWE),Men's Moguls,Results Qualification,LEE Yoon Seung,2537625,KOR,53,47.93,14.65,24.8,8.48,1,bF,0.88,4.1,3.3,2,7op,0.88,5.9,6.0
FIS FREESTYLE SKI WORLD CUP 2023,2022-12-10,IDRE FJÄLL (SWE),Men's Moguls,Results Final 2,HORISHIMA Ikuma,2529645,JPN,4,78.46,16.57,46.4,15.49,1,10op,1.05,8.2,8.0,2,7op,0.88,7.7,8.2
FIS FREESTYLE SKI WORLD CUP 2024,2023-12-02,RUKA (FIN),Men's Moguls,Results Qualification,WALLBERG Walter,2532001,SWE,1,80.27,17.7,45.4,17.17,1,bF,0.88,9.2,9.3,2,7oG,1.01,8.9,9.0
FIS FREESTYLE SKI WORLD CUP 2024,2023-12-02,RUKA (FIN),Men's Moguls,Results Qualification,VAILLANCOURT Elliot,2532513,CAN,40,58.27,17.25,27.4,13.62,1,7oG,1.01,8.1,8.6,2,7op,0.88,6.0,5.8
FIS FREESTYLE SKI WORLD CUP 2024,2023-12-02,RUKA (FIN),Men's Moguls,Results Qualification,BELLUCCI Massimo,2530808,ITA,48,43.44,15.42,23.1,4.92,1,7op,0.88,5.7,5.5,2,NJ,0.0,0.0,0.0
FIS FREESTYLE SKI WORLD CUP 2024,2023-12-02,RUKA (FIN),Women's Moguls,Results Final 2,YANAGIMOTO Rino,2532040,JPN,6,71.69,18.88,40.9,11.91,1,7oG,1.11,5.3,4.7,2,7op,0.98,6.8,6.2
FIS FREESTYLE SKI WORLD CUP 2024,2023-12-15,ALPE D'HUEZ (FRA),Men's Moguls,Results Final 1,KINGSBURY Mikael,2484937,CAN,1,81.37,16.53,48.9,15.94,1,10op,1.05,7.1,7.4,2,7oG,1.01,8.3,8.2
FIS FREESTYLE SKI WORLD CUP 2024,2023-12-15,ALPE D'HUEZ (FRA),Men's Moguls,Results Final 1,GRAVENFORS Filip,2534858,SWE,12,64.5,17.97,35.6,10.93,1,10op,1.05,8.1,8.2,2,bp,0.71,3.2,3.5
FIS FREESTYLE SKI WORLD CUP 2023,2022-12-09,IDRE FJÄLL (SWE),Men's Moguls,Results Qualification,LAVOIE Alexandre,2531687,CAN,32,68.7,14.41,42.7,11.59,1,7op,0.88,6.0,6.0,2,7oG,1.01,6.2,6.3
FIS FREESTYLE SKI WORLD CUP 2023,2022-12-09,IDRE FJÄLL (SWE),Men's Moguls,Results Qualification,VIERELA Severi,2533386,FIN,42,63.3,17.41,37.1,8.79,1,bF,0.88,5.0,4.1,2,7op,0.88,5.6,5.3
FIS FREESTYLE SKI WORLD CUP 2023,2022-12-10,IDRE FJÄLL (SWE),Men's Moguls,Results Final 2,PAGE Nick,2533462,USA,1,81.02,17.96,46.8,16.26,1,7oG,1.01,8.2,7.8,2,10op,1.05,8.0,7.6
FIS FREESTYLE SKI WORLD CUP 2024,2024-01-19,VAL ST. COME (CAN),Women's Moguls,Results Final 2,MACUGA Alli,2534186,USA,4,73.81,18.54,43.4,11.87,1,bp,0.81,7.4,7.3,2,7op,0.98,6.1,6.0
FIS FREESTYLE SKI WORLD CUP 2024,2024-01-19,VAL ST. COME (CAN),Women's Moguls,Results Final 2,SOAR Hannah,2531373,USA,5,73.41,16.53,45.1,11.78,1,bp,0.81,7.5,7.3,2,bG,0.92,6.3,6.3
FIS FREESTYLE SKI WORLD CUP 2024,2023-12-02,RUKA (FIN),Men's Moguls,Results Final 2,KINGSBURY Mikael,2484937,CAN,3,79.08,18.45,44.1,16.53,1,bdF,1.05,8.2,8.3,2,10op,1.05,7.5,7.5
FIS FREESTYLE SKI WORLD CUP 2024,2023-12-02,RUKA (FIN),Men's Moguls,Results Qualification,KANNO Shugo,2532177,JPN,33,64.28,16.19,35.3,12.79,1,bF,0.88,6.3,6.2,2,7op,0.88,8.1,8.5
FIS FREESTYLE SKI WORLD CUP 2024,2023-12-02,RUKA (FIN),Men's Moguls,Results Qualification,LEE Yoonseung,2537625,KOR,50,40.95,18.45,15.6,6.9,1,bF,0.88,8.0,7.7,2,NJ,0.0,0.0,0.0
FIS FREESTYLE SKI WORLD CUP 2024,2023-12-02,RUKA (FIN),Women's Moguls,Results Final 2,GIACCIO Olivia,2532241,USA,3,76.35,18.17,43.0,15.18,1,bF,0.98,7.5,7.2,2,7op,0.98,8.1,8.2
FIS FREESTYLE SKI WORLD CUP 2024,2023-12-02,RUKA (FIN),Women's Moguls,Results Final 2,SOAR Hannah,2531373,USA,4,73.16,17.33,42.9,12.93,1,bp,0.81,7.2,6.8,2,bG,0.92,8.0,7.8
FIS FREESTYLE SKI WORLD CUP 2024,2023-12-15,ALPE D'HUEZ (FRA),Men's Moguls,Results Final 1,VIEL Julien,2534074,CAN,10,72.05,16.31,42.9,12.84,1,bF,0.88,8.4,8.4,2,7op,0.88,6.2,6.2
FIS FREESTYLE SKI WORLD CUP 2023,2022-12-09,IDRE FJÄLL (SWE),Men's Moguls,Results Qualification,CROZET James,2533249,FRA,34,68.38,15.04,42.5,10.84,1,7op,0.88,6.8,6.5,2,7oG,1.01,5.2,4.7
FIS FREESTYLE SKI WORLD CUP 2024,2023-12-02,RUKA (FIN),Men's Moguls,Results Qualification,HORISHIMA Ikuma,2529645,JPN,3,77.63,16.09,47.2,14.34,1,bF,0.88,8.4,8.4,2,7op,0.88,8.0,7.8
FIS FREESTYLE SKI WORLD CUP 2024,2023-12-02,RUKA (FIN),Men's Moguls,Results Qualification,WOODS Cooper,2532161,AUS,15,70.33,15.55,41.1,13.68,1,bF,0.88,7.4,8.0,2,7op,0.88,7.7,8.0
FIS FREESTYLE SKI WORLD CUP 2024,2023-12-02,RUKA (FIN),Men's Moguls,Results Qualification,BOURDETTE Marius,2532799,FRA,22,68.68,16.39,39.1,13.19,1,bF,0.88,8.8,9.2,2,7op,0.88,6.1,5.9
FIS FREESTYLE SKI WORLD CUP 2024,2023-12-02,RUKA (FIN),Men's Moguls,Results Qualification,HOLMGREN Emil,2534210,SWE,36,63.06,17.55,36.7,8.81,1,7oG,1.01,6.5,6.6,2,7op,0.88,3.0,2.0
FIS FREESTYLE SKI WORLD CUP 2024,2023-12-15,ALPE D'HUEZ (FRA),Men's Moguls,Results Final 1,HORISHIMA Ikuma,2529645,JPN,2,80.0,17.72,49.4,12.88,1,bF,0.88,8.2,8.1,2,10op,1.05,5.4,5.5
FIS FREESTYLE SKI WORLD CUP 2024,2023-12-15,ALPE D'HUEZ (FRA),Men's Moguls,Results Final 1,WALCZYK Dylan,2527085,USA,14,44.74,15.1,18.2,11.44,1,bG,0.82,8.0,8.0,2,7op,0.88,5.4,5.7
FIS FREESTYLE SKI WORLD CUP 2023,2022-12-09,IDRE FJÄLL (SWE),Men's Moguls,Results Qualification,VIEL Julien,2534074,CAN,28,69.75,14.96,41.7,13.09,1,bF,0.88,7.8,7.2,2,7o,0.85,7.7,7.6
FIS FREESTYLE SKI WORLD CUP 2023,2022-12-09,IDRE FJÄLL (SWE),Men's Moguls,Results Qualification,BEAUREGARD Ian,2533390,USA,49,56.1,15.09,32.4,8.61,1,bF,0.88,4.7,4.2,2,7op,0.88,5.0,5.7
FIS FREESTYLE SKI WORLD CUP 2023,2022-12-10,IDRE FJÄLL (SWE),Men's Moguls,Results Final 2,McDONALD Cole,2534511,USA,5,77.81,17.27,44.9,15.64,1,bdF,1.05,8.0,7.7,2,10op,1.05,7.1,7.0
FIS FREESTYLE SKI WORLD CUP 2024,2023-12-02,RUKA (FIN),Men's Moguls,Results Qualification,WALCZYK Dylan,2527085,USA,7,74.31,16.64,45.5,12.17,1,bG,0.82,8.5,8.0,2,7op,0.88,6.0,6.3
FIS FREESTYLE SKI WORLD CUP 2024,2023-12-02,RUKA (FIN),Men's Moguls,Results Qualification,HOLMGREN Albin,2532811,SWE,8,72.94,16.8,39.4,16.74,1,bF,0.88,8.8,9.2,2,7oG,1.01,8.7,8.8
FIS FREESTYLE SKI WORLD CUP 2024,2023-12-02,RUKA (FIN),Men's Moguls,Results Qualification,JUNG Daeyoon,2534856,KOR,12,71.72,16.21,42.3,13.21,1,7op,0.88,6.5,7.0,2,7oG,1.01,7.4,7.0
FIS FREESTYLE SKI WORLD CUP 2024,2023-12-02,RUKA (FIN),Men's Moguls,Results Qualification,OLGAARD Robin,2534212,SWE,14,70.38,14.73,40.7,14.95,1,7oG,1.01,7.5,8.0,2,7op,0.88,8.0,8.2
FIS FREESTYLE SKI WORLD CUP 2024,2023-12-02,RUKA (FIN),Men's Moguls,Results Qualification,MARCELLINI Dylan,2534089,USA,25,67.69,15.98,38.2,13.51,1,7oG,1.01,6.8,6.3,2,7op,0.88,7.9,7.8
FIS FREESTYLE SKI WORLD CUP 2024,2023-12-02,RUKA (FIN),Women's Moguls,Results Final 2,ANTHONY Jakara,2530720,AUS,1,84.18,19.65,46.7,17.83,1,7oG,1.11,8.4,8.5,2,bG,0.92,9.2,9.2
FIS FREESTYLE SKI WORLD CUP 2023,2022-12-09,IDRE FJÄLL (SWE),Men's Moguls,Results Qualification,MICKEL Charlie,2537180,USA,36,66.91,14.04,40.5,12.37,1,7oG,1.01,7.5,7.6,2,7op,0.88,5.5,5.3
FIS FREESTYLE SKI WORLD CUP 2023,2022-12-09,IDRE FJÄLL (SWE),Men's Moguls,Results Qualification,BUZZI Enea,2533002,SUI,40,64.14,13.79,39.1,11.25,1,bF,0.88,6.2,6.4,2,7op,0.88,6.3,6.7
FIS FREESTYLE SKI WORLD CUP 2023,2022-12-10,IDRE FJÄLL (SWE),Men's Moguls,Results Final 2,WALLBERG Walter,2532001,SWE,3,78.98,18.5,44.7,15.78,1,bF,0.88,8.4,8.5,2,10op,1.05,8.1,7.8
FIS FREESTYLE SKI WORLD CUP 2024,2023-12-02,RUKA (FIN),Men's Moguls,Results Final 2,KOLMAKOV Pavel,2528846,KAZ,5,75.97,17.12,45.1,13.75,1,bdF,1.05,7.0,6.5,2,10op,1.05,6.5,6.2
FIS FREESTYLE SKI WORLD CUP 2024,2023-12-02,RUKA (FIN),Men's Moguls,Results Qualification,STEGFELDT Rasmus,2531923,SWE,13,71.66,17.7,40.0,13.96,1,bF,0.88,7.9,8.2,2,bG,0.82,8.2,8.6
FIS FREESTYLE SKI WORLD CUP 2024,2023-12-02,RUKA (FIN),Men's Moguls,Results Qualification,TADE Marco,2527554,SUI,34,63.33,17.54,33.2,12.59,1,10op,1.05,6.0,6.1,2,7op,0.88,7.2,7.0
FIS FREESTYLE SKI WORLD CUP 2024,2023-12-02,RUKA (FIN),Men's Moguls,Results Qualification,CONEDERA Martino,2532502,SUI,45,49.1,14.59,22.5,12.01,1,7op,0.88,5.6,6.0,2,7oG,1.01,7.0,6.7
FIS FREESTYLE SKI WORLD CUP 2024,2023-12-02,RUKA (FIN),Men's Moguls,Results Qualification,VERDAGUER FORN,2537082,ESP,52,36.61,13.54,12.3,10.77,1,7oG,1.01,6.5,7.0,2,7op,0.88,4.8,4.2
FIS FREESTYLE SKI WORLD CUP 2024,2023-12-02,RUKA (FIN),Men's Moguls,Results Qualification,GAJDECKA Marek,2535392,CZE,53,31.5,11.97,9.9,9.63,1,bF,0.88,6.4,6.0,2,bG,0.82,5.2,5.0
FIS FREESTYLE SKI WORLD CUP 2024,2023-12-02,RUKA (FIN),Women's Moguls,Results Final 2,LEMLEY Elizabeth,2537762,USA,2,79.68,18.72,45.6,15.36,1,bp,0.81,8.3,8.6,2,7op,0.98,8.6,8.8
FIS FREESTYLE SKI WORLD CUP 2024,2023-12-15,ALPE D'HUEZ (FRA),Men's Moguls,Results Final 1,MURATA Yutaro,2530684,JPN,7,74.21,16.23,43.5,14.48,1,bdF,1.05,6.2,6.3,2,7oG,1.01,7.8,7.9
FIS FREESTYLE SKI WORLD CUP 2024,2023-12-15,ALPE D'HUEZ (FRA),Men's Moguls,Results Final 1,SHIMAKAWA Takuya,2530672,JPN,8,73.61,15.92,42.7,14.99,1,7oG,1.01,8.0,8.1,2,7op,0.88,7.9,7.7
FIS FREESTYLE SKI WORLD CUP 2024,2023-12-15,ALPE D'HUEZ (FRA),Men's Moguls,Results Final 2,HOLMGREN Emil,2534210,SWE,4,68.92,17.06,40.8,11.06,1,7oG,1.01,6.6,7.0,2,10op,1.05,4.0,4.0
FIS FREESTYLE SKI WORLD CUP 2024,2023-12-15,ALPE D'HUEZ (FRA),Women's Moguls,Results Final 1,ANTHONY Jakara,2530720,AUS,1,80.42,18.4,47.5,14.52,1,7oG,1.11,7.1,7.1,2,bp,0.81,8.2,8.2
FIS FREESTYLE SKI WORLD CUP 2024,2023-12-02,RUKA (FIN),Men's Moguls,Results Final 2,HORISHIMA Ikuma,2529645,JPN,1,82.68,17.75,47.5,17.43,1,bdF,1.05,8.4,8.4,2,10op,1.05,8.2,8.2
FIS FREESTYLE SKI WORLD CUP 2024,2023-12-02,RUKA (FIN),Men's Moguls,Results Final 2,JEANNESSON Mateo,2535572,GBR,6,53.87,16.38,25.6,11.89,1,bF,0.88,8.4,8.8,2,bp,0.71,6.2,6.0
FIS FREESTYLE SKI WORLD CUP 2024,2023-12-02,RUKA (FIN),Men's Moguls,Results Qualification,GRAVENFORS Filip,2534858,SWE,4,75.63,17.22,43.0,15.41,1,bF,0.88,8.2,8.6,2,10op,1.05,7.6,7.7
FIS FREESTYLE SKI WORLD CUP 2024,2023-12-02,RUKA (FIN),Men's Moguls,Results Qualification,VIEL Julien,2534074,CAN,9,72.69,17.52,41.5,13.67,1,bF,0.88,8.3,8.1,2,7op,0.88,7.4,7.3
FIS FREESTYLE SKI WORLD CUP 2024,2023-12-02,RUKA (FIN),Men's Moguls,Results Qualification,CROZET James,2533249,FRA,43,53.81,16.57,25.4,11.84,1,7op,0.88,6.5,7.0,2,7oG,1.01,5.8,5.9
FIS FREESTYLE SKI WORLD CUP 2024,2023-12-15,ALPE D'HUEZ (FRA),Men's Moguls,Results Final 1,CAVET Benjamin,2530514,FRA,5,75.71,18.09,46.8,10.82,1,bdF,1.05,6.0,6.1,2,bp,0.71,6.2,6.4
FIS FREESTYLE SKI WORLD CUP 2023,2022-12-09,IDRE FJÄLL (SWE),Men's Moguls,Results Qualification,HOLMGREN Emil,2534210,SWE,33,68.48,14.25,42.7,11.53,1,10op,1.05,6.3,6.5,2,bp,0.71,6.8,6.8
FIS FREESTYLE SKI WORLD CUP 2024,2023-12-02,RUKA (FIN),Men's Moguls,Results Qualification,CHALIFOUX Louis-,2534234,CAN,23,68.49,16.53,38.9,13.06,1,bF,0.88,7.4,7.0,2,7op,0.88,7.7,7.6
FIS FREESTYLE SKI WORLD CUP 2023,2022-12-09,IDRE FJÄLL (SWE),Men's Moguls,Results Qualification,BOURDETTE Marius,2532799,FRA,26,70.15,15.69,44.4,10.06,1,bF,0.88,6.1,6.8,2,bp,0.71,5.9,6.5
FIS FREESTYLE SKI WORLD CUP 2023,2022-12-09,IDRE FJÄLL (SWE),Men's Moguls,Results Qualification,FENELEY William,2531950,GBR,29,69.51,15.15,42.4,11.96,1,bF,0.88,6.4,6.0,2,7op,0.88,7.2,7.6
FIS FREESTYLE SKI WORLD CUP 2023,2022-12-09,IDRE FJÄLL (SWE),Men's Moguls,Results Qualification,JEANNESSON Mateo,2535572,GBR,30,69.34,15.65,41.4,12.29,1,7oG,1.01,5.0,5.5,2,7op,0.88,7.9,8.0
FIS FREESTYLE SKI WORLD CUP 2024,2023-12-02,RUKA (FIN),Men's Moguls,Results Final 2,WALLBERG Walter,2532001,SWE,2,79.88,17.98,45.0,16.9,1,bdF,1.05,8.6,8.3,2,10op,1.05,7.6,7.7
FIS FREESTYLE SKI WORLD CUP 2024,2023-12-02,RUKA (FIN),Men's Moguls,Results Qualification,KOLMAKOV Pavel,2528846,KAZ,5,75.41,17.38,42.8,15.23,1,bF,0.88,7.8,8.0,2,7oG,1.01,8.3,8.1
FIS FREESTYLE SKI WORLD CUP 2024,2023-12-02,RUKA (FIN),Men's Moguls,Results Qualification,MURATA Yutaro,2530684,JPN,21,69.06,14.84,40.5,13.72,1,bF,0.88,7.8,7.5,2,7op,0.88,7.9,8.0
FIS FREESTYLE SKI WORLD CUP 2024,2023-12-02,RUKA (FIN),Men's Moguls,Results Qualification,SUGIMOTO Kosuke,2528069,JPN,28,66.83,16.21,38.5,12.12,1,bG,0.82,7.5,7.7,2,7op,0.88,6.8,6.6
FIS FREESTYLE SKI WORLD CUP 2024,2023-12-02,RUKA (FIN),Men's Moguls,Results Qualification,KAISLA Aleksi,2534056,FIN,47,45.19,13.68,20.2,11.31,1,bF,0.88,7.6,7.4,2,bp,0.71,6.8,6.5
FIS FREESTYLE SKI WORLD CUP 2024,2023-12-15,ALPE D'HUEZ (FRA),Men's Moguls,Results Final 2,KINGSBURY Mikael,2484937,CAN,1,86.55,16.85,52.9,16.8,1,10op,1.05,7.5,7.5,2,7oG,1.01,8.8,8.9
FIS FREESTYLE SKI WORLD CUP 2024,2023-12-15,ALPE D'HUEZ (FRA),Women's Moguls,Results Final 1,NAKAO Haruka,2533488,JPN,13,65.76,14.91,37.4,13.45,1,bG,0.92,6.7,7.0,2,7op,0.98,7.0,7.6
FIS FREESTYLE SKI WORLD CUP 2024,2023-12-15,ALPE D'HUEZ (FRA),Women's Moguls,Results Final 2,SOAR Hannah,2531373,USA,5,74.18,17.33,44.4,12.45,1,bp,0.81,7.5,7.6,2,bG,0.92,7.0,6.8
FIS FREESTYLE SKI WORLD CUP 2024,2023-12-22,BAKURIANI (GEO),Women's Moguls,Results Qualification,MA Zhuoni,2533012,CHN,27,40.64,6.33,26.0,8.31,1,bT,0.78,3.5,3.8,2,bG,0.92,5.9,6.0
FIS FREESTYLE SKI WORLD CUP 2024,2024-03-08,ALMATY (KAZ),Women's Moguls,Results Overall,TAGUCHI Yuma,2537043,JPN,20,58.52,10.82,36.9,10.8,1,bp,0.81,5.3,5.5,2,bG,0.92,6.7,7.3
FIS FREESTYLE SKI WORLD CUP 2024,2023-12-15,ALPE D'HUEZ (FRA),Women's Moguls,Results Final 1,JOHNSON Tess,2532270,USA,7,73.41,16.81,42.4,14.2,1,bp,0.81,8.0,8.0,2,bG,0.92,8.2,8.6
FIS FREESTYLE SKI WORLD CUP 2024,2023-12-22,BAKURIANI (GEO),Men's Moguls,Results Final 2,SUGIMOTO Kosuke,2528069,JPN,6,65.43,15.38,38.9,11.15,1,7op,0.88,8.0,7.6,2,bp,0.71,6.0,6.1
FIS FREESTYLE SKI WORLD CUP 2024,2023-12-22,BAKURIANI (GEO),Men's Moguls,Results Qualification,KOLMAKOV Pavel,2528846,KAZ,14,69.43,14.15,40.3,14.98,1,bF,0.88,8.1,8.3,2,7oG,1.01,7.8,7.6
FIS FREESTYLE SKI WORLD CUP 2024,2023-12-22,BAKURIANI (GEO),Men's Moguls,Results Qualification,MURATA Yutaro,2530684,JPN,17,68.51,12.51,44.0,12.0,1,bF,0.88,6.8,7.0,2,7op,0.88,6.7,6.8
FIS FREESTYLE SKI WORLD CUP 2024,2023-12-22,BAKURIANI (GEO),Women's Moguls,Results Qualification,LI Ruilin,2537198,CHN,26,45.72,7.14,28.0,10.58,1,bp,0.81,5.2,5.4,2,bG,0.92,6.9,6.8
FIS FREESTYLE SKI WORLD CUP 2024,2024-03-08,ALMATY (KAZ),Women's Moguls,Results Overall,LEMLEY Elizabeth,2537762,USA,9,69.6,16.2,43.0,10.4,1,7op,0.98,5.8,6.5,2,7oG,1.11,3.7,4.2
FIS FREESTYLE SKI WORLD CUP 2024,2024-03-08,ALMATY (KAZ),Women's Moguls,Results Overall,RAMSAUER Katharina,2530097,AUT,22,55.38,12.48,30.9,12.0,1,bL,0.81,7.3,6.8,2,bG,0.92,6.8,6.9
FIS FREESTYLE SKI WORLD CUP 2024,2024-03-08,ALMATY (KAZ),Women's Moguls,Results Qualification,ANTHONY Jakara,2530720,AUS,1,81.13,17.2,48.9,15.03,1,7oG,1.11,7.9,7.3,2,bp,0.81,8.2,8.1
FIS FREESTYLE SKI WORLD CUP 2024,2023-12-22,BAKURIANI (GEO),Men's Moguls,Results Qualification,HORISHIMA Ikuma,2529645,JPN,2,76.43,13.68,48.2,14.55,1,bF,0.88,8.5,8.4,2,7op,0.88,8.1,8.1
FIS FREESTYLE SKI WORLD CUP 2024,2023-12-22,BAKURIANI (GEO),Women's Moguls,Results Qualification,CAO Tianqing,2537262,CHN,25,46.92,6.55,31.4,8.97,1,bG,0.92,4.0,3.2,2,bp,0.81,6.9,7.1
FIS FREESTYLE SKI WORLD CUP 2024,2024-03-08,ALMATY (KAZ),Women's Moguls,Results Overall,LI Ruilin,2537198,CHN,24,53.36,12.83,31.9,8.63,1,bp,0.81,4.3,5.1,2,bG,0.92,5.0,5.5
FIS FREESTYLE SKI WORLD CUP 2024,2023-12-15,ALPE D'HUEZ (FRA),Women's Moguls,Results Final 1,TOMITAKA Hinako,2532031,JPN,8,72.5,16.05,45.2,11.25,1,bG,0.92,5.8,5.8,2,7op,0.98,6.0,6.1
FIS FREESTYLE SKI WORLD CUP 2024,2023-12-15,ALPE D'HUEZ (FRA),Women's Moguls,Results Final 2,KAUF Jaelin,2529064,USA,2,75.64,19.56,44.7,11.38,1,bG,0.92,7.7,7.9,2,7op,0.98,4.2,4.4
FIS FREESTYLE SKI WORLD CUP 2024,2023-12-22,BAKURIANI (GEO),Men's Moguls,Results Qualification,WALCZYK Dylan,2527085,USA,11,69.76,13.94,43.0,12.82,1,bG,0.82,8.5,8.5,2,7op,0.88,6.5,6.8
FIS FREESTYLE SKI WORLD CUP 2024,2023-12-22,BAKURIANI (GEO),Women's Moguls,Results Qualification,GALYSHEVA Yuliya,2484307,KAZ,12,63.06,12.99,38.5,11.57,1,bG,0.92,6.5,6.7,2,bp,0.81,6.7,6.9
FIS FREESTYLE SKI WORLD CUP 2024,2023-12-22,BAKURIANI (GEO),Women's Moguls,Results Qualification,BERGHUIS Janneke,2532759,NED,24,49.87,8.45,30.9,10.52,1,bG,0.92,6.5,6.7,2,bp,0.81,5.6,5.4
FIS FREESTYLE SKI WORLD CUP 2024,2024-03-08,ALMATY (KAZ),Women's Moguls,Results Overall,KAUF Jaelin,2529064,USA,4,71.94,17.57,41.3,13.07,1,bG,0.92,8.3,7.9,2,7op,0.98,5.7,5.8
FIS FREESTYLE SKI WORLD CUP 2024,2024-03-08,ALMATY (KAZ),Women's Moguls,Results Overall,TOMITAKA Hinako,2532031,JPN,7,71.02,15.14,44.2,11.68,1,bG,0.92,5.7,6.5,2,7op,0.98,5.5,6.9
FIS FREESTYLE SKI WORLD CUP 2024,2024-03-08,ALMATY (KAZ),Women's Moguls,Results Overall,CABROL Camille,2530274,FRA,15,12.98,2.36,0.3,10.32,1,bp,0.81,6.6,6.3,2,bG,0.92,5.3,5.8
FIS FREESTYLE SKI WORLD CUP 2024,2024-03-08,ALMATY (KAZ),Women's Moguls,Results Overall,DESMARAIS-GILBERT,2531811,CAN,18,59.65,12.69,37.9,9.06,1,bG,0.92,4.8,4.8,2,bp,0.81,6.0,5.5
FIS FREESTYLE SKI WORLD CUP 2024,2024-03-08,ALMATY (KAZ),Women's Moguls,Results Overall,YANG Ya,2537259,CHN,23,53.83,11.3,31.6,10.93,1,bp,0.81,6.1,5.8,2,bG,0.92,6.8,6.5
FIS FREESTYLE SKI WORLD CUP 2024,2023-12-22,BAKURIANI (GEO),Men's Moguls,Results Qualification,SHIMAKAWA Takuya,2530672,JPN,13,69.64,13.65,42.4,13.59,1,10op,1.05,6.8,7.2,2,7op,0.88,7.1,7.1
FIS FREESTYLE SKI WORLD CUP 2024,2023-12-22,BAKURIANI (GEO),Men's Moguls,Results Qualification,HOLMGREN Emil,2534210,SWE,22,64.62,16.48,36.2,11.94,1,7op,0.88,8.6,8.4,2,bp,0.71,6.2,6.4
FIS FREESTYLE SKI WORLD CUP 2024,2023-12-22,BAKURIANI (GEO),Men's Moguls,Results Qualification,YEMELYANOV Maxim,2535387,KAZ,41,49.89,12.18,26.6,11.11,1,7oG,1.01,7.4,7.3,2,7op,0.88,4.2,4.2
FIS FREESTYLE SKI WORLD CUP 2024,2023-12-22,BAKURIANI (GEO),Women's Moguls,Results Qualification,KAUF Jaelin,2529064,USA,2,72.95,16.42,44.9,11.63,1,bG,0.92,6.5,6.3,2,bp,0.81,7.0,7.2
FIS FREESTYLE SKI WORLD CUP 2024,2023-12-22,BAKURIANI (GEO),Women's Moguls,Results Qualification,MACUGA Alli,2534186,USA,16,61.87,14.04,37.3,10.53,1,bp,0.81,6.7,6.5,2,7op,0.98,5.4,5.2
FIS FREESTYLE SKI WORLD CUP 2024,2023-12-22,BAKURIANI (GEO),Women's Moguls,Results Qualification,TAGUCHI Yuma,2537043,JPN,21,55.75,12.05,31.7,12.0,1,bp,0.81,6.7,6.5,2,bG,0.92,7.3,7.2
FIS FREESTYLE SKI WORLD CUP 2024,2024-03-08,ALMATY (KAZ),Women's Moguls,Results Overall,CAO Tianqing,2537262,CHN,25,48.78,12.01,29.3,7.47,1,bT,0.78,6.4,5.7,2,bG,0.92,2.7,3.3
FIS FREESTYLE SKI WORLD CUP 2024,2024-03-08,ALMATY (KAZ),Women's Moguls,Results Overall,MALHERBE Malica,2535457,RSA,28,16.51,0.0,9.7,6.81,1,bG,0.92,2.0,2.7,2,bp,0.81,5.7,5.8
FIS FREESTYLE SKI WORLD CUP 2024,2024-03-08,ALMATY (KAZ),Women's Moguls,Results Qualification,GIACCIO Olivia,2532241,USA,2,73.18,15.67,43.9,13.61,1,bF,0.98,6.7,7.0,2,7op,0.98,7.3,6.8
FIS FREESTYLE SKI WORLD CUP 2024,2023-12-22,BAKURIANI (GEO),Men's Moguls,Results Qualification,STEGFELDT Rasmus,2531923,SWE,15,69.22,14.76,43.3,11.16,1,7op,0.88,6.4,6.5,2,bG,0.82,6.7,6.7
FIS FREESTYLE SKI WORLD CUP 2024,2024-03-08,ALMATY (KAZ),Women's Moguls,Results Overall,FEKLISTOVA Yuliya,2539209,KAZ,27,47.74,9.11,29.6,9.03,1,bp,0.81,4.7,4.8,2,bG,0.92,5.3,6.0
FIS FREESTYLE SKI WORLD CUP 2024,2023-12-15,ALPE D'HUEZ (FRA),Women's Moguls,Results Final 1,YANAGIMOTO Rino,2532040,JPN,4,74.81,16.18,45.6,13.03,1,bp,0.81,8.3,8.4,2,7oG,1.11,5.3,6.0
FIS FREESTYLE SKI WORLD CUP 2024,2023-12-15,ALPE D'HUEZ (FRA),Women's Moguls,Results Final 1,GIACCIO Olivia,2532241,USA,6,74.52,17.74,44.4,12.38,1,bF,0.98,6.3,6.6,2,7op,0.98,6.1,6.3
FIS FREESTYLE SKI WORLD CUP 2024,2023-12-22,BAKURIANI (GEO),Men's Moguls,Results Qualification,GRAVENFORS Filip,2534858,SWE,9,70.01,14.56,42.8,12.65,1,10op,1.05,6.7,6.6,2,7op,0.88,6.3,6.6
FIS FREESTYLE SKI WORLD CUP 2024,2023-12-22,BAKURIANI (GEO),Men's Moguls,Results Qualification,OLGAARD Robin,2534212,SWE,27,63.27,12.73,38.1,12.44,1,7oG,1.01,6.8,6.8,2,7op,0.88,6.2,6.5
FIS FREESTYLE SKI WORLD CUP 2024,2023-12-22,BAKURIANI (GEO),Men's Moguls,Results Qualification,HOLMGREN Albin,2532811,SWE,32,59.32,14.18,34.5,10.64,1,bF,0.88,5.8,6.0,2,7op,0.88,6.0,6.4
FIS FREESTYLE SKI WORLD CUP 2024,2023-12-22,BAKURIANI (GEO),Women's Moguls,Results Final 2,YANAGIMOTO Rino,2532040,JPN,2,77.1,15.64,44.5,16.96,1,7oG,1.11,8.5,8.4,2,7op,0.98,7.7,7.8
FIS FREESTYLE SKI WORLD CUP 2024,2023-12-22,BAKURIANI (GEO),Women's Moguls,Results Qualification,SOAR Hannah,2531373,USA,6,65.4,12.99,41.8,10.61,1,bp,0.81,6.7,6.7,2,bG,0.92,5.6,5.7
FIS FREESTYLE SKI WORLD CUP 2024,2023-12-22,BAKURIANI (GEO),Women's Moguls,Results Qualification,JOHNSON Tess,2532270,USA,10,64.12,13.55,36.4,14.17,1,bp,0.81,7.8,7.8,2,bG,0.92,8.4,8.7
FIS FREESTYLE SKI WORLD CUP 2024,2024-03-08,ALMATY (KAZ),Women's Moguls,Results Overall,ANTHONY Jakara,2530720,AUS,1,82.74,18.23,49.1,15.41,1,7oG,1.11,7.6,8.0,2,bp,0.81,8.2,8.5
FIS FREESTYLE SKI WORLD CUP 2024,2024-03-08,ALMATY (KAZ),Women's Moguls,Results Overall,LARIONOVA,2539212,KAZ,29,9.24,1.96,0.3,6.98,1,bG,0.92,2.3,2.5,2,bp,0.81,6.0,5.8
FIS FREESTYLE SKI WORLD CUP 2024,2023-12-15,ALPE D'HUEZ (FRA),Women's Moguls,Results Final 1,OWENS Kai,2534962,USA,16,35.62,11.88,17.9,5.84,1,7op,0.98,4.8,5.1,2,7oG,1.11,0.8,1.0
FIS FREESTYLE SKI WORLD CUP 2024,2023-12-22,BAKURIANI (GEO),Men's Moguls,Results Qualification,SUGIMOTO Kosuke,2528069,JPN,7,70.71,13.89,42.0,14.82,1,7oG,1.01,8.0,8.2,2,bG,0.82,8.1,8.1
FIS FREESTYLE SKI WORLD CUP 2024,2023-12-22,BAKURIANI (GEO),Men's Moguls,Results Qualification,CHALIFOUX Louis-,2534234,CAN,12,69.73,13.97,42.7,13.06,1,bF,0.88,8.3,8.2,2,7op,0.88,6.4,6.8
FIS FREESTYLE SKI WORLD CUP 2024,2023-12-22,BAKURIANI (GEO),Men's Moguls,Results Qualification,BUGAKOV Fyodor,2535809,KAZ,31,59.48,10.22,37.7,11.56,1,bF,0.88,6.7,6.7,2,7op,0.88,6.4,6.5
FIS FREESTYLE SKI WORLD CUP 2024,2023-12-22,BAKURIANI (GEO),Men's Moguls,Results Qualification,WANG Renda,2537252,CHN,35,58.33,9.64,35.6,13.09,1,7oG,1.01,6.9,7.2,2,bG,0.82,7.2,7.4
FIS FREESTYLE SKI WORLD CUP 2024,2023-12-22,BAKURIANI (GEO),Women's Moguls,Results Qualification,YANG Ya,2537259,CHN,28,37.3,5.16,23.7,8.44,1,bp,0.81,5.0,4.5,2,bG,0.92,5.1,4.9
FIS FREESTYLE SKI WORLD CUP 2024,2024-03-08,ALMATY (KAZ),Women's Moguls,Results Overall,IHARA Haruka,2531368,JPN,12,67.31,14.15,42.2,10.96,1,bG,0.92,5.6,6.0,2,bp,0.81,6.8,7.1
FIS FREESTYLE SKI WORLD CUP 2024,2024-03-08,ALMATY (KAZ),Women's Moguls,Results Overall,SCHWINGHAMMER,2533204,CAN,13,64.85,14.95,38.3,11.6,1,7op,0.98,3.8,4.5,2,bG,0.92,8.5,7.9
FIS FREESTYLE SKI WORLD CUP 2024,2023-12-15,ALPE D'HUEZ (FRA),Women's Moguls,Results Final 1,SOAR Hannah,2531373,USA,5,74.74,16.85,46.5,11.39,1,bp,0.81,7.9,8.0,2,bG,0.92,5.4,5.4
FIS FREESTYLE SKI WORLD CUP 2024,2023-12-22,BAKURIANI (GEO),Men's Moguls,Results Final 2,PAGE Nick,2533462,USA,4,73.42,15.26,41.4,16.76,1,10op,1.05,7.9,7.7,2,7oG,1.01,8.5,8.5
FIS FREESTYLE SKI WORLD CUP 2024,2023-12-22,BAKURIANI (GEO),Men's Moguls,Results Qualification,WALLBERG Walter,2532001,SWE,18,67.62,15.9,40.1,11.62,1,10op,1.05,5.7,5.4,2,7op,0.88,6.6,6.6
FIS FREESTYLE SKI WORLD CUP 2024,2023-12-22,BAKURIANI (GEO),Men's Moguls,Results Qualification,CAYOLLE Tristan,2533776,FRA,23,63.96,15.21,38.5,10.25,1,bF,0.88,6.4,6.5,2,bp,0.71,6.5,6.4
FIS FREESTYLE SKI WORLD CUP 2024,2023-12-22,BAKURIANI (GEO),Men's Moguls,Results Qualification,BUZZI Enea,2533002,SUI,30,60.9,13.37,36.8,10.73,1,bF,0.88,6.3,6.3,2,7op,0.88,6.0,5.8
FIS FREESTYLE SKI WORLD CUP 2024,2023-12-22,BAKURIANI (GEO),Men's Moguls,Results Qualification,BONDAREV Anton,2532859,KAZ,33,58.99,14.64,35.5,8.85,1,bF,0.88,5.6,5.5,2,bp,0.71,5.5,5.7
FIS FREESTYLE SKI WORLD CUP 2024,2023-12-22,BAKURIANI (GEO),Women's Moguls,Results Qualification,GORODKO,2535385,KAZ,13,62.71,13.09,38.0,11.62,1,bG,0.92,6.9,7.2,2,7op,0.98,5.4,5.1
FIS FREESTYLE SKI WORLD CUP 2024,2023-12-22,BAKURIANI (GEO),Women's Moguls,Results Qualification,DEGROOTE Fantine,2533547,FRA,17,60.53,12.78,34.7,13.05,1,bG,0.92,6.9,6.7,2,bp,0.81,8.3,8.5
FIS FREESTYLE SKI WORLD CUP 2024,2023-12-22,BAKURIANI (GEO),Women's Moguls,Results Qualification,BERGHUIS Laura,2535376,NED,22,54.71,9.33,35.4,9.98,1,lG,0.92,5.1,5.6,2,bp,0.81,6.2,6.3
FIS FREESTYLE SKI WORLD CUP 2024,2023-12-22,BAKURIANI (GEO),Women's Moguls,Results Qualification,WEESE Sophie,2532509,GER,23,51.63,13.25,28.2,10.18,1,bG,0.92,6.3,6.1,2,bT,0.78,5.7,5.8
FIS FREESTYLE SKI WORLD CUP 2024,2023-12-22,BAKURIANI (GEO),Men's Moguls,Results Final 2,GRAVENFORS Filip,2534858,SWE,2,75.85,15.11,46.7,14.04,1,bF,0.88,8.5,8.5,2,10op,1.05,6.2,6.3
FIS FREESTYLE SKI WORLD CUP 2024,2023-12-22,BAKURIANI (GEO),Men's Moguls,Results Final 2,VIEL Julien,2534074,CAN,5,73.16,13.78,45.0,14.38,1,bF,0.88,9.0,8.7,2,7op,0.88,7.7,7.3
FIS FREESTYLE SKI WORLD CUP 2024,2023-12-22,BAKURIANI (GEO),Women's Moguls,Results Qualification,PASSARETTA Manuela,2537886,ITA,29,35.31,9.4,19.4,6.51,1,bG,0.92,3.4,3.2,2,bp,0.81,4.1,4.5
FIS FREESTYLE SKI WORLD CUP 2024,2023-12-15,ALPE D'HUEZ (FRA),Women's Moguls,Results Final 1,GORODKO,2535385,KAZ,10,67.25,16.94,37.7,12.61,1,bG,0.92,6.7,7.1,2,bp,0.81,7.7,7.8
FIS FREESTYLE SKI WORLD CUP 2024,2023-12-15,ALPE D'HUEZ (FRA),Women's Moguls,Results Final 1,SCHWINGHAMMER,2533204,CAN,15,64.31,15.75,38.0,10.56,1,bT,0.78,6.4,6.3,2,bG,0.92,6.1,6.1
FIS FREESTYLE SKI WORLD CUP 2024,2023-12-15,ALPE D'HUEZ (FRA),Women's Moguls,Results Final 2,YANAGIMOTO Rino,2532040,JPN,4,74.6,16.15,43.9,14.55,1,bp,0.81,8.1,8.1,2,7oG,1.11,7.3,7.1
FIS FREESTYLE SKI WORLD CUP 2024,2023-12-22,BAKURIANI (GEO),Men's Moguls,Results Final 2,HORISHIMA Ikuma,2529645,JPN,1,77.11,15.08,47.5,14.53,1,bdF,1.05,6.3,6.5,2,10op,1.05,7.4,7.5
FIS FREESTYLE SKI WORLD CUP 2024,2023-12-22,BAKURIANI (GEO),Men's Moguls,Results Qualification,JUNG Daeyoon,2534856,KOR,5,71.62,13.74,44.0,13.88,1,10oG,1.2,7.1,7.0,2,bp,0.71,7.8,7.5
FIS FREESTYLE SKI WORLD CUP 2024,2023-12-22,BAKURIANI (GEO),Men's Moguls,Results Qualification,WENDLER Landon,2534140,USA,21,65.93,14.6,36.6,14.73,1,7oG,1.01,8.3,8.6,2,7op,0.88,6.9,7.2
FIS FREESTYLE SKI WORLD CUP 2024,2023-12-22,BAKURIANI (GEO),Women's Moguls,Results Final 2,KAUF Jaelin,2529064,USA,6,69.63,17.75,40.6,11.28,1,7op,0.98,6.3,6.4,2,bp,0.81,6.2,6.3
FIS FREESTYLE SKI WORLD CUP 2024,2023-12-22,BAKURIANI (GEO),Women's Moguls,Results Qualification,GIACCIO Olivia,2532241,USA,4,66.12,13.97,40.8,11.35,1,bF,0.98,6.1,6.2,2,7op,0.98,5.2,5.7
FIS FREESTYLE SKI WORLD CUP 2024,2023-12-22,BAKURIANI (GEO),Women's Moguls,Results Qualification,NAKAO Haruka,2533488,JPN,7,65.22,12.62,39.3,13.3,1,bp,0.81,7.8,7.7,2,lG,0.92,7.6,7.7
FIS FREESTYLE SKI WORLD CUP 2024,2023-12-22,BAKURIANI (GEO),Women's Moguls,Results Qualification,SCHWINGHAMMER,2533204,CAN,11,63.78,13.73,39.7,10.35,1,bT,0.78,6.2,6.2,2,bG,0.92,6.0,6.0
FIS FREESTYLE SKI WORLD CUP 2024,2023-12-22,BAKURIANI (GEO),Women's Moguls,Results Qualification,RAMSAUER Katharina,2530097,AUT,30,12.17,3.42,0.3,8.45,1,bp,0.81,5.8,6.0,2,bG,0.92,4.0,4.0
FIS FREESTYLE SKI WORLD CUP 2024,2024-03-08,ALMATY (KAZ),Women's Moguls,Results Overall,GALYSHEVA Yuliya,2484307,KAZ,5,68.58,15.49,39.9,13.19,1,bG,0.92,6.3,6.7,2,fG,0.92,7.7,8.0
FIS FREESTYLE SKI WORLD CUP 2024,2024-03-08,ALMATY (KAZ),Women's Moguls,Results Overall,GIACCIO Olivia,2532241,USA,6,22.41,9.28,3.0,10.13,1,bF,0.98,4.3,4.8,2,7op,0.98,5.6,6.0
FIS FREESTYLE SKI WORLD CUP 2024,2023-12-22,BAKURIANI (GEO),Men's Moguls,Results Final 2,KINGSBURY Mikael,2484937,CAN,3,75.21,15.13,46.3,13.78,1,bF,0.88,8.5,8.5,2,10op,1.05,6.0,6.0
FIS FREESTYLE SKI WORLD CUP 2024,2023-12-22,BAKURIANI (GEO),Men's Moguls,Results Qualification,VAILLANCOURT Elliot,2532513,CAN,16,68.82,13.16,42.3,13.36,1,10op,1.05,6.1,6.2,2,7oG,1.01,6.9,6.8
FIS FREESTYLE SKI WORLD CUP 2024,2023-12-22,BAKURIANI (GEO),Men's Moguls,Results Qualification,KARJALAINEN,2534001,FIN,29,62.08,14.85,36.2,11.03,1,bF,0.88,6.4,6.2,2,7op,0.88,6.1,6.4
FIS FREESTYLE SKI WORLD CUP 2024,2023-12-22,BAKURIANI (GEO),Men's Moguls,Results Qualification,PASCARELLA Paolo,2534403,SUI,34,58.87,12.22,35.8,10.85,1,bF,0.88,5.9,5.7,2,7oG,1.01,5.7,5.7
FIS FREESTYLE SKI WORLD CUP 2024,2023-12-22,BAKURIANI (GEO),Men's Moguls,Results Qualification,LEE Yoonseung,2537625,KOR,40,51.69,12.84,29.5,9.35,1,bF,0.88,6.0,5.9,2,bp,0.71,5.5,6.1
FIS FREESTYLE SKI WORLD CUP 2024,2023-12-22,BAKURIANI (GEO),Women's Moguls,Results Qualification,ANTHONY Jakara,2530720,AUS,1,77.15,15.77,46.1,15.28,1,7oG,1.11,7.5,7.8,2,bp,0.81,8.5,8.3
FIS FREESTYLE SKI WORLD CUP 2024,2023-12-22,BAKURIANI (GEO),Women's Moguls,Results Qualification,TOMITAKA Hinako,2532031,JPN,9,64.24,12.54,40.6,11.1,1,bG,0.92,5.3,5.4,2,bp,0.81,7.7,7.6
FIS FREESTYLE SKI WORLD CUP 2024,2023-12-22,BAKURIANI (GEO),Women's Moguls,Results Qualification,KAJIWARA Yuki,2533769,JPN,15,61.89,11.58,39.9,10.41,1,bG,0.92,5.3,5.2,2,bp,0.81,7.0,6.8
FIS FREESTYLE SKI WORLD CUP 2024,2023-12-15,ALPE D'HUEZ (FRA),Women's Moguls,Results Final 2,ANTHONY Jakara,2530720,AUS,1,79.98,18.54,46.7,14.74,1,7oG,1.11,8.3,8.2,2,bp,0.81,7.1,6.7
FIS FREESTYLE SKI WORLD CUP 2024,2023-12-22,BAKURIANI (GEO),Men's Moguls,Results Qualification,PAGE Nick,2533462,USA,3,74.58,14.39,46.1,14.09,1,10op,1.05,6.9,6.7,2,7oG,1.01,6.9,6.9
FIS FREESTYLE SKI WORLD CUP 2024,2023-12-22,BAKURIANI (GEO),Men's Moguls,Results Qualification,PENTTALA Olli,2528035,FIN,25,63.76,16.08,35.2,12.48,1,10op,1.05,7.0,6.8,2,7op,0.88,6.0,5.9
FIS FREESTYLE SKI WORLD CUP 2024,2023-12-22,BAKURIANI (GEO),Men's Moguls,Results Qualification,KANNO Shugo,2532177,JPN,36,58.11,13.73,37.3,7.08,1,7oG,1.01,4.0,3.5,2,7op,0.88,4.0,3.5
FIS FREESTYLE SKI WORLD CUP 2024,2023-12-22,BAKURIANI (GEO),Men's Moguls,Results Qualification,KIM Jinsuck,2537936,KOR,42,48.4,10.06,29.9,8.44,1,bF,0.88,5.1,5.0,2,bp,0.71,5.7,5.6
FIS FREESTYLE SKI WORLD CUP 2024,2023-12-22,BAKURIANI (GEO),Women's Moguls,Results Final 2,TOMITAKA Hinako,2532031,JPN,5,69.63,14.36,41.7,13.57,1,bG,0.92,8.1,8.1,2,7op,0.98,6.2,6.3
FIS FREESTYLE SKI WORLD CUP 2024,2023-12-22,BAKURIANI (GEO),Women's Moguls,Results Qualification,YANAGIMOTO Rino,2532040,JPN,3,71.17,14.06,43.0,14.11,1,bp,0.81,8.4,8.2,2,7op,0.98,7.5,7.6
FIS FREESTYLE SKI WORLD CUP 2024,2023-12-22,BAKURIANI (GEO),Women's Moguls,Results Qualification,AMRENOVA Ayaulym,2532085,KAZ,18,59.29,11.76,34.2,13.33,1,7op,0.98,6.9,6.9,2,bG,0.92,7.0,7.3
FIS FREESTYLE SKI WORLD CUP 2024,2023-12-22,BAKURIANI (GEO),Women's Moguls,Results Qualification,GUSTAFSON Moa,2535767,SWE,19,57.92,12.03,35.9,9.99,1,bp,0.81,7.0,7.0,2,bG,0.92,4.4,5.0
FIS FREESTYLE SKI WORLD CUP 2024,2023-12-15,ALPE D'HUEZ (FRA),Women's Moguls,Results Final 1,ASANO Shiori,2534377,JPN,11,67.03,13.64,41.1,12.29,1,bG,0.92,6.2,6.0,2,bp,0.81,8.3,8.2
FIS FREESTYLE SKI WORLD CUP 2024,2023-12-15,ALPE D'HUEZ (FRA),Women's Moguls,Results Final 1,MACUGA Alli,2534186,USA,12,66.87,17.61,39.8,9.46,1,bG,0.92,4.5,4.9,2,7op,0.98,5.1,5.4
FIS FREESTYLE SKI WORLD CUP 2024,2023-12-22,BAKURIANI (GEO),Men's Moguls,Results Qualification,TADE Marco,2527554,SUI,19,66.17,14.18,39.5,12.49,1,bF,0.88,7.7,7.8,2,7op,0.88,6.5,6.4
FIS FREESTYLE SKI WORLD CUP 2024,2023-12-22,BAKURIANI (GEO),Men's Moguls,Results Qualification,CONEDERA Martino,2532502,SUI,24,63.95,11.56,38.6,13.79,1,10op,1.05,6.9,6.7,2,7oG,1.01,6.7,6.5
FIS FREESTYLE SKI WORLD CUP 2024,2023-12-22,BAKURIANI (GEO),Men's Moguls,Results Qualification,MERZ Linus,2533504,GER,37,56.85,11.25,35.4,10.2,1,10op,1.05,5.5,5.5,2,bp,0.71,6.3,6.2
FIS FREESTYLE SKI WORLD CUP 2024,2023-12-22,BAKURIANI (GEO),Women's Moguls,Results Final 2,ANTHONY Jakara,2530720,AUS,1,79.08,16.53,46.5,16.05,1,7oG,1.11,8.0,8.1,2,bp,0.81,8.9,8.7
FIS FREESTYLE SKI WORLD CUP 2024,2023-12-22,BAKURIANI (GEO),Women's Moguls,Results Final 2,MACUGA Alli,2534186,USA,4,71.0,16.22,41.3,13.48,1,bp,0.81,8.0,7.4,2,7op,0.98,7.4,7.4
FIS FREESTYLE SKI WORLD CUP 2024,2024-03-08,ALMATY (KAZ),Women's Moguls,Results Overall,GERKEN SCHOFIELD,2530540,GBR,10,68.23,16.44,41.7,10.09,1,bG,0.92,5.3,6.0,2,bp,0.81,6.0,6.1
FIS FREESTYLE SKI WORLD CUP 2024,2024-03-08,ALMATY (KAZ),Women's Moguls,Results Overall,KAJIWARA Yuki,2533769,JPN,17,60.86,11.98,39.2,9.68,1,bG,0.92,5.0,4.8,2,bp,0.81,6.3,6.5
FIS FREESTYLE SKI WORLD CUP 2024,2024-03-08,ALMATY (KAZ),Women's Moguls,Results Qualification,KAUF Jaelin,2529064,USA,3,72.59,16.01,45.9,10.68,1,bG,0.92,6.4,6.0,2,bp,0.81,6.0,6.3
FIS FREESTYLE SKI WORLD CUP 2024,2023-12-15,ALPE D'HUEZ (FRA),Women's Moguls,Results Final 2,GIACCIO Olivia,2532241,USA,3,74.82,17.38,45.1,12.34,1,bF,0.98,7.0,7.0,2,7op,0.98,5.4,5.8
FIS FREESTYLE SKI WORLD CUP 2024,2023-12-22,BAKURIANI (GEO),Men's Moguls,Results Qualification,KINGSBURY Mikael,2484937,CAN,1,81.7,15.63,50.9,15.17,1,bF,0.88,9.0,9.2,2,7op,0.88,8.1,8.2
FIS FREESTYLE SKI WORLD CUP 2024,2023-12-22,BAKURIANI (GEO),Men's Moguls,Results Qualification,MARCELLINI Dylan,2534089,USA,8,70.3,14.37,42.7,13.23,1,7oG,1.01,7.7,7.5,2,bp,0.71,7.9,7.8
FIS FREESTYLE SKI WORLD CUP 2024,2023-12-22,BAKURIANI (GEO),Men's Moguls,Results Qualification,McDONALD Cole,2534511,USA,26,63.58,15.22,35.6,12.76,1,10op,1.05,6.8,6.3,2,7op,0.88,6.7,6.7
FIS FREESTYLE SKI WORLD CUP 2024,2023-12-22,BAKURIANI (GEO),Women's Moguls,Results Qualification,CABROL Camille,2530274,FRA,8,65.2,12.55,40.9,11.75,1,bp,0.81,6.3,6.5,2,bG,0.92,7.1,7.2
FIS FREESTYLE SKI WORLD CUP 2024,2024-03-08,ALMATY (KAZ),Women's Moguls,Results Overall,MACUGA Alli,2534186,USA,2,76.17,17.41,45.1,13.66,1,bp,0.81,8.2,7.9,2,7op,0.98,7.4,7.2
FIS FREESTYLE SKI WORLD CUP 2024,2023-12-15,ALPE D'HUEZ (FRA),Women's Moguls,Results Final 1,BROWN Berkley,2531523,CAN,9,70.99,15.47,41.5,14.02,1,bT,0.78,8.2,8.2,2,bG,0.92,8.2,8.4
FIS FREESTYLE SKI WORLD CUP 2024,2023-12-15,ALPE D'HUEZ (FRA),Women's Moguls,Results Final 1,AMRENOVA Ayaulym,2532085,KAZ,14,64.53,14.75,36.5,13.28,1,bG,0.92,7.0,7.3,2,7op,0.98,6.7,7.0
FIS FREESTYLE SKI WORLD CUP 2024,2023-12-15,ALPE D'HUEZ (FRA),Women's Moguls,Results Final 2,LEMLEY Elizabeth,2537762,USA,6,71.57,18.08,41.8,11.69,1,7op,0.98,6.9,7.4,2,bp,0.81,5.7,5.9
FIS FREESTYLE SKI WORLD CUP 2024,2023-12-22,BAKURIANI (GEO),Men's Moguls,Results Qualification,WOODS Cooper,2532161,AUS,4,72.17,14.11,45.0,13.06,1,bF,0.88,8.5,8.2,2,7op,0.88,6.6,6.4
FIS FREESTYLE SKI WORLD CUP 2024,2023-12-22,BAKURIANI (GEO),Men's Moguls,Results Qualification,VIEL Julien,2534074,CAN,6,71.37,13.26,45.5,12.61,1,bF,0.88,8.2,8.2,2,7op,0.88,6.2,6.1
FIS FREESTYLE SKI WORLD CUP 2024,2023-12-22,BAKURIANI (GEO),Men's Moguls,Results Qualification,CAVET Benjamin,2530514,FRA,10,69.97,14.52,42.0,13.45,1,bF,0.88,8.1,8.3,2,bp,0.71,8.9,8.7
FIS FREESTYLE SKI WORLD CUP 2024,2023-12-22,BAKURIANI (GEO),Men's Moguls,Results Qualification,DUFRESNE Gabriel,2530240,CAN,20,65.95,14.44,38.1,13.41,1,bF,0.88,8.9,8.9,2,7op,0.88,6.3,6.4
FIS FREESTYLE SKI WORLD CUP 2024,2023-12-22,BAKURIANI (GEO),Men's Moguls,Results Qualification,VERDAGUER FORN,2537082,ESP,28,62.47,14.77,37.9,9.8,1,7op,0.88,7.8,7.7,2,bG,0.82,3.8,3.5
FIS FREESTYLE SKI WORLD CUP 2024,2023-12-22,BAKURIANI (GEO),Men's Moguls,Results Qualification,WEESE Nicolas,2535693,GER,39,54.28,13.62,30.6,10.06,1,7op,0.88,5.7,5.9,2,lG,0.82,6.0,6.1
FIS FREESTYLE SKI WORLD CUP 2024,2023-12-22,BAKURIANI (GEO),Women's Moguls,Results Final 2,SOAR Hannah,2531373,USA,3,71.18,14.96,43.3,12.92,1,bp,0.81,7.4,7.6,2,bG,0.92,7.5,7.4
FIS FREESTYLE SKI WORLD CUP 2024,2023-12-22,BAKURIANI (GEO),Women's Moguls,Results Qualification,LEMLEY Elizabeth,2537762,USA,5,65.71,14.2,39.5,12.01,1,7op,0.98,5.8,6.1,2,bp,0.81,7.5,7.8
FIS FREESTYLE SKI WORLD CUP 2024,2023-12-22,BAKURIANI (GEO),Women's Moguls,Results Qualification,WEESE Hanna,2532819,GER,14,62.26,13.93,38.6,9.73,1,bp,0.81,5.6,5.5,2,7op,0.98,5.5,5.2
FIS FREESTYLE SKI WORLD CUP 2024,2023-12-22,BAKURIANI (GEO),Women's Moguls,Results Qualification,ASANO Shiori,2534377,JPN,20,57.6,10.63,35.3,11.67,1,bG,0.92,6.8,6.7,2,bp,0.81,7.0,6.5
FIS FREESTYLE SKI WORLD CUP 2024,2024-03-08,ALMATY (KAZ),Women's Moguls,Results Overall,HOGG Kasey,2534251,USA,8,69.99,16.05,42.6,11.34,1,bp,0.81,5.2,5.8,2,bG,0.92,7.7,7.3
FIS FREESTYLE SKI WORLD CUP 2024,2024-03-08,ALMATY (KAZ),Women's Moguls,Results Overall,GORODKO,2535385,KAZ,11,67.94,15.78,40.8,11.36,1,bG,0.92,5.7,7.5,2,7op,0.98,5.0,5.8
FIS FREESTYLE SKI WORLD CUP 2024,2024-03-08,ALMATY (KAZ),Women's Moguls,Results Overall,JOHNSON Tess,2532270,USA,14,62.42,16.65,36.9,8.87,1,7op,0.98,3.5,4.0,2,bG,0.92,6.0,5.3
FIS FREESTYLE SKI WORLD CUP 2024,2024-03-08,ALMATY (KAZ),Women's Moguls,Results Overall,ASANO Shiori,2534377,JPN,19,59.45,11.56,38.9,8.99,1,bG,0.92,3.0,3.8,2,bp,0.81,7.2,7.3
FIS FREESTYLE SKI WORLD CUP 2024,2024-03-08,ALMATY (KAZ),Women's Moguls,Results Overall,AMRENOVA Ayaulym,2532085,KAZ,21,57.22,11.05,34.6,11.57,1,bG,0.92,5.2,5.8,2,7op,0.98,6.3,7.0
FIS FREESTYLE SKI WORLD CUP 2024,2024-03-08,ALMATY (KAZ),Women's Moguls,Results Overall,GUAN Ziyan,2533011,CHN,26,48.37,9.91,33.1,5.36,1,bT,0.78,3.2,3.5,2,bG,0.92,2.2,3.8
FIS FREESTYLE SKI WORLD CUP 2024,2024-03-08,ALMATY (KAZ),Women's Moguls,Results Qualification,GORODKO,2535385,KAZ,9,65.89,13.88,41.0,11.01,1,bG,0.92,6.4,6.3,2,bp,0.81,6.0,6.8
FIS FREESTYLE SKI WORLD CUP 2024,2024-03-08,ALMATY (KAZ),Women's Moguls,Results Qualification,LI Ruilin,2537198,CHN,24,53.36,12.83,31.9,8.63,1,bp,0.81,4.3,5.1,2,bG,0.92,5.0,5.5
FIS FREESTYLE SKI WORLD CUP 2024,2023-12-08,IDRE FJÄLL (SWE),Men's Moguls,Results Final 1,HOLMGREN Albin,2532811,SWE,5,77.42,16.18,45.7,15.54,1,bF,0.88,8.4,8.8,2,7oG,1.01,7.8,8.0
FIS FREESTYLE SKI WORLD CUP 2024,2023-12-08,IDRE FJÄLL (SWE),Women's Moguls,Results Final 1,SOAR Hannah,2531373,USA,7,71.75,15.0,46.1,10.65,1,bp,0.81,5.9,6.0,2,bG,0.92,6.5,6.2
FIS FREESTYLE SKI WORLD CUP 2024,2023-12-08,IDRE FJÄLL (SWE),Women's Moguls,Results Final 1,AMRENOVA Ayaulym,2532085,KAZ,15,63.02,14.68,35.6,12.74,1,bG,0.92,6.9,7.4,2,7op,0.98,6.3,6.3
FIS FREESTYLE SKI WORLD CUP 2024,2023-12-08,IDRE FJÄLL (SWE),Women's Moguls,Results Final 2,JOHNSON Tess,2532270,USA,4,71.19,15.27,42.8,13.12,1,bp,0.81,6.9,6.9,2,bG,0.92,8.2,8.2
FIS FREESTYLE SKI WORLD CUP 2024,2024-01-26,WATERVILLE (USA),Women's Moguls,Results Final 1,LINTON Jessica,2533613,CAN,13,58.66,14.51,34.8,9.35,1,bG,0.92,4.6,5.0,2,bp,0.81,6.3,5.9
FIS FREESTYLE SKI WORLD CUP 2024,2024-01-26,WATERVILLE (USA),Women's Moguls,Results Qualification,GIACCIO Olivia,2532241,USA,4,67.27,15.22,37.7,14.35,1,bF,0.98,7.8,7.9,2,7op,0.98,6.3,7.3
FIS FREESTYLE SKI WORLD CUP 2024,2024-01-26,WATERVILLE (USA),Women's Moguls,Results Qualification,TAGUCHI Yuma,2537043,JPN,19,47.31,13.64,22.4,11.27,1,bp,0.81,6.1,6.3,2,bG,0.92,6.7,6.9
FIS FREESTYLE SKI WORLD CUP 2024,2023-12-08,IDRE FJÄLL (SWE),Men's Moguls,Results Final 1,VIEL Julien,2534074,CAN,15,68.83,15.48,41.7,11.65,1,bF,0.88,7.2,7.6,2,7op,0.88,5.7,6.0
FIS FREESTYLE SKI WORLD CUP 2024,2023-12-08,IDRE FJÄLL (SWE),Women's Moguls,Results Final 1,NAKAO Haruka,2533488,JPN,13,64.5,13.48,38.6,12.42,1,bG,0.92,7.5,7.6,2,7op,0.98,5.6,5.6
FIS FREESTYLE SKI WORLD CUP 2024,2024-01-26,WATERVILLE (USA),Men's Moguls,Results Final 1,FUJIKI Goshin,2529670,JPN,9,74.01,16.46,43.3,14.25,1,bF,0.88,9.0,8.2,2,7op,0.88,8.2,7.0
FIS FREESTYLE SKI WORLD CUP 2024,2024-03-08,ALMATY (KAZ),Women's Moguls,Results Qualification,JOHNSON Tess,2532270,USA,6,69.25,14.62,42.7,11.93,1,bp,0.81,5.7,6.3,2,bG,0.92,8.0,7.4
FIS FREESTYLE SKI WORLD CUP 2024,2024-03-08,ALMATY (KAZ),Women's Moguls,Results Qualification,GUAN Ziyan,2533011,CHN,26,48.37,9.91,33.1,5.36,1,bT,0.78,3.2,3.5,2,bG,0.92,2.2,3.8
FIS FREESTYLE SKI WORLD CUP 2024,2023-12-08,IDRE FJÄLL (SWE),Men's Moguls,Results Final 1,PAGE Nick,2533462,USA,2,80.08,16.99,46.3,16.79,1,10op,1.05,8.3,8.7,2,7oG,1.01,7.6,8.0
FIS FREESTYLE SKI WORLD CUP 2024,2023-12-08,IDRE FJÄLL (SWE),Men's Moguls,Results Final 1,GRAVENFORS Filip,2534858,SWE,3,79.31,16.79,46.2,16.32,1,10oG,1.2,7.2,6.8,2,10op,1.05,7.4,7.7
FIS FREESTYLE SKI WORLD CUP 2024,2023-12-08,IDRE FJÄLL (SWE),Men's Moguls,Results Final 1,WOODS Cooper,2532161,AUS,9,75.85,16.25,46.4,13.2,1,bdF,1.05,6.6,6.5,2,7op,0.88,7.1,7.3
FIS FREESTYLE SKI WORLD CUP 2024,2023-12-08,IDRE FJÄLL (SWE),Men's Moguls,Results Final 2,HOLMGREN Albin,2532811,SWE,5,75.69,17.16,46.0,12.53,1,bF,0.88,5.9,6.2,2,7oG,1.01,7.4,6.9
FIS FREESTYLE SKI WORLD CUP 2024,2023-12-08,IDRE FJÄLL (SWE),Women's Moguls,Results Final 1,BROWN Berkley,2531523,CAN,16,59.06,12.39,37.0,9.67,1,bT,0.78,6.1,6.7,2,bG,0.92,5.2,5.0
FIS FREESTYLE SKI WORLD CUP 2024,2024-01-26,WATERVILLE (USA),Women's Moguls,Results Qualification,TOMITAKA Hinako,2532031,JPN,7,62.61,14.45,37.3,10.86,1,bG,0.92,6.3,5.8,2,bp,0.81,6.5,6.6
FIS FREESTYLE SKI WORLD CUP 2024,2023-12-08,IDRE FJÄLL (SWE),Men's Moguls,Results Final 1,CHALIFOUX Louis-,2534234,CAN,7,76.36,15.21,46.6,14.55,1,bF,0.88,8.3,8.8,2,7op,0.88,7.9,8.1
FIS FREESTYLE SKI WORLD CUP 2024,2024-01-26,WATERVILLE (USA),Women's Moguls,Results Qualification,MACUGA Alli,2534186,USA,9,62.17,16.17,35.3,10.7,1,7op,0.98,5.2,6.0,2,bp,0.81,5.9,7.0
FIS FREESTYLE SKI WORLD CUP 2024,2024-01-26,WATERVILLE (USA),Women's Moguls,Results Qualification,SOAR Hannah,2531373,USA,10,61.76,16.7,36.4,8.66,1,bp,0.81,4.7,4.8,2,bG,0.92,5.2,5.3
FIS FREESTYLE SKI WORLD CUP 2024,2024-03-08,ALMATY (KAZ),Women's Moguls,Results Qualification,LEMLEY Elizabeth,2537762,USA,4,72.14,15.03,45.0,12.11,1,bp,0.81,6.6,7.1,2,7op,0.98,6.9,6.5
FIS FREESTYLE SKI WORLD CUP 2024,2024-03-08,ALMATY (KAZ),Women's Moguls,Results Qualification,DESMARAIS-GILBERT,2531811,CAN,18,59.65,12.69,37.9,9.06,1,bG,0.92,4.8,4.8,2,bp,0.81,6.0,5.5
FIS FREESTYLE SKI WORLD CUP 2024,2024-03-08,ALMATY (KAZ),Women's Moguls,Results Qualification,TAGUCHI Yuma,2537043,JPN,20,58.52,10.82,36.9,10.8,1,bp,0.81,5.3,5.5,2,bG,0.92,6.7,7.3
FIS FREESTYLE SKI WORLD CUP 2024,2023-12-08,IDRE FJÄLL (SWE),Men's Moguls,Results Final 2,WALLBERG Walter,2532001,SWE,4,78.98,17.51,46.1,15.37,1,bdF,1.05,6.9,7.0,2,7oG,1.01,7.9,8.1
FIS FREESTYLE SKI WORLD CUP 2024,2023-12-08,IDRE FJÄLL (SWE),Women's Moguls,Results Final 1,YANAGIMOTO Rino,2532040,JPN,6,73.34,15.08,46.9,11.36,1,bp,0.81,7.1,6.7,2,7op,0.98,5.9,5.9
FIS FREESTYLE SKI WORLD CUP 2024,2024-01-26,WATERVILLE (USA),Men's Moguls,Results Final 2,WOODS Cooper,2532161,AUS,2,81.04,17.66,47.6,15.78,1,bdF,1.05,7.9,8.1,2,7op,0.88,8.7,8.1
FIS FREESTYLE SKI WORLD CUP 2024,2024-01-26,WATERVILLE (USA),Men's Moguls,Results Final 2,WALLBERG Walter,2532001,SWE,4,78.99,17.4,45.8,15.79,1,bF,0.88,9.1,9.4,2,10op,1.05,7.3,7.3
FIS FREESTYLE SKI WORLD CUP 2024,2024-01-26,WATERVILLE (USA),Women's Moguls,Results Final 2,ANTHONY Jakara,2530720,AUS,1,81.22,18.02,47.6,15.6,1,7oG,1.11,8.3,7.8,2,bp,0.81,8.6,7.9
FIS FREESTYLE SKI WORLD CUP 2024,2024-01-26,WATERVILLE (USA),Women's Moguls,Results Final 2,SOAR Hannah,2531373,USA,3,67.93,15.35,43.1,9.48,1,bp,0.81,5.7,5.7,2,bG,0.92,5.1,5.5
FIS FREESTYLE SKI WORLD CUP 2024,2024-03-08,ALMATY (KAZ),Women's Moguls,Results Qualification,SOAR Hannah,2531373,USA,5,70.78,13.71,45.0,12.07,1,bp,0.81,6.2,7.5,2,bG,0.92,7.2,7.0
FIS FREESTYLE SKI WORLD CUP 2024,2024-03-08,ALMATY (KAZ),Women's Moguls,Results Qualification,HOGG Kasey,2534251,USA,13,64.22,14.46,40.6,9.16,1,bp,0.81,5.5,5.1,2,bG,0.92,5.3,5.3
FIS FREESTYLE SKI WORLD CUP 2024,2024-03-08,ALMATY (KAZ),Women's Moguls,Results Qualification,RAMSAUER Katharina,2530097,AUT,22,55.38,12.48,30.9,12.0,1,bL,0.81,7.3,6.8,2,bG,0.92,6.8,6.9
FIS FREESTYLE SKI WORLD CUP 2024,2024-03-08,ALMATY (KAZ),Women's Moguls,Results Qualification,MALHERBE Malica,2535457,RSA,28,16.51,0.0,9.7,6.81,1,bG,0.92,2.0,2.7,2,bp,0.81,5.7,5.8
FIS FREESTYLE SKI WORLD CUP 2024,2023-12-08,IDRE FJÄLL (SWE),Men's Moguls,Results Final 1,JEANNESSON Mateo,2535572,GBR,12,71.25,15.25,43.9,12.1,1,10op,1.05,5.9,6.1,2,7oG,1.01,6.1,5.4
FIS FREESTYLE SKI WORLD CUP 2024,2023-12-08,IDRE FJÄLL (SWE),Men's Moguls,Results Final 2,KINGSBURY Mikael,2484937,CAN,1,85.02,16.18,51.3,17.54,1,10op,1.05,8.2,8.1,2,7oG,1.01,8.8,9.0
FIS FREESTYLE SKI WORLD CUP 2024,2023-12-08,IDRE FJÄLL (SWE),Women's Moguls,Results Final 1,OWENS Kai,2534962,USA,12,64.97,15.3,38.9,10.77,1,7op,0.98,6.6,6.4,2,bp,0.81,5.7,5.2
FIS FREESTYLE SKI WORLD CUP 2024,2024-01-26,WATERVILLE (USA),Men's Moguls,Results Final 1,HORISHIMA Ikuma,2529645,JPN,2,83.0,17.03,49.2,16.77,1,bF,0.88,9.5,9.3,2,10op,1.05,8.2,8.0
FIS FREESTYLE SKI WORLD CUP 2024,2024-01-26,WATERVILLE (USA),Men's Moguls,Results Final 1,WENDLER Landon,2534140,USA,7,75.09,16.31,44.7,14.08,1,7oG,1.01,7.9,8.5,2,7op,0.88,6.5,6.7
FIS FREESTYLE SKI WORLD CUP 2024,2024-01-26,WATERVILLE (USA),Men's Moguls,Results Final 2,McDONALD Cole,2534511,USA,5,77.39,17.28,44.8,15.31,1,10op,1.05,7.5,7.6,2,7op,0.88,8.1,8.7
FIS FREESTYLE SKI WORLD CUP 2024,2024-01-26,WATERVILLE (USA),Women's Moguls,Results Final 1,ANTHONY Jakara,2530720,AUS,1,81.4,17.96,47.0,16.44,1,7oG,1.11,8.5,8.3,2,bp,0.81,9.0,8.6
FIS FREESTYLE SKI WORLD CUP 2024,2024-01-26,WATERVILLE (USA),Women's Moguls,Results Final 1,SLETTENE Skylar,2535377,USA,14,56.87,14.54,32.8,9.53,1,bG,0.92,4.7,5.3,2,bp,0.81,6.2,6.0
FIS FREESTYLE SKI WORLD CUP 2024,2024-01-26,WATERVILLE (USA),Women's Moguls,Results Final 1,RAMSAUER Katharina,2530097,AUT,15,52.06,13.54,28.8,9.72,1,bT,0.78,5.4,6.1,2,bG,0.92,5.2,6.2
FIS FREESTYLE SKI WORLD CUP 2024,2024-01-26,WATERVILLE (USA),Women's Moguls,Results Final 2,HOGG Kasey,2534251,USA,4,45.68,15.83,19.0,10.85,1,bp,0.81,6.1,6.4,2,bG,0.92,6.8,5.8
FIS FREESTYLE SKI WORLD CUP 2024,2024-01-26,WATERVILLE (USA),Women's Moguls,Results Qualification,CABROL Camille,2530274,FRA,5,62.98,14.32,35.8,12.86,1,bp,0.81,6.7,7.7,2,bG,0.92,7.3,8.0
FIS FREESTYLE SKI WORLD CUP 2024,2024-01-26,WATERVILLE (USA),Women's Moguls,Results Qualification,JOHNSON Tess,2532270,USA,6,62.76,15.21,34.9,12.65,1,bp,0.81,7.0,7.9,2,bG,0.92,7.4,7.0
FIS FREESTYLE SKI WORLD CUP 2024,2024-01-26,WATERVILLE (USA),Women's Moguls,Results Qualification,HOGG Kasey,2534251,USA,11,61.37,16.27,34.1,11.0,1,bp,0.81,6.2,6.9,2,bG,0.92,6.0,6.4
FIS FREESTYLE SKI WORLD CUP 2024,2024-01-26,WATERVILLE (USA),Women's Moguls,Results Qualification,BROWN Berkley,2531523,CAN,15,54.51,13.84,30.4,10.27,1,bT,0.78,6.2,6.0,2,bG,0.92,6.4,5.6
FIS FREESTYLE SKI WORLD CUP 2024,2024-03-08,ALMATY (KAZ),Women's Moguls,Results Qualification,CARROLL Avital,2529074,AUT,16,61.77,14.26,37.6,9.91,1,bp,0.81,4.5,5.0,2,bG,0.92,6.7,6.5
FIS FREESTYLE SKI WORLD CUP 2024,2023-12-08,IDRE FJÄLL (SWE),Women's Moguls,Results Final 1,LEMLEY Elizabeth,2537762,USA,2,79.17,17.16,47.6,14.41,1,bp,0.81,8.2,7.8,2,7op,0.98,8.4,7.8
FIS FREESTYLE SKI WORLD CUP 2024,2023-12-08,IDRE FJÄLL (SWE),Women's Moguls,Results Final 1,DEGROOTE Fantine,2533547,FRA,11,65.93,14.56,39.1,12.27,1,bG,0.92,7.7,7.9,2,bp,0.81,6.4,6.2
FIS FREESTYLE SKI WORLD CUP 2024,2023-12-08,IDRE FJÄLL (SWE),Women's Moguls,Results Final 2,GIACCIO Olivia,2532241,USA,3,72.16,16.09,42.6,13.47,1,bF,0.98,6.4,6.2,2,7op,0.98,7.5,7.4
FIS FREESTYLE SKI WORLD CUP 2024,2024-01-26,WATERVILLE (USA),Men's Moguls,Results Final 1,SHIMAKAWA Takuya,2530672,JPN,10,72.25,17.0,42.6,12.65,1,10op,1.05,6.8,6.0,2,7op,0.88,6.7,6.8
FIS FREESTYLE SKI WORLD CUP 2024,2024-01-26,WATERVILLE (USA),Men's Moguls,Results Final 1,PAGE Nick,2533462,USA,14,58.07,17.43,29.9,10.74,1,10op,1.05,5.8,6.3,2,7op,0.88,5.7,4.3
FIS FREESTYLE SKI WORLD CUP 2024,2024-01-26,WATERVILLE (USA),Women's Moguls,Results Final 1,SCHWINGHAMMER,2533204,CAN,8,67.57,16.92,38.8,11.85,1,bG,0.92,8.7,8.0,2,bp,0.81,5.2,5.1
FIS FREESTYLE SKI WORLD CUP 2024,2024-01-26,WATERVILLE (USA),Women's Moguls,Results Qualification,ANTHONY Jakara,2530720,AUS,1,71.87,15.92,40.9,15.05,1,7oG,1.11,8.1,7.8,2,bp,0.81,7.8,7.6
FIS FREESTYLE SKI WORLD CUP 2024,2024-01-26,WATERVILLE (USA),Women's Moguls,Results Qualification,LINTON Jessica,2533613,CAN,12,57.58,14.1,33.0,10.48,1,bG,0.92,5.2,5.2,2,bp,0.81,6.2,7.9
FIS FREESTYLE SKI WORLD CUP 2024,2024-03-08,ALMATY (KAZ),Women's Moguls,Results Qualification,TOMITAKA Hinako,2532031,JPN,7,68.16,13.35,44.1,10.71,1,bG,0.92,5.8,6.5,2,bp,0.81,6.0,6.5
FIS FREESTYLE SKI WORLD CUP 2024,2024-03-08,ALMATY (KAZ),Women's Moguls,Results Qualification,GERKEN SCHOFIELD,2530540,GBR,15,62.16,14.04,38.9,9.22,1,bG,0.92,5.0,4.5,2,bp,0.81,5.8,6.2
FIS FREESTYLE SKI WORLD CUP 2024,2023-12-08,IDRE FJÄLL (SWE),Men's Moguls,Results Final 1,HORISHIMA Ikuma,2529645,JPN,4,78.17,15.52,48.0,14.65,1,bF,0.88,8.3,8.2,2,10op,1.05,6.9,7.2
FIS FREESTYLE SKI WORLD CUP 2024,2023-12-08,IDRE FJÄLL (SWE),Women's Moguls,Results Final 1,ANTHONY Jakara,2530720,AUS,1,83.24,16.25,49.8,17.19,1,7oG,1.11,8.5,8.4,2,bG,0.92,8.6,8.4
FIS FREESTYLE SKI WORLD CUP 2024,2023-12-08,IDRE FJÄLL (SWE),Women's Moguls,Results Final 1,WEESE Hanna,2532819,GER,14,63.28,15.76,36.9,10.62,1,bG,0.92,6.8,6.8,2,bp,0.81,5.6,5.2
FIS FREESTYLE SKI WORLD CUP 2024,2024-01-26,WATERVILLE (USA),Men's Moguls,Results Final 1,HOLMGREN Albin,2532811,SWE,8,74.27,16.13,44.1,14.04,1,bF,0.88,7.9,7.5,2,7oG,1.01,7.8,6.6
FIS FREESTYLE SKI WORLD CUP 2024,2024-03-08,ALMATY (KAZ),Women's Moguls,Results Qualification,SCHWINGHAMMER,2533204,CAN,8,66.96,13.36,41.8,11.8,1,bT,0.78,6.3,7.0,2,bG,0.92,7.1,7.3
FIS FREESTYLE SKI WORLD CUP 2024,2024-03-08,ALMATY (KAZ),Women's Moguls,Results Qualification,AMRENOVA Ayaulym,2532085,KAZ,21,57.22,11.05,34.6,11.57,1,bG,0.92,5.2,5.8,2,7op,0.98,6.3,7.0
FIS FREESTYLE SKI WORLD CUP 2024,2023-12-08,IDRE FJÄLL (SWE),Men's Moguls,Results Final 1,McDONALD Cole,2534511,USA,8,75.86,16.47,45.9,13.49,1,bdF,1.05,6.2,6.0,2,10op,1.05,6.9,6.6
FIS FREESTYLE SKI WORLD CUP 2024,2023-12-08,IDRE FJÄLL (SWE),Men's Moguls,Results Final 1,CORDELL Sam,2532530,CAN,16,65.74,13.96,40.4,11.38,1,7op,0.88,5.3,5.4,2,bG,0.82,8.1,8.2
FIS FREESTYLE SKI WORLD CUP 2024,2024-01-26,WATERVILLE (USA),Men's Moguls,Results Final 1,KINGSBURY Mikael,2484937,CAN,1,84.19,16.83,49.1,18.26,1,bdF,1.05,9.3,9.2,2,10op,1.05,8.3,8.0
FIS FREESTYLE SKI WORLD CUP 2024,2024-01-26,WATERVILLE (USA),Women's Moguls,Results Qualification,GORODKO,2535385,KAZ,8,62.23,16.03,35.4,10.8,1,7op,0.98,5.6,4.9,2,bp,0.81,7.2,6.8
FIS FREESTYLE SKI WORLD CUP 2024,2024-01-26,WATERVILLE (USA),Women's Moguls,Results Qualification,SLETTENE Skylar,2535377,USA,14,55.4,12.21,33.6,9.59,1,bG,0.92,4.8,5.5,2,bp,0.81,6.3,5.7
FIS FREESTYLE SKI WORLD CUP 2024,2024-03-08,ALMATY (KAZ),Women's Moguls,Results Qualification,IHARA Haruka,2531368,JPN,10,65.88,12.85,42.1,10.93,1,bG,0.92,6.2,5.8,2,bp,0.81,6.6,6.8
FIS FREESTYLE SKI WORLD CUP 2024,2023-12-08,IDRE FJÄLL (SWE),Men's Moguls,Results Final 1,STEGFELDT Rasmus,2531923,SWE,10,74.42,16.15,45.1,13.17,1,bF,0.88,7.5,7.9,2,bG,0.82,7.6,8.0
FIS FREESTYLE SKI WORLD CUP 2024,2023-12-08,IDRE FJÄLL (SWE),Women's Moguls,Results Final 1,KAUF Jaelin,2529064,USA,4,76.03,17.69,46.0,12.34,1,bG,0.92,7.5,7.0,2,bp,0.81,7.0,7.0
FIS FREESTYLE SKI WORLD CUP 2024,2024-01-26,WATERVILLE (USA),Women's Moguls,Results Final 2,KAUF Jaelin,2529064,USA,2,71.71,19.07,40.6,12.04,1,7op,0.98,6.8,7.7,2,bp,0.81,5.2,7.0
FIS FREESTYLE SKI WORLD CUP 2024,2024-03-08,ALMATY (KAZ),Women's Moguls,Results Qualification,ASANO Shiori,2534377,JPN,19,59.45,11.56,38.9,8.99,1,bG,0.92,3.0,3.8,2,bp,0.81,7.2,7.3
FIS FREESTYLE SKI WORLD CUP 2024,2024-03-08,ALMATY (KAZ),Women's Moguls,Results Qualification,LARIONOVA,2539212,KAZ,29,9.24,1.96,0.3,6.98,1,bG,0.92,2.3,2.5,2,bp,0.81,6.0,5.8
FIS FREESTYLE SKI WORLD CUP 2024,2023-12-08,IDRE FJÄLL (SWE),Men's Moguls,Results Final 1,WALLBERG Walter,2532001,SWE,6,76.52,17.55,45.8,13.17,1,bdF,1.05,6.2,6.0,2,10op,1.05,6.5,6.4
FIS FREESTYLE SKI WORLD CUP 2024,2024-01-26,WATERVILLE (USA),Men's Moguls,Results Final 1,WOODS Cooper,2532161,AUS,3,77.63,16.34,46.0,15.29,1,bdF,1.05,7.9,8.5,2,7op,0.88,7.8,7.4
FIS FREESTYLE SKI WORLD CUP 2024,2024-01-26,WATERVILLE (USA),Men's Moguls,Results Final 1,KAWAOKA Shima,2533771,JPN,12,63.13,16.84,35.1,11.19,1,7oG,1.01,6.7,5.3,2,7op,0.88,6.1,5.6
FIS FREESTYLE SKI WORLD CUP 2024,2024-01-26,WATERVILLE (USA),Women's Moguls,Results Final 1,HOGG Kasey,2534251,USA,6,69.62,17.33,40.1,12.19,1,bp,0.81,6.9,7.2,2,bG,0.92,6.5,7.6
FIS FREESTYLE SKI WORLD CUP 2024,2024-01-26,WATERVILLE (USA),Women's Moguls,Results Final 1,JOHNSON Tess,2532270,USA,11,62.16,15.47,33.8,12.89,1,bp,0.81,6.8,6.9,2,bG,0.92,8.1,7.9
FIS FREESTYLE SKI WORLD CUP 2024,2024-03-08,ALMATY (KAZ),Women's Moguls,Results Qualification,MACUGA Alli,2534186,USA,11,65.65,15.75,38.9,11.0,1,bp,0.81,7.5,7.1,2,7op,0.98,5.3,5.1
FIS FREESTYLE SKI WORLD CUP 2024,2024-03-08,ALMATY (KAZ),Women's Moguls,Results Qualification,CABROL Camille,2530274,FRA,14,63.66,13.28,41.6,8.78,1,bp,0.81,4.2,5.8,2,bG,0.92,4.8,5.5
FIS FREESTYLE SKI WORLD CUP 2024,2024-03-08,ALMATY (KAZ),Women's Moguls,Results Qualification,YANG Ya,2537259,CHN,23,53.83,11.3,31.6,10.93,1,bp,0.81,6.1,5.8,2,bG,0.92,6.8,6.5
FIS FREESTYLE SKI WORLD CUP 2024,2023-12-08,IDRE FJÄLL (SWE),Men's Moguls,Results Final 1,VIERELA Severi,2533386,FIN,13,70.81,16.91,42.0,11.9,1,7op,0.88,6.9,7.2,2,7oG,1.01,5.4,5.9
FIS FREESTYLE SKI WORLD CUP 2024,2023-12-08,IDRE FJÄLL (SWE),Men's Moguls,Results Final 2,GRAVENFORS Filip,2534858,SWE,3,79.53,17.41,46.7,15.42,1,10oG,1.2,7.2,7.4,2,10op,1.05,6.3,6.4
FIS FREESTYLE SKI WORLD CUP 2024,2023-12-08,IDRE FJÄLL (SWE),Women's Moguls,Results Final 1,GIACCIO Olivia,2532241,USA,3,76.31,15.35,47.5,13.46,1,bF,0.98,6.5,6.6,2,7op,0.98,7.3,7.1
FIS FREESTYLE SKI WORLD CUP 2024,2023-12-08,IDRE FJÄLL (SWE),Women's Moguls,Results Final 1,TOMITAKA Hinako,2532031,JPN,8,68.81,15.82,42.2,10.79,1,bp,0.81,7.2,7.0,2,7op,0.98,5.3,5.0
FIS FREESTYLE SKI WORLD CUP 2024,2024-01-26,WATERVILLE (USA),Men's Moguls,Results Final 1,McDONALD Cole,2534511,USA,5,75.88,16.73,45.3,13.85,1,10op,1.05,7.6,6.8,2,7op,0.88,6.8,7.5
FIS FREESTYLE SKI WORLD CUP 2024,2024-01-26,WATERVILLE (USA),Men's Moguls,Results Final 2,KINGSBURY Mikael,2484937,CAN,3,80.07,17.07,45.0,18.0,1,bdF,1.05,8.2,8.3,2,10op,1.05,9.2,8.6
FIS FREESTYLE SKI WORLD CUP 2024,2024-01-26,WATERVILLE (USA),Women's Moguls,Results Final 1,GIACCIO Olivia,2532241,USA,2,73.86,17.73,40.8,15.33,1,bF,0.98,7.8,8.2,2,7op,0.98,7.5,7.8
FIS FREESTYLE SKI WORLD CUP 2024,2024-01-26,WATERVILLE (USA),Women's Moguls,Results Final 1,MACUGA Alli,2534186,USA,5,70.4,17.05,43.0,10.35,1,7op,0.98,6.2,6.2,2,bp,0.81,4.8,5.8
FIS FREESTYLE SKI WORLD CUP 2024,2024-01-26,WATERVILLE (USA),Women's Moguls,Results Final 1,GORODKO,2535385,KAZ,9,66.73,17.36,39.2,10.17,1,7op,0.98,5.8,5.3,2,bp,0.81,6.2,5.5
FIS FREESTYLE SKI WORLD CUP 2024,2024-01-26,WATERVILLE (USA),Women's Moguls,Results Final 1,BROWN Berkley,2531523,CAN,16,33.28,12.2,13.8,7.28,1,bT,0.78,5.6,5.8,2,bG,0.92,2.3,3.9
FIS FREESTYLE SKI WORLD CUP 2024,2024-03-08,ALMATY (KAZ),Women's Moguls,Results Qualification,GALYSHEVA Yuliya,2484307,KAZ,12,65.33,13.82,40.2,11.31,1,bG,0.92,5.8,6.8,2,fG,0.92,5.5,6.5
FIS FREESTYLE SKI WORLD CUP 2024,2024-03-08,ALMATY (KAZ),Women's Moguls,Results Qualification,FEKLISTOVA Yuliya,2539209,KAZ,27,47.74,9.11,29.6,9.03,1,bp,0.81,4.7,4.8,2,bG,0.92,5.3,6.0
FIS FREESTYLE SKI WORLD CUP 2024,2023-12-08,IDRE FJÄLL (SWE),Women's Moguls,Results Final 1,GORODKO,2535385,KAZ,9,66.99,14.23,40.8,11.96,1,bG,0.92,6.8,7.3,2,7op,0.98,5.2,6.0
FIS FREESTYLE SKI WORLD CUP 2024,2023-12-08,IDRE FJÄLL (SWE),Women's Moguls,Results Final 2,KAUF Jaelin,2529064,USA,5,40.36,17.36,14.9,8.1,1,bG,0.92,2.8,3.0,2,7op,0.98,5.6,5.5
FIS FREESTYLE SKI WORLD CUP 2024,2024-01-26,WATERVILLE (USA),Men's Moguls,Results Final 1,MARCELLINI Dylan,2534089,USA,16,30.83,12.24,11.9,6.69,1,10op,1.05,6.1,5.8,2,7oG,1.01,0.1,0.8
FIS FREESTYLE SKI WORLD CUP 2024,2024-01-26,WATERVILLE (USA),Women's Moguls,Results Final 1,KAUF Jaelin,2529064,USA,3,72.32,19.16,40.7,12.46,1,7op,0.98,6.8,7.4,2,bp,0.81,6.1,7.5
FIS FREESTYLE SKI WORLD CUP 2024,2024-01-26,WATERVILLE (USA),Women's Moguls,Results Final 1,SOAR Hannah,2531373,USA,4,71.88,16.97,44.6,10.31,1,bp,0.81,6.1,7.8,2,bG,0.92,5.1,5.1
FIS FREESTYLE SKI WORLD CUP 2024,2024-01-26,WATERVILLE (USA),Women's Moguls,Results Final 1,IHARA Haruka,2531368,JPN,12,60.22,16.97,34.4,8.85,1,bG,0.92,5.1,5.1,2,bp,0.81,5.4,4.9
FIS FREESTYLE SKI WORLD CUP 2024,2024-01-26,WATERVILLE (USA),Women's Moguls,Results Qualification,KAUF Jaelin,2529064,USA,3,68.81,16.47,41.1,11.24,1,bG,0.92,6.8,7.8,2,bp,0.81,5.4,5.8
FIS FREESTYLE SKI WORLD CUP 2024,2024-01-26,WATERVILLE (USA),Women's Moguls,Results Qualification,IHARA Haruka,2531368,JPN,13,55.86,14.63,32.2,9.03,1,bG,0.92,5.1,5.3,2,bp,0.81,4.5,6.0
FIS FREESTYLE SKI WORLD CUP 2024,2024-03-08,ALMATY (KAZ),Women's Moguls,Results Qualification,CAO Tianqing,2537262,CHN,25,48.78,12.01,29.3,7.47,1,bT,0.78,6.4,5.7,2,bG,0.92,2.7,3.3
FIS FREESTYLE SKI WORLD CUP 2024,2023-12-08,IDRE FJÄLL (SWE),Men's Moguls,Results Final 1,KINGSBURY Mikael,2484937,CAN,1,82.16,15.45,50.4,16.31,1,10op,1.05,7.7,8.0,2,7oG,1.01,7.8,8.2
FIS FREESTYLE SKI WORLD CUP 2024,2023-12-08,IDRE FJÄLL (SWE),Men's Moguls,Results Final 2,PAGE Nick,2533462,USA,2,79.55,18.72,46.8,14.03,1,10op,1.05,6.4,6.0,2,7oG,1.01,7.4,7.5
FIS FREESTYLE SKI WORLD CUP 2024,2023-12-08,IDRE FJÄLL (SWE),Women's Moguls,Results Final 2,LEMLEY Elizabeth,2537762,USA,6,34.76,17.48,12.5,4.78,1,lG,0.92,5.4,5.0,2,NJ,0.0,0.0,0.0
FIS FREESTYLE SKI WORLD CUP 2024,2024-01-26,WATERVILLE (USA),Men's Moguls,Results Final 2,HORISHIMA Ikuma,2529645,JPN,1,85.84,17.28,50.3,18.26,1,bdF,1.05,9.0,9.1,2,10op,1.05,8.3,8.4
FIS FREESTYLE SKI WORLD CUP 2024,2024-01-26,WATERVILLE (USA),Women's Moguls,Results Final 1,TOMITAKA Hinako,2532031,JPN,7,67.86,16.02,40.3,11.54,1,bG,0.92,6.4,5.4,2,7op,0.98,6.7,5.8
FIS FREESTYLE SKI WORLD CUP 2024,2024-01-26,WATERVILLE (USA),Women's Moguls,Results Qualification,SCHWINGHAMMER,2533204,CAN,2,69.66,15.01,43.2,11.45,1,bG,0.92,6.9,7.1,2,bp,0.81,5.5,6.9
FIS FREESTYLE SKI WORLD CUP 2024,2024-01-26,WATERVILLE (USA),Women's Moguls,Results Qualification,ASANO Shiori,2534377,JPN,17,48.69,10.98,31.4,6.31,1,bG,0.92,2.2,2.4,2,bp,0.81,5.5,4.9
FIS FREESTYLE SKI WORLD CUP 2024,2024-03-08,ALMATY (KAZ),Women's Moguls,Results Qualification,KAJIWARA Yuki,2533769,JPN,17,60.86,11.98,39.2,9.68,1,bG,0.92,5.0,4.8,2,bp,0.81,6.3,6.5
FIS FREESTYLE SKI WORLD CUP 2024,2023-12-08,IDRE FJÄLL (SWE),Men's Moguls,Results Final 1,SHIMAKAWA Takuya,2530672,JPN,11,73.33,13.74,45.7,13.89,1,10op,1.05,7.0,7.4,2,7op,0.88,6.9,7.5
FIS FREESTYLE SKI WORLD CUP 2024,2023-12-08,IDRE FJÄLL (SWE),Women's Moguls,Results Final 2,ANTHONY Jakara,2530720,AUS,1,79.74,15.93,47.1,16.71,1,7oG,1.11,7.7,8.0,2,bG,0.92,9.1,8.3
FIS FREESTYLE SKI WORLD CUP 2024,2023-12-08,IDRE FJÄLL (SWE),Women's Moguls,Results Final 2,YANAGIMOTO Rino,2532040,JPN,2,72.42,16.08,43.9,12.44,1,bp,0.81,7.6,7.9,2,7op,0.98,6.2,6.4
FIS FREESTYLE SKI WORLD CUP 2024,2024-01-26,WATERVILLE (USA),Men's Moguls,Results Final 1,WALLBERG Walter,2532001,SWE,4,77.58,17.47,46.0,14.11,1,bF,0.88,9.2,9.6,2,7op,0.88,6.7,6.6
FIS FREESTYLE SKI WORLD CUP 2024,2024-01-26,WATERVILLE (USA),Men's Moguls,Results Final 1,HOLMGREN Emil,2534210,SWE,15,36.59,14.65,9.4,12.54,1,10op,1.05,5.0,6.3,2,7oG,1.01,6.6,6.5
FIS FREESTYLE SKI WORLD CUP 2024,2024-01-26,WATERVILLE (USA),Men's Moguls,Results Final 2,CHALIFOUX Louis-,2534234,CAN,6,76.62,15.78,46.6,14.24,1,bF,0.88,8.3,8.2,2,7op,0.88,8.1,7.8
FIS FREESTYLE SKI WORLD CUP 2024,2024-01-26,WATERVILLE (USA),Women's Moguls,Results Qualification,RAMSAUER Katharina,2530097,AUT,16,50.36,12.09,29.2,9.07,1,bT,0.78,5.1,5.8,2,bG,0.92,5.0,5.5
FIS FREESTYLE SKI WORLD CUP 2024,2024-01-26,WATERVILLE (USA),Women's Moguls,Results Qualification,MAURAIS Olivia,2538814,USA,18,47.53,11.32,28.4,7.81,1,bp,0.81,5.3,5.6,2,bG,0.92,3.5,3.9
FIS FREESTYLE SKI WORLD CUP 2024,2023-12-08,IDRE FJÄLL (SWE),Men's Moguls,Results Final 1,CAVET Benjamin,2530514,FRA,14,69.45,18.21,39.2,12.04,1,10op,1.05,7.7,7.2,2,bp,0.71,5.9,6.0
FIS FREESTYLE SKI WORLD CUP 2024,2023-12-08,IDRE FJÄLL (SWE),Men's Moguls,Results Final 2,HORISHIMA Ikuma,2529645,JPN,6,71.11,17.08,41.8,12.23,1,bdF,1.05,6.0,6.2,2,10op,1.05,5.6,5.5
FIS FREESTYLE SKI WORLD CUP 2024,2023-12-08,IDRE FJÄLL (SWE),Women's Moguls,Results Final 1,JOHNSON Tess,2532270,USA,5,73.39,15.53,46.1,11.76,1,bp,0.81,5.8,5.9,2,bG,0.92,7.5,7.8
FIS FREESTYLE SKI WORLD CUP 2024,2023-12-08,IDRE FJÄLL (SWE),Women's Moguls,Results Final 1,CABROL Camille,2530274,FRA,10,66.04,13.91,40.4,11.73,1,bp,0.81,7.3,6.7,2,bG,0.92,6.8,6.4
FIS FREESTYLE SKI WORLD CUP 2024,2024-01-26,WATERVILLE (USA),Men's Moguls,Results Final 1,CHALIFOUX Louis-,2534234,CAN,6,75.61,15.93,46.4,13.28,1,bF,0.88,8.6,7.9,2,7op,0.88,7.7,6.0
FIS FREESTYLE SKI WORLD CUP 2024,2024-01-26,WATERVILLE (USA),Men's Moguls,Results Final 1,MICHEL Asher,2537833,USA,11,69.2,14.58,43.1,11.52,1,7op,0.88,6.1,6.7,2,bG,0.82,7.2,7.2
FIS FREESTYLE SKI WORLD CUP 2024,2024-01-26,WATERVILLE (USA),Men's Moguls,Results Final 1,GRAHAM Matt,2441426,AUS,13,61.44,16.73,29.9,14.81,1,10op,1.05,8.1,7.9,2,7op,0.88,7.6,7.0
FIS FREESTYLE SKI WORLD CUP 2024,2024-01-26,WATERVILLE (USA),Women's Moguls,Results Final 1,CABROL Camille,2530274,FRA,10,65.92,15.89,38.5,11.53,1,bp,0.81,7.9,7.2,2,bG,0.92,6.1,5.7
FIS FREESTYLE SKI WORLD CUP 2024,2024-02-01,DEER VALLEY (USA),Men's Moguls,Results Final 2,WALLBERG Walter,2532001,SWE,4,75.84,17.33,45.3,13.21,1,bF,0.88,6.1,7.0,2,10op,1.05,7.0,7.2
FIS FREESTYLE SKI WORLD CUP 2024,2024-02-01,DEER VALLEY (USA),Men's Moguls,Results Qualification,MARCELLINI Dylan,2534089,USA,17,68.59,14.96,43.1,10.53,1,7op,0.88,7.0,7.2,2,7oG,1.01,4.5,4.0
FIS FREESTYLE SKI WORLD CUP 2024,2024-02-01,DEER VALLEY (USA),Men's Moguls,Results Qualification,GOODISON Samuel,2534451,CAN,18,68.47,16.24,39.3,12.93,1,bF,0.88,7.6,8.0,2,7op,0.88,6.8,7.0
FIS FREESTYLE SKI WORLD CUP 2024,2024-02-01,DEER VALLEY (USA),Men's Moguls,Results Qualification,PASCARELLA Paolo,2534403,SUI,39,52.42,12.12,31.2,9.1,1,bF,0.88,4.1,4.2,2,10op,1.05,4.5,5.9
FIS FREESTYLE SKI WORLD CUP 2025,2025-02-21,BEIDAHU (CHN),Men's Moguls,Results Final 2,HORISHIMA Ikuma,2529645,JPN,1,86.57,16.43,52.5,17.64,1,bdF,1.05,8.5,8.5,2,14op,1.22,7.1,7.2
FIS FREESTYLE SKI WORLD CUP 2025,2025-02-21,BEIDAHU (CHN),Men's Moguls,Results Qualification,AHVENAINEN Akseli,2533687,FIN,25,71.58,15.56,43.0,13.02,1,bF,0.88,6.3,7.0,2,7oG,1.01,7.0,7.2
FIS FREESTYLE SKI WORLD CUP 2025,2025-02-21,BEIDAHU (CHN),Women's Moguls,Results Qualification,LAFFONT Perrine,2531156,FRA,3,78.44,15.14,48.9,14.4,1,7oG,1.11,7.3,6.9,2,bG,0.92,6.8,7.4
FIS FREESTYLE SKI WORLD CUP 2025,2025-02-21,BEIDAHU (CHN),Women's Moguls,Results Qualification,NAKAO Haruka,2533488,JPN,19,60.28,12.03,39.4,8.85,1,bG,0.92,3.5,3.5,2,7op,0.98,5.5,6.0
FIS FREESTYLE SKI WORLD CUP 2025,2025-02-21,BEIDAHU (CHN),Women's Moguls,Results Qualification,YANG Dandan,2540821,CHN,24,50.25,10.87,31.8,7.58,1,bT,0.78,5.5,5.7,2,bG,0.92,3.5,3.5
FIS FREESTYLE SKI WORLD CUP 2025,2024-11-30,RUKA (FIN),Women's Moguls,Results Qualification,DESMARAIS-GILBERT,2531811,CAN,21,54.66,10.54,35.2,8.92,1,bG,0.92,4.0,3.8,2,bp,0.81,6.4,6.8
FIS FREESTYLE SKI WORLD CUP 2025,2024-11-30,RUKA (FIN),Women's Moguls,Results Qualification,TAGUCHI Yuma,2537043,JPN,23,50.14,10.97,31.5,7.67,1,bG,0.92,3.6,3.5,2,7op,0.98,4.1,4.9
FIS FREESTYLE SKI WORLD CUP 2025,2024-11-30,RUKA (FIN),Women's Moguls,Results Qualification,YANG Ya,2537259,CHN,37,4.38,0.89,0.3,3.19,1,S,0.48,6.2,6.8,2,bL,0.81,0.1,0.1
FIS FREESTYLE SKI WORLD CUP 2025,2024-12-20,BAKURIANI (GEO),Men's Moguls,Results Final 2,MOUILLE Thibaud,2532044,FRA,6,69.83,17.66,39.9,12.27,1,10op,1.05,8.4,8.5,2,bp,0.71,4.9,4.7
FIS FREESTYLE SKI WORLD CUP 2025,2025-03-11,LIVIGNO (ITA),Men's Moguls,Results Qualification,WOODS Cooper,2532161,AUS,26,65.25,14.37,43.5,7.38,1,bF,0.88,3.4,3.5,2,7op,0.88,5.1,4.8
FIS FREESTYLE SKI WORLD CUP 2025,2025-03-11,LIVIGNO (ITA),Women's Moguls,Results Qualification,DUAUX Marie,2537443,FRA,23,58.67,13.98,34.6,10.09,1,bF,0.98,6.3,5.3,2,bp,0.81,5.8,5.1
FIS FREESTYLE SKI WORLD CUP 2025,2025-02-28,ALMATY (KAZ),Men's Moguls,Results Qualification,WOODS Cooper,2532161,AUS,8,75.03,15.15,45.9,13.98,1,bF,0.88,8.3,8.4,2,7op,0.88,7.5,7.6
FIS FREESTYLE SKI WORLD CUP 2025,2025-02-28,ALMATY (KAZ),Men's Moguls,Results Qualification,JEANNESSON Mateo,2535572,GBR,24,71.0,15.83,43.9,11.27,1,bF,0.88,6.1,6.0,2,7oG,1.01,6.0,5.8
FIS FREESTYLE SKI WORLD CUP 2025,2025-02-28,ALMATY (KAZ),Men's Moguls,Results Qualification,KIM Jinsuck,2537936,KOR,43,9.48,0.0,4.0,5.48,1,bF,0.88,1.2,1.2,2,bp,0.71,6.3,6.2
FIS FREESTYLE SKI WORLD CUP 2025,2025-02-28,ALMATY (KAZ),Women's Moguls,Results Final 1,CABROL Camille,2530274,FRA,13,68.49,14.26,43.4,10.83,1,bG,0.92,6.2,6.1,2,bp,0.81,6.5,6.3
FIS FREESTYLE SKI WORLD CUP 2025,2025-02-28,ALMATY (KAZ),Women's Moguls,Results Qualification,GORODKO,2535385,KAZ,3,69.28,14.98,41.2,13.1,1,7op,0.98,6.8,6.9,2,bG,0.92,6.9,7.0
FIS FREESTYLE SKI WORLD CUP 2025,2025-02-28,ALMATY (KAZ),Women's Moguls,Results Qualification,CABROL Camille,2530274,FRA,9,65.73,12.27,41.6,11.86,1,bG,0.92,7.3,7.5,2,bp,0.81,6.3,6.2
FIS FREESTYLE SKI WORLD CUP 2025,2025-02-28,ALMATY (KAZ),Women's Moguls,Results Qualification,NAKAO Haruka,2533488,JPN,10,65.43,11.7,41.8,11.93,1,lG,0.92,7.5,7.7,2,bp,0.81,6.0,6.2
"FIS Snowboard, Freestyle and Freeski World Championships 2025",2025-03-18,ST. MORITZ / ENGADIN (SUI),Men's Moguls,Results Qualification,VIEL Julien,2534074,CAN,5,78.06,16.93,46.7,14.43,1,bF,0.88,8.5,8.5,2,7op,0.88,7.8,8.0
"FIS Snowboard, Freestyle and Freeski World Championships 2025",2025-03-18,ST. MORITZ / ENGADIN (SUI),Men's Moguls,Results Qualification,GAY Paul Andrea,2538751,FRA,33,56.32,14.62,31.4,10.3,1,7op,0.88,7.0,6.9,2,7oG,1.01,4.3,4.0
"FIS Snowboard, Freestyle and Freeski World Championships 2025",2025-03-18,ST. MORITZ / ENGADIN (SUI),Men's Moguls,Results Qualification,VERDAGUER FORN,2539588,ESP,35,52.35,15.44,28.9,8.01,1,7op,0.88,3.4,2.9,2,lG,0.82,6.5,6.3
"FIS Snowboard, Freestyle and Freeski World Championships 2025",2025-03-18,ST. MORITZ / ENGADIN (SUI),Men's Moguls,Results Qualification,WANG Renda,2537252,CHN,41,21.05,9.85,3.6,7.6,1,bF,0.88,7.1,6.9,2,7op,0.88,1.9,1.4
"FIS Snowboard, Freestyle and Freeski World Championships 2025",2025-03-19,ST. MORITZ / ENGADIN (SUI),Men's Moguls,Results Final 1,GRAHAM Matt,2441426,AUS,6,81.38,17.51,48.4,15.47,1,bF,0.88,8.3,8.5,2,10op,1.05,7.5,7.9
"FIS Snowboard, Freestyle and Freeski World Championships 2025",2025-03-19,ST. MORITZ / ENGADIN (SUI),Men's Moguls,Results Final 1,OLGAARD Robin,2534212,SWE,11,74.97,15.93,44.9,14.14,1,bG,0.82,8.4,8.5,2,7oG,1.01,7.1,7.2
"FIS Snowboard, Freestyle and Freeski World Championships 2025",2025-03-19,ST. MORITZ / ENGADIN (SUI),Men's Moguls,Results Final 1,AHVENAINEN Akseli,2533687,FIN,19,57.13,17.42,30.2,9.51,1,bF,0.88,7.4,7.0,2,7oG,1.01,3.1,3.2
"FIS Snowboard, Freestyle and Freeski World Championships 2025",2025-03-19,ST. MORITZ / ENGADIN (SUI),Women's Moguls,Results Final 1,NAKAO Haruka,2533488,JPN,4,74.28,15.19,45.6,13.49,1,lG,0.92,7.5,8.1,2,7op,0.98,6.5,6.4
"FIS Snowboard, Freestyle and Freeski World Championships 2025",2025-03-19,ST. MORITZ / ENGADIN (SUI),Women's Moguls,Results Final 1,KARIOTIS Kylie,2534866,USA,15,69.29,15.53,41.5,12.26,1,bG,0.92,6.5,6.8,2,bp,0.81,7.3,7.9
FIS FREESTYLE SKI WORLD CUP 2025,2024-12-06,IDRE FJÄLL (SWE),Men's Moguls,Results Final 1,HORISHIMA Ikuma,2529645,JPN,5,80.22,15.58,49.6,15.04,1,bF,0.88,8.2,8.1,2,10op,1.05,7.0,8.0
FIS FREESTYLE SKI WORLD CUP 2025,2024-12-06,IDRE FJÄLL (SWE),Men's Moguls,Results Final 1,GRAHAM Matt,2441426,AUS,11,76.24,16.17,46.9,13.17,1,bdF,1.05,6.2,6.3,2,10op,1.05,6.3,6.3
FIS FREESTYLE SKI WORLD CUP 2025,2024-12-06,IDRE FJÄLL (SWE),Men's Moguls,Results Final 2,STEGFELDT Rasmus,2531923,SWE,6,82.14,17.93,48.5,15.71,1,bF,0.88,9.1,9.3,2,bG,0.82,9.3,9.3
FIS FREESTYLE SKI WORLD CUP 2025,2024-12-06,IDRE FJÄLL (SWE),Women's Moguls,Results Final 2,GIACCIO Olivia,2532241,USA,5,71.97,16.44,43.8,11.73,1,7oG,1.11,5.5,5.6,2,7op,0.98,5.6,5.8
FIS FREESTYLE SKI WORLD CUP 2025,2025-01-24,WATERVILLE (USA),Men's Moguls,Results Qualification,CAVET Benjamin,2530514,FRA,3,78.12,16.59,48.4,13.13,1,bF,0.88,8.2,8.2,2,bp,0.71,8.4,8.3
FIS FREESTYLE SKI WORLD CUP 2024,2024-01-26,WATERVILLE (USA),Women's Moguls,Results Qualification,WEESE Sophie,2532509,GER,20,45.81,12.91,24.3,8.6,1,bT,0.78,5.6,4.8,2,bG,0.92,4.8,5.1
FIS FREESTYLE SKI WORLD CUP 2024,2024-01-26,WATERVILLE (USA),Women's Moguls,Results Qualification,VOUTILAINEN Riikka,2533937,FIN,23,40.95,9.73,25.0,6.22,1,S,0.48,5.0,4.7,2,fT,0.78,5.1,4.9
FIS FREESTYLE SKI WORLD CUP 2024,2024-01-26,WATERVILLE (USA),Women's Moguls,Results Qualification,AMRENOVA Ayaulym,2532085,KAZ,28,13.15,4.35,0.3,8.5,1,7op,0.98,4.2,3.9,2,bp,0.81,6.1,5.1
FIS FREESTYLE SKI WORLD CUP 2024,2024-02-01,DEER VALLEY (USA),Men's Moguls,Results Qualification,PAGE Nick,2533462,USA,8,73.68,16.06,43.4,14.22,1,7op,0.88,7.8,7.6,2,10op,1.05,7.0,7.2
FIS FREESTYLE SKI WORLD CUP 2024,2024-02-01,DEER VALLEY (USA),Men's Moguls,Results Qualification,TADE Marco,2527554,SUI,14,69.84,16.84,40.2,12.8,1,bF,0.88,6.5,7.9,2,7op,0.88,7.0,7.7
FIS FREESTYLE SKI WORLD CUP 2024,2024-02-01,DEER VALLEY (USA),Men's Moguls,Results Qualification,VAILLANCOURT Elliot,2532513,CAN,22,65.77,15.81,39.9,10.06,1,7oG,1.01,5.8,5.6,2,7op,0.88,4.8,5.0
FIS FREESTYLE SKI WORLD CUP 2024,2024-02-01,DEER VALLEY (USA),Men's Moguls,Results Qualification,SALONEN Jimi,2528237,FIN,28,64.17,16.25,35.7,12.22,1,10op,1.05,6.2,7.2,2,7op,0.88,5.8,6.0
FIS FREESTYLE SKI WORLD CUP 2024,2024-02-01,DEER VALLEY (USA),Men's Moguls,Results Qualification,CONEDERA Martino,2532502,SUI,42,49.5,12.5,29.4,7.6,1,bF,0.88,3.8,4.3,2,7oG,1.01,4.0,4.0
FIS FREESTYLE SKI WORLD CUP 2024,2024-02-01,DEER VALLEY (USA),Men's Moguls,Results Qualification,BONDAREV Anton,2532859,KAZ,48,35.76,15.51,12.6,7.65,1,bF,0.88,4.3,4.2,2,7op,0.88,4.4,4.5
FIS FREESTYLE SKI WORLD CUP 2024,2024-02-01,DEER VALLEY (USA),Women's Moguls,Results Final 2,KAUF Jaelin,2529064,USA,2,70.87,18.41,40.4,12.06,1,bG,0.92,7.7,6.3,2,7op,0.98,6.2,5.3
FIS FREESTYLE SKI WORLD CUP 2025,2025-02-21,BEIDAHU (CHN),Men's Moguls,Results Qualification,VIEL Julien,2534074,CAN,5,77.31,15.9,47.3,14.11,1,bF,0.88,8.3,8.4,2,7op,0.88,7.8,7.6
FIS FREESTYLE SKI WORLD CUP 2025,2025-02-21,BEIDAHU (CHN),Men's Moguls,Results Qualification,VIERELA Severi,2533386,FIN,14,75.51,16.19,44.7,14.62,1,7oG,1.01,7.1,7.3,2,10op,1.05,6.8,7.2
FIS FREESTYLE SKI WORLD CUP 2025,2025-02-21,BEIDAHU (CHN),Men's Moguls,Results Qualification,JEANNESSON Mateo,2535572,GBR,15,75.17,14.99,44.7,15.48,1,10op,1.05,7.3,7.2,2,7oG,1.01,8.1,7.5
FIS FREESTYLE SKI WORLD CUP 2025,2025-02-21,BEIDAHU (CHN),Men's Moguls,Results Qualification,CAYOLLE Tristan,2533776,FRA,24,71.66,14.86,42.9,13.9,1,7oG,1.01,7.0,7.3,2,lG,0.82,8.1,8.2
FIS FREESTYLE SKI WORLD CUP 2025,2025-02-21,BEIDAHU (CHN),Men's Moguls,Results Qualification,FU Junyi,2537258,CHN,37,65.98,14.06,41.2,10.72,1,7oG,1.01,5.8,6.3,2,7op,0.88,5.3,5.2
FIS FREESTYLE SKI WORLD CUP 2025,2025-02-21,BEIDAHU (CHN),Women's Moguls,Results Final 2,LAFFONT Perrine,2531156,FRA,2,79.23,15.85,48.5,14.88,1,7oG,1.11,7.3,7.0,2,bG,0.92,7.5,7.6
FIS FREESTYLE SKI WORLD CUP 2025,2025-02-21,BEIDAHU (CHN),Women's Moguls,Results Qualification,GIACCIO Olivia,2532241,USA,10,69.0,14.12,41.0,13.88,1,7oG,1.11,6.5,6.0,2,7op,0.98,7.1,7.1
FIS FREESTYLE SKI WORLD CUP 2025,2024-11-30,RUKA (FIN),Men's Moguls,Results Final 2,McDONALD Cole,2534511,USA,5,77.33,13.62,48.6,15.11,1,bF,0.88,8.3,8.4,2,10op,1.05,7.8,7.0
FIS FREESTYLE SKI WORLD CUP 2025,2024-11-30,RUKA (FIN),Women's Moguls,Results Qualification,ANTHONY Jakara,2530720,AUS,1,77.67,14.61,47.3,15.76,1,7oG,1.11,8.0,8.0,2,bp,0.81,8.4,8.6
FIS FREESTYLE SKI WORLD CUP 2025,2024-11-30,RUKA (FIN),Women's Moguls,Results Qualification,YUN Shin-Ee,2537929,KOR,26,48.03,9.33,30.7,8.0,1,bG,0.92,3.8,4.2,2,bp,0.81,5.2,5.5
FIS FREESTYLE SKI WORLD CUP 2025,2024-12-20,BAKURIANI (GEO),Women's Moguls,Results Final 1,SCHWINGHAMMER,2533204,CAN,2,77.99,16.97,45.6,15.42,1,7op,0.98,7.1,7.4,2,bG,0.92,9.1,9.0
FIS FREESTYLE SKI WORLD CUP 2025,2025-03-11,LIVIGNO (ITA),Women's Moguls,Results Final 2,JOHNSON Tess,2532270,USA,3,74.94,15.28,44.1,15.56,1,7oG,1.11,7.2,7.1,2,bG,0.92,8.3,8.3
FIS FREESTYLE SKI WORLD CUP 2025,2025-03-11,LIVIGNO (ITA),Women's Moguls,Results Qualification,PASSARETTA Manuela,2537886,ITA,28,48.0,10.0,28.4,9.6,1,bp,0.81,5.1,5.1,2,bG,0.92,6.4,5.5
FIS FREESTYLE SKI WORLD CUP 2025,2025-02-28,ALMATY (KAZ),Men's Moguls,Results Qualification,AHVENAINEN Akseli,2533687,FIN,17,73.12,16.93,43.0,13.19,1,bF,0.88,7.0,6.8,2,7oG,1.01,7.0,7.1
FIS FREESTYLE SKI WORLD CUP 2025,2025-02-28,ALMATY (KAZ),Men's Moguls,Results Qualification,CHALIFOUX Louis-,2534234,CAN,23,71.35,14.79,44.6,11.96,1,bF,0.88,6.9,7.0,2,7op,0.88,6.7,6.6
FIS FREESTYLE SKI WORLD CUP 2025,2025-02-28,ALMATY (KAZ),Men's Moguls,Results Qualification,HOLMGREN Albin,2532811,SWE,25,70.61,15.47,41.2,13.94,1,7oG,1.01,7.0,7.3,2,7op,0.88,7.6,7.7
FIS FREESTYLE SKI WORLD CUP 2025,2025-02-28,ALMATY (KAZ),Men's Moguls,Results Qualification,WEESE Nicolas,2535693,GER,33,67.28,14.06,40.9,12.32,1,7oG,1.01,6.8,6.5,2,lG,0.82,6.9,6.8
FIS FREESTYLE SKI WORLD CUP 2025,2025-02-28,ALMATY (KAZ),Women's Moguls,Results Final 1,KAUF Jaelin,2529064,USA,2,77.66,17.94,47.3,12.42,1,7op,0.98,5.7,5.5,2,bG,0.92,7.4,7.7
FIS FREESTYLE SKI WORLD CUP 2025,2025-02-28,ALMATY (KAZ),Women's Moguls,Results Qualification,SCHWINGHAMMER,2533204,CAN,6,67.75,12.52,42.8,12.43,1,7op,0.98,6.6,6.8,2,bp,0.81,7.2,7.3
FIS FREESTYLE SKI WORLD CUP 2025,2025-02-28,ALMATY (KAZ),Women's Moguls,Results Qualification,TOMITAKA Hinako,2532031,JPN,11,65.29,11.47,41.8,12.02,1,bG,0.92,7.1,7.0,2,bp,0.81,6.9,6.8
"FIS Snowboard, Freestyle and Freeski World Championships 2025",2025-03-18,ST. MORITZ / ENGADIN (SUI),Men's Moguls,Results Qualification,STEGFELDT Rasmus,2531923,SWE,17,71.63,18.13,41.5,12.0,1,7oG,1.01,5.8,5.4,2,bG,0.82,7.8,7.7
"FIS Snowboard, Freestyle and Freeski World Championships 2025",2025-03-18,ST. MORITZ / ENGADIN (SUI),Men's Moguls,Results Qualification,MICKEL Charlie,2537180,USA,18,71.28,16.32,43.0,11.96,1,7oG,1.01,5.9,5.7,2,7op,0.88,7.1,6.8
"FIS Snowboard, Freestyle and Freeski World Championships 2025",2025-03-19,ST. MORITZ / ENGADIN (SUI),Men's Moguls,Results Final 1,JUNG Daeyoon,2534856,KOR,2,82.9,16.81,47.5,18.59,1,10oG,1.2,7.8,8.3,2,7oG,1.01,8.7,9.0
"FIS Snowboard, Freestyle and Freeski World Championships 2025",2025-03-19,ST. MORITZ / ENGADIN (SUI),Men's Moguls,Results Final 1,KINGSBURY Mikael,2484937,CAN,3,82.53,16.95,49.5,16.08,1,bF,0.88,8.9,8.7,2,10op,1.05,8.0,7.9
"FIS Snowboard, Freestyle and Freeski World Championships 2025",2025-03-19,ST. MORITZ / ENGADIN (SUI),Women's Moguls,Results Final 1,YANAGIMOTO Rino,2532040,JPN,11,71.3,16.37,40.6,14.33,1,7op,0.98,6.2,6.3,2,7oG,1.11,7.3,7.5
FIS FREESTYLE SKI WORLD CUP 2025,2024-12-06,IDRE FJÄLL (SWE),Men's Moguls,Results Final 1,STEGFELDT Rasmus,2531923,SWE,6,79.84,16.91,48.0,14.93,1,bF,0.88,8.2,8.7,2,lG,0.82,9.2,9.1
FIS FREESTYLE SKI WORLD CUP 2025,2024-12-06,IDRE FJÄLL (SWE),Women's Moguls,Results Final 1,LAFFONT Perrine,2531156,FRA,2,80.2,16.43,46.3,17.47,1,7oG,1.11,8.3,8.2,2,bG,0.92,9.2,8.9
FIS FREESTYLE SKI WORLD CUP 2025,2025-01-24,WATERVILLE (USA),Men's Moguls,Results Qualification,GRAHAM Matt,2441426,AUS,5,76.27,17.43,48.6,10.24,1,bF,0.88,4.8,6.6,2,7op,0.88,6.0,5.9
FIS FREESTYLE SKI WORLD CUP 2025,2025-01-24,WATERVILLE (USA),Men's Moguls,Results Qualification,SHIMAKAWA Takuya,2530672,JPN,15,71.36,15.78,44.1,11.48,1,7oG,1.01,5.9,5.7,2,7op,0.88,6.8,6.0
FIS FREESTYLE SKI WORLD CUP 2025,2025-01-24,WATERVILLE (USA),Men's Moguls,Results Qualification,CORDELL Sam,2532530,CAN,18,70.51,14.11,44.1,12.3,1,7oG,1.01,6.3,6.8,2,bG,0.82,6.4,7.5
FIS FREESTYLE SKI WORLD CUP 2025,2025-01-24,WATERVILLE (USA),Men's Moguls,Results Qualification,AHVENAINEN Akseli,2533687,FIN,23,68.6,15.19,40.9,12.51,1,bF,0.88,6.8,6.4,2,7oG,1.01,6.6,6.7
FIS FREESTYLE SKI WORLD CUP 2025,2025-01-24,WATERVILLE (USA),Men's Moguls,Results Qualification,MURPHY George,2534254,AUS,32,65.1,14.49,38.9,11.71,1,7oG,1.01,6.5,4.7,2,bG,0.82,7.0,7.8
FIS FREESTYLE SKI WORLD CUP 2025,2025-01-24,WATERVILLE (USA),Men's Moguls,Results Qualification,OLGAARD Robin,2534212,SWE,46,54.58,14.95,26.7,12.93,1,7oG,1.01,6.8,5.2,2,10op,1.05,6.0,7.1
FIS FREESTYLE SKI WORLD CUP 2024,2024-01-26,WATERVILLE (USA),Women's Moguls,Results Qualification,GERKEN SCHOFIELD,2530540,GBR,22,44.51,14.11,24.8,5.6,1,bG,0.92,3.0,4.8,2,lG,0.92,2.5,1.9
FIS FREESTYLE SKI WORLD CUP 2024,2024-01-26,WATERVILLE (USA),Women's Moguls,Results Qualification,YANAGIMOTO Rino,2532040,JPN,25,21.76,11.55,0.3,9.91,1,bp,0.81,8.6,8.4,2,7op,0.98,3.5,2.7
FIS FREESTYLE SKI WORLD CUP 2024,2024-02-01,DEER VALLEY (USA),Men's Moguls,Results Qualification,MURATA Yutaro,2530684,JPN,29,62.87,14.79,38.5,9.58,1,bF,0.88,4.1,5.2,2,7op,0.88,5.7,6.8
FIS FREESTYLE SKI WORLD CUP 2025,2025-02-21,BEIDAHU (CHN),Men's Moguls,Results Qualification,STEGFELDT Rasmus,2531923,SWE,11,75.7,16.04,45.8,13.86,1,bF,0.88,7.3,6.9,2,7oG,1.01,7.5,7.6
FIS FREESTYLE SKI WORLD CUP 2025,2025-02-21,BEIDAHU (CHN),Men's Moguls,Results Qualification,VAILLANCOURT Elliot,2532513,CAN,19,72.9,14.18,44.3,14.42,1,10op,1.05,7.0,7.4,2,7oG,1.01,6.8,6.8
FIS FREESTYLE SKI WORLD CUP 2025,2025-02-21,BEIDAHU (CHN),Women's Moguls,Results Qualification,OWENS Kai,2534962,USA,14,67.32,12.95,40.8,13.57,1,7op,0.98,6.1,5.2,2,7oG,1.11,7.0,7.5
FIS FREESTYLE SKI WORLD CUP 2025,2024-11-30,RUKA (FIN),Women's Moguls,Results Final 2,JOHNSON Tess,2532270,USA,5,75.02,15.98,43.0,16.04,1,7oG,1.11,7.7,7.8,2,bG,0.92,8.2,8.0
FIS FREESTYLE SKI WORLD CUP 2025,2024-11-30,RUKA (FIN),Women's Moguls,Results Qualification,WEESE Hanna,2532819,GER,10,62.87,13.68,38.0,11.19,1,bp,0.81,7.1,7.0,2,7op,0.98,5.2,6.0
FIS FREESTYLE SKI WORLD CUP 2025,2024-11-30,RUKA (FIN),Women's Moguls,Results Qualification,GALYSHEVA Yuliya,2484307,KAZ,11,60.85,13.48,34.1,13.27,1,bp,0.81,6.4,7.2,2,fG,0.92,8.4,8.5
FIS FREESTYLE SKI WORLD CUP 2025,2024-11-30,RUKA (FIN),Women's Moguls,Results Qualification,DUAUX Marie,2537443,FRA,28,46.39,12.63,20.7,13.06,1,bG,0.92,7.8,6.8,2,bp,0.81,8.0,7.7
FIS FREESTYLE SKI WORLD CUP 2025,2024-12-20,BAKURIANI (GEO),Men's Moguls,Results Final 1,MICHEL Asher,2537833,USA,8,75.83,16.71,44.8,14.32,1,bG,0.82,8.2,8.4,2,7oG,1.01,7.6,7.3
FIS FREESTYLE SKI WORLD CUP 2025,2024-12-20,BAKURIANI (GEO),Men's Moguls,Results Final 1,DUFRESNE Gabriel,2530240,CAN,12,73.17,16.97,42.6,13.6,1,bF,0.88,7.6,7.7,2,10op,1.05,6.7,6.4
FIS FREESTYLE SKI WORLD CUP 2025,2024-12-20,BAKURIANI (GEO),Men's Moguls,Results Final 2,VIERELA Severi,2533386,FIN,3,80.8,18.36,46.1,16.34,1,10op,1.05,8.4,8.7,2,7oG,1.01,7.4,7.2
FIS FREESTYLE SKI WORLD CUP 2025,2024-12-20,BAKURIANI (GEO),Men's Moguls,Results Final 2,STEGFELDT Rasmus,2531923,SWE,5,77.47,18.68,44.1,14.69,1,7oG,1.01,7.8,8.0,2,lG,0.82,8.0,8.4
FIS FREESTYLE SKI WORLD CUP 2025,2024-12-20,BAKURIANI (GEO),Women's Moguls,Results Final 1,GORODKO,2535385,KAZ,14,65.31,18.97,33.8,12.54,1,7op,0.98,6.9,6.6,2,bG,0.92,7.0,5.9
FIS FREESTYLE SKI WORLD CUP 2025,2025-03-11,LIVIGNO (ITA),Men's Moguls,Results Final 2,GRAVENFORS Filip,2534858,SWE,5,71.67,18.19,44.3,9.18,1,bF,0.88,4.9,5.0,2,10op,1.05,4.3,4.9
FIS FREESTYLE SKI WORLD CUP 2025,2025-03-11,LIVIGNO (ITA),Men's Moguls,Results Qualification,PENTTALA Olli,2528035,FIN,13,72.15,15.42,42.1,14.63,1,7oG,1.01,8.4,8.0,2,10op,1.05,6.2,5.9
FIS FREESTYLE SKI WORLD CUP 2025,2025-03-11,LIVIGNO (ITA),Women's Moguls,Results Qualification,KAUF Jaelin,2529064,USA,2,75.77,16.51,45.7,13.56,1,7op,0.98,7.1,6.7,2,bG,0.92,7.5,7.3
FIS FREESTYLE SKI WORLD CUP 2025,2025-03-11,LIVIGNO (ITA),Women's Moguls,Results Qualification,GORODKO,2535385,KAZ,6,68.9,15.52,40.8,12.58,1,7op,0.98,6.8,6.5,2,bG,0.92,7.2,6.0
FIS FREESTYLE SKI WORLD CUP 2025,2025-03-11,LIVIGNO (ITA),Women's Moguls,Results Qualification,CABROL Camille,2530274,FRA,16,62.79,12.38,41.4,9.01,1,bG,0.92,5.1,5.0,2,bp,0.81,5.5,5.3
FIS FREESTYLE SKI WORLD CUP 2025,2025-03-11,LIVIGNO (ITA),Women's Moguls,Results Qualification,GUSTAFSON Moa,2535767,SWE,17,62.02,12.51,40.7,8.81,1,bG,0.92,4.5,4.9,2,bp,0.81,5.1,6.0
FIS FREESTYLE SKI WORLD CUP 2025,2025-03-11,LIVIGNO (ITA),Women's Moguls,Results Qualification,TAGUCHI Yuma,2537043,JPN,19,61.65,10.09,39.9,11.66,1,bG,0.92,6.1,6.7,2,7op,0.98,6.0,5.8
FIS FREESTYLE SKI WORLD CUP 2025,2025-02-28,ALMATY (KAZ),Men's Moguls,Results Qualification,FUJIKI Goshin,2529670,JPN,14,73.51,15.6,45.2,12.71,1,bF,0.88,7.1,7.3,2,7op,0.88,7.0,7.5
FIS FREESTYLE SKI WORLD CUP 2025,2025-02-28,ALMATY (KAZ),Men's Moguls,Results Qualification,GOODISON Samuel,2534451,CAN,19,72.3,15.27,44.1,12.93,1,bF,0.88,7.7,7.8,2,7op,0.88,6.9,7.0
FIS FREESTYLE SKI WORLD CUP 2025,2025-02-28,ALMATY (KAZ),Men's Moguls,Results Qualification,BUGAKOV Fyodor,2535809,KAZ,31,68.04,15.02,41.5,11.52,1,bF,0.88,6.8,6.6,2,7op,0.88,6.4,6.4
FIS FREESTYLE SKI WORLD CUP 2025,2025-02-28,ALMATY (KAZ),Men's Moguls,Results Qualification,SUGIMOTO Kosuke,2528069,JPN,41,36.54,14.75,15.4,6.39,1,bG,0.82,7.7,7.9,2,NJ,0.0,0.0,0.0
FIS FREESTYLE SKI WORLD CUP 2025,2025-02-28,ALMATY (KAZ),Women's Moguls,Results Final 1,HOGG Kasey,2534251,USA,4,74.23,16.16,46.0,12.07,1,bp,0.81,7.2,7.3,2,bG,0.92,6.7,6.8
FIS FREESTYLE SKI WORLD CUP 2025,2025-02-28,ALMATY (KAZ),Women's Moguls,Results Final 1,STENKULA Nicolina,2537789,SWE,16,36.41,9.92,16.5,9.99,1,bG,0.92,6.0,5.8,2,bp,0.81,5.7,5.6
FIS FREESTYLE SKI WORLD CUP 2025,2025-02-28,ALMATY (KAZ),Women's Moguls,Results Qualification,JOHNSON Tess,2532270,USA,1,74.77,15.01,43.7,16.06,1,7oG,1.11,7.7,7.5,2,bG,0.92,8.3,8.3
FIS FREESTYLE SKI WORLD CUP 2025,2025-02-28,ALMATY (KAZ),Women's Moguls,Results Qualification,OWENS Kai,2534962,USA,7,67.18,13.24,41.8,12.14,1,7op,0.98,7.0,6.8,2,bp,0.81,6.8,6.5
FIS FREESTYLE SKI WORLD CUP 2025,2025-02-28,ALMATY (KAZ),Women's Moguls,Results Qualification,CARROLL Avital,2529074,AUT,17,61.73,14.42,37.2,10.11,1,7op,0.98,3.9,3.8,2,bG,0.92,6.8,7.0
FIS FREESTYLE SKI WORLD CUP 2025,2025-02-28,ALMATY (KAZ),Women's Moguls,Results Qualification,MA Zhuoni,2533012,CHN,25,51.1,8.49,33.2,9.41,1,bT,0.78,5.6,5.0,2,bG,0.92,5.7,5.8
"FIS Snowboard, Freestyle and Freeski World Championships 2025",2025-03-18,ST. MORITZ / ENGADIN (SUI),Men's Moguls,Results Qualification,PAGE Nick,2533462,USA,3,79.09,15.9,46.6,16.59,1,7oG,1.01,7.5,8.1,2,10op,1.05,8.2,8.4
"FIS Snowboard, Freestyle and Freeski World Championships 2025",2025-03-18,ST. MORITZ / ENGADIN (SUI),Men's Moguls,Results Qualification,AHVENAINEN Akseli,2533687,FIN,9,74.02,16.7,43.7,13.62,1,bF,0.88,7.4,7.5,2,7oG,1.01,6.8,7.2
"FIS Snowboard, Freestyle and Freeski World Championships 2025",2025-03-18,ST. MORITZ / ENGADIN (SUI),Men's Moguls,Results Qualification,LEE Yoonseung,2537625,KOR,24,68.37,16.68,40.2,11.49,1,bF,0.88,7.4,6.8,2,bp,0.71,7.5,7.3
"FIS Snowboard, Freestyle and Freeski World Championships 2025",2025-03-18,ST. MORITZ / ENGADIN (SUI),Men's Moguls,Results Qualification,MERZ Linus,2533504,GER,32,56.83,15.44,30.3,11.09,1,7op,0.88,5.9,5.6,2,10op,1.05,5.8,5.7
"FIS Snowboard, Freestyle and Freeski World Championships 2025",2025-03-18,ST. MORITZ / ENGADIN (SUI),Men's Moguls,Results Qualification,JEANNESSON Mateo,2535572,GBR,38,42.31,15.0,17.8,9.51,1,10op,1.05,6.9,6.8,2,7oG,1.01,2.3,2.3
"FIS Snowboard, Freestyle and Freeski World Championships 2025",2025-03-19,ST. MORITZ / ENGADIN (SUI),Men's Moguls,Results Final 1,GRAVENFORS Filip,2534858,SWE,4,82.21,18.62,47.5,16.09,1,10op,1.05,8.7,8.9,2,7op,0.88,7.7,7.9
FIS FREESTYLE SKI WORLD CUP 2025,2024-12-06,IDRE FJÄLL (SWE),Men's Moguls,Results Final 1,KINGSBURY Mikael,2484937,CAN,3,83.47,16.7,49.5,17.27,1,bdF,1.05,8.2,7.8,2,10op,1.05,8.4,8.5
FIS FREESTYLE SKI WORLD CUP 2025,2024-12-06,IDRE FJÄLL (SWE),Men's Moguls,Results Final 1,VIERELA Severi,2533386,FIN,10,77.38,17.02,48.3,12.06,1,10op,1.05,8.0,8.0,2,10oG,1.2,3.0,3.1
FIS FREESTYLE SKI WORLD CUP 2025,2025-01-24,WATERVILLE (USA),Men's Moguls,Results Final 1,GRAVENFORS Filip,2534858,SWE,7,77.3,17.18,47.6,12.52,1,bF,0.88,7.0,6.8,2,10op,1.05,5.6,6.7
FIS FREESTYLE SKI WORLD CUP 2025,2025-01-24,WATERVILLE (USA),Men's Moguls,Results Qualification,NISHIZAWA Taketo,2531352,JPN,13,71.65,15.05,43.7,12.9,1,bF,0.88,7.8,6.5,2,7oG,1.01,7.0,6.1
FIS FREESTYLE SKI WORLD CUP 2025,2025-01-24,WATERVILLE (USA),Men's Moguls,Results Qualification,CHALIFOUX Louis-,2534234,CAN,20,69.15,15.52,43.5,10.13,1,bF,0.88,5.8,6.2,2,bp,0.71,6.5,7.2
FIS FREESTYLE SKI WORLD CUP 2025,2025-01-24,WATERVILLE (USA),Men's Moguls,Results Qualification,MICHEL Asher,2537833,USA,24,67.83,15.48,41.5,10.85,1,7oG,1.01,5.5,5.7,2,bG,0.82,6.8,5.9
FIS FREESTYLE SKI WORLD CUP 2024,2024-02-01,DEER VALLEY (USA),Men's Moguls,Results Final 2,KINGSBURY Mikael,2484937,CAN,1,82.17,16.86,49.3,16.01,1,bF,0.88,8.8,9.0,2,10op,1.05,8.1,7.5
FIS FREESTYLE SKI WORLD CUP 2024,2024-02-01,DEER VALLEY (USA),Men's Moguls,Results Qualification,OLGAARD Robin,2534212,SWE,24,64.75,14.85,39.8,10.1,1,bT,0.68,5.7,5.0,2,7op,0.88,7.7,7.0
FIS FREESTYLE SKI WORLD CUP 2024,2024-02-01,DEER VALLEY (USA),Men's Moguls,Results Qualification,BUZZI Enea,2533002,SUI,50,30.46,15.16,9.5,5.8,1,bF,0.88,6.0,5.8,2,7op,0.88,0.4,1.0
FIS FREESTYLE SKI WORLD CUP 2024,2024-01-19,VAL ST. COME (CAN),Men's Moguls,Results Final 2,WALLBERG Walter,2532001,SWE,1,84.92,18.23,51.4,15.29,1,bF,0.88,8.2,8.2,2,10op,1.05,7.7,7.7
FIS FREESTYLE SKI WORLD CUP 2024,2024-01-19,VAL ST. COME (CAN),Men's Moguls,Results Final 2,CAVET Benjamin,2530514,FRA,5,74.85,18.51,45.2,11.14,1,bF,0.88,7.5,7.7,2,10op,1.05,4.3,4.2
FIS FREESTYLE SKI WORLD CUP 2025,2025-02-21,BEIDAHU (CHN),Men's Moguls,Results Qualification,KOLMAKOV Pavel,2528846,KAZ,3,77.78,16.65,47.0,14.13,1,bF,0.88,8.2,8.0,2,bG,0.82,8.6,8.5
FIS FREESTYLE SKI WORLD CUP 2025,2025-02-21,BEIDAHU (CHN),Men's Moguls,Results Qualification,JUNG Daeyoon,2534856,KOR,7,77.04,15.79,46.8,14.45,1,10op,1.05,8.0,7.8,2,7op,0.88,7.0,7.0
FIS FREESTYLE SKI WORLD CUP 2025,2025-02-21,BEIDAHU (CHN),Men's Moguls,Results Qualification,DUBUC Joey,2535858,CAN,17,74.95,14.77,45.4,14.78,1,bF,0.88,8.3,8.1,2,7oG,1.01,7.8,7.2
FIS FREESTYLE SKI WORLD CUP 2025,2025-02-21,BEIDAHU (CHN),Men's Moguls,Results Qualification,KAWAOKA Shima,2533771,JPN,32,68.1,16.87,40.2,11.03,1,bF,0.88,5.8,6.1,2,7op,0.88,6.8,6.4
FIS FREESTYLE SKI WORLD CUP 2025,2025-02-21,BEIDAHU (CHN),Men's Moguls,Results Qualification,LEE Yoonseung,2537625,KOR,38,65.97,15.75,40.0,10.22,1,bdF,1.05,5.5,5.0,2,bp,0.71,6.8,6.5
FIS FREESTYLE SKI WORLD CUP 2025,2025-02-21,BEIDAHU (CHN),Women's Moguls,Results Qualification,TAGUCHI Yuma,2537043,JPN,18,61.77,11.31,37.8,12.66,1,bG,0.92,6.8,7.1,2,7op,0.98,6.3,6.5
FIS FREESTYLE SKI WORLD CUP 2025,2025-02-21,BEIDAHU (CHN),Women's Moguls,Results Qualification,YANG Ya,2537259,CHN,23,55.84,11.1,34.5,10.24,1,bG,0.92,3.7,3.8,2,bp,0.81,8.1,8.7
FIS FREESTYLE SKI WORLD CUP 2025,2024-11-30,RUKA (FIN),Men's Moguls,Results Final 2,KINGSBURY Mikael,2484937,CAN,1,83.9,15.79,51.0,17.11,1,bdF,1.05,8.6,8.8,2,10op,1.05,7.6,7.6
FIS FREESTYLE SKI WORLD CUP 2025,2024-11-30,RUKA (FIN),Women's Moguls,Results Final 2,ANTHONY Jakara,2530720,AUS,2,80.0,15.71,47.3,16.99,1,7oG,1.11,8.1,8.1,2,bG,0.92,8.5,8.9
FIS FREESTYLE SKI WORLD CUP 2025,2024-11-30,RUKA (FIN),Women's Moguls,Results Qualification,KAUF Jaelin,2529064,USA,3,74.65,15.46,45.4,13.79,1,7op,0.98,6.2,6.3,2,bG,0.92,8.3,8.4
FIS FREESTYLE SKI WORLD CUP 2025,2024-11-30,RUKA (FIN),Women's Moguls,Results Qualification,KAJIWARA Yuki,2533769,JPN,33,31.39,11.87,14.7,4.82,1,bG,0.92,3.7,3.6,2,7op,0.98,1.4,1.6
FIS FREESTYLE SKI WORLD CUP 2025,2024-11-30,RUKA (FIN),Women's Moguls,Results Qualification,GUSTAFSON Moa,2535767,SWE,36,5.52,0.0,0.3,5.22,1,bp,0.81,6.5,6.4,2,NJ,0.0,0.0,0.0
FIS FREESTYLE SKI WORLD CUP 2025,2024-12-20,BAKURIANI (GEO),Men's Moguls,Results Final 1,KINGSBURY Mikael,2484937,CAN,5,79.36,16.83,49.0,13.53,1,10op,1.05,9.1,9.2,2,7oG,1.01,3.9,3.9
FIS FREESTYLE SKI WORLD CUP 2025,2024-12-20,BAKURIANI (GEO),Men's Moguls,Results Final 1,GRAHAM Matt,2441426,AUS,7,77.77,19.08,44.6,14.09,1,bdF,1.05,6.6,7.1,2,7op,0.88,7.7,8.0
FIS FREESTYLE SKI WORLD CUP 2025,2024-12-20,BAKURIANI (GEO),Men's Moguls,Results Final 1,KOLMAKOV Pavel,2528846,KAZ,11,74.33,17.33,41.1,15.9,1,bdF,1.05,8.6,8.2,2,10op,1.05,7.0,6.5
FIS FREESTYLE SKI WORLD CUP 2025,2024-12-20,BAKURIANI (GEO),Men's Moguls,Results Final 2,KINGSBURY Mikael,2484937,CAN,2,82.93,16.93,48.6,17.4,1,10op,1.05,8.6,8.4,2,7oG,1.01,8.2,8.6
FIS FREESTYLE SKI WORLD CUP 2025,2024-12-20,BAKURIANI (GEO),Women's Moguls,Results Final 1,WEESE Hanna,2532819,GER,12,67.57,16.53,38.0,13.04,1,bG,0.92,7.5,7.4,2,bp,0.81,7.4,7.9
FIS FREESTYLE SKI WORLD CUP 2025,2024-12-20,BAKURIANI (GEO),Women's Moguls,Results Final 1,DESMARAIS-GILBERT,2531811,CAN,16,23.28,9.21,2.0,12.07,1,bG,0.92,6.0,5.9,2,bp,0.81,8.1,8.2
FIS FREESTYLE SKI WORLD CUP 2025,2025-03-11,LIVIGNO (ITA),Men's Moguls,Results Qualification,MICKEL Charlie,2537180,USA,6,74.86,15.35,44.5,15.01,1,7oG,1.01,8.3,8.2,2,7op,0.88,7.5,7.7
FIS FREESTYLE SKI WORLD CUP 2025,2025-03-11,LIVIGNO (ITA),Men's Moguls,Results Qualification,DUFRESNE Gabriel,2530240,CAN,10,73.4,14.81,45.2,13.39,1,10op,1.05,7.2,7.0,2,bG,0.82,7.4,7.1
FIS FREESTYLE SKI WORLD CUP 2025,2025-03-11,LIVIGNO (ITA),Men's Moguls,Results Qualification,OLGAARD Robin,2534212,SWE,27,62.09,14.07,36.3,11.72,1,10op,1.05,6.0,5.7,2,7op,0.88,6.4,6.3
FIS FREESTYLE SKI WORLD CUP 2025,2025-03-11,LIVIGNO (ITA),Women's Moguls,Results Final 2,TOMITAKA Hinako,2532031,JPN,5,70.22,16.82,40.5,12.9,1,bG,0.92,7.8,7.8,2,7op,0.98,5.8,5.9
FIS FREESTYLE SKI WORLD CUP 2025,2025-03-11,LIVIGNO (ITA),Women's Moguls,Results Qualification,FUJIKI Hina,2533039,JPN,7,68.65,13.16,42.6,12.89,1,bG,0.92,7.6,7.5,2,bp,0.81,7.4,7.3
FIS FREESTYLE SKI WORLD CUP 2025,2025-03-11,LIVIGNO (ITA),Women's Moguls,Results Qualification,LINTON Jessica,2533613,CAN,20,60.93,11.46,40.5,8.97,1,bG,0.92,4.8,4.6,2,bp,0.81,5.6,5.9
"FIS Snowboard, Freestyle and Freeski World Championships 2025",2025-03-18,ST. MORITZ / ENGADIN (SUI),Men's Moguls,Results Qualification,GRAVENFORS Filip,2534858,SWE,1,81.33,17.62,49.6,14.11,1,10op,1.05,6.8,7.1,2,7op,0.88,7.5,8.0
"FIS Snowboard, Freestyle and Freeski World Championships 2025",2025-03-18,ST. MORITZ / ENGADIN (SUI),Men's Moguls,Results Qualification,KOLMAKOV Pavel,2528846,KAZ,16,71.66,15.61,44.8,11.25,1,bF,0.88,6.5,6.5,2,bG,0.82,6.5,7.0
"FIS Snowboard, Freestyle and Freeski World Championships 2025",2025-03-18,ST. MORITZ / ENGADIN (SUI),Men's Moguls,Results Qualification,BONDAREV Anton,2532859,KAZ,25,67.04,15.24,40.5,11.3,1,bF,0.88,6.7,6.8,2,bG,0.82,6.5,6.6
"FIS Snowboard, Freestyle and Freeski World Championships 2025",2025-03-18,ST. MORITZ / ENGADIN (SUI),Men's Moguls,Results Qualification,HARVEY Jackson,2534735,AUS,28,62.08,16.62,35.3,10.16,1,bF,0.88,6.4,6.3,2,bp,0.71,6.5,6.4
"FIS Snowboard, Freestyle and Freeski World Championships 2025",2025-03-18,ST. MORITZ / ENGADIN (SUI),Men's Moguls,Results Qualification,WEESE Nicolas,2535693,GER,39,39.98,18.72,10.4,10.86,1,7oG,1.01,6.7,6.3,2,bG,0.82,5.4,5.1
"FIS Snowboard, Freestyle and Freeski World Championships 2025",2025-03-19,ST. MORITZ / ENGADIN (SUI),Men's Moguls,Results Final 1,WOODS Cooper,2532161,AUS,9,79.64,16.09,47.4,16.15,1,bF,0.88,9.0,8.9,2,7oG,1.01,7.9,8.5
"FIS Snowboard, Freestyle and Freeski World Championships 2025",2025-03-19,ST. MORITZ / ENGADIN (SUI),Men's Moguls,Results Final 2,HORISHIMA Ikuma,2529645,JPN,1,89.03,17.65,52.2,19.18,1,bdF,1.05,8.7,8.8,2,14op,1.22,8.5,9.0
"FIS Snowboard, Freestyle and Freeski World Championships 2025",2025-03-19,ST. MORITZ / ENGADIN (SUI),Men's Moguls,Results Final 2,GRAHAM Matt,2441426,AUS,5,74.84,17.13,44.0,13.71,1,bF,0.88,8.6,8.5,2,10op,1.05,5.9,5.9
"FIS Snowboard, Freestyle and Freeski World Championships 2025",2025-03-19,ST. MORITZ / ENGADIN (SUI),Women's Moguls,Results Final 1,TOMITAKA Hinako,2532031,JPN,6,73.34,16.18,47.1,10.06,1,bG,0.92,4.6,4.2,2,7op,0.98,6.2,6.1
"FIS Snowboard, Freestyle and Freeski World Championships 2025",2025-03-19,ST. MORITZ / ENGADIN (SUI),Women's Moguls,Results Final 1,CABROL Camille,2530274,FRA,8,73.17,15.27,45.4,12.5,1,bG,0.92,6.9,7.0,2,bp,0.81,7.3,7.8
"FIS Snowboard, Freestyle and Freeski World Championships 2025",2025-03-19,ST. MORITZ / ENGADIN (SUI),Women's Moguls,Results Final 1,HOGG Kasey,2534251,USA,16,69.04,17.32,40.0,11.72,1,bp,0.81,6.3,5.5,2,bG,0.92,7.5,7.6
"FIS Snowboard, Freestyle and Freeski World Championships 2025",2025-03-19,ST. MORITZ / ENGADIN (SUI),Women's Moguls,Results Final 2,WILSON Charlotte,2535796,AUS,7,54.27,15.95,26.7,11.62,1,bT,0.78,5.6,5.6,2,bG,0.92,8.0,7.8
FIS FREESTYLE SKI WORLD CUP 2025,2024-12-06,IDRE FJÄLL (SWE),Men's Moguls,Results Final 2,KINGSBURY Mikael,2484937,CAN,1,87.92,17.71,51.0,19.21,1,bdF,1.05,9.3,9.0,2,10op,1.05,9.2,9.1
FIS FREESTYLE SKI WORLD CUP 2025,2024-12-06,IDRE FJÄLL (SWE),Women's Moguls,Results Final 1,KAUF Jaelin,2529064,USA,3,78.86,17.96,46.3,14.6,1,7op,0.98,7.2,7.5,2,bG,0.92,8.2,7.9
FIS FREESTYLE SKI WORLD CUP 2025,2024-12-06,IDRE FJÄLL (SWE),Women's Moguls,Results Final 1,WEESE Hanna,2532819,GER,14,62.13,14.57,38.0,9.56,1,bp,0.81,6.2,6.8,2,7op,0.98,4.2,4.6
FIS FREESTYLE SKI WORLD CUP 2025,2025-01-24,WATERVILLE (USA),Men's Moguls,Results Qualification,KAWAOKA Shima,2533771,JPN,29,65.79,16.79,39.4,9.6,1,bF,0.88,6.1,5.9,2,bp,0.71,6.6,5.6
FIS FREESTYLE SKI WORLD CUP 2024,2024-01-26,WATERVILLE (USA),Women's Moguls,Results Qualification,DESMARAIS-GILBERT,2531811,CAN,24,37.25,13.69,15.3,8.26,1,bG,0.92,4.2,4.0,2,bp,0.81,6.0,5.1
FIS FREESTYLE SKI WORLD CUP 2024,2024-01-26,WATERVILLE (USA),Women's Moguls,Results Qualification,SHAFFER Lulu,2531871,USA,30,8.91,0.0,0.3,8.61,1,bG,0.92,5.2,5.9,2,bp,0.81,4.8,3.9
FIS FREESTYLE SKI WORLD CUP 2024,2024-02-01,DEER VALLEY (USA),Men's Moguls,Results Final 2,PAGE Nick,2533462,USA,5,73.35,16.75,43.1,13.5,1,7op,0.88,7.4,6.8,2,14op,1.22,5.9,6.0
FIS FREESTYLE SKI WORLD CUP 2024,2024-02-01,DEER VALLEY (USA),Men's Moguls,Results Qualification,KAWAOKA Shima,2533771,JPN,32,62.43,17.23,36.4,8.8,1,7oG,1.01,6.1,5.0,2,bp,0.71,4.0,5.0
FIS FREESTYLE SKI WORLD CUP 2024,2024-02-01,DEER VALLEY (USA),Men's Moguls,Results Qualification,VIERELA Severi,2533386,FIN,36,58.4,14.71,34.7,8.99,1,bF,0.88,4.1,5.0,2,7oG,1.01,4.9,5.0
FIS FREESTYLE SKI WORLD CUP 2024,2024-02-01,DEER VALLEY (USA),Men's Moguls,Results Qualification,CAYOLLE Tristan,2533776,FRA,37,55.9,14.94,29.9,11.06,1,bF,0.88,6.8,7.4,2,bp,0.71,6.7,6.9
FIS FREESTYLE SKI WORLD CUP 2024,2024-02-01,DEER VALLEY (USA),Women's Moguls,Results Final 2,TOMITAKA Hinako,2532031,JPN,3,67.33,14.51,40.4,12.42,1,bG,0.92,6.8,7.0,2,7op,0.98,6.5,5.9
FIS FREESTYLE SKI WORLD CUP 2024,2024-01-19,VAL ST. COME (CAN),Men's Moguls,Results Final 2,VAILLANCOURT Elliot,2532513,CAN,2,82.37,17.7,49.1,15.57,1,10op,1.05,8.2,8.1,2,7oG,1.01,7.0,6.9
FIS FREESTYLE SKI WORLD CUP 2025,2025-02-21,BEIDAHU (CHN),Men's Moguls,Results Qualification,FUJIKI Goshin,2529670,JPN,21,72.79,16.52,44.0,12.27,1,bF,0.88,7.5,7.7,2,7op,0.88,6.5,6.2
FIS FREESTYLE SKI WORLD CUP 2025,2025-02-21,BEIDAHU (CHN),Men's Moguls,Results Qualification,WEESE Nicolas,2535693,GER,43,24.44,19.48,0.3,4.66,1,7op,0.88,5.3,5.3,2,NJ,0.0,0.0,0.0
FIS FREESTYLE SKI WORLD CUP 2025,2025-02-21,BEIDAHU (CHN),Women's Moguls,Results Final 2,TOMITAKA Hinako,2532031,JPN,5,75.22,14.55,47.5,13.17,1,7op,0.98,6.7,6.8,2,bp,0.81,8.2,8.0
FIS FREESTYLE SKI WORLD CUP 2025,2025-02-21,BEIDAHU (CHN),Women's Moguls,Results Qualification,CARROLL Avital,2529074,AUT,17,64.4,13.87,38.4,12.13,1,7oG,1.11,5.3,5.3,2,bG,0.92,6.7,6.9
FIS FREESTYLE SKI WORLD CUP 2025,2024-11-30,RUKA (FIN),Women's Moguls,Results Qualification,TOMITAKA Hinako,2532031,JPN,18,57.14,12.84,34.7,9.6,1,bG,0.92,5.6,5.0,2,bp,0.81,5.9,5.8
FIS FREESTYLE SKI WORLD CUP 2025,2024-11-30,RUKA (FIN),Women's Moguls,Results Qualification,WEESE Sophie,2532509,GER,29,45.26,12.4,23.8,9.06,1,bG,0.92,7.6,7.1,2,S,0.48,4.6,5.0
FIS FREESTYLE SKI WORLD CUP 2025,2024-12-20,BAKURIANI (GEO),Men's Moguls,Results Final 1,WALLBERG Walter,2532001,SWE,1,81.81,17.81,48.2,15.8,1,bdF,1.05,7.2,8.0,2,10op,1.05,7.5,7.4
FIS FREESTYLE SKI WORLD CUP 2025,2024-12-20,BAKURIANI (GEO),Women's Moguls,Results Final 2,JOHNSON Tess,2532270,USA,5,73.23,17.64,41.9,13.69,1,7oG,1.11,5.4,5.7,2,bG,0.92,8.2,8.2
FIS FREESTYLE SKI WORLD CUP 2025,2025-03-11,LIVIGNO (ITA),Men's Moguls,Results Final 2,MICKEL Charlie,2537180,USA,3,80.14,16.51,48.1,15.53,1,7oG,1.01,7.6,7.9,2,10op,1.05,7.4,7.3
FIS FREESTYLE SKI WORLD CUP 2025,2025-03-11,LIVIGNO (ITA),Men's Moguls,Results Qualification,HORISHIMA Ikuma,2529645,JPN,1,80.26,15.75,49.8,14.71,1,bF,0.88,8.2,8.2,2,10op,1.05,7.3,7.0
FIS FREESTYLE SKI WORLD CUP 2025,2025-03-11,LIVIGNO (ITA),Men's Moguls,Results Qualification,VIERELA Severi,2533386,FIN,28,55.77,15.48,30.5,9.79,1,7oG,1.01,4.3,4.5,2,10op,1.05,5.2,5.0
FIS FREESTYLE SKI WORLD CUP 2025,2025-03-11,LIVIGNO (ITA),Women's Moguls,Results Final 2,SCHWINGHAMMER,2533204,CAN,4,73.81,16.71,43.7,13.4,1,7op,0.98,8.0,7.9,2,bG,0.92,6.1,6.1
FIS FREESTYLE SKI WORLD CUP 2025,2025-03-11,LIVIGNO (ITA),Women's Moguls,Results Final 2,FUJIKI Hina,2533039,JPN,6,66.31,15.94,40.3,10.07,1,bG,0.92,6.5,6.7,2,bp,0.81,4.9,5.0
FIS FREESTYLE SKI WORLD CUP 2025,2025-02-28,ALMATY (KAZ),Men's Moguls,Results Qualification,MURPHY George,2534254,AUS,13,73.76,14.61,45.5,13.65,1,bG,0.82,8.4,8.5,2,7op,0.88,7.5,7.8
FIS FREESTYLE SKI WORLD CUP 2025,2025-02-28,ALMATY (KAZ),Men's Moguls,Results Qualification,DUBUC Joey,2535858,CAN,27,69.43,15.17,42.0,12.26,1,bF,0.88,7.8,7.9,2,7op,0.88,6.1,6.1
FIS FREESTYLE SKI WORLD CUP 2025,2025-02-28,ALMATY (KAZ),Men's Moguls,Results Qualification,CORDELL Sam,2532530,CAN,32,67.89,15.77,39.8,12.32,1,7oG,1.01,7.1,7.0,2,bG,0.82,6.4,6.3
FIS FREESTYLE SKI WORLD CUP 2025,2025-02-28,ALMATY (KAZ),Women's Moguls,Results Final 1,TAGUCHI Yuma,2537043,JPN,10,69.25,13.46,42.7,13.09,1,bG,0.92,7.0,7.2,2,7op,0.98,6.9,6.5
FIS FREESTYLE SKI WORLD CUP 2025,2025-02-28,ALMATY (KAZ),Women's Moguls,Results Qualification,BERGHUIS Laura,2535376,NED,22,56.58,9.14,36.6,10.84,1,bT,0.78,6.7,6.5,2,bG,0.92,6.1,6.3
FIS FREESTYLE SKI WORLD CUP 2025,2025-02-28,ALMATY (KAZ),Women's Moguls,Results Qualification,YUN Shin-Ee,2537929,KOR,26,49.12,9.79,29.3,10.03,1,bG,0.92,5.5,5.4,2,bp,0.81,6.2,6.2
"FIS Snowboard, Freestyle and Freeski World Championships 2025",2025-03-19,ST. MORITZ / ENGADIN (SUI),Men's Moguls,Results Final 1,VIEL Julien,2534074,CAN,8,81.3,16.64,49.2,15.46,1,bF,0.88,7.8,7.2,2,10op,1.05,8.4,8.5
"FIS Snowboard, Freestyle and Freeski World Championships 2025",2025-03-19,ST. MORITZ / ENGADIN (SUI),Men's Moguls,Results Final 2,VIEL Julien,2534074,CAN,6,58.36,17.44,30.5,10.42,1,bF,0.88,7.9,8.4,2,7op,0.88,3.5,3.9
"FIS Snowboard, Freestyle and Freeski World Championships 2025",2025-03-19,ST. MORITZ / ENGADIN (SUI),Women's Moguls,Results Final 1,WILSON Charlotte,2535796,AUS,5,74.06,16.85,44.8,12.41,1,bT,0.78,5.9,6.0,2,bG,0.92,8.3,8.6
"FIS Snowboard, Freestyle and Freeski World Championships 2025",2025-03-19,ST. MORITZ / ENGADIN (SUI),Women's Moguls,Results Final 1,GORODKO,2535385,KAZ,10,71.57,16.13,42.5,12.94,1,bp,0.81,6.8,6.9,2,bG,0.92,8.2,7.9
"FIS Snowboard, Freestyle and Freeski World Championships 2025",2025-03-19,ST. MORITZ / ENGADIN (SUI),Women's Moguls,Results Final 1,FUJIKI Hina,2533039,JPN,13,71.06,15.14,45.2,10.72,1,bG,0.92,6.0,5.8,2,bp,0.81,6.6,6.5
"FIS Snowboard, Freestyle and Freeski World Championships 2025",2025-03-19,ST. MORITZ / ENGADIN (SUI),Women's Moguls,Results Final 1,GALYSHEVA Yuliya,2484307,KAZ,14,70.41,16.05,41.3,13.06,1,bp,0.81,6.5,6.7,2,fG,0.92,8.3,8.5
"FIS Snowboard, Freestyle and Freeski World Championships 2025",2025-03-19,ST. MORITZ / ENGADIN (SUI),Women's Moguls,Results Final 2,KAUF Jaelin,2529064,USA,8,45.11,16.92,14.7,13.49,1,7op,0.98,5.8,5.7,2,bG,0.92,8.6,8.5
FIS FREESTYLE SKI WORLD CUP 2025,2024-12-06,IDRE FJÄLL (SWE),Women's Moguls,Results Final 1,CABROL Camille,2530274,FRA,7,72.06,14.45,44.0,13.61,1,bp,0.81,7.8,8.0,2,bG,0.92,7.9,7.8
FIS FREESTYLE SKI WORLD CUP 2025,2024-12-06,IDRE FJÄLL (SWE),Women's Moguls,Results Final 2,ANTHONY Jakara,2530720,AUS,1,82.94,17.56,48.2,17.18,1,7oG,1.11,8.5,8.9,2,bp,0.81,9.3,9.3
FIS FREESTYLE SKI WORLD CUP 2025,2024-12-06,IDRE FJÄLL (SWE),Women's Moguls,Results Final 2,KAUF Jaelin,2529064,USA,4,79.83,18.41,47.4,14.02,1,7op,0.98,6.7,7.0,2,bG,0.92,7.5,8.4
FIS FREESTYLE SKI WORLD CUP 2025,2025-01-24,WATERVILLE (USA),Men's Moguls,Results Final 1,HORISHIMA Ikuma,2529645,JPN,3,79.86,16.69,48.3,14.87,1,bF,0.88,7.5,8.3,2,10op,1.05,7.0,8.1
FIS FREESTYLE SKI WORLD CUP 2025,2025-01-24,WATERVILLE (USA),Men's Moguls,Results Qualification,VIEL Julien,2534074,CAN,16,71.31,15.77,43.8,11.74,1,bF,0.88,6.2,6.5,2,7op,0.88,7.0,7.0
FIS FREESTYLE SKI WORLD CUP 2025,2025-01-24,WATERVILLE (USA),Men's Moguls,Results Qualification,HOLMGREN Emil,2534210,SWE,17,71.05,15.36,41.0,14.69,1,7oG,1.01,7.6,7.4,2,7op,0.88,8.3,7.9
FIS FREESTYLE SKI WORLD CUP 2025,2025-01-24,WATERVILLE (USA),Men's Moguls,Results Qualification,MARCELLINI Dylan,2534089,USA,22,68.91,15.03,44.0,9.88,1,7oG,1.01,4.0,5.2,2,7op,0.88,6.0,5.9
FIS FREESTYLE SKI WORLD CUP 2024,2024-02-01,DEER VALLEY (USA),Men's Moguls,Results Qualification,WALLBERG Walter,2532001,SWE,4,77.49,17.16,46.1,14.23,1,bF,0.88,7.4,7.3,2,7oG,1.01,7.8,7.6
FIS FREESTYLE SKI WORLD CUP 2024,2024-02-01,DEER VALLEY (USA),Men's Moguls,Results Qualification,VERDAGUER FORN,2537082,ESP,47,42.57,14.14,18.1,10.33,1,bG,0.82,5.6,6.2,2,7op,0.88,6.0,6.5
FIS FREESTYLE SKI WORLD CUP 2024,2024-02-01,DEER VALLEY (USA),Men's Moguls,Results Qualification,CORDELL Sam,2532530,CAN,52,26.24,13.3,7.5,5.44,1,7oG,1.01,4.4,5.5,2,M,0.41,2.0,0.2
FIS FREESTYLE SKI WORLD CUP 2024,2024-01-19,VAL ST. COME (CAN),Men's Moguls,Results Final 2,HORISHIMA Ikuma,2529645,JPN,4,76.19,17.78,44.4,14.01,1,bdF,1.05,5.7,5.5,2,10op,1.05,7.8,7.7
FIS FREESTYLE SKI WORLD CUP 2025,2025-02-21,BEIDAHU (CHN),Men's Moguls,Results Qualification,GOODISON Samuel,2534451,CAN,28,71.09,14.15,43.5,13.44,1,bF,0.88,7.0,6.8,2,7oG,1.01,7.1,7.5
FIS FREESTYLE SKI WORLD CUP 2025,2025-02-21,BEIDAHU (CHN),Men's Moguls,Results Qualification,MURPHY George,2534254,AUS,30,70.02,14.29,43.5,12.23,1,bG,0.82,7.5,7.1,2,7op,0.88,7.2,7.0
FIS FREESTYLE SKI WORLD CUP 2025,2025-02-21,BEIDAHU (CHN),Women's Moguls,Results Qualification,ITO Marin,2534824,JPN,8,70.06,12.9,46.0,11.16,1,bG,0.92,5.8,5.9,2,fp,0.81,7.3,7.0
FIS FREESTYLE SKI WORLD CUP 2025,2025-02-21,BEIDAHU (CHN),Women's Moguls,Results Qualification,MA Zhuoni,2533012,CHN,25,45.43,7.46,31.6,6.37,1,bT,0.78,3.7,4.4,2,bG,0.92,3.5,3.5
FIS FREESTYLE SKI WORLD CUP 2025,2024-11-30,RUKA (FIN),Men's Moguls,Results Final 2,WALLBERG Walter,2532001,SWE,2,81.14,16.47,48.3,16.37,1,bdF,1.05,7.8,7.7,2,10op,1.05,8.0,7.7
FIS FREESTYLE SKI WORLD CUP 2025,2024-11-30,RUKA (FIN),Women's Moguls,Results Final 2,GIACCIO Olivia,2532241,USA,3,76.95,14.13,46.8,16.02,1,7oG,1.11,7.7,6.8,2,7op,0.98,8.0,8.3
FIS FREESTYLE SKI WORLD CUP 2025,2024-11-30,RUKA (FIN),Women's Moguls,Results Qualification,WILSON Charlotte,2535796,AUS,20,55.66,13.58,29.9,12.18,1,bT,0.78,5.6,6.1,2,bG,0.92,8.3,8.3
FIS FREESTYLE SKI WORLD CUP 2025,2024-11-30,RUKA (FIN),Women's Moguls,Results Qualification,VOUTILAINEN Riikka,2533937,FIN,34,31.36,5.93,21.5,3.93,1,S,0.48,4.1,4.9,2,bp,0.81,2.3,2.1
FIS FREESTYLE SKI WORLD CUP 2025,2024-12-20,BAKURIANI (GEO),Men's Moguls,Results Final 1,VIERELA Severi,2533386,FIN,4,80.09,18.34,45.1,16.65,1,10op,1.05,7.5,7.4,2,7oG,1.01,8.6,8.9
FIS FREESTYLE SKI WORLD CUP 2025,2024-12-20,BAKURIANI (GEO),Men's Moguls,Results Final 1,GRAVENFORS Filip,2534858,SWE,13,72.85,20.0,41.6,11.25,1,bF,0.88,8.3,8.5,2,bp,0.71,5.1,5.8
FIS FREESTYLE SKI WORLD CUP 2025,2024-12-20,BAKURIANI (GEO),Men's Moguls,Results Final 2,WALLBERG Walter,2532001,SWE,4,80.66,18.1,48.6,13.96,1,bdF,1.05,7.6,7.6,2,10op,1.05,5.3,6.1
FIS FREESTYLE SKI WORLD CUP 2025,2024-12-20,BAKURIANI (GEO),Women's Moguls,Results Final 2,GALYSHEVA Yuliya,2484307,KAZ,4,74.82,17.2,41.9,15.72,1,bG,0.92,7.8,7.5,2,fG,0.92,9.5,9.4
FIS FREESTYLE SKI WORLD CUP 2025,2025-03-11,LIVIGNO (ITA),Men's Moguls,Results Qualification,VAILLANCOURT Elliot,2532513,CAN,24,66.09,14.88,39.1,12.11,1,10op,1.05,6.2,6.5,2,7oG,1.01,5.3,5.5
FIS FREESTYLE SKI WORLD CUP 2025,2025-03-11,LIVIGNO (ITA),Women's Moguls,Results Qualification,KOEHLER Ashley,2534528,CAN,25,57.31,11.48,38.0,7.83,1,bT,0.78,5.9,5.6,2,bG,0.92,3.8,3.5
FIS FREESTYLE SKI WORLD CUP 2025,2025-02-28,ALMATY (KAZ),Men's Moguls,Results Qualification,VIERELA Severi,2533386,FIN,20,71.89,15.09,42.2,14.6,1,7oG,1.01,7.6,7.4,2,10op,1.05,6.8,6.6
FIS FREESTYLE SKI WORLD CUP 2025,2025-02-28,ALMATY (KAZ),Men's Moguls,Results Qualification,WALCZYK Dylan,2527085,USA,21,71.51,15.47,45.3,10.74,1,7op,0.88,6.8,7.0,2,bG,0.82,5.7,5.7
FIS FREESTYLE SKI WORLD CUP 2025,2025-02-28,ALMATY (KAZ),Women's Moguls,Results Final 1,DUAUX Marie,2537443,FRA,8,69.89,15.75,42.5,11.64,1,bF,0.98,6.1,6.2,2,bp,0.81,6.9,7.0
FIS FREESTYLE SKI WORLD CUP 2025,2025-02-28,ALMATY (KAZ),Women's Moguls,Results Final 1,OWENS Kai,2534962,USA,15,58.31,14.31,31.0,13.0,1,7op,0.98,6.3,6.2,2,7oG,1.11,6.0,6.4
FIS FREESTYLE SKI WORLD CUP 2025,2025-02-28,ALMATY (KAZ),Women's Moguls,Results Qualification,KAUF Jaelin,2529064,USA,2,70.48,16.16,41.4,12.92,1,7op,0.98,6.1,6.4,2,bG,0.92,7.0,7.8
FIS FREESTYLE SKI WORLD CUP 2025,2025-02-28,ALMATY (KAZ),Women's Moguls,Results Qualification,FEKLISTOVA Yuliya,2539209,KAZ,23,56.0,12.2,35.1,8.7,1,bp,0.81,4.3,4.6,2,bG,0.92,5.6,5.5
FIS FREESTYLE SKI WORLD CUP 2025,2025-02-28,ALMATY (KAZ),Women's Moguls,Results Qualification,LARIONOVA,2539212,KAZ,28,43.16,10.33,25.2,7.63,1,bG,0.92,4.0,3.8,2,bp,0.81,5.1,4.9
"FIS Snowboard, Freestyle and Freeski World Championships 2025",2025-03-18,ST. MORITZ / ENGADIN (SUI),Men's Moguls,Results Qualification,GRAHAM Matt,2441426,AUS,6,77.02,17.42,46.5,13.1,1,bF,0.88,7.8,7.5,2,7op,0.88,7.3,7.2
"FIS Snowboard, Freestyle and Freeski World Championships 2025",2025-03-18,ST. MORITZ / ENGADIN (SUI),Men's Moguls,Results Qualification,KROUPA Matyas,2537792,CZE,23,69.65,16.52,38.7,14.43,1,7oG,1.01,7.1,7.2,2,bG,0.82,8.6,9.0
"FIS Snowboard, Freestyle and Freeski World Championships 2025",2025-03-18,ST. MORITZ / ENGADIN (SUI),Men's Moguls,Results Qualification,FUJIKI Goshin,2529670,JPN,42,13.38,3.85,0.3,9.23,1,bF,0.88,5.4,5.1,2,7op,0.88,5.3,5.2
"FIS Snowboard, Freestyle and Freeski World Championships 2025",2025-03-19,ST. MORITZ / ENGADIN (SUI),Men's Moguls,Results Final 1,PAGE Nick,2533462,USA,5,81.54,16.5,48.1,16.94,1,7oG,1.01,7.8,8.2,2,10op,1.05,8.4,8.5
"FIS Snowboard, Freestyle and Freeski World Championships 2025",2025-03-19,ST. MORITZ / ENGADIN (SUI),Men's Moguls,Results Final 1,CHALIFOUX Louis-,2534234,CAN,17,65.56,15.44,37.9,12.22,1,bF,0.88,7.1,7.0,2,7op,0.88,6.8,6.9
"FIS Snowboard, Freestyle and Freeski World Championships 2025",2025-03-19,ST. MORITZ / ENGADIN (SUI),Women's Moguls,Results Final 1,KOEHLER Ashley,2534528,CAN,18,64.14,14.82,41.8,7.52,1,bT,0.78,5.8,5.5,2,bG,0.92,3.4,3.4
"FIS Snowboard, Freestyle and Freeski World Championships 2025",2025-03-19,ST. MORITZ / ENGADIN (SUI),Women's Moguls,Results Final 2,CABROL Camille,2530274,FRA,5,68.44,15.9,42.0,10.54,1,bG,0.92,5.9,5.5,2,bp,0.81,6.8,6.3
"FIS Snowboard, Freestyle and Freeski World Championships 2025",2025-03-19,ST. MORITZ / ENGADIN (SUI),Women's Moguls,Results Final 2,NAKAO Haruka,2533488,JPN,6,67.57,16.21,41.4,9.96,1,lG,0.92,7.0,7.1,2,7op,0.98,3.6,3.5
FIS FREESTYLE SKI WORLD CUP 2025,2024-12-06,IDRE FJÄLL (SWE),Men's Moguls,Results Final 1,LEE Yoonseung,2537625,KOR,14,71.29,14.68,43.1,13.51,1,bF,0.88,8.2,8.1,2,bp,0.71,9.0,8.9
FIS FREESTYLE SKI WORLD CUP 2025,2024-12-06,IDRE FJÄLL (SWE),Women's Moguls,Results Final 1,HOGG Kasey,2534251,USA,8,72.05,16.74,43.8,11.51,1,bp,0.81,6.2,6.0,2,bG,0.92,7.2,7.1
FIS FREESTYLE SKI WORLD CUP 2025,2024-12-06,IDRE FJÄLL (SWE),Women's Moguls,Results Final 1,NAKAO Haruka,2533488,JPN,16,59.04,14.02,38.3,6.72,1,bG,0.92,3.0,3.0,2,bp,0.81,4.8,5.0
FIS FREESTYLE SKI WORLD CUP 2025,2025-01-24,WATERVILLE (USA),Men's Moguls,Results Final 1,KINGSBURY Mikael,2484937,CAN,2,80.07,16.9,47.8,15.37,1,bF,0.88,8.7,9.2,2,10op,1.05,7.2,7.1
FIS FREESTYLE SKI WORLD CUP 2025,2025-01-24,WATERVILLE (USA),Men's Moguls,Results Qualification,DUFRESNE Gabriel,2530240,CAN,26,67.35,15.0,40.8,11.55,1,bF,0.88,6.0,6.5,2,7oG,1.01,6.3,5.7
FIS FREESTYLE SKI WORLD CUP 2024,2024-02-01,DEER VALLEY (USA),Men's Moguls,Results Qualification,HORISHIMA Ikuma,2529645,JPN,6,76.67,15.87,47.3,13.5,1,bF,0.88,8.1,7.2,2,7op,0.88,8.4,7.0
FIS FREESTYLE SKI WORLD CUP 2024,2024-02-01,DEER VALLEY (USA),Men's Moguls,Results Qualification,WENDLER Landon,2534140,USA,9,71.58,15.68,42.8,13.1,1,7op,0.88,7.5,6.8,2,7oG,1.01,7.0,6.5
FIS FREESTYLE SKI WORLD CUP 2024,2024-02-01,DEER VALLEY (USA),Men's Moguls,Results Qualification,SHIMAKAWA Takuya,2530672,JPN,20,66.67,15.96,38.4,12.31,1,7oG,1.01,6.1,6.0,2,7op,0.88,6.9,7.2
FIS FREESTYLE SKI WORLD CUP 2024,2024-02-01,DEER VALLEY (USA),Men's Moguls,Results Qualification,PENTTALA Olli,2528035,FIN,27,64.39,15.39,36.5,12.5,1,7op,0.88,6.5,7.0,2,10op,1.05,6.0,6.5
FIS FREESTYLE SKI WORLD CUP 2025,2025-02-21,BEIDAHU (CHN),Men's Moguls,Results Final 2,KINGSBURY Mikael,2484937,CAN,2,85.91,16.83,53.2,15.88,1,10op,1.05,8.3,8.4,2,7op,0.88,8.1,8.1
FIS FREESTYLE SKI WORLD CUP 2025,2025-02-21,BEIDAHU (CHN),Men's Moguls,Results Qualification,GRAVENFORS Filip,2534858,SWE,9,76.1,15.94,46.0,14.16,1,10op,1.05,7.0,7.5,2,7op,0.88,7.3,7.6
FIS FREESTYLE SKI WORLD CUP 2025,2025-02-21,BEIDAHU (CHN),Men's Moguls,Results Qualification,HOLMGREN Albin,2532811,SWE,12,75.69,15.75,46.2,13.74,1,7op,0.88,7.3,7.2,2,7oG,1.01,7.2,7.4
FIS FREESTYLE SKI WORLD CUP 2025,2025-02-21,BEIDAHU (CHN),Men's Moguls,Results Qualification,MOUILLE Thibaud,2532044,FRA,18,73.35,13.83,45.3,14.22,1,10op,1.05,7.1,7.2,2,bG,0.82,8.4,8.0
FIS FREESTYLE SKI WORLD CUP 2025,2025-02-21,BEIDAHU (CHN),Men's Moguls,Results Qualification,SUGIMOTO Kosuke,2528069,JPN,23,72.33,15.93,44.4,12.0,1,7op,0.88,7.0,6.5,2,bG,0.82,7.5,7.3
FIS FREESTYLE SKI WORLD CUP 2025,2025-02-21,BEIDAHU (CHN),Men's Moguls,Results Qualification,WALCZYK Dylan,2527085,USA,29,71.05,15.9,42.5,12.65,1,7oG,1.01,6.5,6.3,2,lG,0.82,7.6,7.5
FIS FREESTYLE SKI WORLD CUP 2025,2025-02-21,BEIDAHU (CHN),Men's Moguls,Results Qualification,GAY Paul Andrea,2538751,FRA,39,65.94,13.34,40.2,12.4,1,bF,0.88,7.4,7.3,2,7op,0.88,6.7,6.8
FIS FREESTYLE SKI WORLD CUP 2025,2024-11-30,RUKA (FIN),Women's Moguls,Results Qualification,SCHWINGHAMMER,2533204,CAN,5,71.05,13.44,43.1,14.51,1,7op,0.98,6.5,6.5,2,bG,0.92,8.7,9.0
FIS FREESTYLE SKI WORLD CUP 2025,2024-11-30,RUKA (FIN),Women's Moguls,Results Qualification,MACUGA Alli,2534186,USA,14,58.5,12.42,34.7,11.38,1,bp,0.81,6.5,6.5,2,7op,0.98,6.3,6.2
FIS FREESTYLE SKI WORLD CUP 2025,2024-12-20,BAKURIANI (GEO),Men's Moguls,Results Final 1,STEGFELDT Rasmus,2531923,SWE,6,77.97,17.96,46.4,13.61,1,7oG,1.01,6.7,6.3,2,lG,0.82,8.6,8.6
FIS FREESTYLE SKI WORLD CUP 2025,2024-12-20,BAKURIANI (GEO),Men's Moguls,Results Final 1,JUNG Daeyoon,2534856,KOR,16,51.09,15.5,25.8,9.79,1,10oG,1.2,1.2,1.4,2,14op,1.22,6.4,7.1
FIS FREESTYLE SKI WORLD CUP 2025,2025-03-11,LIVIGNO (ITA),Men's Moguls,Results Qualification,NISHIZAWA Taketo,2531352,JPN,7,74.16,15.97,43.9,14.29,1,bF,0.88,8.0,8.2,2,7oG,1.01,7.0,7.2
FIS FREESTYLE SKI WORLD CUP 2025,2025-03-11,LIVIGNO (ITA),Men's Moguls,Results Qualification,GOODISON Samuel,2534451,CAN,14,71.87,15.5,43.1,13.27,1,bF,0.88,6.8,6.4,2,7oG,1.01,7.8,7.0
FIS FREESTYLE SKI WORLD CUP 2025,2025-03-11,LIVIGNO (ITA),Men's Moguls,Results Qualification,SHIMAKAWA Takuya,2530672,JPN,22,68.45,15.3,40.6,12.55,1,7op,0.88,6.5,6.1,2,7oG,1.01,7.0,6.9
FIS FREESTYLE SKI WORLD CUP 2025,2025-03-11,LIVIGNO (ITA),Men's Moguls,Results Qualification,HOLMGREN Albin,2532811,SWE,29,19.7,5.12,9.0,5.58,1,bF,0.88,1.4,1.2,2,7op,0.88,5.0,5.1
FIS FREESTYLE SKI WORLD CUP 2025,2025-03-11,LIVIGNO (ITA),Women's Moguls,Results Qualification,YANAGIMOTO Rino,2532040,JPN,12,66.29,12.58,41.9,11.81,1,7oG,1.11,5.3,6.8,2,bp,0.81,6.2,6.4
FIS FREESTYLE SKI WORLD CUP 2025,2025-03-11,LIVIGNO (ITA),Women's Moguls,Results Qualification,MERZ Annika,2535327,GER,26,56.24,11.41,35.4,9.43,1,bp,0.81,5.4,6.2,2,bG,0.92,5.0,5.3
FIS FREESTYLE SKI WORLD CUP 2025,2025-02-28,ALMATY (KAZ),Women's Moguls,Results Qualification,DUAUX Marie,2537443,FRA,16,61.74,12.25,38.2,11.29,1,bF,0.98,6.4,6.4,2,bp,0.81,6.2,6.2
FIS FREESTYLE SKI WORLD CUP 2025,2025-02-28,ALMATY (KAZ),Women's Moguls,Results Qualification,ITO Marin,2534824,JPN,18,61.49,10.88,38.7,11.91,1,bG,0.92,7.0,6.4,2,fp,0.81,7.0,7.2
"FIS Snowboard, Freestyle and Freeski World Championships 2025",2025-03-18,ST. MORITZ / ENGADIN (SUI),Men's Moguls,Results Qualification,CAYOLLE Tristan,2533776,FRA,31,58.98,15.75,34.0,9.23,1,7oG,1.01,5.9,5.5,2,lG,0.82,4.5,4.0
"FIS Snowboard, Freestyle and Freeski World Championships 2025",2025-03-19,ST. MORITZ / ENGADIN (SUI),Women's Moguls,Results Final 1,GUSTAFSON Moa,2535767,SWE,20,49.28,16.14,23.1,10.04,1,bG,0.92,5.4,5.0,2,bp,0.81,6.2,6.8
"FIS Snowboard, Freestyle and Freeski World Championships 2025",2025-03-19,ST. MORITZ / ENGADIN (SUI),Women's Moguls,Results Final 2,DESMARAIS-GILBERT,2531811,CAN,4,69.64,15.39,42.8,11.45,1,bG,0.92,6.3,6.2,2,bp,0.81,7.3,6.8
FIS FREESTYLE SKI WORLD CUP 2025,2025-01-24,WATERVILLE (USA),Men's Moguls,Results Final 1,STEGFELDT Rasmus,2531923,SWE,6,78.34,17.74,47.5,13.1,1,7oG,1.01,7.5,7.1,2,lG,0.82,6.7,7.3
FIS FREESTYLE SKI WORLD CUP 2025,2025-01-24,WATERVILLE (USA),Men's Moguls,Results Final 1,CAYOLLE Tristan,2533776,FRA,16,59.13,16.44,30.7,11.99,1,7oG,1.01,6.0,7.2,2,bG,0.82,6.4,6.6
FIS FREESTYLE SKI WORLD CUP 2025,2025-01-24,WATERVILLE (USA),Men's Moguls,Results Final 2,CAVET Benjamin,2530514,FRA,3,74.55,16.9,43.8,13.85,1,bF,0.88,7.1,8.3,2,10op,1.05,6.7,6.8
FIS FREESTYLE SKI WORLD CUP 2025,2025-01-24,WATERVILLE (USA),Men's Moguls,Results Qualification,KOLMAKOV Pavel,2528846,KAZ,21,69.1,15.54,43.5,10.06,1,bF,0.88,6.4,5.8,2,7op,0.88,6.6,4.1
FIS FREESTYLE SKI WORLD CUP 2025,2025-01-24,WATERVILLE (USA),Men's Moguls,Results Qualification,TOBEY Gavin,2535388,USA,37,62.73,15.56,37.3,9.87,1,7op,0.88,5.0,4.7,2,7oG,1.01,6.0,5.1
FIS FREESTYLE SKI WORLD CUP 2025,2025-01-24,WATERVILLE (USA),Men's Moguls,Results Qualification,BONDAREV Anton,2532859,KAZ,39,61.62,15.7,39.2,6.72,1,bF,0.88,6.0,4.7,2,7op,0.88,2.1,2.5
FIS FREESTYLE SKI WORLD CUP 2025,2025-01-24,WATERVILLE (USA),Men's Moguls,Results Qualification,WANG Renda,2537252,CHN,41,59.86,12.43,35.6,11.83,1,bF,0.88,6.5,6.1,2,10op,1.05,6.3,5.7
FIS FREESTYLE SKI WORLD CUP 2025,2025-01-24,WATERVILLE (USA),Men's Moguls,Results Qualification,VERDAGUER FORN,2535379,ESP,42,58.96,14.1,37.2,7.66,1,7op,0.88,5.8,4.7,2,bp,0.71,4.0,4.6
FIS FREESTYLE SKI WORLD CUP 2024,2024-01-26,WATERVILLE (USA),Women's Moguls,Results Qualification,WEESE Hanna,2532819,GER,29,12.49,4.82,3.0,4.67,1,bG,0.92,2.0,1.3,2,bT,0.78,4.3,3.8
FIS FREESTYLE SKI WORLD CUP 2024,2024-02-01,DEER VALLEY (USA),Men's Moguls,Results Qualification,McDONALD Cole,2534511,USA,11,70.89,13.98,43.1,13.81,1,bF,0.88,7.3,6.8,2,10op,1.05,7.5,7.0
FIS FREESTYLE SKI WORLD CUP 2024,2024-02-01,DEER VALLEY (USA),Men's Moguls,Results Qualification,KROUPA Matyas,2537792,CZE,53,24.93,12.34,4.9,7.69,1,7oG,1.01,5.0,5.0,2,7op,0.88,3.0,3.0
FIS FREESTYLE SKI WORLD CUP 2024,2024-02-01,DEER VALLEY (USA),Women's Moguls,Results Final 2,GIACCIO Olivia,2532241,USA,1,75.42,15.96,44.8,14.66,1,bF,0.98,7.2,6.9,2,10op,1.15,7.0,6.5
FIS FREESTYLE SKI WORLD CUP 2025,2025-02-21,BEIDAHU (CHN),Men's Moguls,Results Final 2,GRAVENFORS Filip,2534858,SWE,3,83.79,16.97,50.6,16.22,1,10oG,1.2,7.7,7.6,2,7op,0.88,8.0,8.0
FIS FREESTYLE SKI WORLD CUP 2025,2025-02-21,BEIDAHU (CHN),Men's Moguls,Results Qualification,BUGAKOV Fyodor,2535809,KAZ,40,64.74,15.03,38.5,11.21,1,bF,0.88,6.7,6.3,2,7op,0.88,6.3,6.2
FIS FREESTYLE SKI WORLD CUP 2025,2025-02-21,BEIDAHU (CHN),Women's Moguls,Results Qualification,TOMITAKA Hinako,2532031,JPN,5,71.66,13.31,46.1,12.25,1,bG,0.92,6.7,6.4,2,bp,0.81,7.5,7.9
FIS FREESTYLE SKI WORLD CUP 2025,2025-02-21,BEIDAHU (CHN),Women's Moguls,Results Qualification,JOHNSON Tess,2532270,USA,7,71.11,14.94,45.2,10.97,1,7oG,1.11,3.3,3.8,2,bG,0.92,7.5,7.8
FIS FREESTYLE SKI WORLD CUP 2025,2024-11-30,RUKA (FIN),Women's Moguls,Results Qualification,FUJIKI Hina,2533039,JPN,17,57.27,9.75,36.1,11.42,1,bG,0.92,6.8,6.6,2,bp,0.81,6.2,6.8
FIS FREESTYLE SKI WORLD CUP 2025,2024-11-30,RUKA (FIN),Women's Moguls,Results Qualification,DOOLEY Claire,2535435,IRL,30,44.08,6.75,28.0,9.33,1,3,0.78,6.0,5.8,2,bp,0.81,5.8,5.9
FIS FREESTYLE SKI WORLD CUP 2025,2024-11-30,RUKA (FIN),Women's Moguls,Results Qualification,STENKULA Nicolina,2537789,SWE,32,36.96,10.18,19.9,6.88,1,bG,0.92,3.5,3.2,2,bp,0.81,4.4,5.0
FIS FREESTYLE SKI WORLD CUP 2025,2024-12-20,BAKURIANI (GEO),Men's Moguls,Results Final 2,CAVET Benjamin,2530514,FRA,1,84.08,17.86,49.1,17.12,1,bF,0.88,9.0,9.4,2,10op,1.05,8.6,8.6
FIS FREESTYLE SKI WORLD CUP 2025,2024-12-20,BAKURIANI (GEO),Women's Moguls,Results Final 1,YANAGIMOTO Rino,2532040,JPN,7,72.09,16.26,43.0,12.83,1,bp,0.81,7.3,7.0,2,7oG,1.11,6.5,6.2
FIS FREESTYLE SKI WORLD CUP 2025,2025-03-11,LIVIGNO (ITA),Men's Moguls,Results Final 2,KINGSBURY Mikael,2484937,CAN,2,82.9,17.6,49.4,15.9,1,bdF,1.05,6.9,6.8,2,10op,1.05,8.4,8.2
FIS FREESTYLE SKI WORLD CUP 2025,2025-03-11,LIVIGNO (ITA),Men's Moguls,Results Final 2,PAGE Nick,2533462,USA,4,79.16,16.08,47.6,15.48,1,10op,1.05,7.2,6.9,2,7oG,1.01,8.0,8.0
FIS FREESTYLE SKI WORLD CUP 2025,2025-03-11,LIVIGNO (ITA),Men's Moguls,Results Qualification,PAGE Nick,2533462,USA,9,73.76,14.62,45.5,13.64,1,10op,1.05,6.7,6.7,2,7oG,1.01,6.6,6.5
FIS FREESTYLE SKI WORLD CUP 2025,2025-03-11,LIVIGNO (ITA),Women's Moguls,Results Qualification,HOGG Kasey,2534251,USA,10,67.14,13.29,42.6,11.25,1,bp,0.81,6.4,7.2,2,bG,0.92,6.2,6.3
FIS FREESTYLE SKI WORLD CUP 2025,2025-02-28,ALMATY (KAZ),Men's Moguls,Results Qualification,NISHIZAWA Taketo,2531352,JPN,16,73.33,16.9,42.8,13.63,1,bF,0.88,7.5,7.3,2,7oG,1.01,7.0,7.1
FIS FREESTYLE SKI WORLD CUP 2025,2025-02-28,ALMATY (KAZ),Men's Moguls,Results Qualification,VAILLANCOURT Elliot,2532513,CAN,18,72.91,15.6,43.3,14.01,1,7op,0.88,7.5,7.6,2,7oG,1.01,7.2,7.4
FIS FREESTYLE SKI WORLD CUP 2025,2025-02-28,ALMATY (KAZ),Women's Moguls,Results Final 1,RAMSAUER Katharina,2530097,AUT,14,64.32,13.55,41.9,8.87,1,bT,0.78,6.1,6.3,2,bG,0.92,4.3,4.5
FIS FREESTYLE SKI WORLD CUP 2025,2025-02-28,ALMATY (KAZ),Women's Moguls,Results Qualification,RAMSAUER Katharina,2530097,AUT,14,63.43,13.19,40.4,9.84,1,bT,0.78,6.1,6.3,2,bG,0.92,5.4,5.5
FIS FREESTYLE SKI WORLD CUP 2025,2025-02-28,ALMATY (KAZ),Women's Moguls,Results Qualification,FUJIKI Hina,2533039,JPN,20,60.7,10.38,39.4,10.92,1,bG,0.92,6.1,6.3,2,bp,0.81,6.4,6.5
FIS FREESTYLE SKI WORLD CUP 2025,2025-02-28,ALMATY (KAZ),Women's Moguls,Results Qualification,YANG Ya,2537259,CHN,27,48.13,8.18,28.5,11.45,1,bG,0.92,5.7,5.8,2,7op,0.98,6.0,6.6
"FIS Snowboard, Freestyle and Freeski World Championships 2025",2025-03-18,ST. MORITZ / ENGADIN (SUI),Men's Moguls,Results Qualification,BUZZI Enea,2533002,SUI,26,66.0,15.44,38.5,12.06,1,10op,1.05,6.1,6.2,2,bp,0.71,7.8,8.0
"FIS Snowboard, Freestyle and Freeski World Championships 2025",2025-03-18,ST. MORITZ / ENGADIN (SUI),Men's Moguls,Results Qualification,OLEKSIUK Rostyslav,2540541,UKR,37,43.89,4.99,31.4,7.5,1,bG,0.82,4.9,4.5,2,bp,0.71,5.3,5.0
"FIS Snowboard, Freestyle and Freeski World Championships 2025",2025-03-19,ST. MORITZ / ENGADIN (SUI),Men's Moguls,Results Final 1,WALCZYK Dylan,2527085,USA,12,74.52,16.21,47.7,10.61,1,bG,0.82,6.3,6.5,2,7op,0.88,6.2,6.0
"FIS Snowboard, Freestyle and Freeski World Championships 2025",2025-03-19,ST. MORITZ / ENGADIN (SUI),Men's Moguls,Results Final 1,MICKEL Charlie,2537180,USA,16,70.69,16.13,41.4,13.16,1,7oG,1.01,6.7,7.0,2,7op,0.88,7.0,7.2
FIS FREESTYLE SKI WORLD CUP 2025,2024-12-06,IDRE FJÄLL (SWE),Men's Moguls,Results Final 1,WALLBERG Walter,2532001,SWE,2,84.53,17.53,49.0,18.0,1,bdF,1.05,8.3,8.1,2,10op,1.05,8.9,9.0
FIS FREESTYLE SKI WORLD CUP 2025,2024-12-06,IDRE FJÄLL (SWE),Women's Moguls,Results Final 1,LINTON Jessica,2533613,CAN,13,64.49,13.66,40.4,10.43,1,bG,0.92,4.8,4.8,2,7op,0.98,6.2,6.1
FIS FREESTYLE SKI WORLD CUP 2025,2025-01-24,WATERVILLE (USA),Men's Moguls,Results Final 1,MOUILLE Thibaud,2532044,FRA,11,74.23,15.15,44.5,14.58,1,10op,1.05,6.8,8.4,2,bG,0.82,7.5,8.6
FIS FREESTYLE SKI WORLD CUP 2025,2025-01-24,WATERVILLE (USA),Men's Moguls,Results Qualification,HORISHIMA Ikuma,2529645,JPN,1,80.67,15.75,49.2,15.72,1,bF,0.88,8.0,8.4,2,10op,1.05,8.0,8.2
FIS FREESTYLE SKI WORLD CUP 2025,2025-01-24,WATERVILLE (USA),Men's Moguls,Results Qualification,MICKEL Charlie,2537180,USA,34,63.96,15.03,38.5,10.43,1,7oG,1.01,5.7,5.3,2,7op,0.88,5.5,5.6
FIS FREESTYLE SKI WORLD CUP 2025,2025-01-24,WATERVILLE (USA),Men's Moguls,Results Qualification,CONEDERA Martino,2532502,SUI,36,62.86,12.97,38.4,11.49,1,7oG,1.01,7.0,6.0,2,7op,0.88,6.0,5.2
FIS FREESTYLE SKI WORLD CUP 2024,2024-01-26,WATERVILLE (USA),Women's Moguls,Results Qualification,CARROLL Avital,2529074,AUT,26,19.98,9.47,4.5,6.01,1,bG,0.92,1.5,1.1,2,bp,0.81,5.9,6.0
FIS FREESTYLE SKI WORLD CUP 2024,2024-02-01,DEER VALLEY (USA),Men's Moguls,Results Qualification,KINGSBURY Mikael,2484937,CAN,2,78.08,15.49,48.3,14.29,1,bF,0.88,8.1,8.2,2,7op,0.88,8.0,8.2
FIS FREESTYLE SKI WORLD CUP 2024,2024-02-01,DEER VALLEY (USA),Men's Moguls,Results Qualification,WALCZYK Dylan,2527085,USA,10,71.5,14.92,46.0,10.58,1,bG,0.82,7.2,6.3,2,7op,0.88,6.3,5.2
FIS FREESTYLE SKI WORLD CUP 2024,2024-02-01,DEER VALLEY (USA),Men's Moguls,Results Qualification,MICHEL Asher,2537833,USA,19,66.69,13.93,40.7,12.06,1,bG,0.82,7.2,7.2,2,7op,0.88,7.0,7.0
FIS FREESTYLE SKI WORLD CUP 2024,2024-02-01,DEER VALLEY (USA),Men's Moguls,Results Qualification,GAJDECKA Marek,2535392,CZE,54,15.84,6.61,3.3,5.93,1,bF,0.88,3.0,2.6,2,7op,0.88,4.0,3.9
FIS FREESTYLE SKI WORLD CUP 2025,2025-02-21,BEIDAHU (CHN),Men's Moguls,Results Qualification,KINGSBURY Mikael,2484937,CAN,1,81.55,16.12,51.4,14.03,1,10op,1.05,7.0,7.5,2,7op,0.88,7.6,7.0
FIS FREESTYLE SKI WORLD CUP 2025,2025-02-21,BEIDAHU (CHN),Men's Moguls,Results Qualification,PENTTALA Olli,2528035,FIN,27,71.52,15.34,42.8,13.38,1,7oG,1.01,6.2,6.9,2,10op,1.05,6.2,6.7
FIS FREESTYLE SKI WORLD CUP 2025,2025-02-21,BEIDAHU (CHN),Men's Moguls,Results Qualification,BONDAREV Anton,2532859,KAZ,42,53.45,14.47,31.5,7.48,1,10op,1.05,4.7,4.1,2,bG,0.82,3.5,3.5
FIS FREESTYLE SKI WORLD CUP 2025,2025-02-21,BEIDAHU (CHN),Women's Moguls,Results Final 2,JOHNSON Tess,2532270,USA,4,76.5,15.36,46.3,14.84,1,7oG,1.11,6.3,6.2,2,bG,0.92,8.5,8.7
FIS FREESTYLE SKI WORLD CUP 2025,2025-02-21,BEIDAHU (CHN),Women's Moguls,Results Qualification,GORODKO,2535385,KAZ,12,68.99,16.0,40.0,12.99,1,7op,0.98,5.9,5.8,2,bG,0.92,8.0,7.8
FIS FREESTYLE SKI WORLD CUP 2025,2025-02-21,BEIDAHU (CHN),Women's Moguls,Results Qualification,YANAGIMOTO Rino,2532040,JPN,13,68.72,14.25,42.0,12.47,1,7oG,1.11,6.0,6.6,2,7op,0.98,5.2,6.0
FIS FREESTYLE SKI WORLD CUP 2025,2025-02-21,BEIDAHU (CHN),Women's Moguls,Results Qualification,FUJIKI Hina,2533039,JPN,16,66.3,12.79,43.3,10.21,1,bG,0.92,5.3,6.0,2,bp,0.81,6.3,6.1
FIS FREESTYLE SKI WORLD CUP 2025,2025-02-21,BEIDAHU (CHN),Women's Moguls,Results Qualification,RAMSAUER Katharina,2530097,AUT,22,55.94,11.64,32.6,11.7,1,bT,0.78,5.8,5.0,2,bG,0.92,8.2,8.1
FIS FREESTYLE SKI WORLD CUP 2025,2024-11-30,RUKA (FIN),Women's Moguls,Results Qualification,CABROL Camille,2530274,FRA,9,66.34,11.69,44.4,10.25,1,bG,0.92,5.8,6.2,2,bp,0.81,6.2,5.5
FIS FREESTYLE SKI WORLD CUP 2025,2024-11-30,RUKA (FIN),Women's Moguls,Results Qualification,LINTON Jessica,2533613,CAN,22,53.75,11.74,33.8,8.21,1,bG,0.92,3.6,3.7,2,bp,0.81,6.0,6.0
FIS FREESTYLE SKI WORLD CUP 2025,2024-12-20,BAKURIANI (GEO),Women's Moguls,Results Final 1,OWENS Kai,2534962,USA,8,69.83,15.98,40.3,13.55,1,bp,0.81,6.5,6.7,2,7oG,1.11,7.4,7.4
FIS FREESTYLE SKI WORLD CUP 2025,2025-03-11,LIVIGNO (ITA),Men's Moguls,Results Qualification,GRAVENFORS Filip,2534858,SWE,5,75.99,16.0,46.4,13.59,1,bF,0.88,8.3,8.1,2,7op,0.88,7.5,7.0
FIS FREESTYLE SKI WORLD CUP 2025,2025-03-11,LIVIGNO (ITA),Men's Moguls,Results Qualification,KOLMAKOV Pavel,2528846,KAZ,8,73.92,15.6,45.4,12.92,1,bF,0.88,6.9,7.6,2,7op,0.88,7.2,7.7
FIS FREESTYLE SKI WORLD CUP 2025,2025-03-11,LIVIGNO (ITA),Women's Moguls,Results Qualification,TOMITAKA Hinako,2532031,JPN,8,68.01,12.91,45.1,10.0,1,bG,0.92,4.9,5.5,2,bp,0.81,6.2,6.7
FIS FREESTYLE SKI WORLD CUP 2025,2025-03-11,LIVIGNO (ITA),Women's Moguls,Results Qualification,ITO Marin,2534824,JPN,9,67.64,13.07,43.4,11.17,1,bG,0.92,5.1,6.1,2,fG,0.92,6.4,6.7
FIS FREESTYLE SKI WORLD CUP 2025,2025-03-11,LIVIGNO (ITA),Women's Moguls,Results Qualification,DESMARAIS-GILBERT,2531811,CAN,14,64.33,14.07,41.3,8.96,1,bG,0.92,4.2,4.3,2,bp,0.81,6.8,5.7
FIS FREESTYLE SKI WORLD CUP 2025,2025-02-28,ALMATY (KAZ),Men's Moguls,Results Qualification,GRAHAM Matt,2441426,AUS,7,75.52,17.07,46.1,12.35,1,bF,0.88,7.1,7.1,2,7op,0.88,6.9,7.0
FIS FREESTYLE SKI WORLD CUP 2025,2025-02-28,ALMATY (KAZ),Men's Moguls,Results Qualification,MOUILLE Thibaud,2532044,FRA,12,73.92,14.42,43.8,15.7,1,10op,1.05,7.6,7.7,2,7oG,1.01,7.7,7.5
FIS FREESTYLE SKI WORLD CUP 2025,2025-02-28,ALMATY (KAZ),Men's Moguls,Results Qualification,SHIMAKAWA Takuya,2530672,JPN,22,71.36,14.67,43.8,12.89,1,7op,0.88,7.5,7.7,2,7oG,1.01,6.1,6.2
FIS FREESTYLE SKI WORLD CUP 2025,2025-02-28,ALMATY (KAZ),Men's Moguls,Results Qualification,CAYOLLE Tristan,2533776,FRA,29,68.6,14.92,41.7,11.98,1,7oG,1.01,6.4,6.3,2,bG,0.82,6.8,6.8
FIS FREESTYLE SKI WORLD CUP 2025,2025-02-28,ALMATY (KAZ),Women's Moguls,Results Qualification,GALYSHEVA Yuliya,2484307,KAZ,5,68.57,14.0,41.1,13.47,1,bG,0.92,6.9,7.1,2,fG,0.92,7.5,7.8
FIS FREESTYLE SKI WORLD CUP 2025,2025-02-28,ALMATY (KAZ),Women's Moguls,Results Qualification,MALHERBE Malica,2535457,RSA,24,55.88,11.64,34.8,9.44,1,bG,0.92,5.2,5.4,2,bp,0.81,5.6,5.7
FIS FREESTYLE SKI WORLD CUP 2025,2025-02-28,ALMATY (KAZ),Women's Moguls,Results Qualification,HAO Liyun,2537261,CHN,29,42.62,4.76,30.0,7.86,1,S,0.48,5.1,5.6,2,bp,0.81,6.6,6.5
FIS FREESTYLE SKI WORLD CUP 2025,2025-02-28,ALMATY (KAZ),Women's Moguls,Results Qualification,LI Ruilin,2537198,CHN,31,23.69,8.69,11.0,4.0,1,bp,0.81,4.9,5.0,2,NJ,0.0,0.0,0.0
"FIS Snowboard, Freestyle and Freeski World Championships 2025",2025-03-18,ST. MORITZ / ENGADIN (SUI),Men's Moguls,Results Qualification,NISHIZAWA Taketo,2531352,JPN,7,76.48,16.24,46.1,14.14,1,bF,0.88,6.8,7.0,2,7oG,1.01,8.1,7.9
"FIS Snowboard, Freestyle and Freeski World Championships 2025",2025-03-18,ST. MORITZ / ENGADIN (SUI),Men's Moguls,Results Qualification,WALCZYK Dylan,2527085,USA,8,75.61,16.09,47.0,12.52,1,bG,0.82,8.1,8.2,2,7op,0.88,6.7,6.6
"FIS Snowboard, Freestyle and Freeski World Championships 2025",2025-03-18,ST. MORITZ / ENGADIN (SUI),Men's Moguls,Results Qualification,SHIMAKAWA Takuya,2530672,JPN,19,70.98,15.14,42.1,13.74,1,bG,0.82,8.3,8.4,2,7op,0.88,7.9,7.8
"FIS Snowboard, Freestyle and Freeski World Championships 2025",2025-03-18,ST. MORITZ / ENGADIN (SUI),Men's Moguls,Results Qualification,BUGAKOV Fyodor,2535809,KAZ,30,60.1,14.49,36.6,9.01,1,bF,0.88,3.8,3.5,2,7op,0.88,6.5,6.7
"FIS Snowboard, Freestyle and Freeski World Championships 2025",2025-03-19,ST. MORITZ / ENGADIN (SUI),Men's Moguls,Results Final 1,HORISHIMA Ikuma,2529645,JPN,1,85.47,16.79,51.1,17.58,1,bdF,1.05,7.9,7.9,2,10op,1.05,8.7,9.0
"FIS Snowboard, Freestyle and Freeski World Championships 2025",2025-03-19,ST. MORITZ / ENGADIN (SUI),Men's Moguls,Results Final 2,PAGE Nick,2533462,USA,4,80.77,17.05,46.9,16.82,1,7oG,1.01,8.4,8.5,2,10op,1.05,7.8,8.0
"FIS Snowboard, Freestyle and Freeski World Championships 2025",2025-03-19,ST. MORITZ / ENGADIN (SUI),Women's Moguls,Results Final 1,LAFFONT Perrine,2531156,FRA,1,76.23,17.87,45.8,12.56,1,bp,0.81,7.3,6.8,2,7op,0.98,7.1,6.9
"FIS Snowboard, Freestyle and Freeski World Championships 2025",2025-03-19,ST. MORITZ / ENGADIN (SUI),Women's Moguls,Results Final 1,SCHWINGHAMMER,2533204,CAN,3,75.57,15.89,44.7,14.98,1,7op,0.98,7.5,7.8,2,bG,0.92,7.9,8.4
"FIS Snowboard, Freestyle and Freeski World Championships 2025",2025-03-19,ST. MORITZ / ENGADIN (SUI),Women's Moguls,Results Final 1,JOHNSON Tess,2532270,USA,12,71.21,14.98,44.2,12.03,1,7oG,1.11,5.1,4.9,2,bG,0.92,7.1,7.0
"FIS Snowboard, Freestyle and Freeski World Championships 2025",2025-03-19,ST. MORITZ / ENGADIN (SUI),Women's Moguls,Results Final 1,WEESE Hanna,2532819,GER,19,53.53,17.51,24.0,12.02,1,bG,0.92,6.4,6.1,2,bp,0.81,7.5,8.0
FIS FREESTYLE SKI WORLD CUP 2025,2024-12-06,IDRE FJÄLL (SWE),Men's Moguls,Results Final 1,SHIMAKAWA Takuya,2530672,JPN,7,79.1,15.58,47.7,15.82,1,7oG,1.01,8.5,8.2,2,7op,0.88,8.3,8.5
FIS FREESTYLE SKI WORLD CUP 2025,2025-01-24,WATERVILLE (USA),Men's Moguls,Results Final 1,PAGE Nick,2533462,USA,1,81.51,17.25,47.9,16.36,1,10op,1.05,7.5,7.9,2,7oG,1.01,8.2,8.2
FIS FREESTYLE SKI WORLD CUP 2025,2025-01-24,WATERVILLE (USA),Men's Moguls,Results Final 1,VIEL Julien,2534074,CAN,10,74.36,16.68,45.9,11.78,1,bF,0.88,7.0,6.9,2,7op,0.88,6.8,6.1
FIS FREESTYLE SKI WORLD CUP 2025,2025-01-24,WATERVILLE (USA),Men's Moguls,Results Qualification,VAILLANCOURT Elliot,2532513,CAN,31,65.27,14.34,38.5,12.43,1,7op,0.88,6.8,5.4,2,7oG,1.01,7.0,7.0
FIS FREESTYLE SKI WORLD CUP 2024,2024-01-26,WATERVILLE (USA),Women's Moguls,Results Qualification,GUSTAFSON Moa,2535767,SWE,31,5.19,0.0,0.3,4.89,1,bp,0.81,4.2,6.0,2,bL,0.81,0.1,1.8
FIS FREESTYLE SKI WORLD CUP 2024,2024-01-26,WATERVILLE (USA),Women's Moguls,Results Qualification,DOOLEY Claire,2535435,IRL,32,2.01,0.0,0.3,1.71,1,3,0.78,1.5,2.9,2,NJ,0.0,0.0,0.0
FIS FREESTYLE SKI WORLD CUP 2024,2024-02-01,DEER VALLEY (USA),Men's Moguls,Results Qualification,HOLMGREN Albin,2532811,SWE,15,69.39,14.45,43.4,11.54,1,bF,0.88,4.0,5.6,2,7oG,1.01,7.3,7.2
FIS FREESTYLE SKI WORLD CUP 2025,2025-02-21,BEIDAHU (CHN),Men's Moguls,Results Final 2,VIERELA Severi,2533386,FIN,6,76.72,17.81,44.4,14.51,1,7oG,1.01,7.1,7.4,2,10op,1.05,7.0,6.7
FIS FREESTYLE SKI WORLD CUP 2025,2025-02-21,BEIDAHU (CHN),Men's Moguls,Results Qualification,CORDELL Sam,2532530,CAN,13,75.52,14.14,46.7,14.68,1,7oG,1.01,7.9,7.8,2,bG,0.82,8.2,8.3
FIS FREESTYLE SKI WORLD CUP 2025,2025-02-21,BEIDAHU (CHN),Men's Moguls,Results Qualification,HORISHIMA Ikuma,2529645,JPN,16,74.99,15.61,45.1,14.28,1,bF,0.88,8.0,7.4,2,10op,1.05,7.0,7.3
FIS FREESTYLE SKI WORLD CUP 2025,2025-02-21,BEIDAHU (CHN),Women's Moguls,Results Qualification,HOGG Kasey,2534251,USA,6,71.58,14.25,46.0,11.33,1,bp,0.81,6.2,5.9,2,bG,0.92,7.0,7.0
FIS FREESTYLE SKI WORLD CUP 2025,2025-02-21,BEIDAHU (CHN),Women's Moguls,Results Qualification,CABROL Camille,2530274,FRA,9,69.12,13.97,42.9,12.25,1,bG,0.92,6.8,7.0,2,bp,0.81,7.1,7.5
FIS FREESTYLE SKI WORLD CUP 2025,2024-11-30,RUKA (FIN),Women's Moguls,Results Final 2,LAFFONT Perrine,2531156,FRA,1,81.13,16.06,49.0,16.07,1,7oG,1.11,8.2,8.0,2,bG,0.92,7.7,7.7
FIS FREESTYLE SKI WORLD CUP 2025,2024-11-30,RUKA (FIN),Women's Moguls,Results Final 2,OWENS Kai,2534962,USA,6,41.16,9.03,20.2,11.93,1,7op,0.98,7.2,7.0,2,bp,0.81,6.3,6.0
FIS FREESTYLE SKI WORLD CUP 2025,2024-11-30,RUKA (FIN),Women's Moguls,Results Qualification,OWENS Kai,2534962,USA,13,59.57,11.54,35.2,12.83,1,7op,0.98,7.6,7.4,2,7oG,1.11,5.0,4.9
FIS FREESTYLE SKI WORLD CUP 2025,2024-12-20,BAKURIANI (GEO),Women's Moguls,Results Final 1,GIACCIO Olivia,2532241,USA,1,79.77,16.95,46.1,16.72,1,7oG,1.11,7.8,7.6,2,7op,0.98,8.2,8.5
FIS FREESTYLE SKI WORLD CUP 2025,2024-12-20,BAKURIANI (GEO),Women's Moguls,Results Final 1,KAUF Jaelin,2529064,USA,6,73.25,18.57,40.9,13.78,1,7op,0.98,7.6,7.5,2,bG,0.92,7.1,6.8
FIS FREESTYLE SKI WORLD CUP 2025,2025-03-11,LIVIGNO (ITA),Men's Moguls,Results Qualification,MOUILLE Thibaud,2532044,FRA,16,70.88,13.69,43.3,13.89,1,10op,1.05,7.7,7.3,2,7op,0.88,6.8,6.9
FIS FREESTYLE SKI WORLD CUP 2025,2025-03-11,LIVIGNO (ITA),Men's Moguls,Results Qualification,JEANNESSON Mateo,2535572,GBR,23,67.73,13.43,43.2,11.1,1,10op,1.05,4.9,5.3,2,7oG,1.01,5.4,6.0
FIS FREESTYLE SKI WORLD CUP 2025,2025-03-11,LIVIGNO (ITA),Women's Moguls,Results Qualification,JOHNSON Tess,2532270,USA,4,71.39,13.95,42.0,15.44,1,7oG,1.11,7.3,7.2,2,bG,0.92,7.9,8.2
FIS FREESTYLE SKI WORLD CUP 2025,2025-03-11,LIVIGNO (ITA),Women's Moguls,Results Qualification,CARROLL Avital,2529074,AUT,15,63.85,13.88,40.3,9.67,1,bp,0.81,5.2,5.3,2,bG,0.92,5.5,6.3
FIS FREESTYLE SKI WORLD CUP 2025,2025-02-28,ALMATY (KAZ),Men's Moguls,Results Qualification,KROUPA Matyas,2537792,CZE,36,65.31,14.38,39.5,11.43,1,bG,0.82,6.0,6.0,2,7oG,1.01,6.4,6.5
FIS FREESTYLE SKI WORLD CUP 2025,2025-02-28,ALMATY (KAZ),Men's Moguls,Results Qualification,WANG Renda,2537252,CHN,37,64.68,11.98,41.8,10.9,1,bF,0.88,6.0,6.2,2,7op,0.88,6.2,6.4
FIS FREESTYLE SKI WORLD CUP 2025,2025-02-28,ALMATY (KAZ),Men's Moguls,Results Qualification,IBRAGIMOV Ilnar,2539211,KAZ,42,17.81,1.4,7.5,8.91,1,bF,0.88,5.0,5.1,2,bp,0.71,6.3,6.3
FIS FREESTYLE SKI WORLD CUP 2025,2025-02-28,ALMATY (KAZ),Women's Moguls,Results Final 1,SCHWINGHAMMER,2533204,CAN,11,68.71,14.82,43.8,10.09,1,7op,0.98,6.2,6.9,2,bG,0.92,4.0,4.0
"FIS Snowboard, Freestyle and Freeski World Championships 2025",2025-03-18,ST. MORITZ / ENGADIN (SUI),Men's Moguls,Results Qualification,KINGSBURY Mikael,2484937,CAN,2,80.54,17.6,48.3,14.64,1,bF,0.88,8.4,8.3,2,7op,0.88,8.3,8.3
"FIS Snowboard, Freestyle and Freeski World Championships 2025",2025-03-18,ST. MORITZ / ENGADIN (SUI),Men's Moguls,Results Qualification,VAILLANCOURT Elliot,2532513,CAN,10,73.68,16.3,46.6,10.78,1,10op,1.05,7.1,7.2,2,7oG,1.01,3.2,3.3
"FIS Snowboard, Freestyle and Freeski World Championships 2025",2025-03-18,ST. MORITZ / ENGADIN (SUI),Men's Moguls,Results Qualification,CONEDERA Martino,2532502,SUI,34,54.52,14.17,29.2,11.15,1,10op,1.05,3.6,3.8,2,7oG,1.01,7.2,7.2
"FIS Snowboard, Freestyle and Freeski World Championships 2025",2025-03-19,ST. MORITZ / ENGADIN (SUI),Women's Moguls,Results Final 1,DESMARAIS-GILBERT,2531811,CAN,7,73.32,15.81,45.1,12.41,1,bG,0.92,6.4,6.8,2,bp,0.81,7.8,7.9
FIS FREESTYLE SKI WORLD CUP 2025,2024-12-06,IDRE FJÄLL (SWE),Men's Moguls,Results Final 1,HOLMGREN Albin,2532811,SWE,9,77.68,15.37,45.9,16.41,1,bF,0.88,8.8,9.2,2,10op,1.05,8.1,8.1
FIS FREESTYLE SKI WORLD CUP 2025,2024-12-06,IDRE FJÄLL (SWE),Men's Moguls,Results Final 1,GOODISON Samuel,2534451,CAN,13,71.86,17.07,39.4,15.39,1,bF,0.88,9.2,9.2,2,7op,0.88,8.3,8.3
FIS FREESTYLE SKI WORLD CUP 2025,2024-12-06,IDRE FJÄLL (SWE),Women's Moguls,Results Final 1,YANAGIMOTO Rino,2532040,JPN,12,65.26,15.19,42.7,7.37,1,7op,0.98,4.1,4.3,2,lG,0.92,3.9,3.2
FIS FREESTYLE SKI WORLD CUP 2025,2025-01-24,WATERVILLE (USA),Men's Moguls,Results Final 1,JUNG Daeyoon,2534856,KOR,4,78.76,16.39,46.8,15.57,1,10oG,1.2,7.1,7.5,2,7oG,1.01,7.0,6.5
FIS FREESTYLE SKI WORLD CUP 2025,2025-01-24,WATERVILLE (USA),Men's Moguls,Results Final 1,VIERELA Severi,2533386,FIN,12,73.27,15.44,44.1,13.73,1,10op,1.05,6.8,5.7,2,7oG,1.01,7.1,7.1
FIS FREESTYLE SKI WORLD CUP 2025,2025-01-24,WATERVILLE (USA),Men's Moguls,Results Qualification,LUCAS Nash,2534751,USA,30,65.59,14.77,38.9,11.92,1,bF,0.88,5.8,5.6,2,7oG,1.01,6.5,7.2
FIS FREESTYLE SKI WORLD CUP 2025,2025-01-24,WATERVILLE (USA),Men's Moguls,Results Qualification,PENTTALA Olli,2528035,FIN,38,62.22,17.14,34.9,10.18,1,10op,1.05,6.7,5.4,2,7oG,1.01,3.4,4.2
FIS FREESTYLE SKI WORLD CUP 2025,2025-01-24,WATERVILLE (USA),Men's Moguls,Results Qualification,CROZET Leo,2538029,FRA,47,54.39,17.17,26.8,10.42,1,bG,0.82,6.0,7.5,2,7oG,1.01,4.8,4.9
FIS FREESTYLE SKI WORLD CUP 2024,2024-02-01,DEER VALLEY (USA),Men's Moguls,Results Qualification,VIEL Julien,2534074,CAN,16,69.36,14.62,42.3,12.44,1,bF,0.88,7.7,7.4,2,7op,0.88,6.8,6.4
FIS FREESTYLE SKI WORLD CUP 2024,2024-02-01,DEER VALLEY (USA),Men's Moguls,Results Qualification,MURPHY George,2534254,AUS,23,65.52,14.42,38.6,12.5,1,7oG,1.01,7.0,7.3,2,7op,0.88,6.0,6.0
FIS FREESTYLE SKI WORLD CUP 2024,2024-02-01,DEER VALLEY (USA),Men's Moguls,Results Qualification,DUFRESNE Gabriel,2530240,CAN,31,62.77,15.83,35.6,11.34,1,bF,0.88,6.6,6.2,2,7op,0.88,7.0,6.0
FIS FREESTYLE SKI WORLD CUP 2024,2024-02-01,DEER VALLEY (USA),Men's Moguls,Results Qualification,JUNG Daeyoon,2534856,KOR,46,44.13,13.11,23.3,7.72,1,10oG,1.2,6.4,6.2,2,3,0.68,0.3,0.2
FIS FREESTYLE SKI WORLD CUP 2024,2024-02-01,DEER VALLEY (USA),Men's Moguls,Results Qualification,YEMELYANOV Maxim,2535387,KAZ,49,31.28,12.0,10.3,8.98,1,7oG,1.01,3.3,3.0,2,7op,0.88,6.3,6.9
FIS FREESTYLE SKI WORLD CUP 2024,2024-02-01,DEER VALLEY (USA),Women's Moguls,Results Final 2,HOGG Kasey,2534251,USA,6,64.47,16.18,38.3,9.99,1,bp,0.81,6.2,6.1,2,bG,0.92,5.2,5.7
FIS FREESTYLE SKI WORLD CUP 2025,2025-02-21,BEIDAHU (CHN),Men's Moguls,Results Qualification,NISHIZAWA Taketo,2531352,JPN,6,77.04,15.46,47.1,14.48,1,bF,0.88,8.0,8.4,2,7oG,1.01,7.0,7.4
FIS FREESTYLE SKI WORLD CUP 2025,2025-02-21,BEIDAHU (CHN),Men's Moguls,Results Qualification,GAJDECKA Marek,2535392,CZE,33,67.76,13.93,41.2,12.63,1,bF,0.88,6.3,6.7,2,7oG,1.01,6.5,7.2
FIS FREESTYLE SKI WORLD CUP 2025,2025-02-21,BEIDAHU (CHN),Women's Moguls,Results Qualification,WANG Sibo,2540053,CHN,26,44.58,8.72,29.6,6.26,1,S,0.48,5.3,4.8,2,bp,0.81,4.5,5.0
FIS FREESTYLE SKI WORLD CUP 2025,2024-11-30,RUKA (FIN),Men's Moguls,Results Final 2,VIERELA Severi,2533386,FIN,6,71.86,14.83,44.1,12.93,1,10op,1.05,8.0,8.3,2,10oG,1.2,3.5,3.8
FIS FREESTYLE SKI WORLD CUP 2025,2024-11-30,RUKA (FIN),Women's Moguls,Results Qualification,LAFFONT Perrine,2531156,FRA,2,76.42,15.05,45.6,15.77,1,7oG,1.11,8.0,7.0,2,bG,0.92,8.2,8.0
FIS FREESTYLE SKI WORLD CUP 2025,2024-11-30,RUKA (FIN),Women's Moguls,Results Qualification,HOGG Kasey,2534251,USA,15,57.67,11.3,36.6,9.77,1,bp,0.81,5.3,5.8,2,bG,0.92,5.7,5.8
FIS FREESTYLE SKI WORLD CUP 2025,2024-11-30,RUKA (FIN),Women's Moguls,Results Qualification,AMRENOVA Ayaulym,2532085,KAZ,16,57.65,11.65,33.6,12.4,1,bG,0.92,7.8,7.9,2,7op,0.98,5.1,5.5
FIS FREESTYLE SKI WORLD CUP 2025,2024-11-30,RUKA (FIN),Women's Moguls,Results Qualification,NAKAO Haruka,2533488,JPN,19,57.07,10.03,35.4,11.64,1,bG,0.92,7.4,7.0,2,bp,0.81,6.0,6.4
FIS FREESTYLE SKI WORLD CUP 2025,2024-12-20,BAKURIANI (GEO),Men's Moguls,Results Final 1,HORISHIMA Ikuma,2529645,JPN,14,72.01,18.6,41.5,11.91,1,bF,0.88,8.5,8.8,2,10op,1.05,4.0,4.2
FIS FREESTYLE SKI WORLD CUP 2025,2024-12-20,BAKURIANI (GEO),Men's Moguls,Results Final 1,WOODS Cooper,2532161,AUS,15,68.33,17.97,40.1,10.26,1,bF,0.88,7.5,7.6,2,bp,0.71,5.0,5.2
FIS FREESTYLE SKI WORLD CUP 2025,2024-12-20,BAKURIANI (GEO),Women's Moguls,Results Final 1,LAFFONT Perrine,2531156,FRA,3,75.28,16.85,46.2,12.23,1,7op,0.98,7.0,7.0,2,bG,0.92,5.9,5.8
FIS FREESTYLE SKI WORLD CUP 2025,2024-12-20,BAKURIANI (GEO),Women's Moguls,Results Final 2,GIACCIO Olivia,2532241,USA,1,80.19,16.89,45.3,18.0,1,7oG,1.11,8.6,8.5,2,7op,0.98,8.7,8.7
FIS FREESTYLE SKI WORLD CUP 2025,2024-12-20,BAKURIANI (GEO),Women's Moguls,Results Final 2,LAFFONT Perrine,2531156,FRA,2,76.53,16.54,45.6,14.39,1,7op,0.98,7.8,7.6,2,bG,0.92,7.4,7.5
FIS FREESTYLE SKI WORLD CUP 2025,2024-12-20,BAKURIANI (GEO),Women's Moguls,Results Final 2,SCHWINGHAMMER,2533204,CAN,6,65.58,17.06,33.8,14.72,1,7op,0.98,7.5,7.9,2,bG,0.92,8.0,7.6
FIS FREESTYLE SKI WORLD CUP 2025,2025-03-11,LIVIGNO (ITA),Men's Moguls,Results Qualification,KROUPA Matyas,2537792,CZE,25,65.28,13.61,37.8,13.87,1,7oG,1.01,7.4,7.5,2,bG,0.82,7.9,7.6
FIS FREESTYLE SKI WORLD CUP 2025,2025-03-11,LIVIGNO (ITA),Women's Moguls,Results Qualification,WILSON Charlotte,2535796,AUS,11,67.11,13.92,41.3,11.89,1,bG,0.92,8.0,8.0,2,bp,0.81,5.8,5.4
FIS FREESTYLE SKI WORLD CUP 2025,2025-03-11,LIVIGNO (ITA),Women's Moguls,Results Qualification,NAKAO Haruka,2533488,JPN,13,65.61,11.97,41.8,11.84,1,lG,0.92,7.8,7.4,2,bp,0.81,5.7,6.3
FIS FREESTYLE SKI WORLD CUP 2025,2025-02-28,ALMATY (KAZ),Men's Moguls,Results Qualification,HORISHIMA Ikuma,2529645,JPN,3,77.82,15.68,46.3,15.84,1,10op,1.05,7.3,7.2,2,7oG,1.01,8.1,8.2
FIS FREESTYLE SKI WORLD CUP 2025,2025-02-28,ALMATY (KAZ),Men's Moguls,Results Qualification,GRAVENFORS Filip,2534858,SWE,4,77.59,17.58,47.2,12.81,1,bF,0.88,8.2,8.1,2,7oG,1.01,5.4,5.8
FIS FREESTYLE SKI WORLD CUP 2025,2025-02-28,ALMATY (KAZ),Men's Moguls,Results Qualification,KAWAOKA Shima,2533771,JPN,28,68.71,14.85,43.4,10.46,1,bF,0.88,5.7,5.8,2,7op,0.88,6.2,6.1
FIS FREESTYLE SKI WORLD CUP 2025,2025-02-28,ALMATY (KAZ),Men's Moguls,Results Qualification,RASTRUBA Denis,2537488,KAZ,39,40.99,10.08,19.0,11.91,1,bF,0.88,6.9,6.8,2,7op,0.88,6.8,6.6
FIS FREESTYLE SKI WORLD CUP 2025,2025-02-28,ALMATY (KAZ),Women's Moguls,Results Final 1,JOHNSON Tess,2532270,USA,1,77.68,15.36,46.5,15.82,1,7oG,1.11,7.1,7.0,2,bG,0.92,8.8,8.6
FIS FREESTYLE SKI WORLD CUP 2025,2025-02-28,ALMATY (KAZ),Women's Moguls,Results Final 1,YANAGIMOTO Rino,2532040,JPN,3,74.4,15.08,45.1,14.22,1,7oG,1.11,7.6,7.8,2,7op,0.98,5.8,5.8
FIS FREESTYLE SKI WORLD CUP 2025,2025-02-28,ALMATY (KAZ),Women's Moguls,Results Final 1,NAKAO Haruka,2533488,JPN,9,69.27,13.52,42.9,12.85,1,lG,0.92,7.0,7.2,2,7op,0.98,6.5,6.4
FIS FREESTYLE SKI WORLD CUP 2025,2025-02-28,ALMATY (KAZ),Women's Moguls,Results Qualification,HOGG Kasey,2534251,USA,8,67.08,14.45,40.9,11.73,1,bp,0.81,7.9,7.7,2,bG,0.92,6.0,5.8
FIS FREESTYLE SKI WORLD CUP 2025,2025-02-28,ALMATY (KAZ),Women's Moguls,Results Qualification,MERZ Annika,2535327,GER,21,57.26,12.93,34.1,10.23,1,bp,0.81,6.5,6.4,2,bG,0.92,5.4,5.5
"FIS Snowboard, Freestyle and Freeski World Championships 2025",2025-03-19,ST. MORITZ / ENGADIN (SUI),Women's Moguls,Results Final 1,KAUF Jaelin,2529064,USA,2,75.7,18.21,43.6,13.89,1,7op,0.98,6.3,6.2,2,bG,0.92,8.4,8.5
"FIS Snowboard, Freestyle and Freeski World Championships 2025",2025-03-19,ST. MORITZ / ENGADIN (SUI),Women's Moguls,Results Final 2,LAFFONT Perrine,2531156,FRA,1,77.92,17.34,47.0,13.58,1,bp,0.81,7.5,7.3,2,7op,0.98,7.6,7.9
FIS FREESTYLE SKI WORLD CUP 2025,2024-12-06,IDRE FJÄLL (SWE),Women's Moguls,Results Final 1,SCHWINGHAMMER,2533204,CAN,6,73.71,16.25,46.3,11.16,1,7op,0.98,7.2,7.9,2,bG,0.92,4.2,4.0
FIS FREESTYLE SKI WORLD CUP 2025,2024-12-06,IDRE FJÄLL (SWE),Women's Moguls,Results Final 2,JOHNSON Tess,2532270,USA,6,59.27,17.21,34.0,8.06,1,7oG,1.11,5.9,4.5,2,bG,0.92,1.5,3.5
FIS FREESTYLE SKI WORLD CUP 2025,2025-01-24,WATERVILLE (USA),Men's Moguls,Results Final 1,WOODS Cooper,2532161,AUS,13,72.99,14.49,46.1,12.4,1,bF,0.88,6.9,8.0,2,7op,0.88,6.2,7.1
FIS FREESTYLE SKI WORLD CUP 2025,2025-01-24,WATERVILLE (USA),Men's Moguls,Results Qualification,GRAVENFORS Filip,2534858,SWE,7,74.94,16.6,46.3,12.04,1,bF,0.88,7.7,7.2,2,7op,0.88,6.7,5.8
FIS FREESTYLE SKI WORLD CUP 2025,2025-01-24,WATERVILLE (USA),Men's Moguls,Results Qualification,STEGFELDT Rasmus,2531923,SWE,8,74.23,17.02,46.7,10.51,1,bF,0.88,6.3,6.9,2,lG,0.82,6.1,5.4
FIS FREESTYLE SKI WORLD CUP 2025,2025-01-24,WATERVILLE (USA),Men's Moguls,Results Qualification,CROZET James,2533249,FRA,27,67.23,15.23,40.5,11.5,1,7op,0.88,6.0,5.7,2,7oG,1.01,6.5,6.1
FIS FREESTYLE SKI WORLD CUP 2025,2025-01-24,WATERVILLE (USA),Men's Moguls,Results Qualification,LEE Yoonseung,2537625,KOR,35,63.89,13.61,40.2,10.08,1,bF,0.88,6.3,5.9,2,bp,0.71,7.0,6.3
FIS FREESTYLE SKI WORLD CUP 2025,2025-01-24,WATERVILLE (USA),Men's Moguls,Results Qualification,BUZZI Enea,2533002,SUI,44,57.84,12.73,35.3,9.81,1,bF,0.88,5.0,4.9,2,10op,1.05,5.7,4.7
FIS FREESTYLE SKI WORLD CUP 2024,2024-02-01,DEER VALLEY (USA),Men's Moguls,Results Qualification,HOLMGREN Emil,2534210,SWE,21,66.09,14.78,39.9,11.41,1,7op,0.88,6.8,7.9,2,7oG,1.01,4.8,5.0
FIS FREESTYLE SKI WORLD CUP 2024,2024-02-01,DEER VALLEY (USA),Men's Moguls,Results Qualification,JEANNESSON Mateo,2535572,GBR,25,64.6,14.49,37.8,12.31,1,bF,0.88,7.0,7.3,2,7op,0.88,7.5,6.2
FIS FREESTYLE SKI WORLD CUP 2024,2024-02-01,DEER VALLEY (USA),Men's Moguls,Results Qualification,FUJIKI Goshin,2529670,JPN,26,64.58,15.87,37.9,10.81,1,bF,0.88,4.9,5.2,2,7op,0.88,7.6,6.9
FIS FREESTYLE SKI WORLD CUP 2024,2024-02-01,DEER VALLEY (USA),Men's Moguls,Results Qualification,LOGAN Oliver,2534330,AUS,35,60.56,14.04,37.2,9.32,1,bF,0.88,5.0,4.4,2,7op,0.88,6.6,5.2
FIS FREESTYLE SKI WORLD CUP 2024,2024-02-01,DEER VALLEY (USA),Men's Moguls,Results Qualification,BUGAKOV Fyodor,2535809,KAZ,41,50.08,10.48,28.7,10.9,1,bF,0.88,6.0,5.6,2,7op,0.88,6.3,6.9
FIS FREESTYLE SKI WORLD CUP 2024,2024-02-01,DEER VALLEY (USA),Women's Moguls,Results Final 2,SOAR Hannah,2531373,USA,4,67.1,16.01,41.0,10.09,1,bp,0.81,5.8,6.2,2,bG,0.92,5.5,5.9
FIS FREESTYLE SKI WORLD CUP 2024,2024-01-19,VAL ST. COME (CAN),Men's Moguls,Results Final 2,GRAVENFORS Filip,2534858,SWE,3,77.7,18.06,47.1,12.54,1,10op,1.05,8.4,8.2,2,7oG,1.01,3.8,3.8
FIS FREESTYLE SKI WORLD CUP 2025,2025-02-21,BEIDAHU (CHN),Women's Moguls,Results Qualification,LI Ruilin,2537198,CHN,21,57.05,13.38,34.7,8.97,1,bp,0.81,5.5,5.2,2,bG,0.92,5.0,5.1
FIS FREESTYLE SKI WORLD CUP 2025,2025-02-21,BEIDAHU (CHN),Women's Moguls,Results Qualification,GUSTAFSON Moa,2535767,SWE,27,35.85,13.98,11.1,10.77,1,bG,0.92,5.6,5.5,2,bp,0.81,7.2,6.8
FIS FREESTYLE SKI WORLD CUP 2025,2025-02-21,BEIDAHU (CHN),Women's Moguls,Results Qualification,STENKULA Nicolina,2537789,SWE,28,22.52,5.08,14.0,3.44,1,bG,0.92,3.7,3.8,2,NJ,0.0,0.0,0.0
FIS FREESTYLE SKI WORLD CUP 2025,2024-11-30,RUKA (FIN),Women's Moguls,Results Qualification,GIACCIO Olivia,2532241,USA,4,73.34,12.04,45.0,16.3,1,7oG,1.11,8.0,7.7,2,7op,0.98,7.7,7.8
FIS FREESTYLE SKI WORLD CUP 2025,2024-11-30,RUKA (FIN),Women's Moguls,Results Qualification,GORODKO,2535385,KAZ,12,60.27,15.16,31.2,13.91,1,bG,0.92,8.1,8.2,2,7op,0.98,6.2,6.9
FIS FREESTYLE SKI WORLD CUP 2025,2024-12-20,BAKURIANI (GEO),Women's Moguls,Results Final 1,GALYSHEVA Yuliya,2484307,KAZ,5,73.6,16.95,41.3,15.35,1,bG,0.92,8.0,7.3,2,fG,0.92,9.2,8.9
FIS FREESTYLE SKI WORLD CUP 2025,2025-03-11,LIVIGNO (ITA),Men's Moguls,Results Qualification,CORDELL Sam,2532530,CAN,17,70.71,14.25,41.8,14.66,1,7oG,1.01,8.3,8.0,2,bG,0.82,7.8,7.9
FIS FREESTYLE SKI WORLD CUP 2025,2025-03-11,LIVIGNO (ITA),Men's Moguls,Results Qualification,AHVENAINEN Akseli,2533687,FIN,21,68.96,15.4,41.7,11.86,1,bF,0.88,6.2,6.1,2,7oG,1.01,6.4,6.4
FIS FREESTYLE SKI WORLD CUP 2025,2025-03-11,LIVIGNO (ITA),Women's Moguls,Results Qualification,LAFFONT Perrine,2531156,FRA,1,75.86,16.19,46.2,13.47,1,bp,0.81,8.4,7.7,2,7op,0.98,7.3,6.9
FIS FREESTYLE SKI WORLD CUP 2025,2025-03-11,LIVIGNO (ITA),Women's Moguls,Results Qualification,GALYSHEVA Yuliya,2484307,KAZ,5,69.42,13.77,42.8,12.85,1,bp,0.81,8.1,7.3,2,fG,0.92,7.3,7.1
FIS FREESTYLE SKI WORLD CUP 2025,2025-03-11,LIVIGNO (ITA),Women's Moguls,Results Qualification,GERKEN SCHOFIELD,2530540,GBR,22,59.29,14.46,37.4,7.43,1,bG,0.92,4.2,5.1,2,bp,0.81,3.8,4.0
FIS FREESTYLE SKI WORLD CUP 2025,2025-02-28,ALMATY (KAZ),Women's Moguls,Results Final 1,GORODKO,2535385,KAZ,6,71.67,15.87,43.4,12.4,1,7op,0.98,6.6,7.0,2,bG,0.92,6.3,6.2
FIS FREESTYLE SKI WORLD CUP 2025,2025-02-28,ALMATY (KAZ),Women's Moguls,Results Final 1,GALYSHEVA Yuliya,2484307,KAZ,7,70.91,15.38,42.2,13.33,1,bG,0.92,6.8,7.7,2,fG,0.92,7.5,7.0
FIS FREESTYLE SKI WORLD CUP 2025,2025-02-28,ALMATY (KAZ),Women's Moguls,Results Qualification,TAGUCHI Yuma,2537043,JPN,12,65.18,11.61,40.7,12.87,1,bG,0.92,6.6,6.8,2,7op,0.98,6.7,7.0
FIS FREESTYLE SKI WORLD CUP 2025,2025-02-28,ALMATY (KAZ),Women's Moguls,Results Qualification,KUZNETSOVA,2539213,KAZ,30,34.09,5.65,23.7,4.74,1,S,0.48,4.0,3.8,2,bp,0.81,3.6,3.5
"FIS Snowboard, Freestyle and Freeski World Championships 2025",2025-03-18,ST. MORITZ / ENGADIN (SUI),Men's Moguls,Results Qualification,HORISHIMA Ikuma,2529645,JPN,4,78.75,18.31,45.6,14.84,1,bF,0.88,8.5,8.3,2,10op,1.05,7.2,7.0
"FIS Snowboard, Freestyle and Freeski World Championships 2025",2025-03-18,ST. MORITZ / ENGADIN (SUI),Men's Moguls,Results Qualification,MOUILLE Thibaud,2532044,FRA,21,69.85,15.77,40.3,13.78,1,10op,1.05,5.2,4.9,2,7oG,1.01,8.3,8.5
"FIS Snowboard, Freestyle and Freeski World Championships 2025",2025-03-18,ST. MORITZ / ENGADIN (SUI),Men's Moguls,Results Qualification,BERG Gordon,2534863,SWE,27,63.63,17.25,35.3,11.08,1,7oG,1.01,6.4,6.4,2,bG,0.82,5.9,5.4
"FIS Snowboard, Freestyle and Freeski World Championships 2025",2025-03-18,ST. MORITZ / ENGADIN (SUI),Men's Moguls,Results Qualification,VERDAGUER FORN,2535379,ESP,36,47.28,14.78,23.7,8.8,1,bG,0.82,7.2,6.9,2,7op,0.88,3.8,3.1
"FIS Snowboard, Freestyle and Freeski World Championships 2025",2025-03-19,ST. MORITZ / ENGADIN (SUI),Men's Moguls,Results Final 1,NISHIZAWA Taketo,2531352,JPN,15,73.44,15.98,48.3,9.16,1,bF,0.88,7.1,6.5,2,7oG,1.01,3.2,3.1
"FIS Snowboard, Freestyle and Freeski World Championships 2025",2025-03-19,ST. MORITZ / ENGADIN (SUI),Women's Moguls,Results Final 2,SCHWINGHAMMER,2533204,CAN,3,74.92,16.8,43.9,14.22,1,7op,0.98,6.5,6.3,2,bG,0.92,8.7,8.6
FIS FREESTYLE SKI WORLD CUP 2025,2024-12-06,IDRE FJÄLL (SWE),Men's Moguls,Results Final 1,VIEL Julien,2534074,CAN,8,78.97,17.29,45.2,16.48,1,bF,0.88,9.2,9.3,2,10op,1.05,8.0,7.9
FIS FREESTYLE SKI WORLD CUP 2025,2024-12-06,IDRE FJÄLL (SWE),Men's Moguls,Results Final 2,CAVET Benjamin,2530514,FRA,4,85.62,16.77,51.2,17.65,1,bF,0.88,9.2,9.1,2,10op,1.05,9.4,8.9
FIS FREESTYLE SKI WORLD CUP 2025,2024-12-06,IDRE FJÄLL (SWE),Men's Moguls,Results Final 2,PAGE Nick,2533462,USA,5,84.76,17.69,49.8,17.27,1,10op,1.05,7.8,7.9,2,7oG,1.01,8.5,9.4
FIS FREESTYLE SKI WORLD CUP 2025,2024-12-06,IDRE FJÄLL (SWE),Women's Moguls,Results Final 1,JOHNSON Tess,2532270,USA,5,75.72,16.49,46.5,12.73,1,7oG,1.11,4.8,4.4,2,bG,0.92,8.3,8.3
FIS FREESTYLE SKI WORLD CUP 2025,2024-12-06,IDRE FJÄLL (SWE),Women's Moguls,Results Final 2,SCHWINGHAMMER,2533204,CAN,3,80.71,16.53,47.7,16.48,1,7op,0.98,7.8,8.3,2,bG,0.92,9.3,9.4
FIS FREESTYLE SKI WORLD CUP 2025,2025-01-24,WATERVILLE (USA),Men's Moguls,Results Final 1,CAVET Benjamin,2530514,FRA,5,78.58,16.43,48.1,14.05,1,bF,0.88,7.2,8.4,2,10op,1.05,6.5,7.2
FIS FREESTYLE SKI WORLD CUP 2025,2025-01-24,WATERVILLE (USA),Men's Moguls,Results Qualification,KINGSBURY Mikael,2484937,CAN,2,80.01,16.75,49.5,13.76,1,bF,0.88,7.8,7.7,2,7op,0.88,8.0,7.8
FIS FREESTYLE SKI WORLD CUP 2025,2025-01-24,WATERVILLE (USA),Men's Moguls,Results Qualification,BUGAKOV Fyodor,2535809,KAZ,43,58.79,13.32,37.6,7.87,1,bF,0.88,5.2,5.0,2,7op,0.88,4.0,3.7
FIS FREESTYLE SKI WORLD CUP 2024,2024-02-01,DEER VALLEY (USA),Men's Moguls,Results Qualification,GRAVENFORS Filip,2534858,SWE,1,79.11,16.29,47.8,15.02,1,10op,1.05,7.8,7.5,2,7op,0.88,8.1,7.8
FIS FREESTYLE SKI WORLD CUP 2024,2024-02-01,DEER VALLEY (USA),Men's Moguls,Results Qualification,MICKEL Charlie,2537180,USA,13,70.28,13.69,42.4,14.19,1,7oG,1.01,8.0,7.4,2,7op,0.88,7.2,7.4
FIS FREESTYLE SKI WORLD CUP 2024,2024-02-01,DEER VALLEY (USA),Men's Moguls,Results Qualification,LUCAS Nash,2534751,USA,34,61.59,14.06,35.6,11.93,1,bF,0.88,6.9,6.0,2,7oG,1.01,5.8,6.6
FIS FREESTYLE SKI WORLD CUP 2024,2024-02-01,DEER VALLEY (USA),Men's Moguls,Results Qualification,KARJALAINEN,2534001,FIN,38,54.28,15.8,31.4,7.08,1,bF,0.88,4.4,3.9,2,bp,0.71,4.8,4.9
FIS FREESTYLE SKI WORLD CUP 2024,2024-02-01,DEER VALLEY (USA),Men's Moguls,Results Qualification,LEE Yoonseung,2537625,KOR,40,50.64,11.82,30.5,8.32,1,bF,0.88,4.0,5.0,2,bp,0.71,6.1,6.2
FIS FREESTYLE SKI WORLD CUP 2024,2024-02-01,DEER VALLEY (USA),Men's Moguls,Results Qualification,NISHIZAWA Taketo,2531352,JPN,43,48.72,16.38,25.2,7.14,1,bF,0.88,8.2,6.9,2,7oG,1.01,0.5,0.5
FIS FREESTYLE SKI WORLD CUP 2025,2025-02-21,BEIDAHU (CHN),Men's Moguls,Results Final 2,VIEL Julien,2534074,CAN,5,83.4,16.61,52.1,14.69,1,10op,1.05,7.6,7.5,2,7op,0.88,7.7,7.7
FIS FREESTYLE SKI WORLD CUP 2025,2025-02-21,BEIDAHU (CHN),Men's Moguls,Results Qualification,HARVEY Jackson,2534735,AUS,34,67.58,14.42,42.0,11.16,1,bF,0.88,7.8,7.5,2,bp,0.71,6.0,6.5
FIS FREESTYLE SKI WORLD CUP 2025,2025-02-21,BEIDAHU (CHN),Men's Moguls,Results Qualification,LOGAN Oliver,2534330,AUS,36,66.8,15.16,40.7,10.94,1,bF,0.88,7.2,6.8,2,7op,0.88,5.8,5.1
FIS FREESTYLE SKI WORLD CUP 2025,2025-02-21,BEIDAHU (CHN),Women's Moguls,Results Qualification,DUAUX Marie,2537443,FRA,15,66.98,14.23,42.3,10.45,1,bF,0.98,7.0,7.3,2,bG,0.92,3.7,3.8
FIS FREESTYLE SKI WORLD CUP 2025,2025-02-21,BEIDAHU (CHN),Women's Moguls,Results Qualification,HAO Liyun,2537261,CHN,29,17.83,0.0,13.3,4.53,1,NJ,0.0,0.0,0.0,2,bp,0.81,5.8,5.4
FIS FREESTYLE SKI WORLD CUP 2025,2024-11-30,RUKA (FIN),Men's Moguls,Results Final 2,CAVET Benjamin,2530514,FRA,4,78.68,14.36,48.4,15.92,1,bF,0.88,8.4,8.6,2,10op,1.05,8.0,8.1
FIS FREESTYLE SKI WORLD CUP 2025,2024-11-30,RUKA (FIN),Women's Moguls,Results Qualification,JOHNSON Tess,2532270,USA,7,69.03,14.84,43.0,11.19,1,7oG,1.11,3.6,3.5,2,bG,0.92,7.9,7.9
FIS FREESTYLE SKI WORLD CUP 2025,2024-11-30,RUKA (FIN),Women's Moguls,Results Qualification,YANAGIMOTO Rino,2532040,JPN,8,67.52,12.2,42.4,12.92,1,bp,0.81,7.6,6.8,2,7op,0.98,8.1,6.4
FIS FREESTYLE SKI WORLD CUP 2025,2024-11-30,RUKA (FIN),Women's Moguls,Results Qualification,CAO Tianqing,2537262,CHN,27,46.74,10.28,29.2,7.26,1,S,0.48,4.3,4.9,2,bp,0.81,6.1,6.4
FIS FREESTYLE SKI WORLD CUP 2025,2024-12-20,BAKURIANI (GEO),Women's Moguls,Results Final 1,JOHNSON Tess,2532270,USA,4,74.61,17.6,41.0,16.01,1,7oG,1.11,7.0,7.1,2,bG,0.92,8.8,9.0
FIS FREESTYLE SKI WORLD CUP 2025,2024-12-20,BAKURIANI (GEO),Women's Moguls,Results Final 2,KAUF Jaelin,2529064,USA,3,76.13,19.58,42.8,13.75,1,7op,0.98,7.2,7.1,2,bG,0.92,7.3,7.4
FIS FREESTYLE SKI WORLD CUP 2025,2025-03-11,LIVIGNO (ITA),Women's Moguls,Results Qualification,SCHWINGHAMMER,2533204,CAN,3,72.55,13.7,46.1,12.75,1,7op,0.98,7.0,6.3,2,bp,0.81,8.1,7.3
FIS FREESTYLE SKI WORLD CUP 2025,2025-03-11,LIVIGNO (ITA),Women's Moguls,Results Qualification,KARIOTIS Kylie,2534866,USA,18,61.87,12.38,40.5,8.99,1,bG,0.92,5.2,5.2,2,bp,0.81,5.3,5.1
FIS FREESTYLE SKI WORLD CUP 2025,2025-03-11,LIVIGNO (ITA),Women's Moguls,Results Qualification,RAMSAUER Katharina,2530097,AUT,21,60.5,13.45,38.2,8.85,1,bT,0.78,5.1,6.3,2,bG,0.92,4.6,5.0
FIS FREESTYLE SKI WORLD CUP 2025,2025-03-11,LIVIGNO (ITA),Women's Moguls,Results Qualification,YUN Shin-Ee,2537929,KOR,27,48.42,9.94,31.1,7.38,1,bG,0.92,3.2,3.7,2,bp,0.81,5.2,5.2
FIS FREESTYLE SKI WORLD CUP 2025,2025-02-28,ALMATY (KAZ),Men's Moguls,Results Qualification,KINGSBURY Mikael,2484937,CAN,1,81.17,16.09,49.6,15.48,1,bF,0.88,9.0,9.1,2,7op,0.88,8.5,8.6
FIS FREESTYLE SKI WORLD CUP 2025,2025-02-28,ALMATY (KAZ),Men's Moguls,Results Qualification,MICKEL Charlie,2537180,USA,6,75.66,14.88,46.4,14.38,1,7op,0.88,7.7,7.8,2,7oG,1.01,7.5,7.5
FIS FREESTYLE SKI WORLD CUP 2025,2025-02-28,ALMATY (KAZ),Men's Moguls,Results Qualification,PAGE Nick,2533462,USA,9,74.38,15.68,44.3,14.4,1,10op,1.05,6.8,6.5,2,7oG,1.01,7.4,7.3
FIS FREESTYLE SKI WORLD CUP 2025,2025-02-28,ALMATY (KAZ),Women's Moguls,Results Final 1,TOMITAKA Hinako,2532031,JPN,5,71.81,14.7,44.4,12.71,1,7op,0.98,6.5,6.4,2,bG,0.92,7.1,6.8
FIS FREESTYLE SKI WORLD CUP 2025,2025-02-28,ALMATY (KAZ),Women's Moguls,Results Qualification,YANAGIMOTO Rino,2532040,JPN,4,68.84,13.76,44.6,10.48,1,bG,0.92,6.0,5.8,2,bp,0.81,6.2,6.3
"FIS Snowboard, Freestyle and Freeski World Championships 2025",2025-03-18,ST. MORITZ / ENGADIN (SUI),Men's Moguls,Results Qualification,OLGAARD Robin,2534212,SWE,11,73.58,15.64,43.2,14.74,1,bG,0.82,7.4,8.0,2,7oG,1.01,8.2,8.5
"FIS Snowboard, Freestyle and Freeski World Championships 2025",2025-03-18,ST. MORITZ / ENGADIN (SUI),Men's Moguls,Results Qualification,VIERELA Severi,2533386,FIN,12,72.8,15.2,44.4,13.2,1,10op,1.05,6.8,7.0,2,7oG,1.01,5.8,6.0
"FIS Snowboard, Freestyle and Freeski World Championships 2025",2025-03-18,ST. MORITZ / ENGADIN (SUI),Men's Moguls,Results Qualification,MICHEL Asher,2537833,USA,14,72.2,15.35,43.0,13.85,1,bG,0.82,6.7,6.9,2,7oG,1.01,8.4,8.0
"FIS Snowboard, Freestyle and Freeski World Championships 2025",2025-03-18,ST. MORITZ / ENGADIN (SUI),Men's Moguls,Results Qualification,GAJDECKA Marek,2535392,CZE,40,31.47,11.84,13.8,5.83,1,bF,0.88,5.5,5.0,2,7oG,1.01,1.2,1.2
"FIS Snowboard, Freestyle and Freeski World Championships 2025",2025-03-19,ST. MORITZ / ENGADIN (SUI),Men's Moguls,Results Final 2,JUNG Daeyoon,2534856,KOR,3,81.76,17.14,47.3,17.32,1,10oG,1.2,8.6,8.5,2,7oG,1.01,7.3,7.2
FIS FREESTYLE SKI WORLD CUP 2025,2024-12-06,IDRE FJÄLL (SWE),Women's Moguls,Results Final 1,DESMARAIS-GILBERT,2531811,CAN,11,68.1,15.86,40.3,11.94,1,bG,0.92,5.5,5.6,2,bp,0.81,8.4,8.5
FIS FREESTYLE SKI WORLD CUP 2025,2025-01-24,WATERVILLE (USA),Men's Moguls,Results Final 2,STEGFELDT Rasmus,2531923,SWE,5,18.0,10.38,0.3,7.32,1,7oG,1.01,7.3,7.2,2,NJ,0.0,0.0,0.0
FIS FREESTYLE SKI WORLD CUP 2025,2025-01-24,WATERVILLE (USA),Men's Moguls,Results Qualification,CAYOLLE Tristan,2533776,FRA,11,72.59,15.98,43.6,13.01,1,7oG,1.01,6.7,7.4,2,lG,0.82,7.4,7.0
FIS FREESTYLE SKI WORLD CUP 2025,2025-01-24,WATERVILLE (USA),Men's Moguls,Results Qualification,PETRONE Jack,2535642,USA,33,64.0,16.01,39.2,8.79,1,bF,0.88,3.2,4.4,2,7op,0.88,6.0,6.4
FIS FREESTYLE SKI WORLD CUP 2024,2024-01-26,WATERVILLE (USA),Women's Moguls,Results Qualification,MALHERBE Malica,2535457,RSA,27,13.25,7.7,0.3,5.25,1,bG,0.92,1.5,2.9,2,bp,0.81,5.3,2.7
FIS FREESTYLE SKI WORLD CUP 2024,2024-02-01,DEER VALLEY (USA),Men's Moguls,Results Final 2,HORISHIMA Ikuma,2529645,JPN,2,79.15,17.34,47.8,14.01,1,bdF,1.05,6.6,5.4,2,10op,1.05,7.7,7.0
FIS FREESTYLE SKI WORLD CUP 2024,2024-02-01,DEER VALLEY (USA),Men's Moguls,Results Final 2,HOLMGREN Albin,2532811,SWE,6,18.96,7.5,0.3,11.16,1,bF,0.88,4.0,5.9,2,7oG,1.01,6.7,6.8
FIS FREESTYLE SKI WORLD CUP 2024,2024-02-01,DEER VALLEY (USA),Men's Moguls,Results Qualification,GRAHAM Matt,2441426,AUS,5,76.97,16.63,46.8,13.54,1,bF,0.88,8.3,8.0,2,7op,0.88,7.7,6.8
FIS FREESTYLE SKI WORLD CUP 2024,2024-02-01,DEER VALLEY (USA),Men's Moguls,Results Qualification,STEGFELDT Rasmus,2531923,SWE,12,70.65,19.08,40.7,10.87,1,7op,0.88,7.0,6.9,2,bG,0.82,6.1,5.5
FIS FREESTYLE SKI WORLD CUP 2024,2024-02-01,DEER VALLEY (USA),Men's Moguls,Results Qualification,VERDAGUER Lucas,2535379,ESP,44,47.29,14.11,24.7,8.48,1,bG,0.82,7.2,7.7,2,7op,0.88,2.0,3.4
FIS FREESTYLE SKI WORLD CUP 2025,2025-02-21,BEIDAHU (CHN),Men's Moguls,Results Qualification,MICKEL Charlie,2537180,USA,10,75.74,15.62,47.0,13.12,1,7op,0.88,6.5,6.8,2,7oG,1.01,7.3,7.1
FIS FREESTYLE SKI WORLD CUP 2025,2025-02-21,BEIDAHU (CHN),Men's Moguls,Results Qualification,CHALIFOUX Louis-,2534234,CAN,22,72.46,14.21,45.5,12.75,1,bF,0.88,7.5,7.1,2,7op,0.88,7.0,7.4
FIS FREESTYLE SKI WORLD CUP 2025,2025-02-21,BEIDAHU (CHN),Men's Moguls,Results Qualification,LONG Hao,2540052,CHN,35,67.36,14.06,43.2,10.1,1,7op,0.88,6.0,6.4,2,bp,0.71,6.6,6.5
FIS FREESTYLE SKI WORLD CUP 2025,2025-02-21,BEIDAHU (CHN),Women's Moguls,Results Final 2,GORODKO,2535385,KAZ,6,34.99,11.75,14.7,8.54,1,7op,0.98,7.3,7.0,2,bp,0.81,2.0,1.8
FIS FREESTYLE SKI WORLD CUP 2025,2025-02-21,BEIDAHU (CHN),Women's Moguls,Results Qualification,KARIOTIS Kylie,2534866,USA,11,68.99,13.71,43.8,11.48,1,bp,0.81,6.3,6.4,2,bG,0.92,7.0,6.8
FIS FREESTYLE SKI WORLD CUP 2025,2024-11-30,RUKA (FIN),Women's Moguls,Results Qualification,CARROLL Avital,2529074,AUT,6,70.6,13.48,43.6,13.52,1,7oG,1.11,5.4,5.8,2,bG,0.92,7.9,8.0
FIS FREESTYLE SKI WORLD CUP 2025,2024-12-20,BAKURIANI (GEO),Men's Moguls,Results Final 1,MOUILLE Thibaud,2532044,FRA,3,80.23,16.62,47.1,16.51,1,10op,1.05,8.3,8.4,2,bG,0.82,9.3,9.6
FIS FREESTYLE SKI WORLD CUP 2025,2024-12-20,BAKURIANI (GEO),Men's Moguls,Results Final 1,PAGE Nick,2533462,USA,9,75.28,18.59,41.0,15.69,1,10op,1.05,8.6,8.4,2,7op,0.88,7.7,7.7
FIS FREESTYLE SKI WORLD CUP 2025,2025-03-11,LIVIGNO (ITA),Men's Moguls,Results Final 2,HORISHIMA Ikuma,2529645,JPN,1,85.37,17.64,50.3,17.43,1,bdF,1.05,7.6,7.5,2,14op,1.22,7.8,7.8
FIS FREESTYLE SKI WORLD CUP 2025,2025-03-11,LIVIGNO (ITA),Men's Moguls,Results Qualification,JUNG Daeyoon,2534856,KOR,18,70.53,15.35,41.9,13.28,1,10op,1.05,6.3,6.7,2,7op,0.88,7.4,7.3
FIS FREESTYLE SKI WORLD CUP 2025,2025-03-11,LIVIGNO (ITA),Women's Moguls,Results Final 2,LAFFONT Perrine,2531156,FRA,2,77.07,17.15,46.3,13.62,1,7oG,1.11,6.3,5.9,2,7op,0.98,7.3,6.7
FIS FREESTYLE SKI WORLD CUP 2025,2025-03-11,LIVIGNO (ITA),Women's Moguls,Results Qualification,LI Ruilin,2537198,CHN,24,57.58,11.65,38.0,7.93,1,bG,0.92,4.2,3.9,2,bp,0.81,5.1,5.3
FIS FREESTYLE SKI WORLD CUP 2025,2025-02-28,ALMATY (KAZ),Men's Moguls,Results Qualification,KOLMAKOV Pavel,2528846,KAZ,5,76.05,16.04,47.7,12.31,1,bF,0.88,6.7,6.8,2,7op,0.88,7.1,7.4
FIS FREESTYLE SKI WORLD CUP 2025,2025-02-28,ALMATY (KAZ),Men's Moguls,Results Qualification,VIEL Julien,2534074,CAN,11,74.15,15.73,45.4,13.02,1,bF,0.88,8.0,7.8,2,7op,0.88,6.8,7.0
FIS FREESTYLE SKI WORLD CUP 2025,2025-02-28,ALMATY (KAZ),Men's Moguls,Results Qualification,HARVEY Jackson,2534735,AUS,26,69.86,14.95,45.1,9.81,1,bF,0.88,6.7,6.5,2,bp,0.71,5.7,5.6
FIS FREESTYLE SKI WORLD CUP 2025,2025-02-28,ALMATY (KAZ),Men's Moguls,Results Qualification,BONDAREV Anton,2532859,KAZ,34,66.86,15.83,40.7,10.33,1,bF,0.88,5.6,5.5,2,bG,0.82,6.7,6.6
"FIS Snowboard, Freestyle and Freeski World Championships 2025",2025-03-19,ST. MORITZ / ENGADIN (SUI),Men's Moguls,Results Final 1,VIERELA Severi,2533386,FIN,7,81.35,16.5,47.9,16.95,1,7oG,1.01,7.5,7.9,2,10op,1.05,8.5,9.0
"FIS Snowboard, Freestyle and Freeski World Championships 2025",2025-03-19,ST. MORITZ / ENGADIN (SUI),Men's Moguls,Results Final 1,SHIMAKAWA Takuya,2530672,JPN,18,65.4,16.18,37.6,11.62,1,bG,0.82,8.5,8.7,2,7op,0.88,5.1,5.3
FIS FREESTYLE SKI WORLD CUP 2025,2024-12-06,IDRE FJÄLL (SWE),Women's Moguls,Results Final 2,LAFFONT Perrine,2531156,FRA,2,80.89,16.89,46.2,17.8,1,7oG,1.11,8.5,8.5,2,bG,0.92,9.2,9.0
FIS FREESTYLE SKI WORLD CUP 2025,2025-01-24,WATERVILLE (USA),Men's Moguls,Results Final 1,SHIMAKAWA Takuya,2530672,JPN,15,68.3,16.61,41.9,9.79,1,7oG,1.01,4.8,5.2,2,7op,0.88,5.9,4.9
FIS FREESTYLE SKI WORLD CUP 2025,2025-01-24,WATERVILLE (USA),Men's Moguls,Results Final 2,JUNG Daeyoon,2534856,KOR,4,51.75,14.7,22.6,14.45,1,10oG,1.2,6.8,4.5,2,7oG,1.01,7.0,8.2
FIS FREESTYLE SKI WORLD CUP 2025,2025-01-24,WATERVILLE (USA),Men's Moguls,Results Qualification,MOUILLE Thibaud,2532044,FRA,6,74.99,15.05,43.3,16.64,1,10op,1.05,8.5,8.3,2,bG,0.82,9.5,9.6
FIS FREESTYLE SKI WORLD CUP 2025,2025-01-24,WATERVILLE (USA),Men's Moguls,Results Qualification,HOLMGREN Albin,2532811,SWE,25,67.51,15.01,41.6,10.9,1,bF,0.88,5.5,6.2,2,7oG,1.01,5.3,6.1
FIS FREESTYLE SKI WORLD CUP 2025,2025-01-24,WATERVILLE (USA),Men's Moguls,Results Qualification,GAJDECKA Marek,2535392,CZE,45,56.51,13.4,32.2,10.91,1,bF,0.88,5.4,5.4,2,7oG,1.01,6.0,6.2
FIS FREESTYLE SKI WORLD CUP 2024,2024-02-01,DEER VALLEY (USA),Men's Moguls,Results Final 2,GRAVENFORS Filip,2534858,SWE,3,78.8,17.41,46.2,15.19,1,10op,1.05,7.2,8.0,2,7op,0.88,8.2,8.2
FIS FREESTYLE SKI WORLD CUP 2024,2024-02-01,DEER VALLEY (USA),Men's Moguls,Results Qualification,CAVET Benjamin,2530514,FRA,7,75.44,17.24,47.3,10.9,1,bF,0.88,7.3,7.9,2,bp,0.71,5.6,6.3
FIS FREESTYLE SKI WORLD CUP 2024,2024-02-01,DEER VALLEY (USA),Men's Moguls,Results Qualification,SUIRE Martin,2528624,FRA,30,62.8,15.23,34.9,12.67,1,7op,0.88,6.8,6.4,2,7oG,1.01,7.1,6.5
FIS FREESTYLE SKI WORLD CUP 2025,2025-02-21,BEIDAHU (CHN),Men's Moguls,Results Qualification,GRAHAM Matt,2441426,AUS,2,78.66,16.06,49.8,12.8,1,bF,0.88,6.8,7.5,2,7op,0.88,7.5,7.3
FIS FREESTYLE SKI WORLD CUP 2025,2025-02-21,BEIDAHU (CHN),Men's Moguls,Results Qualification,WOODS Cooper,2532161,AUS,8,76.79,14.88,48.9,13.01,1,bF,0.88,8.1,7.8,2,7op,0.88,7.3,6.4
FIS FREESTYLE SKI WORLD CUP 2025,2025-02-21,BEIDAHU (CHN),Men's Moguls,Results Qualification,MICHEL Asher,2537833,USA,20,72.79,15.06,44.7,13.03,1,7oG,1.01,6.0,6.5,2,bG,0.82,7.8,8.6
FIS FREESTYLE SKI WORLD CUP 2025,2025-02-21,BEIDAHU (CHN),Men's Moguls,Results Qualification,KROUPA Matyas,2537792,CZE,31,69.51,14.13,42.2,13.18,1,7oG,1.01,6.5,6.8,2,bG,0.82,7.8,8.0
FIS FREESTYLE SKI WORLD CUP 2025,2025-02-21,BEIDAHU (CHN),Men's Moguls,Results Qualification,WANG Renda,2537252,CHN,41,63.49,14.4,37.0,12.09,1,bF,0.88,7.5,7.3,2,7op,0.88,6.5,6.2
FIS FREESTYLE SKI WORLD CUP 2025,2025-02-21,BEIDAHU (CHN),Women's Moguls,Results Qualification,KAUF Jaelin,2529064,USA,1,79.94,17.59,48.3,14.05,1,7op,0.98,6.8,6.5,2,bG,0.92,8.1,8.3
FIS FREESTYLE SKI WORLD CUP 2025,2025-02-21,BEIDAHU (CHN),Women's Moguls,Results Qualification,SCHWINGHAMMER,2533204,CAN,2,79.03,14.21,50.8,14.02,1,7op,0.98,6.8,7.2,2,bG,0.92,8.2,7.4
FIS FREESTYLE SKI WORLD CUP 2025,2025-02-21,BEIDAHU (CHN),Women's Moguls,Results Qualification,GALYSHEVA Yuliya,2484307,KAZ,4,74.64,14.53,46.6,13.51,1,bp,0.81,7.9,7.3,2,fG,0.92,8.5,7.5
FIS FREESTYLE SKI WORLD CUP 2025,2024-11-30,RUKA (FIN),Women's Moguls,Results Final 2,SCHWINGHAMMER,2533204,CAN,4,75.34,14.17,46.3,14.87,1,7op,0.98,7.4,7.2,2,bG,0.92,8.2,8.6
FIS FREESTYLE SKI WORLD CUP 2025,2024-11-30,RUKA (FIN),Women's Moguls,Results Qualification,CARR Cali,2538479,GBR,24,49.79,8.56,30.6,10.63,1,bG,0.92,6.6,5.7,2,bp,0.81,6.1,6.2
FIS FREESTYLE SKI WORLD CUP 2025,2024-11-30,RUKA (FIN),Women's Moguls,Results Qualification,RAMSAUER Katharina,2530097,AUT,25,49.26,12.61,25.5,11.15,1,bT,0.78,6.3,6.5,2,bG,0.92,6.5,6.9
FIS FREESTYLE SKI WORLD CUP 2025,2024-11-30,RUKA (FIN),Women's Moguls,Results Qualification,LI Ruilin,2537198,CHN,31,43.62,8.67,28.1,6.85,1,S,0.48,4.7,5.0,2,bp,0.81,5.8,5.4
FIS FREESTYLE SKI WORLD CUP 2025,2024-11-30,RUKA (FIN),Women's Moguls,Results Qualification,PASSARETTA Manuela,2537886,ITA,35,29.55,7.6,15.0,6.95,1,bG,0.92,5.8,5.8,2,bp,0.81,2.0,2.0
FIS FREESTYLE SKI WORLD CUP 2025,2024-12-20,BAKURIANI (GEO),Men's Moguls,Results Final 1,CAVET Benjamin,2530514,FRA,2,80.78,17.02,48.1,15.66,1,bF,0.88,9.0,9.3,2,10op,1.05,7.1,7.4
FIS FREESTYLE SKI WORLD CUP 2025,2024-12-20,BAKURIANI (GEO),Men's Moguls,Results Final 1,VIEL Julien,2534074,CAN,10,74.77,16.45,44.6,13.72,1,bF,0.88,8.4,8.9,2,7op,0.88,7.0,6.9
FIS FREESTYLE SKI WORLD CUP 2025,2024-12-20,BAKURIANI (GEO),Women's Moguls,Results Final 1,FUJIKI Hina,2533039,JPN,9,69.44,14.64,40.8,14.0,1,bG,0.92,8.0,8.0,2,bp,0.81,8.1,8.3
FIS FREESTYLE SKI WORLD CUP 2025,2024-12-20,BAKURIANI (GEO),Women's Moguls,Results Final 1,CABROL Camille,2530274,FRA,10,68.49,14.77,41.3,12.42,1,bG,0.92,7.2,7.5,2,bp,0.81,6.9,7.1
FIS FREESTYLE SKI WORLD CUP 2025,2024-12-20,BAKURIANI (GEO),Women's Moguls,Results Final 1,TOMITAKA Hinako,2532031,JPN,13,66.57,16.61,38.2,11.76,1,bG,0.92,5.7,5.6,2,7op,0.98,6.5,6.9
FIS FREESTYLE SKI WORLD CUP 2025,2024-12-20,BAKURIANI (GEO),Women's Moguls,Results Final 1,MACUGA Alli,2534186,USA,15,59.36,17.09,29.0,13.27,1,bp,0.81,7.1,7.3,2,7op,0.98,7.7,7.5
FIS FREESTYLE SKI WORLD CUP 2025,2025-03-11,LIVIGNO (ITA),Men's Moguls,Results Qualification,KINGSBURY Mikael,2484937,CAN,2,78.54,15.91,49.3,13.33,1,bF,0.88,7.5,8.0,2,7op,0.88,7.3,7.5
FIS FREESTYLE SKI WORLD CUP 2025,2025-03-11,LIVIGNO (ITA),Men's Moguls,Results Qualification,GRAHAM Matt,2441426,AUS,3,78.25,16.1,48.3,13.85,1,bF,0.88,8.0,7.8,2,7op,0.88,7.7,8.0
FIS FREESTYLE SKI WORLD CUP 2025,2025-03-11,LIVIGNO (ITA),Men's Moguls,Results Qualification,WALCZYK Dylan,2527085,USA,12,72.42,14.71,46.4,11.31,1,7oG,1.01,5.8,6.3,2,lG,0.82,6.0,6.7
FIS FREESTYLE SKI WORLD CUP 2025,2025-03-11,LIVIGNO (ITA),Men's Moguls,Results Qualification,MICHEL Asher,2537833,USA,15,71.38,13.2,44.4,13.78,1,7oG,1.01,7.4,7.0,2,bG,0.82,8.2,7.7
FIS FREESTYLE SKI WORLD CUP 2025,2025-03-11,LIVIGNO (ITA),Men's Moguls,Results Qualification,FUJIMURA Ikkei,2538302,JPN,19,70.07,15.06,42.6,12.41,1,bF,0.88,6.3,6.3,2,10op,1.05,6.4,6.7
FIS FREESTYLE SKI WORLD CUP 2025,2025-03-11,LIVIGNO (ITA),Men's Moguls,Results Qualification,CAVET Benjamin,2530514,FRA,30,12.98,4.52,0.3,8.16,1,bp,0.71,5.8,6.0,2,lG,0.82,4.7,5.0
FIS FREESTYLE SKI WORLD CUP 2025,2025-03-11,LIVIGNO (ITA),Women's Moguls,Results Final 2,KAUF Jaelin,2529064,USA,1,81.21,18.58,47.5,15.13,1,7op,0.98,7.9,7.6,2,bG,0.92,8.1,8.3
FIS FREESTYLE SKI WORLD CUP 2025,2025-02-28,ALMATY (KAZ),Men's Moguls,Results Qualification,JUNG Daeyoon,2534856,KOR,2,79.08,16.96,47.2,14.92,1,10op,1.05,7.5,7.6,2,7op,0.88,8.0,7.9
FIS FREESTYLE SKI WORLD CUP 2025,2025-02-28,ALMATY (KAZ),Men's Moguls,Results Qualification,GAY Paul Andrea,2538751,FRA,30,68.25,15.08,41.3,11.87,1,bF,0.88,6.9,6.6,2,7op,0.88,6.8,6.7
FIS FREESTYLE SKI WORLD CUP 2025,2025-02-28,ALMATY (KAZ),Men's Moguls,Results Qualification,OLGAARD Robin,2534212,SWE,35,66.11,15.43,38.2,12.48,1,7oG,1.01,6.7,6.8,2,7op,0.88,6.4,6.5
FIS FREESTYLE SKI WORLD CUP 2025,2025-02-28,ALMATY (KAZ),Men's Moguls,Results Qualification,MERZ Linus,2533504,GER,38,62.12,14.88,38.1,9.14,1,7oG,1.01,5.0,5.1,2,bp,0.71,5.6,5.8
FIS FREESTYLE SKI WORLD CUP 2025,2025-02-28,ALMATY (KAZ),Men's Moguls,Results Qualification,GAJDECKA Marek,2535392,CZE,40,37.86,14.95,15.2,7.71,1,bF,0.88,5.6,5.7,2,lG,0.82,3.0,3.7
FIS FREESTYLE SKI WORLD CUP 2025,2025-02-28,ALMATY (KAZ),Women's Moguls,Results Qualification,KARIOTIS Kylie,2534866,USA,13,65.15,13.67,39.5,11.98,1,bG,0.92,7.6,7.8,2,bp,0.81,6.1,6.0
FIS FREESTYLE SKI WORLD CUP 2025,2025-02-28,ALMATY (KAZ),Women's Moguls,Results Qualification,STENKULA Nicolina,2537789,SWE,15,62.42,11.65,40.4,10.37,1,bG,0.92,6.3,6.5,2,bp,0.81,5.5,5.6
FIS FREESTYLE SKI WORLD CUP 2025,2025-02-28,ALMATY (KAZ),Women's Moguls,Results Qualification,GUSTAFSON Moa,2535767,SWE,19,60.92,11.7,39.3,9.92,1,bG,0.92,5.6,5.5,2,bp,0.81,6.0,5.9
"FIS Snowboard, Freestyle and Freeski World Championships 2025",2025-03-18,ST. MORITZ / ENGADIN (SUI),Men's Moguls,Results Qualification,JUNG Daeyoon,2534856,KOR,13,72.67,17.41,40.2,15.06,1,7oG,1.01,7.8,8.1,2,7op,0.88,8.1,7.9
"FIS Snowboard, Freestyle and Freeski World Championships 2025",2025-03-18,ST. MORITZ / ENGADIN (SUI),Men's Moguls,Results Qualification,CHALIFOUX Louis-,2534234,CAN,20,70.27,15.6,41.4,13.27,1,bF,0.88,7.6,8.1,2,7op,0.88,7.2,7.3
"FIS Snowboard, Freestyle and Freeski World Championships 2025",2025-03-19,ST. MORITZ / ENGADIN (SUI),Men's Moguls,Results Final 1,KOLMAKOV Pavel,2528846,KAZ,10,77.32,16.38,46.3,14.64,1,bdF,1.05,6.4,6.6,2,10op,1.05,7.3,7.6
"FIS Snowboard, Freestyle and Freeski World Championships 2025",2025-03-19,ST. MORITZ / ENGADIN (SUI),Men's Moguls,Results Final 1,STEGFELDT Rasmus,2531923,SWE,13,74.08,18.77,40.9,14.41,1,7oG,1.01,7.4,8.0,2,lG,0.82,8.3,7.9
"FIS Snowboard, Freestyle and Freeski World Championships 2025",2025-03-19,ST. MORITZ / ENGADIN (SUI),Men's Moguls,Results Final 2,GRAVENFORS Filip,2534858,SWE,7,7.76,0.0,0.3,7.46,1,10op,1.05,3.1,3.1,2,TTS,0.59,7.3,7.0
"FIS Snowboard, Freestyle and Freeski World Championships 2025",2025-03-19,ST. MORITZ / ENGADIN (SUI),Women's Moguls,Results Final 1,CARROLL Avital,2529074,AUT,17,66.12,14.84,39.1,12.18,1,bG,0.92,6.1,5.8,2,7op,0.98,6.8,6.9
FIS FREESTYLE SKI WORLD CUP 2025,2024-12-06,IDRE FJÄLL (SWE),Men's Moguls,Results Final 1,PENTTALA Olli,2528035,FIN,16,21.0,10.35,0.3,10.35,1,10op,1.05,5.0,5.2,2,7oG,1.01,5.0,4.9
FIS FREESTYLE SKI WORLD CUP 2025,2025-01-24,WATERVILLE (USA),Men's Moguls,Results Final 1,NISHIZAWA Taketo,2531352,JPN,14,70.91,15.65,45.6,9.66,1,bF,0.88,6.7,6.9,2,7oG,1.01,4.0,3.3
FIS FREESTYLE SKI WORLD CUP 2025,2025-01-24,WATERVILLE (USA),Men's Moguls,Results Qualification,JUNG Daeyoon,2534856,KOR,4,77.18,16.34,47.2,13.64,1,10op,1.05,6.9,7.7,2,7op,0.88,6.6,7.0
FIS FREESTYLE SKI WORLD CUP 2025,2025-01-24,WATERVILLE (USA),Men's Moguls,Results Qualification,VIERELA Severi,2533386,FIN,12,72.4,14.34,43.4,14.66,1,10op,1.05,6.7,7.4,2,7oG,1.01,7.5,6.9
FIS FREESTYLE SKI WORLD CUP 2025,2025-01-24,WATERVILLE (USA),Men's Moguls,Results Qualification,WALCZYK Dylan,2527085,USA,14,71.37,15.01,46.9,9.46,1,7op,0.88,4.2,4.0,2,lG,0.82,6.8,7.5
FIS FREESTYLE SKI WORLD CUP 2025,2025-01-24,WATERVILLE (USA),Men's Moguls,Results Qualification,JEANNESSON Mateo,2535572,GBR,19,69.58,15.04,41.9,12.64,1,bF,0.88,6.8,6.7,2,7oG,1.01,6.9,6.4
FIS FREESTYLE SKI WORLD CUP 2025,2025-01-24,WATERVILLE (USA),Men's Moguls,Results Qualification,GENDRON Nate,2538060,USA,40,60.66,13.17,38.0,9.49,1,7op,0.88,6.0,4.9,2,7oG,1.01,4.1,5.2
FIS FREESTYLE SKI WORLD CUP 2024,2024-01-26,WATERVILLE (USA),Women's Moguls,Results Qualification,KARIOTIS Kylie,2534866,USA,21,44.98,14.5,21.9,8.58,1,bG,0.92,4.7,5.0,2,bp,0.81,4.8,5.4
FIS FREESTYLE SKI WORLD CUP 2024,2024-02-01,DEER VALLEY (USA),Men's Moguls,Results Qualification,WOODS Cooper,2532161,AUS,3,77.5,16.8,47.2,13.5,1,bF,0.88,8.4,7.6,2,7op,0.88,7.3,7.4
FIS FREESTYLE SKI WORLD CUP 2024,2024-02-01,DEER VALLEY (USA),Men's Moguls,Results Qualification,MERZ Linus,2533504,GER,45,46.26,14.58,22.1,9.58,1,7op,0.88,6.4,6.5,2,bp,0.71,5.0,6.0
FIS FREESTYLE SKI WORLD CUP 2024,2024-02-01,DEER VALLEY (USA),Men's Moguls,Results Qualification,KOLMAKOV Pavel,2528846,KAZ,51,27.6,8.49,12.3,6.81,1,bF,0.88,7.8,7.0,2,7oG,1.01,0.5,0.1
FIS FREESTYLE SKI WORLD CUP 2024,2024-02-01,DEER VALLEY (USA),Women's Moguls,Results Final 2,MACUGA Alli,2534186,USA,5,64.72,16.27,37.0,11.45,1,bp,0.81,6.8,7.1,2,7op,0.98,5.4,6.5
FIS FREESTYLE SKI WORLD CUP 2025,2025-02-21,BEIDAHU (CHN),Men's Moguls,Results Final 2,GRAHAM Matt,2441426,AUS,4,83.65,16.68,51.3,15.67,1,bF,0.88,8.5,8.4,2,10op,1.05,7.9,7.8
FIS FREESTYLE SKI WORLD CUP 2025,2025-02-21,BEIDAHU (CHN),Men's Moguls,Results Qualification,PAGE Nick,2533462,USA,4,77.43,15.98,45.9,15.55,1,10op,1.05,7.8,7.8,2,7oG,1.01,7.8,6.8
FIS FREESTYLE SKI WORLD CUP 2025,2025-02-21,BEIDAHU (CHN),Men's Moguls,Results Qualification,SHIMAKAWA Takuya,2530672,JPN,26,71.55,13.81,45.1,12.64,1,7oG,1.01,6.5,6.7,2,7op,0.88,6.8,6.8
FIS FREESTYLE SKI WORLD CUP 2025,2025-02-21,BEIDAHU (CHN),Women's Moguls,Results Final 2,KAUF Jaelin,2529064,USA,1,82.19,18.18,49.4,14.61,1,7op,0.98,7.4,7.4,2,bG,0.92,8.0,8.0
FIS FREESTYLE SKI WORLD CUP 2025,2025-02-21,BEIDAHU (CHN),Women's Moguls,Results Final 2,GIACCIO Olivia,2532241,USA,3,78.43,16.01,47.1,15.32,1,7oG,1.11,7.6,7.4,2,7op,0.98,7.1,7.2
FIS FREESTYLE SKI WORLD CUP 2025,2025-02-21,BEIDAHU (CHN),Women's Moguls,Results Qualification,BERGHUIS Laura,2535376,NED,20,60.16,11.76,37.8,10.6,1,bG,0.92,5.9,6.5,2,bp,0.81,6.0,6.1
FIS FREESTYLE SKI WORLD CUP 2025,2024-11-30,RUKA (FIN),Men's Moguls,Results Final 2,HORISHIMA Ikuma,2529645,JPN,3,80.51,14.02,48.4,18.09,1,bdF,1.05,8.0,8.0,2,14op,1.22,7.9,8.0
FIS FREESTYLE SKI WORLD CUP 2025,2024-12-20,BAKURIANI (GEO),Women's Moguls,Results Final 1,HOGG Kasey,2534251,USA,11,67.99,16.85,37.5,13.64,1,bp,0.81,7.8,7.4,2,bG,0.92,8.1,8.2
FIS FREESTYLE SKI WORLD CUP 2025,2025-03-11,LIVIGNO (ITA),Men's Moguls,Results Qualification,VIEL Julien,2534074,CAN,4,77.79,15.34,48.0,14.45,1,bF,0.88,7.8,8.0,2,10op,1.05,7.2,7.1
FIS FREESTYLE SKI WORLD CUP 2025,2025-03-11,LIVIGNO (ITA),Men's Moguls,Results Qualification,NAKAHARA Osuke,2539132,JPN,11,72.92,14.55,45.2,13.17,1,bF,0.88,7.4,8.0,2,10op,1.05,6.3,5.9
FIS FREESTYLE SKI WORLD CUP 2025,2025-03-11,LIVIGNO (ITA),Men's Moguls,Results Qualification,STEGFELDT Rasmus,2531923,SWE,20,69.69,13.3,45.5,10.89,1,bF,0.88,8.1,8.3,2,7oG,1.01,3.5,3.8
FIS FREESTYLE SKI WORLD CUP 2025,2025-02-28,ALMATY (KAZ),Men's Moguls,Results Qualification,STEGFELDT Rasmus,2531923,SWE,10,74.21,16.74,44.4,13.07,1,bF,0.88,8.2,8.3,2,bG,0.82,7.0,7.2
FIS FREESTYLE SKI WORLD CUP 2025,2025-02-28,ALMATY (KAZ),Men's Moguls,Results Qualification,PENTTALA Olli,2528035,FIN,15,73.46,15.32,43.2,14.94,1,10op,1.05,7.7,7.6,2,7oG,1.01,7.0,6.7
FIS FREESTYLE SKI WORLD CUP 2025,2025-02-28,ALMATY (KAZ),Women's Moguls,Results Final 1,KARIOTIS Kylie,2534866,USA,12,68.62,15.98,41.7,10.94,1,bG,0.92,6.7,6.8,2,bp,0.81,6.1,5.6
"FIS Snowboard, Freestyle and Freeski World Championships 2025",2025-03-18,ST. MORITZ / ENGADIN (SUI),Men's Moguls,Results Qualification,WOODS Cooper,2532161,AUS,15,72.06,15.95,43.1,13.01,1,bF,0.88,9.0,9.1,2,7op,0.88,5.7,5.8
"FIS Snowboard, Freestyle and Freeski World Championships 2025",2025-03-18,ST. MORITZ / ENGADIN (SUI),Men's Moguls,Results Qualification,MURPHY George,2534254,AUS,22,69.65,16.01,40.7,12.94,1,bG,0.82,7.8,8.0,2,7op,0.88,7.2,7.5
"FIS Snowboard, Freestyle and Freeski World Championships 2025",2025-03-18,ST. MORITZ / ENGADIN (SUI),Men's Moguls,Results Qualification,YEMELYANOV Maxim,2535387,KAZ,29,61.61,14.98,37.6,9.03,1,7oG,1.01,5.1,5.0,2,bp,0.71,5.8,5.3
"FIS Snowboard, Freestyle and Freeski World Championships 2025",2025-03-19,ST. MORITZ / ENGADIN (SUI),Men's Moguls,Results Final 1,VAILLANCOURT Elliot,2532513,CAN,14,73.76,16.56,45.3,11.9,1,10op,1.05,7.4,7.3,2,7oG,1.01,4.1,4.2
"FIS Snowboard, Freestyle and Freeski World Championships 2025",2025-03-19,ST. MORITZ / ENGADIN (SUI),Men's Moguls,Results Final 2,KINGSBURY Mikael,2484937,CAN,2,82.68,17.36,49.1,16.22,1,bdF,1.05,8.5,8.6,2,10op,1.05,7.0,6.8
"FIS Snowboard, Freestyle and Freeski World Championships 2025",2025-03-19,ST. MORITZ / ENGADIN (SUI),Women's Moguls,Results Final 1,DUAUX Marie,2537443,FRA,9,71.71,16.16,42.2,13.35,1,bF,0.98,7.3,7.4,2,bp,0.81,7.5,7.7
"FIS Snowboard, Freestyle and Freeski World Championships 2025",2025-03-19,ST. MORITZ / ENGADIN (SUI),Women's Moguls,Results Final 2,TOMITAKA Hinako,2532031,JPN,2,75.15,16.49,46.1,12.56,1,bG,0.92,5.5,5.2,2,7op,0.98,7.7,7.9
FIS FREESTYLE SKI WORLD CUP 2025,2024-12-06,IDRE FJÄLL (SWE),Men's Moguls,Results Final 1,CAVET Benjamin,2530514,FRA,1,84.58,16.64,50.1,17.84,1,bF,0.88,9.3,9.2,2,10op,1.05,9.2,9.3
FIS FREESTYLE SKI WORLD CUP 2025,2024-12-06,IDRE FJÄLL (SWE),Men's Moguls,Results Final 1,PAGE Nick,2533462,USA,4,83.44,16.35,49.8,17.29,1,10op,1.05,8.3,8.4,2,7oG,1.01,8.4,8.5
FIS FREESTYLE SKI WORLD CUP 2025,2024-12-06,IDRE FJÄLL (SWE),Men's Moguls,Results Final 1,CORDELL Sam,2532530,CAN,12,75.14,15.07,45.4,14.67,1,7oG,1.01,8.2,7.8,2,bG,0.82,8.3,7.8
FIS FREESTYLE SKI WORLD CUP 2025,2024-12-06,IDRE FJÄLL (SWE),Men's Moguls,Results Final 1,WALCZYK Dylan,2527085,USA,15,67.47,15.64,41.6,10.23,1,bG,0.82,9.3,9.4,2,7oG,1.01,2.5,2.6
FIS FREESTYLE SKI WORLD CUP 2025,2024-12-06,IDRE FJÄLL (SWE),Men's Moguls,Results Final 2,HORISHIMA Ikuma,2529645,JPN,2,85.89,16.78,51.0,18.11,1,bdF,1.05,8.2,8.3,2,14op,1.22,7.8,7.7
FIS FREESTYLE SKI WORLD CUP 2025,2024-12-06,IDRE FJÄLL (SWE),Men's Moguls,Results Final 2,WALLBERG Walter,2532001,SWE,3,85.63,18.01,49.1,18.52,1,bdF,1.05,8.9,8.9,2,7oG,1.01,8.9,9.3
FIS FREESTYLE SKI WORLD CUP 2025,2024-12-06,IDRE FJÄLL (SWE),Women's Moguls,Results Final 1,ANTHONY Jakara,2530720,AUS,1,80.36,16.98,46.9,16.48,1,7oG,1.11,8.2,8.3,2,bp,0.81,8.9,9.2
FIS FREESTYLE SKI WORLD CUP 2025,2024-12-06,IDRE FJÄLL (SWE),Women's Moguls,Results Final 1,GIACCIO Olivia,2532241,USA,4,78.34,15.38,45.4,17.56,1,7oG,1.11,8.4,8.6,2,7op,0.98,8.2,8.4
FIS FREESTYLE SKI WORLD CUP 2025,2024-12-06,IDRE FJÄLL (SWE),Women's Moguls,Results Final 1,TOMITAKA Hinako,2532031,JPN,9,70.05,15.51,42.2,12.34,1,bG,0.92,7.2,7.4,2,7op,0.98,5.8,5.7
FIS FREESTYLE SKI WORLD CUP 2025,2024-12-06,IDRE FJÄLL (SWE),Women's Moguls,Results Final 1,WILSON Charlotte,2535796,AUS,10,69.45,16.02,44.2,9.23,1,bG,0.92,4.2,4.8,2,bp,0.81,6.2,6.4
FIS FREESTYLE SKI WORLD CUP 2025,2024-12-06,IDRE FJÄLL (SWE),Women's Moguls,Results Final 1,MACUGA Alli,2534186,USA,15,60.63,15.74,36.0,8.89,1,bp,0.81,5.2,6.0,2,7op,0.98,4.1,4.8
FIS FREESTYLE SKI WORLD CUP 2025,2025-01-24,WATERVILLE (USA),Men's Moguls,Results Final 1,GRAHAM Matt,2441426,AUS,8,76.7,18.24,47.3,11.16,1,10op,1.05,7.4,7.5,2,7op,0.88,4.0,3.6
FIS FREESTYLE SKI WORLD CUP 2025,2025-01-24,WATERVILLE (USA),Men's Moguls,Results Final 1,WALCZYK Dylan,2527085,USA,9,74.98,16.44,46.9,11.64,1,7op,0.88,6.8,7.2,2,lG,0.82,7.0,6.4
FIS FREESTYLE SKI WORLD CUP 2025,2025-01-24,WATERVILLE (USA),Men's Moguls,Results Final 2,KINGSBURY Mikael,2484937,CAN,1,84.95,16.95,50.9,17.1,1,bF,0.88,9.4,9.2,2,10op,1.05,8.5,8.5
FIS FREESTYLE SKI WORLD CUP 2025,2025-01-24,WATERVILLE (USA),Men's Moguls,Results Final 2,PAGE Nick,2533462,USA,2,83.55,16.76,49.8,16.99,1,10op,1.05,8.3,8.6,2,7oG,1.01,7.9,8.2
FIS FREESTYLE SKI WORLD CUP 2025,2025-01-24,WATERVILLE (USA),Men's Moguls,Results Qualification,PAGE Nick,2533462,USA,9,73.15,15.56,44.1,13.49,1,7oG,1.01,6.3,6.5,2,10op,1.05,7.0,6.4
FIS FREESTYLE SKI WORLD CUP 2025,2025-01-24,WATERVILLE (USA),Men's Moguls,Results Qualification,WOODS Cooper,2532161,AUS,10,72.78,14.26,44.8,13.72,1,bF,0.88,7.4,8.4,2,7op,0.88,7.9,7.5
FIS FREESTYLE SKI WORLD CUP 2025,2025-01-24,WATERVILLE (USA),Men's Moguls,Results Qualification,KROUPA Matyas,2537792,CZE,28,66.1,14.46,39.9,11.74,1,bG,0.82,6.5,6.0,2,7oG,1.01,7.0,6.1
FIS FREESTYLE SKI WORLD CUP 2025,2025-01-24,WATERVILLE (USA),Women's Moguls,Results Final 2,GIACCIO Olivia,2532241,USA,3,75.52,17.39,44.5,13.63,1,7oG,1.11,6.2,6.0,2,7op,0.98,6.5,7.5
FIS FREESTYLE SKI WORLD CUP 2025,2025-02-06,DEER VALLEY (USA),Women's Moguls,Results Final 1,KAUF Jaelin,2529064,USA,2,78.72,16.16,48.3,14.26,1,7op,0.98,7.1,7.0,2,bG,0.92,8.1,7.9
FIS FREESTYLE SKI WORLD CUP 2025,2025-02-06,DEER VALLEY (USA),Women's Moguls,Results Final 1,OWENS Kai,2534962,USA,6,72.93,14.01,44.2,14.72,1,7op,0.98,7.6,7.3,2,7oG,1.11,6.8,6.6
FIS FREESTYLE SKI WORLD CUP 2025,2025-02-06,DEER VALLEY (USA),Women's Moguls,Results Final 1,ITO Marin,2534824,JPN,7,71.58,14.16,44.0,13.42,1,bG,0.92,6.8,6.5,2,fG,0.92,8.0,7.9
FIS FREESTYLE SKI WORLD CUP 2025,2025-02-06,DEER VALLEY (USA),Women's Moguls,Results Final 2,JOHNSON Tess,2532270,USA,4,65.72,14.02,36.4,15.3,1,7oG,1.11,6.8,6.7,2,bG,0.92,8.6,8.4
FIS FREESTYLE SKI WORLD CUP 2025,2025-01-31,VAL ST. COME (CAN),Men's Moguls,Results Final 2,HORISHIMA Ikuma,2529645,JPN,6,55.48,13.91,29.3,12.27,1,bdF,1.05,8.8,8.9,2,14op,1.22,2.5,2.4
FIS FREESTYLE SKI WORLD CUP 2025,2025-01-31,VAL ST. COME (CAN),Men's Moguls,Results Qualification,HOLMGREN Emil,2534210,SWE,10,73.63,15.25,43.4,14.98,1,7op,0.88,8.5,8.0,2,7oG,1.01,7.7,7.6
FIS FREESTYLE SKI WORLD CUP 2025,2025-01-31,VAL ST. COME (CAN),Men's Moguls,Results Qualification,CHALIFOUX Louis-,2534234,CAN,37,64.86,13.46,39.7,11.7,1,bF,0.88,7.4,6.5,2,7op,0.88,6.7,6.0
FIS FREESTYLE SKI WORLD CUP 2025,2025-01-31,VAL ST. COME (CAN),Men's Moguls,Results Qualification,MERZ Linus,2533504,GER,55,47.81,14.07,25.1,8.64,1,7op,0.88,6.2,6.2,2,bp,0.71,4.8,4.2
"FIS SNOWBOARD, FREESTYLE AND FREESKI WORLD CHAMPIONSHIPS 2023",2023-02-25,BAKURIANI (GEO),Men's Moguls,Results Qualification 1,SUGIMOTO Kosuke,2528069,JPN,16,76.24,16.8,47.1,12.34,1,7oG,1.01,7.0,7.3,2,bG,0.82,6.0,6.5
"FIS SNOWBOARD, FREESTYLE AND FREESKI WORLD CHAMPIONSHIPS 2023",2023-02-25,BAKURIANI (GEO),Men's Moguls,Results Qualification 1,JUNG Daeyoon,2534856,KOR,21,72.12,17.71,41.9,12.51,1,7oG,1.01,8.1,8.4,2,bp,0.71,5.8,6.0
"FIS SNOWBOARD, FREESTYLE AND FREESKI WORLD CHAMPIONSHIPS 2023",2023-02-25,BAKURIANI (GEO),Men's Moguls,Results Qualification 1,HARVEY Jackson,2534735,AUS,23,71.22,15.49,42.8,12.93,1,bF,0.88,7.3,7.5,2,7op,0.88,7.0,7.6
"FIS SNOWBOARD, FREESTYLE AND FREESKI WORLD CHAMPIONSHIPS 2023",2023-02-25,BAKURIANI (GEO),Men's Moguls,Results Qualification 1,PASCARELLA Paolo,2534403,SUI,37,38.35,12.76,16.8,8.79,1,bF,0.88,5.0,5.1,2,10op,1.05,4.3,4.0
"FIS SNOWBOARD, FREESTYLE AND FREESKI WORLD CHAMPIONSHIPS 2023",2023-02-25,BAKURIANI (GEO),Men's Moguls,Results Qualification 2,VAILLANCOURT Elliot,2532513,CAN,7,78.74,15.65,47.4,15.69,1,7oG,1.01,8.3,8.6,2,7op,0.88,8.1,8.2
"FIS SNOWBOARD, FREESTYLE AND FREESKI WORLD CHAMPIONSHIPS 2023",2023-02-25,BAKURIANI (GEO),Men's Moguls,Results Qualification 2,MURPHY George,2534254,AUS,17,73.3,15.62,43.4,14.28,1,7op,0.88,7.8,8.1,2,bG,0.82,8.9,8.9
"FIS SNOWBOARD, FREESTYLE AND FREESKI WORLD CHAMPIONSHIPS 2023",2023-02-25,BAKURIANI (GEO),Women's Moguls,Results Qualification 1,MERZ Annika,2535327,GER,18,51.85,11.68,32.0,8.17,1,bG,0.92,4.0,4.0,2,bp,0.81,5.6,5.5
"FIS SNOWBOARD, FREESTYLE AND FREESKI WORLD CHAMPIONSHIPS 2023",2023-02-25,BAKURIANI (GEO),Women's Moguls,Results Qualification 1,NAKAO Haruka,2533488,JPN,25,21.43,7.82,1.1,12.51,1,7op,0.98,6.2,6.3,2,bG,0.92,7.1,6.8
"FIS SNOWBOARD, FREESTYLE AND FREESKI WORLD CHAMPIONSHIPS 2023",2023-02-25,BAKURIANI (GEO),Women's Moguls,Results Qualification 1,YANAGIMOTO Rino,2532040,JPN,26,17.02,2.71,8.0,6.31,1,7oG,1.11,1.2,1.5,2,bp,0.81,6.1,5.8
FIS FREESTYLE SKI WORLD CUP 2023,2023-01-27,VAL ST. COME (CAN),Men's Moguls,Results Qualification,MOUILLE Thibaud,2532044,FRA,22,72.78,15.0,44.1,13.68,1,10op,1.05,4.8,5.2,2,7oG,1.01,8.4,8.3
FIS FREESTYLE SKI WORLD CUP 2023,2023-01-27,VAL ST. COME (CAN),Men's Moguls,Results Qualification,GOODISON Samuel,2534451,CAN,23,72.42,16.64,43.2,12.58,1,bF,0.88,8.0,7.8,2,7op,0.88,6.4,6.4
FIS FREESTYLE SKI WORLD CUP 2023,2023-01-27,VAL ST. COME (CAN),Men's Moguls,Results Qualification,CONEDERA Martino,2532502,SUI,49,55.13,12.29,33.9,8.94,1,bF,0.88,4.2,5.0,2,7oG,1.01,4.7,5.0
FIS FREESTYLE SKI WORLD CUP 2023,2023-01-27,VAL ST. COME (CAN),Men's Moguls,Results Qualification,WEESE Nicolas,2535693,GER,51,47.6,16.09,23.3,8.21,1,7op,0.88,4.3,4.5,2,lG,0.82,5.4,5.2
FIS FREESTYLE SKI WORLD CUP 2023,2022-12-03,RUKA (FIN),Women's Moguls,Results Final 1,ANTHONY Jakara,2530720,AUS,2,77.58,17.18,49.1,11.3,1,7oG,1.11,2.2,4.0,2,bG,0.92,8.6,8.5
FIS FREESTYLE SKI WORLD CUP 2023,2022-12-03,RUKA (FIN),Women's Moguls,Results Qualification,SOAR Hannah,2531373,USA,7,71.09,14.99,45.4,10.7,1,bG,0.92,5.2,5.4,2,7op,0.98,6.0,5.9
FIS FREESTYLE SKI WORLD CUP 2023,2022-12-03,RUKA (FIN),Women's Moguls,Results Qualification,DEGROOTE Fantine,2533547,FRA,8,68.94,14.96,40.3,13.68,1,bG,0.92,8.1,8.2,2,bp,0.81,7.6,7.7
FIS FREESTYLE SKI WORLD CUP 2023,2022-12-03,RUKA (FIN),Women's Moguls,Results Qualification,AMRENOVA Ayaulym,2532085,KAZ,12,65.28,12.72,38.4,14.16,1,bG,0.92,8.0,8.1,2,7op,0.98,6.9,6.9
FIS FREESTYLE SKI WORLD CUP 2023,2022-12-10,IDRE FJÄLL (SWE),Men's Moguls,Results Final 1,HARVEY Jackson,2534735,AUS,11,73.77,16.6,44.2,12.97,1,bF,0.88,8.4,7.2,2,7op,0.88,6.7,7.2
FIS FREESTYLE SKI WORLD CUP 2023,2022-12-10,IDRE FJÄLL (SWE),Women's Moguls,Results Final 1,KAWAMURA Anri,2534852,JPN,2,79.06,18.5,45.8,14.76,1,7op,0.98,7.6,8.1,2,bG,0.92,7.6,7.8
FIS FREESTYLE SKI WORLD CUP 2023,2023-02-02,DEER VALLEY (USA),Men's Moguls,Results Qualification,KINGSBURY Mikael,2484937,CAN,2,79.75,16.4,49.8,13.55,1,bF,0.88,8.0,7.8,2,7op,0.88,7.5,7.5
FIS FREESTYLE SKI WORLD CUP 2023,2023-02-02,DEER VALLEY (USA),Men's Moguls,Results Qualification,MURPHY George,2534254,AUS,20,64.14,13.56,37.9,12.68,1,7op,0.88,6.5,6.6,2,bG,0.82,8.4,8.5
FIS FREESTYLE SKI WORLD CUP 2023,2023-02-02,DEER VALLEY (USA),Men's Moguls,Results Qualification,LI Musai,2537254,CHN,27,58.34,11.73,37.3,9.31,1,bL,0.71,4.8,4.6,2,bG,0.82,7.3,7.3
FIS FREESTYLE SKI WORLD CUP 2023,2023-02-02,DEER VALLEY (USA),Men's Moguls,Results Qualification,JUNG Daeyoon,2534856,KOR,32,46.47,14.11,19.8,12.56,1,7oG,1.01,6.8,6.9,2,3oG,0.82,6.7,7.1
FIS FREESTYLE SKI WORLD CUP 2023,2023-02-02,DEER VALLEY (USA),Men's Moguls,Results Qualification,HOLMGREN Albin,2532811,SWE,35,36.0,13.99,13.3,8.71,1,7op,0.88,7.1,7.1,2,7oG,1.01,2.4,2.5
FIS FREESTYLE SKI WORLD CUP 2023,2022-12-09,IDRE FJÄLL (SWE),Women's Moguls,Results Qualification,YANAGIMOTO Rino,2532040,JPN,7,71.69,15.9,42.0,13.79,1,7oG,1.11,7.2,6.5,2,bp,0.81,8.0,7.3
FIS FREESTYLE SKI WORLD CUP 2023,2022-12-09,IDRE FJÄLL (SWE),Women's Moguls,Results Qualification,NAKAO Haruka,2533488,JPN,9,69.76,16.03,40.3,13.43,1,bG,0.92,7.7,6.9,2,bp,0.81,8.4,8.2
FIS FREESTYLE SKI WORLD CUP 2023,2022-12-09,IDRE FJÄLL (SWE),Women's Moguls,Results Qualification,STENKULA Nicolina,2537789,SWE,24,52.92,13.37,33.0,6.55,1,bT,0.78,4.6,5.5,2,bG,0.92,3.2,2.5
FIS FREESTYLE SKI WORLD CUP 2023,2022-12-15,ALPE D'HUEZ (FRA),Men's Moguls,Results Qualification,KINGSBURY Mikael,2484937,CAN,3,77.16,13.14,48.5,15.52,1,bF,0.88,9.1,8.9,2,7op,0.88,8.7,8.6
FIS FREESTYLE SKI WORLD CUP 2025,2025-01-24,WATERVILLE (USA),Women's Moguls,Results Final 2,SCHWINGHAMMER,2533204,CAN,4,74.99,17.16,44.7,13.13,1,7op,0.98,7.3,7.6,2,bG,0.92,6.5,6.2
FIS FREESTYLE SKI WORLD CUP 2025,2025-02-06,DEER VALLEY (USA),Men's Moguls,Results Final 1,HORISHIMA Ikuma,2529645,JPN,1,87.99,16.67,53.7,17.62,1,bF,0.88,9.4,9.3,2,10op,1.05,8.9,9.0
FIS FREESTYLE SKI WORLD CUP 2025,2025-02-06,DEER VALLEY (USA),Men's Moguls,Results Final 1,PAGE Nick,2533462,USA,5,81.49,15.76,50.3,15.43,1,7op,0.88,8.3,8.2,2,7oG,1.01,8.2,8.0
FIS FREESTYLE SKI WORLD CUP 2025,2025-02-06,DEER VALLEY (USA),Men's Moguls,Results Final 2,CAVET Benjamin,2530514,FRA,3,83.82,16.27,51.3,16.25,1,bF,0.88,8.4,8.5,2,10op,1.05,8.5,8.3
FIS FREESTYLE SKI WORLD CUP 2025,2025-02-06,DEER VALLEY (USA),Women's Moguls,Results Final 1,FUJIKI Hina,2533039,JPN,14,17.55,0.0,10.7,6.85,1,bG,0.92,7.4,7.5,2,NJ,0.0,0.0,0.0
FIS FREESTYLE SKI WORLD CUP 2025,2025-01-31,VAL ST. COME (CAN),Men's Moguls,Results Final 2,HOLMGREN Emil,2534210,SWE,4,76.18,15.78,45.4,15.0,1,10op,1.05,7.6,7.9,2,7oG,1.01,6.6,7.0
FIS FREESTYLE SKI WORLD CUP 2025,2025-01-31,VAL ST. COME (CAN),Men's Moguls,Results Final 2,GRAVENFORS Filip,2534858,SWE,5,68.31,17.98,35.8,14.53,1,bdF,1.05,7.9,7.9,2,10op,1.05,6.0,5.9
FIS FREESTYLE SKI WORLD CUP 2025,2025-01-31,VAL ST. COME (CAN),Men's Moguls,Results Qualification,MARCELLINI Dylan,2534089,USA,16,71.93,14.73,42.3,14.9,1,7oG,1.01,8.1,8.0,2,7op,0.88,7.8,7.6
FIS FREESTYLE SKI WORLD CUP 2025,2025-01-31,VAL ST. COME (CAN),Men's Moguls,Results Qualification,GOODISON Samuel,2534451,CAN,20,70.77,14.58,41.3,14.89,1,bF,0.88,7.8,7.0,2,7oG,1.01,8.2,8.4
FIS FREESTYLE SKI WORLD CUP 2025,2025-01-31,VAL ST. COME (CAN),Men's Moguls,Results Qualification,MOUILLE Thibaud,2532044,FRA,27,69.04,13.59,40.5,14.95,1,10op,1.05,7.3,8.0,2,bG,0.82,8.5,8.4
FIS FREESTYLE SKI WORLD CUP 2025,2025-01-31,VAL ST. COME (CAN),Men's Moguls,Results Qualification,BONDAREV Anton,2532859,KAZ,44,61.39,16.75,34.6,10.04,1,bF,0.88,6.2,5.5,2,bp,0.71,6.8,7.0
FIS FREESTYLE SKI WORLD CUP 2025,2025-01-31,VAL ST. COME (CAN),Men's Moguls,Results Qualification,PASCARELLA Paolo,2534403,SUI,50,58.71,11.25,34.2,13.26,1,bF,0.88,7.0,6.8,2,10op,1.05,6.9,6.8
"FIS SNOWBOARD, FREESTYLE AND FREESKI WORLD CHAMPIONSHIPS 2023",2023-02-25,BAKURIANI (GEO),Men's Moguls,Results Qualification 1,BUZZI Enea,2533002,SUI,30,64.18,14.38,38.6,11.2,1,bF,0.88,6.6,6.7,2,10op,1.05,5.0,5.2
"FIS SNOWBOARD, FREESTYLE AND FREESKI WORLD CHAMPIONSHIPS 2023",2023-02-25,BAKURIANI (GEO),Men's Moguls,Results Qualification 2,GRAVENFORS Filip,2534858,SWE,1,82.98,17.0,50.9,15.08,1,bF,0.88,9.0,8.9,2,7op,0.88,8.2,8.2
"FIS SNOWBOARD, FREESTYLE AND FREESKI WORLD CHAMPIONSHIPS 2023",2023-02-25,BAKURIANI (GEO),Men's Moguls,Results Qualification 2,SUGIMOTO Kosuke,2528069,JPN,3,81.57,16.76,50.4,14.41,1,7oG,1.01,7.6,7.9,2,bG,0.82,7.9,8.2
"FIS SNOWBOARD, FREESTYLE AND FREESKI WORLD CHAMPIONSHIPS 2023",2023-02-25,BAKURIANI (GEO),Men's Moguls,Results Qualification 2,HARVEY Jackson,2534735,AUS,19,66.19,16.02,36.5,13.67,1,bF,0.88,7.8,8.3,2,7op,0.88,7.7,7.3
"FIS SNOWBOARD, FREESTYLE AND FREESKI WORLD CHAMPIONSHIPS 2023",2023-02-25,BAKURIANI (GEO),Women's Moguls,Results Qualification 1,TOMITAKA Hinako,2532031,JPN,8,72.28,16.05,43.9,12.33,1,bp,0.81,8.0,7.7,2,7op,0.98,6.0,6.2
"FIS SNOWBOARD, FREESTYLE AND FREESKI WORLD CHAMPIONSHIPS 2023",2023-02-25,BAKURIANI (GEO),Women's Moguls,Results Qualification 2,NAKAO Haruka,2533488,JPN,7,62.97,14.51,36.0,12.46,1,7op,0.98,7.2,6.7,2,bG,0.92,6.2,6.1
"FIS SNOWBOARD, FREESTYLE AND FREESKI WORLD CHAMPIONSHIPS 2023",2023-02-25,BAKURIANI (GEO),Women's Moguls,Results Qualification 2,MA Zhuoni,2533012,CHN,15,46.55,10.01,26.2,10.34,1,bG,0.92,5.9,5.5,2,bT,0.78,6.6,6.5
FIS FREESTYLE SKI WORLD CUP 2023,2023-01-27,VAL ST. COME (CAN),Men's Moguls,Results Qualification,WALCZYK Dylan,2527085,USA,33,68.62,15.65,41.8,11.17,1,bG,0.82,7.9,8.0,2,7op,0.88,5.1,5.5
FIS FREESTYLE SKI WORLD CUP 2023,2023-01-27,VAL ST. COME (CAN),Men's Moguls,Results Qualification,SALONEN Jimi,2528237,FIN,35,68.39,16.6,41.9,9.89,1,7op,0.88,5.7,5.9,2,7oG,1.01,4.3,5.2
FIS FREESTYLE SKI WORLD CUP 2023,2023-01-27,VAL ST. COME (CAN),Men's Moguls,Results Qualification,MARCELLINI Dylan,2534089,USA,43,64.2,15.82,35.6,12.78,1,7oG,1.01,7.4,8.0,2,7op,0.88,5.7,5.7
FIS FREESTYLE SKI WORLD CUP 2023,2022-12-03,RUKA (FIN),Men's Moguls,Results Final 1,HORISHIMA Ikuma,2529645,JPN,2,81.09,14.57,49.6,16.92,1,bF,0.88,8.1,8.9,2,10op,1.05,8.8,9.2
FIS FREESTYLE SKI WORLD CUP 2023,2022-12-03,RUKA (FIN),Men's Moguls,Results Final 1,WALCZYK Dylan,2527085,USA,7,77.88,14.19,48.6,15.09,1,7oG,1.01,8.1,8.2,2,7op,0.88,7.6,8.0
FIS FREESTYLE SKI WORLD CUP 2023,2022-12-03,RUKA (FIN),Men's Moguls,Results Final 1,SUIRE Martin,2528624,FRA,16,60.07,15.6,32.1,12.37,1,7oG,1.01,6.0,5.8,2,7op,0.88,7.2,7.4
FIS FREESTYLE SKI WORLD CUP 2023,2022-12-03,RUKA (FIN),Women's Moguls,Results Qualification,KAWAMURA Anri,2534852,JPN,6,72.06,15.04,42.9,14.12,1,bp,0.81,7.7,7.6,2,7op,0.98,8.2,8.0
FIS FREESTYLE SKI WORLD CUP 2023,2022-12-03,RUKA (FIN),Women's Moguls,Results Qualification,DESMARAIS-GILBERT,2531811,CAN,18,58.96,11.5,37.1,10.36,1,bG,0.92,4.8,5.6,2,bp,0.81,7.4,6.4
FIS FREESTYLE SKI WORLD CUP 2023,2022-12-03,RUKA (FIN),Women's Moguls,Results Qualification,YUN Shin-Ee,2537929,KOR,26,19.82,8.67,4.1,7.05,1,bG,0.92,2.2,3.2,2,bp,0.81,5.7,5.6
FIS FREESTYLE SKI WORLD CUP 2023,2023-03-17,ALMATY (KAZ),Women's Moguls,Results Qualification,JOHNSON Tess,2532270,USA,5,68.14,15.64,38.2,14.3,1,7op,0.98,6.4,6.2,2,bG,0.92,8.9,8.8
FIS FREESTYLE SKI WORLD CUP 2023,2023-03-17,ALMATY (KAZ),Women's Moguls,Results Qualification,YANAGIMOTO Rino,2532040,JPN,6,66.83,16.11,37.4,13.32,1,7oG,1.11,5.6,5.8,2,7op,0.98,7.1,7.2
FIS FREESTYLE SKI WORLD CUP 2023,2023-03-17,ALMATY (KAZ),Women's Moguls,Results Qualification,SHAFFER Lulu,2531871,USA,12,63.53,16.15,37.4,9.98,1,bG,0.92,6.6,6.4,2,bp,0.81,4.9,5.0
FIS FREESTYLE SKI WORLD CUP 2023,2022-12-10,IDRE FJÄLL (SWE),Men's Moguls,Results Final 1,KINGSBURY Mikael,2484937,CAN,4,78.8,17.57,45.9,15.33,1,10op,1.05,7.6,7.7,2,7op,0.88,8.1,8.5
FIS FREESTYLE SKI WORLD CUP 2023,2022-12-10,IDRE FJÄLL (SWE),Women's Moguls,Results Final 1,YANAGIMOTO Rino,2532040,JPN,9,70.84,16.78,39.5,14.56,1,7oG,1.11,7.3,6.7,2,bp,0.81,8.2,8.6
FIS FREESTYLE SKI WORLD CUP 2023,2023-02-02,DEER VALLEY (USA),Men's Moguls,Results Qualification,SHIMAKAWA Takuya,2530672,JPN,13,70.17,15.94,42.8,11.43,1,7op,0.88,6.3,6.1,2,10op,1.05,5.5,5.9
FIS FREESTYLE SKI WORLD CUP 2023,2023-02-02,DEER VALLEY (USA),Men's Moguls,Results Qualification,PASCARELLA Paolo,2534403,SUI,31,48.57,11.36,25.7,11.51,1,bF,0.88,6.0,6.1,2,10op,1.05,5.9,5.9
FIS FREESTYLE SKI WORLD CUP 2023,2023-02-02,DEER VALLEY (USA),Men's Moguls,Results Qualification,BUZZI Enea,2533002,SUI,33,44.53,16.54,19.8,8.19,1,bF,0.88,4.7,5.0,2,bG,0.82,4.8,4.8
FIS FREESTYLE SKI WORLD CUP 2023,2022-12-15,ALPE D'HUEZ (FRA),Men's Moguls,Results Qualification,WALLBERG Walter,2532001,SWE,4,77.14,14.59,47.6,14.95,1,bF,0.88,8.2,8.9,2,7op,0.88,8.4,8.5
FIS FREESTYLE SKI WORLD CUP 2023,2022-12-15,ALPE D'HUEZ (FRA),Men's Moguls,Results Qualification,GRAVENFORS Filip,2534858,SWE,22,66.76,16.26,39.3,11.2,1,bF,0.88,8.1,8.1,2,bp,0.71,5.4,6.1
FIS FREESTYLE SKI WORLD CUP 2025,2025-01-24,WATERVILLE (USA),Women's Moguls,Results Final 1,TAGUCHI Yuma,2537043,JPN,11,69.19,16.98,42.7,9.51,1,bG,0.92,6.2,6.3,2,7op,0.98,3.8,3.9
FIS FREESTYLE SKI WORLD CUP 2025,2025-02-06,DEER VALLEY (USA),Men's Moguls,Results Final 1,MARCELLINI Dylan,2534089,USA,13,75.31,15.35,47.0,12.96,1,7oG,1.01,7.0,7.0,2,7op,0.88,6.9,6.5
FIS FREESTYLE SKI WORLD CUP 2025,2025-02-06,DEER VALLEY (USA),Men's Moguls,Results Final 2,PAGE Nick,2533462,USA,6,67.77,17.29,36.5,13.98,1,7oG,1.01,8.1,7.8,2,bp,0.71,8.4,8.4
FIS FREESTYLE SKI WORLD CUP 2025,2025-02-06,DEER VALLEY (USA),Women's Moguls,Results Final 1,SCHWINGHAMMER,2533204,CAN,3,78.68,16.01,48.0,14.67,1,7op,0.98,7.8,7.7,2,bG,0.92,7.6,7.8
FIS FREESTYLE SKI WORLD CUP 2025,2025-01-31,VAL ST. COME (CAN),Men's Moguls,Results Final 2,VIEL Julien,2534074,CAN,2,80.56,16.35,49.0,15.21,1,10op,1.05,7.8,8.2,2,7op,0.88,7.6,7.9
FIS FREESTYLE SKI WORLD CUP 2025,2025-01-31,VAL ST. COME (CAN),Men's Moguls,Results Qualification,WOODS Cooper,2532161,AUS,8,75.23,14.3,46.6,14.33,1,bF,0.88,8.3,8.7,2,7op,0.88,7.5,8.1
FIS FREESTYLE SKI WORLD CUP 2025,2025-01-31,VAL ST. COME (CAN),Men's Moguls,Results Qualification,VAILLANCOURT Elliot,2532513,CAN,11,73.51,14.16,42.9,16.45,1,10op,1.05,7.4,7.6,2,7oG,1.01,8.4,8.6
FIS FREESTYLE SKI WORLD CUP 2025,2025-01-31,VAL ST. COME (CAN),Men's Moguls,Results Qualification,LOGAN Oliver,2534330,AUS,32,68.15,15.78,40.1,12.27,1,bF,0.88,6.3,6.4,2,7op,0.88,7.7,7.5
FIS FREESTYLE SKI WORLD CUP 2025,2025-01-31,VAL ST. COME (CAN),Men's Moguls,Results Qualification,CROZET James,2533249,FRA,35,65.53,15.36,37.7,12.47,1,7oG,1.01,6.4,6.3,2,lG,0.82,7.6,7.2
FIS FREESTYLE SKI WORLD CUP 2025,2025-01-31,VAL ST. COME (CAN),Men's Moguls,Results Qualification,MURATA Yutaro,2530684,JPN,38,64.23,14.19,38.0,12.04,1,bF,0.88,7.7,7.6,2,7op,0.88,6.1,6.0
"FIS SNOWBOARD, FREESTYLE AND FREESKI WORLD CHAMPIONSHIPS 2023",2023-02-25,BAKURIANI (GEO),Men's Moguls,Results Qualification 1,KELLY Brenden,2527955,CAN,9,80.27,15.12,48.7,16.45,1,7oG,1.01,8.4,8.5,2,10op,1.05,7.6,7.5
"FIS SNOWBOARD, FREESTYLE AND FREESKI WORLD CHAMPIONSHIPS 2023",2023-02-25,BAKURIANI (GEO),Men's Moguls,Results Qualification 1,MURATA Yutaro,2530684,JPN,17,75.87,15.83,47.9,12.14,1,bF,0.88,6.9,6.5,2,7op,0.88,7.0,7.2
"FIS SNOWBOARD, FREESTYLE AND FREESKI WORLD CHAMPIONSHIPS 2023",2023-02-25,BAKURIANI (GEO),Men's Moguls,Results Qualification 1,CONEDERA Martino,2532502,SUI,38,34.23,7.99,14.9,11.34,1,bF,0.88,6.0,5.7,2,10op,1.05,5.8,6.0
"FIS SNOWBOARD, FREESTYLE AND FREESKI WORLD CHAMPIONSHIPS 2023",2023-02-25,BAKURIANI (GEO),Men's Moguls,Results Qualification 2,VIEL Julien,2534074,CAN,5,80.17,16.46,50.0,13.71,1,bF,0.88,8.1,8.1,2,7op,0.88,7.7,7.3
"FIS SNOWBOARD, FREESTYLE AND FREESKI WORLD CHAMPIONSHIPS 2023",2023-02-25,BAKURIANI (GEO),Men's Moguls,Results Qualification 2,WANG Renda,2537252,CHN,30,52.91,11.9,29.8,11.21,1,7op,0.88,6.2,6.3,2,10op,1.05,5.7,5.2
"FIS SNOWBOARD, FREESTYLE AND FREESKI WORLD CHAMPIONSHIPS 2023",2023-02-25,BAKURIANI (GEO),Women's Moguls,Results Qualification 1,ANTHONY Jakara,2530720,AUS,6,73.47,15.6,43.8,14.07,1,7oG,1.11,6.9,6.5,2,bp,0.81,8.1,8.3
"FIS SNOWBOARD, FREESTYLE AND FREESKI WORLD CHAMPIONSHIPS 2023",2023-02-25,BAKURIANI (GEO),Women's Moguls,Results Qualification 2,YANG Ya,2537259,CHN,16,42.5,10.18,23.1,9.22,1,bp,0.81,5.9,5.4,2,7op,0.98,4.8,4.7
"FIS SNOWBOARD, FREESTYLE AND FREESKI WORLD CHAMPIONSHIPS 2023",2023-02-25,BAKURIANI (GEO),Women's Moguls,Results Qualification 2,LI Ruilin,2537198,CHN,17,27.76,12.24,8.9,6.62,1,bT,0.78,4.0,3.9,2,bG,0.92,4.0,3.7
FIS FREESTYLE SKI WORLD CUP 2023,2023-01-27,VAL ST. COME (CAN),Men's Moguls,Results Qualification,CAVET Benjamin,2530514,FRA,2,81.89,17.49,48.6,15.8,1,bF,0.88,8.9,9.0,2,10op,1.05,7.4,7.7
FIS FREESTYLE SKI WORLD CUP 2023,2023-01-27,VAL ST. COME (CAN),Men's Moguls,Results Qualification,VIEL Julien,2534074,CAN,4,78.9,16.9,47.4,14.6,1,bF,0.88,8.5,8.8,2,7op,0.88,7.9,8.0
FIS FREESTYLE SKI WORLD CUP 2023,2023-01-27,VAL ST. COME (CAN),Men's Moguls,Results Qualification,PAGE Nick,2533462,USA,5,78.8,16.55,46.2,16.05,1,7oG,1.01,8.0,8.3,2,10op,1.05,7.3,7.6
FIS FREESTYLE SKI WORLD CUP 2023,2023-01-27,VAL ST. COME (CAN),Men's Moguls,Results Qualification,HORISHIMA Ikuma,2529645,JPN,6,78.75,17.25,48.4,13.1,1,bF,0.88,8.8,8.7,2,7op,0.88,6.1,6.2
FIS FREESTYLE SKI WORLD CUP 2023,2023-01-27,VAL ST. COME (CAN),Men's Moguls,Results Qualification,FJALLSTROM Ludvig,2528117,SWE,28,70.62,15.05,43.2,12.37,1,bF,0.88,6.7,6.8,2,lG,0.82,7.7,8.0
FIS FREESTYLE SKI WORLD CUP 2023,2022-12-03,RUKA (FIN),Men's Moguls,Results Final 1,FUJIKI Goshin,2529670,JPN,6,77.93,13.99,49.3,14.64,1,bF,0.88,8.7,8.4,2,7op,0.88,8.0,8.2
FIS FREESTYLE SKI WORLD CUP 2023,2022-12-03,RUKA (FIN),Men's Moguls,Results Final 1,SALONEN Jimi,2528237,FIN,9,77.64,15.81,45.3,16.53,1,10op,1.05,8.4,8.3,2,7oG,1.01,7.7,7.7
FIS FREESTYLE SKI WORLD CUP 2023,2022-12-03,RUKA (FIN),Men's Moguls,Results Final 1,SUGIMOTO Kosuke,2528069,JPN,12,75.13,13.73,48.0,13.4,1,7oG,1.01,7.8,8.0,2,bp,0.71,7.8,7.5
FIS FREESTYLE SKI WORLD CUP 2023,2023-03-17,ALMATY (KAZ),Women's Moguls,Results Qualification,AMRENOVA Ayaulym,2532085,KAZ,9,64.25,14.92,37.2,12.13,1,bG,0.92,7.5,7.8,2,bp,0.81,6.2,6.4
FIS FREESTYLE SKI WORLD CUP 2023,2022-12-10,IDRE FJÄLL (SWE),Men's Moguls,Results Final 1,GRAVENFORS Filip,2534858,SWE,8,76.5,18.36,43.7,14.44,1,bF,0.88,8.3,8.1,2,10o,1.02,6.9,7.3
FIS FREESTYLE SKI WORLD CUP 2023,2022-12-10,IDRE FJÄLL (SWE),Women's Moguls,Results Final 1,ANTHONY Jakara,2530720,AUS,1,81.6,17.34,47.7,16.56,1,7oG,1.11,7.8,8.3,2,bG,0.92,8.4,8.2
FIS FREESTYLE SKI WORLD CUP 2023,2022-12-09,IDRE FJÄLL (SWE),Women's Moguls,Results Qualification,DEGROOTE Fantine,2533547,FRA,16,63.76,16.71,34.4,12.65,1,bG,0.92,6.8,6.2,2,bp,0.81,8.0,8.5
FIS FREESTYLE SKI WORLD CUP 2023,2022-12-09,IDRE FJÄLL (SWE),Women's Moguls,Results Qualification,WEESE Hanna,2532819,GER,22,56.92,14.96,33.2,8.76,1,bG,0.92,5.8,4.2,2,bp,0.81,5.7,4.6
FIS FREESTYLE SKI WORLD CUP 2023,2022-12-09,IDRE FJÄLL (SWE),Women's Moguls,Results Qualification,RAMSAUER Katharina,2530097,AUT,28,45.01,12.48,25.0,7.53,1,bL,0.81,5.7,6.1,2,bG,0.92,3.7,2.3
FIS FREESTYLE SKI WORLD CUP 2023,2022-12-15,ALPE D'HUEZ (FRA),Men's Moguls,Results Qualification,FJALLSTROM Ludvig,2528117,SWE,16,69.49,10.56,46.9,12.03,1,7op,0.88,7.6,7.6,2,bp,0.71,7.4,7.7
FIS FREESTYLE SKI WORLD CUP 2023,2022-12-15,ALPE D'HUEZ (FRA),Men's Moguls,Results Qualification,LAVOIE Alexandre,2531687,CAN,17,68.42,12.25,41.6,14.57,1,bF,0.88,7.4,8.3,2,7oG,1.01,7.5,7.7
FIS FREESTYLE SKI WORLD CUP 2025,2025-01-24,WATERVILLE (USA),Men's Moguls,Results Qualification,PASCARELLA Paolo,2534403,SUI,54,30.82,9.23,11.6,9.99,1,bF,0.88,6.7,5.4,2,10op,1.05,4.8,4.1
FIS FREESTYLE SKI WORLD CUP 2025,2025-01-24,WATERVILLE (USA),Men's Moguls,Results Qualification,BELLUCCI Massimo,2530808,ITA,55,30.4,14.97,10.2,5.23,1,7op,0.88,6.0,5.9,2,NJ,0.0,0.0,0.0
FIS FREESTYLE SKI WORLD CUP 2025,2025-02-06,DEER VALLEY (USA),Men's Moguls,Results Final 1,CAVET Benjamin,2530514,FRA,6,80.12,15.39,50.9,13.83,1,bF,0.88,7.1,7.3,2,10op,1.05,7.3,7.0
FIS FREESTYLE SKI WORLD CUP 2025,2025-02-06,DEER VALLEY (USA),Men's Moguls,Results Final 1,VAILLANCOURT Elliot,2532513,CAN,9,77.82,15.24,47.7,14.88,1,7op,0.88,8.1,8.3,2,7oG,1.01,7.7,7.5
FIS FREESTYLE SKI WORLD CUP 2025,2025-02-06,DEER VALLEY (USA),Men's Moguls,Results Final 1,SHIMAKAWA Takuya,2530672,JPN,12,76.53,14.36,47.5,14.67,1,7op,0.88,7.2,7.0,2,7oG,1.01,8.4,8.3
FIS FREESTYLE SKI WORLD CUP 2025,2025-01-31,VAL ST. COME (CAN),Men's Moguls,Results Qualification,SHIMAKAWA Takuya,2530672,JPN,9,74.94,14.41,46.1,14.43,1,7op,0.88,8.0,7.6,2,7oG,1.01,7.0,8.0
FIS FREESTYLE SKI WORLD CUP 2025,2025-01-31,VAL ST. COME (CAN),Men's Moguls,Results Qualification,CROZET Leo,2538029,FRA,19,70.87,13.68,40.9,16.29,1,7oG,1.01,7.7,7.7,2,10oG,1.2,7.0,7.2
FIS FREESTYLE SKI WORLD CUP 2025,2025-01-31,VAL ST. COME (CAN),Men's Moguls,Results Qualification,JEANNESSON Mateo,2535572,GBR,30,68.51,15.09,40.9,12.52,1,bF,0.88,7.6,6.2,2,7oG,1.01,6.8,6.0
FIS FREESTYLE SKI WORLD CUP 2025,2025-01-31,VAL ST. COME (CAN),Men's Moguls,Results Qualification,KAWAOKA Shima,2533771,JPN,48,58.8,14.58,33.4,10.82,1,bF,0.88,6.8,6.8,2,7op,0.88,5.5,5.5
FIS FREESTYLE SKI WORLD CUP 2025,2025-01-31,VAL ST. COME (CAN),Men's Moguls,Results Qualification,FENELEY William,2531950,GBR,57,12.03,1.74,2.1,8.19,1,bF,0.88,4.0,3.5,2,7oG,1.01,5.4,4.3
"FIS SNOWBOARD, FREESTYLE AND FREESKI WORLD CHAMPIONSHIPS 2023",2023-02-25,BAKURIANI (GEO),Men's Moguls,Results Qualification 1,MERZ Linus,2533504,GER,34,45.56,14.26,23.2,8.1,1,bF,0.88,5.2,5.0,2,bp,0.71,5.0,5.2
"FIS SNOWBOARD, FREESTYLE AND FREESKI WORLD CHAMPIONSHIPS 2023",2023-02-25,BAKURIANI (GEO),Men's Moguls,Results Qualification 2,HOLMGREN Albin,2532811,SWE,13,69.73,15.44,41.5,12.79,1,10op,1.05,6.8,6.6,2,7op,0.88,6.7,6.4
"FIS SNOWBOARD, FREESTYLE AND FREESKI WORLD CHAMPIONSHIPS 2023",2023-02-25,BAKURIANI (GEO),Men's Moguls,Results Qualification 2,WALCZYK Dylan,2527085,USA,15,74.82,16.02,46.7,12.1,1,bG,0.82,7.0,7.3,2,7op,0.88,7.2,7.0
"FIS SNOWBOARD, FREESTYLE AND FREESKI WORLD CHAMPIONSHIPS 2023",2023-02-25,BAKURIANI (GEO),Men's Moguls,Results Qualification 2,BUZZI Enea,2533002,SUI,20,70.4,15.34,43.0,12.06,1,bF,0.88,6.8,6.2,2,10op,1.05,6.0,6.1
"FIS SNOWBOARD, FREESTYLE AND FREESKI WORLD CHAMPIONSHIPS 2023",2023-02-25,BAKURIANI (GEO),Women's Moguls,Results Qualification 1,VOUTILAINEN Riikka,2533937,FIN,19,50.6,14.14,28.0,8.46,1,bp,0.81,5.3,5.3,2,fT,0.78,5.7,5.0
"FIS SNOWBOARD, FREESTYLE AND FREESKI WORLD CHAMPIONSHIPS 2023",2023-02-25,BAKURIANI (GEO),Women's Moguls,Results Qualification 2,DESMARAIS-GILBERT,2531811,CAN,8,61.87,13.69,38.3,9.88,1,bG,0.92,5.9,5.3,2,bp,0.81,5.6,6.1
FIS FREESTYLE SKI WORLD CUP 2023,2023-01-27,VAL ST. COME (CAN),Men's Moguls,Results Qualification,CROZET James,2533249,FRA,20,73.7,16.01,44.0,13.69,1,7op,0.88,6.5,6.5,2,7oG,1.01,7.9,7.9
FIS FREESTYLE SKI WORLD CUP 2023,2022-12-03,RUKA (FIN),Women's Moguls,Results Qualification,CARROLL Avital,2529074,AUT,9,68.15,12.39,43.9,11.86,1,bT,0.78,6.3,6.2,2,bG,0.92,8.0,7.2
FIS FREESTYLE SKI WORLD CUP 2023,2022-12-03,RUKA (FIN),Women's Moguls,Results Qualification,CABROL Camille,2530274,FRA,14,62.36,14.53,34.5,13.33,1,bT,0.78,7.3,7.8,2,bG,0.92,8.3,7.9
FIS FREESTYLE SKI WORLD CUP 2023,2022-12-03,RUKA (FIN),Women's Moguls,Results Qualification,MACUGA Alli,2534186,USA,15,61.43,13.93,35.9,11.6,1,bF,0.98,5.7,5.6,2,7op,0.98,6.3,6.1
FIS FREESTYLE SKI WORLD CUP 2023,2023-02-02,DEER VALLEY (USA),Men's Moguls,Results Qualification,MARCELLINI Dylan,2534089,USA,14,69.98,14.65,45.5,9.83,1,7op,0.88,6.2,6.4,2,7oG,1.01,4.0,4.5
FIS FREESTYLE SKI WORLD CUP 2023,2023-02-02,DEER VALLEY (USA),Men's Moguls,Results Qualification,CONEDERA Martino,2532502,SUI,28,57.81,11.15,34.8,11.86,1,7op,0.88,5.7,5.8,2,7oG,1.01,6.8,6.7
FIS FREESTYLE SKI WORLD CUP 2023,2023-02-02,DEER VALLEY (USA),Men's Moguls,Results Qualification,TSINN Oleg,2532088,KAZ,30,53.91,12.11,32.0,9.8,1,bF,0.88,5.2,5.3,2,7op,0.88,5.8,6.0
FIS FREESTYLE SKI WORLD CUP 2023,2022-12-09,IDRE FJÄLL (SWE),Women's Moguls,Results Qualification,CABROL Camille,2530274,FRA,17,63.52,16.04,37.2,10.28,1,bT,0.78,5.1,6.2,2,bG,0.92,6.8,6.0
FIS FREESTYLE SKI WORLD CUP 2023,2022-12-09,IDRE FJÄLL (SWE),Women's Moguls,Results Qualification,DESMARAIS-GILBERT,2531811,CAN,18,63.11,13.63,41.2,8.28,1,bG,0.92,3.6,2.8,2,bp,0.81,6.7,6.5
FIS FREESTYLE SKI WORLD CUP 2023,2022-12-09,IDRE FJÄLL (SWE),Women's Moguls,Results Qualification,SCHWINGHAMMER,2533204,CAN,20,60.41,16.29,37.6,6.52,1,bT,0.78,8.1,8.4,2,bG,0.92,0.1,0.1
FIS FREESTYLE SKI WORLD CUP 2023,2022-12-09,IDRE FJÄLL (SWE),Women's Moguls,Results Qualification,GERKEN SCHOFIELD,2530539,GBR,23,56.74,14.62,34.9,7.22,1,bp,0.81,3.7,4.5,2,bG,0.92,4.1,4.4
FIS FREESTYLE SKI WORLD CUP 2023,2022-12-15,ALPE D'HUEZ (FRA),Men's Moguls,Results Qualification,SUGIMOTO Kosuke,2528069,JPN,11,71.75,12.96,44.8,13.99,1,7oG,1.01,7.5,7.6,2,7op,0.88,7.1,7.4
FIS FREESTYLE SKI WORLD CUP 2025,2025-01-24,WATERVILLE (USA),Men's Moguls,Results Qualification,LEWIS Camden,2539248,USA,53,44.41,15.71,21.2,7.5,1,bG,0.82,5.6,6.8,2,7oG,1.01,3.3,1.5
FIS FREESTYLE SKI WORLD CUP 2025,2025-02-06,DEER VALLEY (USA),Men's Moguls,Results Final 2,VIEL Julien,2534074,CAN,4,81.26,16.72,49.9,14.64,1,bF,0.88,8.5,8.7,2,7op,0.88,8.2,7.9
FIS FREESTYLE SKI WORLD CUP 2025,2025-02-06,DEER VALLEY (USA),Women's Moguls,Results Final 1,MACUGA Alli,2534186,USA,8,69.51,14.67,44.5,10.34,1,bp,0.81,6.3,6.3,2,7op,0.98,5.7,5.0
FIS FREESTYLE SKI WORLD CUP 2025,2025-02-06,DEER VALLEY (USA),Women's Moguls,Results Final 2,KAUF Jaelin,2529064,USA,1,80.75,16.4,49.0,15.35,1,7op,0.98,7.6,7.7,2,bG,0.92,8.6,8.5
FIS FREESTYLE SKI WORLD CUP 2025,2025-01-31,VAL ST. COME (CAN),Men's Moguls,Results Qualification,CORDELL Sam,2532530,CAN,17,71.26,14.98,42.1,14.18,1,7oG,1.01,8.1,7.5,2,bG,0.82,8.0,7.4
FIS FREESTYLE SKI WORLD CUP 2025,2025-01-31,VAL ST. COME (CAN),Women's Moguls,Results Final 2,OWENS Kai,2534962,USA,6,67.27,15.22,37.7,14.35,1,7op,0.98,7.3,7.4,2,7oG,1.11,6.6,6.3
"FIS SNOWBOARD, FREESTYLE AND FREESKI WORLD CHAMPIONSHIPS 2023",2023-02-25,BAKURIANI (GEO),Men's Moguls,Results Qualification 1,PAGE Nick,2533462,USA,8,80.34,16.76,47.9,15.68,1,7oG,1.01,8.1,8.3,2,10op,1.05,7.1,7.0
"FIS SNOWBOARD, FREESTYLE AND FREESKI WORLD CHAMPIONSHIPS 2023",2023-02-25,BAKURIANI (GEO),Men's Moguls,Results Qualification 1,PENTTALA Olli,2528035,FIN,25,69.61,17.7,39.0,12.91,1,7op,0.88,6.9,6.6,2,10op,1.05,6.8,6.5
"FIS SNOWBOARD, FREESTYLE AND FREESKI WORLD CHAMPIONSHIPS 2023",2023-02-25,BAKURIANI (GEO),Men's Moguls,Results Qualification 1,HOLMGREN Emil,2534210,SWE,40,31.14,14.12,8.1,8.92,1,7oG,1.01,7.8,7.7,2,10op,1.05,1.0,1.1
"FIS SNOWBOARD, FREESTYLE AND FREESKI WORLD CHAMPIONSHIPS 2023",2023-02-25,BAKURIANI (GEO),Men's Moguls,Results Qualification 1,BONDAREV Anton,2532859,KAZ,41,28.95,10.51,12.8,5.64,1,10op,1.05,1.0,1.5,2,bp,0.71,6.0,6.2
"FIS SNOWBOARD, FREESTYLE AND FREESKI WORLD CHAMPIONSHIPS 2023",2023-02-25,BAKURIANI (GEO),Men's Moguls,Results Qualification 2,CONEDERA Martino,2532502,SUI,27,58.68,12.16,35.7,10.82,1,bF,0.88,4.9,5.5,2,10op,1.05,5.9,6.0
"FIS SNOWBOARD, FREESTYLE AND FREESKI WORLD CHAMPIONSHIPS 2023",2023-02-25,BAKURIANI (GEO),Men's Moguls,Results Qualification 2,FU Junyi,2537258,CHN,32,45.92,13.91,22.4,9.61,1,bF,0.88,5.8,6.0,2,bG,0.82,5.3,5.5
"FIS SNOWBOARD, FREESTYLE AND FREESKI WORLD CHAMPIONSHIPS 2023",2023-02-25,BAKURIANI (GEO),Women's Moguls,Results Qualification 1,GERKEN SCHOFIELD,2530540,GBR,9,67.53,15.03,41.9,10.6,1,bG,0.92,6.0,5.7,2,bp,0.81,6.4,6.5
"FIS SNOWBOARD, FREESTYLE AND FREESKI WORLD CHAMPIONSHIPS 2023",2023-02-25,BAKURIANI (GEO),Women's Moguls,Results Qualification 1,CAO Tianqing,2537262,CHN,21,49.09,12.29,26.7,10.1,1,bp,0.81,4.8,4.8,2,7op,0.98,6.5,6.2
FIS FREESTYLE SKI WORLD CUP 2023,2023-01-27,VAL ST. COME (CAN),Men's Moguls,Results Qualification,JEANNESSON Mateo,2535572,GBR,31,68.86,15.4,41.9,11.56,1,bF,0.88,7.4,7.4,2,7op,0.88,5.7,5.8
FIS FREESTYLE SKI WORLD CUP 2023,2023-01-27,VAL ST. COME (CAN),Men's Moguls,Results Qualification,MURPHY George,2534254,AUS,38,66.8,13.8,40.2,12.8,1,7op,0.88,7.9,7.8,2,bG,0.82,7.3,7.1
FIS FREESTYLE SKI WORLD CUP 2023,2023-03-17,ALMATY (KAZ),Women's Moguls,Results Qualification,KAJIWARA Yuki,2533769,JPN,10,63.97,14.74,38.0,11.23,1,bp,0.81,7.0,7.2,2,7op,0.98,5.7,5.5
FIS FREESTYLE SKI WORLD CUP 2023,2022-12-10,IDRE FJÄLL (SWE),Men's Moguls,Results Final 1,WALCZYK Dylan,2527085,USA,9,75.86,17.1,45.2,13.56,1,bG,0.82,8.1,7.5,2,7op,0.88,8.3,8.0
FIS FREESTYLE SKI WORLD CUP 2023,2022-12-10,IDRE FJÄLL (SWE),Women's Moguls,Results Final 1,KAJIWARA Yuki,2533769,JPN,15,65.09,17.26,37.6,10.23,1,bG,0.92,5.2,5.0,2,bp,0.81,7.0,6.7
FIS FREESTYLE SKI WORLD CUP 2023,2023-02-02,DEER VALLEY (USA),Men's Moguls,Results Qualification,McDONALD Cole,2534511,USA,8,72.64,15.25,45.3,12.09,1,bF,0.88,7.3,7.5,2,7op,0.88,6.2,6.5
FIS FREESTYLE SKI WORLD CUP 2023,2023-02-02,DEER VALLEY (USA),Men's Moguls,Results Qualification,BONDAREV Anton,2532859,KAZ,22,62.52,13.3,37.6,11.62,1,bG,0.82,7.1,7.1,2,7op,0.88,6.5,6.7
FIS FREESTYLE SKI WORLD CUP 2023,2023-02-02,DEER VALLEY (USA),Men's Moguls,Results Qualification,MARLEY Garrett,2533394,USA,34,36.99,14.49,9.7,12.8,1,bG,0.82,7.3,7.1,2,7op,0.88,7.9,7.8
FIS FREESTYLE SKI WORLD CUP 2023,2023-02-02,DEER VALLEY (USA),Men's Moguls,Results Qualification,WEESE Nicolas,2535693,GER,36,35.91,15.33,10.7,9.88,1,bp,0.71,5.8,6.0,2,lG,0.82,6.9,7.0
FIS FREESTYLE SKI WORLD CUP 2023,2023-02-02,DEER VALLEY (USA),Men's Moguls,Results Qualification,LAVOIE Alexandre,2531687,CAN,39,24.82,10.06,5.0,9.76,1,bF,0.88,6.1,6.3,2,7op,0.88,4.8,5.0
FIS FREESTYLE SKI WORLD CUP 2023,2023-02-02,DEER VALLEY (USA),Men's Moguls,Results Qualification,TAM Ryan,2535542,USA,42,16.74,9.86,0.3,6.58,1,7op,0.88,6.4,6.3,2,K,0.41,2.5,2.4
FIS FREESTYLE SKI WORLD CUP 2023,2022-12-09,IDRE FJÄLL (SWE),Women's Moguls,Results Qualification,CARROLL Avital,2529074,AUT,8,70.74,14.34,43.0,13.4,1,bT,0.78,7.0,7.8,2,bG,0.92,8.2,8.4
FIS FREESTYLE SKI WORLD CUP 2023,2022-12-15,ALPE D'HUEZ (FRA),Men's Moguls,Results Qualification,KOLMAKOV Pavel,2528846,KAZ,8,73.22,14.09,43.3,15.83,1,bF,0.88,8.4,8.5,2,10op,1.05,7.9,8.1
FIS FREESTYLE SKI WORLD CUP 2025,2025-01-24,WATERVILLE (USA),Women's Moguls,Results Final 1,LAFFONT Perrine,2531156,FRA,1,80.29,17.82,46.0,16.47,1,7oG,1.11,7.8,7.9,2,bG,0.92,8.5,8.4
FIS FREESTYLE SKI WORLD CUP 2025,2025-01-24,WATERVILLE (USA),Women's Moguls,Results Final 2,LAFFONT Perrine,2531156,FRA,1,77.43,17.61,46.2,13.62,1,7oG,1.11,7.0,6.7,2,bG,0.92,6.6,6.5
FIS FREESTYLE SKI WORLD CUP 2025,2025-01-24,WATERVILLE (USA),Women's Moguls,Results Final 2,KAUF Jaelin,2529064,USA,2,77.39,17.73,45.5,14.16,1,7op,0.98,6.8,7.1,2,bG,0.92,7.8,8.2
FIS FREESTYLE SKI WORLD CUP 2025,2025-02-06,DEER VALLEY (USA),Men's Moguls,Results Final 1,GRAHAM Matt,2441426,AUS,8,79.31,16.54,48.0,14.77,1,bF,0.88,8.0,7.8,2,10op,1.05,7.4,7.5
FIS FREESTYLE SKI WORLD CUP 2025,2025-02-06,DEER VALLEY (USA),Men's Moguls,Results Final 1,WALCZYK Dylan,2527085,USA,14,75.13,14.0,48.7,12.43,1,7op,0.88,7.1,7.1,2,lG,0.82,7.5,7.6
FIS FREESTYLE SKI WORLD CUP 2025,2025-02-06,DEER VALLEY (USA),Women's Moguls,Results Final 1,JOHNSON Tess,2532270,USA,5,74.29,14.53,45.1,14.66,1,7oG,1.11,6.3,6.2,2,bG,0.92,8.5,8.3
FIS FREESTYLE SKI WORLD CUP 2025,2025-01-31,VAL ST. COME (CAN),Men's Moguls,Results Qualification,BEAULIEU Charles,2535304,CAN,31,68.42,15.33,39.9,13.19,1,bF,0.88,7.0,7.5,2,7oG,1.01,6.7,6.8
FIS FREESTYLE SKI WORLD CUP 2025,2025-01-31,VAL ST. COME (CAN),Men's Moguls,Results Qualification,GAY Paul Andrea,2538751,FRA,39,64.17,15.11,38.2,10.86,1,bF,0.88,8.0,7.6,2,bp,0.71,5.8,5.5
FIS FREESTYLE SKI WORLD CUP 2025,2025-01-31,VAL ST. COME (CAN),Men's Moguls,Results Qualification,BUGAKOV Fyodor,2535809,KAZ,41,62.64,13.82,37.7,11.12,1,bF,0.88,6.2,5.9,2,7op,0.88,6.9,6.3
FIS FREESTYLE SKI WORLD CUP 2025,2025-01-31,VAL ST. COME (CAN),Women's Moguls,Results Final 2,WILSON Charlotte,2535796,AUS,5,71.36,15.71,41.7,13.95,1,bG,0.92,7.5,7.8,2,bp,0.81,8.4,8.7
"FIS SNOWBOARD, FREESTYLE AND FREESKI WORLD CHAMPIONSHIPS 2023",2023-02-25,BAKURIANI (GEO),Men's Moguls,Results Qualification 1,WANG Renda,2537252,CHN,33,48.03,9.88,27.5,10.65,1,7op,0.88,5.7,5.4,2,10op,1.05,5.5,5.5
"FIS SNOWBOARD, FREESTYLE AND FREESKI WORLD CHAMPIONSHIPS 2023",2023-02-25,BAKURIANI (GEO),Men's Moguls,Results Qualification 2,KOLMAKOV Pavel,2528846,KAZ,2,82.7,15.65,49.8,17.25,1,10op,1.05,8.5,8.5,2,7oG,1.01,8.2,8.3
"FIS SNOWBOARD, FREESTYLE AND FREESKI WORLD CHAMPIONSHIPS 2023",2023-02-25,BAKURIANI (GEO),Men's Moguls,Results Qualification 2,KARJALAINEN,2534001,FIN,18,71.43,16.29,42.5,12.64,1,bF,0.88,7.8,7.9,2,bG,0.82,7.0,7.0
"FIS SNOWBOARD, FREESTYLE AND FREESKI WORLD CHAMPIONSHIPS 2023",2023-02-25,BAKURIANI (GEO),Women's Moguls,Results Qualification 1,LEMLEY Elizabeth,2537762,USA,5,74.5,17.27,44.7,12.53,1,7oG,1.11,6.0,6.0,2,bp,0.81,7.2,7.3
"FIS SNOWBOARD, FREESTYLE AND FREESKI WORLD CHAMPIONSHIPS 2023",2023-02-25,BAKURIANI (GEO),Women's Moguls,Results Qualification 1,AMRENOVA Ayaulym,2532085,KAZ,11,64.56,14.55,39.2,10.81,1,bG,0.92,6.0,6.5,2,bp,0.81,6.3,6.2
"FIS SNOWBOARD, FREESTYLE AND FREESKI WORLD CHAMPIONSHIPS 2023",2023-02-25,BAKURIANI (GEO),Women's Moguls,Results Qualification 2,RAMSAUER Katharina,2530097,AUT,11,50.04,12.07,27.9,10.07,1,bL,0.81,6.6,6.7,2,bG,0.92,5.0,5.2
"FIS SNOWBOARD, FREESTYLE AND FREESKI WORLD CHAMPIONSHIPS 2023",2023-02-25,BAKURIANI (GEO),Women's Moguls,Results Qualification 2,VOUTILAINEN Riikka,2533937,FIN,12,11.46,0.74,4.3,6.42,1,bp,0.81,2.8,2.4,2,fT,0.78,5.9,5.2
FIS FREESTYLE SKI WORLD CUP 2023,2023-01-27,VAL ST. COME (CAN),Men's Moguls,Results Qualification,CHUNLAUD Kerrian,2527600,CAN,26,70.92,15.23,42.8,12.89,1,7oG,1.01,7.8,8.0,2,bG,0.82,6.4,5.6
FIS FREESTYLE SKI WORLD CUP 2023,2022-12-03,RUKA (FIN),Women's Moguls,Results Qualification,YANAGIMOTO Rino,2532040,JPN,11,66.73,13.35,40.4,12.98,1,bG,0.92,6.0,5.4,2,7op,0.98,8.0,7.8
FIS FREESTYLE SKI WORLD CUP 2023,2023-03-17,ALMATY (KAZ),Women's Moguls,Results Qualification,SOAR Hannah,2531373,USA,2,71.88,16.28,45.5,10.1,1,bp,0.81,6.0,6.0,2,bG,0.92,5.7,5.7
FIS FREESTYLE SKI WORLD CUP 2023,2022-12-10,IDRE FJÄLL (SWE),Men's Moguls,Results Final 1,PAGE Nick,2533462,USA,3,79.14,17.02,45.7,16.42,1,7oG,1.01,8.1,7.8,2,10op,1.05,7.8,8.2
FIS FREESTYLE SKI WORLD CUP 2023,2022-12-10,IDRE FJÄLL (SWE),Women's Moguls,Results Final 1,LAFFONT Perrine,2531156,FRA,4,75.71,19.45,43.1,13.16,1,7op,0.98,7.3,7.6,2,bp,0.81,7.0,7.5
FIS FREESTYLE SKI WORLD CUP 2023,2022-12-10,IDRE FJÄLL (SWE),Women's Moguls,Results Final 1,GERKEN SCHOFIELD,2530540,GBR,6,72.21,17.58,42.8,11.83,1,bG,0.92,6.5,6.2,2,bp,0.81,7.5,7.3
FIS FREESTYLE SKI WORLD CUP 2023,2023-02-02,DEER VALLEY (USA),Men's Moguls,Results Qualification,SALONEN Jimi,2528237,FIN,17,67.23,14.97,41.2,11.06,1,7op,0.88,6.2,6.0,2,7oG,1.01,5.6,5.7
FIS FREESTYLE SKI WORLD CUP 2023,2023-02-02,DEER VALLEY (USA),Men's Moguls,Results Qualification,FUJIKI Goshin,2529670,JPN,18,66.23,14.07,42.1,10.06,1,bF,0.88,5.4,5.1,2,7op,0.88,6.1,6.3
FIS FREESTYLE SKI WORLD CUP 2023,2022-12-09,IDRE FJÄLL (SWE),Women's Moguls,Results Qualification,MACUGA Alli,2534186,USA,10,69.51,16.41,41.2,11.9,1,bF,0.98,6.4,5.8,2,7op,0.98,6.4,5.7
FIS FREESTYLE SKI WORLD CUP 2023,2022-12-09,IDRE FJÄLL (SWE),Women's Moguls,Results Qualification,TOMITAKA Hinako,2532031,JPN,11,69.24,15.91,41.5,11.83,1,7o,0.95,5.7,5.5,2,bp,0.81,8.1,8.0
FIS FREESTYLE SKI WORLD CUP 2023,2022-12-09,IDRE FJÄLL (SWE),Women's Moguls,Results Qualification,BERGHUIS Janneke,2532759,NED,26,48.11,12.25,29.4,6.46,1,bT,0.78,4.5,5.0,2,bG,0.92,3.2,2.8
FIS FREESTYLE SKI WORLD CUP 2023,2022-12-15,ALPE D'HUEZ (FRA),Men's Moguls,Results Qualification,GRAHAM Matt,2441426,AUS,2,77.52,14.54,47.9,15.08,1,bF,0.88,8.2,8.5,2,7op,0.88,8.7,8.9
FIS FREESTYLE SKI WORLD CUP 2023,2022-12-15,ALPE D'HUEZ (FRA),Men's Moguls,Results Qualification,CAVET Benjamin,2530514,FRA,5,76.46,13.89,46.0,16.57,1,bF,0.88,8.9,8.5,2,10op,1.05,8.7,8.3
FIS FREESTYLE SKI WORLD CUP 2023,2022-12-15,ALPE D'HUEZ (FRA),Men's Moguls,Results Qualification,HORISHIMA Ikuma,2529645,JPN,7,74.21,11.76,47.5,14.95,1,bF,0.88,8.8,8.8,2,7op,0.88,7.8,8.6
FIS FREESTYLE SKI WORLD CUP 2023,2022-12-15,ALPE D'HUEZ (FRA),Men's Moguls,Results Qualification,HARVEY Jackson,2534735,AUS,12,70.47,13.48,42.7,14.29,1,bF,0.88,8.6,8.8,2,7op,0.88,7.4,7.7
FIS FREESTYLE SKI WORLD CUP 2023,2022-12-15,ALPE D'HUEZ (FRA),Men's Moguls,Results Qualification,DUFRESNE Gabriel,2530240,CAN,13,69.91,15.07,39.8,15.04,1,bF,0.88,8.3,9.0,2,7op,0.88,8.2,8.7
FIS FREESTYLE SKI WORLD CUP 2025,2025-02-06,DEER VALLEY (USA),Women's Moguls,Results Final 1,TAGUCHI Yuma,2537043,JPN,10,66.5,12.56,42.3,11.64,1,bG,0.92,6.5,6.4,2,bp,0.81,7.0,7.1
FIS FREESTYLE SKI WORLD CUP 2025,2025-02-06,DEER VALLEY (USA),Women's Moguls,Results Final 1,WILSON Charlotte,2535796,AUS,13,29.66,10.01,11.4,8.25,1,bG,0.92,3.5,3.7,2,bp,0.81,6.0,6.2
FIS FREESTYLE SKI WORLD CUP 2025,2025-01-31,VAL ST. COME (CAN),Men's Moguls,Results Qualification,CAVET Benjamin,2530514,FRA,6,77.1,17.26,48.4,11.44,1,bF,0.88,7.7,7.6,2,bp,0.71,6.4,6.9
FIS FREESTYLE SKI WORLD CUP 2025,2025-01-31,VAL ST. COME (CAN),Men's Moguls,Results Qualification,PENTTALA Olli,2528035,FIN,15,72.19,15.32,40.8,16.07,1,10op,1.05,8.0,8.1,2,7oG,1.01,7.5,7.6
FIS FREESTYLE SKI WORLD CUP 2025,2025-01-31,VAL ST. COME (CAN),Men's Moguls,Results Qualification,MICKEL Charlie,2537180,USA,24,69.81,15.89,40.4,13.52,1,7oG,1.01,8.2,8.3,2,7op,0.88,5.8,6.0
"FIS SNOWBOARD, FREESTYLE AND FREESKI WORLD CHAMPIONSHIPS 2023",2023-02-25,BAKURIANI (GEO),Men's Moguls,Results Qualification 2,DUFRESNE Gabriel,2530240,CAN,10,77.8,15.83,47.9,14.07,1,bF,0.88,8.1,8.2,2,7op,0.88,7.9,7.8
"FIS SNOWBOARD, FREESTYLE AND FREESKI WORLD CHAMPIONSHIPS 2023",2023-02-25,BAKURIANI (GEO),Men's Moguls,Results Qualification 2,MURATA Yutaro,2530684,JPN,14,72.02,15.79,42.6,13.63,1,bF,0.88,7.9,8.4,2,7op,0.88,7.2,7.5
"FIS SNOWBOARD, FREESTYLE AND FREESKI WORLD CHAMPIONSHIPS 2023",2023-02-25,BAKURIANI (GEO),Women's Moguls,Results Qualification 1,RAMSAUER Katharina,2530097,AUT,17,52.4,12.94,29.5,9.96,1,bL,0.81,5.9,6.0,2,bG,0.92,5.5,5.7
"FIS SNOWBOARD, FREESTYLE AND FREESKI WORLD CHAMPIONSHIPS 2023",2023-02-25,BAKURIANI (GEO),Women's Moguls,Results Qualification 2,AMRENOVA Ayaulym,2532085,KAZ,6,64.09,15.06,38.2,10.83,1,bG,0.92,7.9,8.0,2,bp,0.81,4.4,4.3
FIS FREESTYLE SKI WORLD CUP 2023,2023-01-27,VAL ST. COME (CAN),Men's Moguls,Results Qualification,GRAVENFORS Filip,2534858,SWE,14,74.34,17.52,46.0,10.82,1,bF,0.88,8.2,8.4,2,7op,0.88,4.0,4.0
FIS FREESTYLE SKI WORLD CUP 2023,2023-01-27,VAL ST. COME (CAN),Men's Moguls,Results Qualification,HARVEY Jackson,2534735,AUS,17,74.17,16.16,43.5,14.51,1,bF,0.88,8.0,8.0,2,7op,0.88,8.7,8.3
FIS FREESTYLE SKI WORLD CUP 2023,2023-01-27,VAL ST. COME (CAN),Men's Moguls,Results Qualification,STEGFELDT Rasmus,2531923,SWE,32,68.64,19.2,40.7,8.74,1,bF,0.88,6.4,6.7,2,bp,0.71,4.3,4.1
FIS FREESTYLE SKI WORLD CUP 2023,2023-01-27,VAL ST. COME (CAN),Men's Moguls,Results Qualification,TANNER Daniel,2531692,CAN,34,68.45,18.08,37.1,13.27,1,7op,0.88,7.8,7.8,2,7oG,1.01,6.2,6.5
FIS FREESTYLE SKI WORLD CUP 2023,2022-12-03,RUKA (FIN),Women's Moguls,Results Final 1,KAUF Jaelin,2529064,USA,3,77.33,18.68,46.2,12.45,1,bG,0.92,6.4,6.5,2,bp,0.81,8.1,8.0
FIS FREESTYLE SKI WORLD CUP 2023,2022-12-03,RUKA (FIN),Women's Moguls,Results Final 1,IHARA Haruka,2531368,JPN,9,73.23,14.49,45.0,13.74,1,bG,0.92,7.3,7.9,2,bp,0.81,8.3,8.4
FIS FREESTYLE SKI WORLD CUP 2023,2022-12-03,RUKA (FIN),Women's Moguls,Results Qualification,ANTHONY Jakara,2530720,AUS,2,78.2,15.61,46.6,15.99,1,7oG,1.11,7.4,7.5,2,bG,0.92,8.6,8.2
FIS FREESTYLE SKI WORLD CUP 2023,2022-12-03,RUKA (FIN),Women's Moguls,Results Qualification,BERGHUIS Janneke,2532759,NED,20,57.15,10.16,37.2,9.79,1,bT,0.78,5.6,6.1,2,bG,0.92,5.8,5.6
FIS FREESTYLE SKI WORLD CUP 2023,2022-12-03,RUKA (FIN),Women's Moguls,Results Qualification,KAJIWARA Yuki,2533769,JPN,21,54.95,13.74,29.8,11.41,1,bG,0.92,5.7,5.4,2,bp,0.81,8.0,7.6
FIS FREESTYLE SKI WORLD CUP 2023,2022-12-10,IDRE FJÄLL (SWE),Men's Moguls,Results Final 1,SALONEN Jimi,2528237,FIN,13,68.82,16.8,40.3,11.72,1,10op,1.05,6.5,6.7,2,7op,0.88,5.4,5.5
FIS FREESTYLE SKI WORLD CUP 2023,2023-02-02,DEER VALLEY (USA),Men's Moguls,Results Qualification,CAVET Benjamin,2530514,FRA,1,81.64,17.45,51.4,12.79,1,bF,0.88,8.0,8.0,2,bp,0.71,8.1,8.1
FIS FREESTYLE SKI WORLD CUP 2023,2023-02-02,DEER VALLEY (USA),Men's Moguls,Results Qualification,CROZET James,2533249,FRA,21,62.93,16.96,33.5,12.47,1,7op,0.88,6.4,6.6,2,7oG,1.01,6.6,6.8
FIS FREESTYLE SKI WORLD CUP 2023,2022-12-09,IDRE FJÄLL (SWE),Women's Moguls,Results Qualification,ANTHONY Jakara,2530720,AUS,1,80.21,17.37,47.4,15.44,1,7oG,1.11,7.0,7.0,2,bG,0.92,8.3,8.4
FIS FREESTYLE SKI WORLD CUP 2023,2022-12-09,IDRE FJÄLL (SWE),Women's Moguls,Results Qualification,KAJIWARA Yuki,2533769,JPN,15,65.3,16.96,40.2,8.14,1,lG,0.92,4.0,3.5,2,bp,0.81,6.0,5.6
FIS FREESTYLE SKI WORLD CUP 2023,2022-12-15,ALPE D'HUEZ (FRA),Men's Moguls,Results Qualification,HOLMGREN Emil,2534210,SWE,15,69.53,13.71,42.6,13.22,1,10op,1.05,7.8,8.0,2,bp,0.71,6.7,7.2
FIS FREESTYLE SKI WORLD CUP 2023,2022-12-15,ALPE D'HUEZ (FRA),Men's Moguls,Results Qualification,SHIMAKAWA Takuya,2530672,JPN,18,68.42,15.0,38.7,14.72,1,7oG,1.01,8.0,8.1,2,7op,0.88,7.4,7.6
FIS FREESTYLE SKI WORLD CUP 2025,2025-01-24,WATERVILLE (USA),Women's Moguls,Results Final 1,KOEHLER Ashley,2534528,CAN,7,70.61,17.57,44.0,9.04,1,bT,0.78,6.8,6.5,2,bG,0.92,4.2,4.2
FIS FREESTYLE SKI WORLD CUP 2025,2025-01-24,WATERVILLE (USA),Women's Moguls,Results Final 1,GORODKO,2535385,KAZ,9,69.8,18.32,40.2,11.28,1,7op,0.98,5.3,5.5,2,7oG,1.11,5.6,5.2
FIS FREESTYLE SKI WORLD CUP 2025,2025-01-24,WATERVILLE (USA),Women's Moguls,Results Final 1,JOHNSON Tess,2532270,USA,13,54.75,16.97,27.0,10.78,1,7oG,1.11,6.2,6.7,2,bG,0.92,4.2,3.7
FIS FREESTYLE SKI WORLD CUP 2025,2025-02-06,DEER VALLEY (USA),Men's Moguls,Results Final 2,HORISHIMA Ikuma,2529645,JPN,1,86.24,16.72,52.8,16.72,1,bdF,1.05,8.1,8.2,2,14op,1.22,6.6,6.8
FIS FREESTYLE SKI WORLD CUP 2025,2025-02-06,DEER VALLEY (USA),Women's Moguls,Results Final 1,TOMITAKA Hinako,2532031,JPN,4,77.04,15.85,47.3,13.89,1,bG,0.92,6.8,6.7,2,7op,0.98,7.8,7.9
FIS FREESTYLE SKI WORLD CUP 2025,2025-02-06,DEER VALLEY (USA),Women's Moguls,Results Final 1,HOGG Kasey,2534251,USA,9,67.39,14.16,42.5,10.73,1,bp,0.81,6.1,6.0,2,bG,0.92,6.4,6.3
FIS FREESTYLE SKI WORLD CUP 2025,2025-01-31,VAL ST. COME (CAN),Men's Moguls,Results Qualification,MICHEL Asher,2537833,USA,13,72.64,14.19,43.6,14.85,1,bG,0.82,8.5,8.4,2,7oG,1.01,8.0,7.7
FIS FREESTYLE SKI WORLD CUP 2025,2025-01-31,VAL ST. COME (CAN),Men's Moguls,Results Qualification,STEGFELDT Rasmus,2531923,SWE,14,72.26,15.81,44.0,12.45,1,bF,0.88,7.4,7.4,2,bG,0.82,7.3,7.2
FIS FREESTYLE SKI WORLD CUP 2025,2025-01-31,VAL ST. COME (CAN),Men's Moguls,Results Qualification,DUFRESNE Gabriel,2530240,CAN,18,70.99,15.24,41.9,13.85,1,bF,0.88,7.9,8.1,2,7oG,1.01,6.5,7.0
FIS FREESTYLE SKI WORLD CUP 2025,2025-01-31,VAL ST. COME (CAN),Men's Moguls,Results Qualification,OLGAARD Robin,2534212,SWE,26,69.29,15.98,41.4,11.91,1,7oG,1.01,6.1,5.3,2,7op,0.88,6.9,7.1
FIS FREESTYLE SKI WORLD CUP 2025,2025-01-31,VAL ST. COME (CAN),Men's Moguls,Results Qualification,BELLUCCI Massimo,2530808,ITA,36,64.97,12.59,39.8,12.58,1,7op,0.88,6.6,6.2,2,7oG,1.01,6.9,6.9
FIS FREESTYLE SKI WORLD CUP 2025,2025-01-31,VAL ST. COME (CAN),Men's Moguls,Results Qualification,BUZZI Enea,2533002,SUI,54,50.93,14.15,25.1,11.68,1,bF,0.88,6.3,5.6,2,10op,1.05,6.0,6.3
"FIS SNOWBOARD, FREESTYLE AND FREESKI WORLD CHAMPIONSHIPS 2023",2023-02-25,BAKURIANI (GEO),Men's Moguls,Results Qualification 1,CAVET Benjamin,2530514,FRA,2,86.35,17.88,52.0,16.47,1,bF,0.88,8.9,9.1,2,10op,1.05,7.9,8.4
"FIS SNOWBOARD, FREESTYLE AND FREESKI WORLD CHAMPIONSHIPS 2023",2023-02-25,BAKURIANI (GEO),Men's Moguls,Results Qualification 1,HORISHIMA Ikuma,2529645,JPN,3,85.54,16.16,51.5,17.88,1,7oG,1.01,8.2,8.5,2,10op,1.05,9.2,8.8
"FIS SNOWBOARD, FREESTYLE AND FREESKI WORLD CHAMPIONSHIPS 2023",2023-02-25,BAKURIANI (GEO),Men's Moguls,Results Qualification 1,KARJALAINEN,2534001,FIN,26,67.17,18.24,38.6,10.33,1,bF,0.88,8.7,8.5,2,bp,0.71,4.0,3.8
"FIS SNOWBOARD, FREESTYLE AND FREESKI WORLD CHAMPIONSHIPS 2023",2023-02-25,BAKURIANI (GEO),Men's Moguls,Results Qualification 2,GERKEN SCHOFIELD,2530541,GBR,24,66.5,16.07,39.2,11.23,1,bF,0.88,6.8,6.4,2,bp,0.71,8.0,7.3
"FIS SNOWBOARD, FREESTYLE AND FREESKI WORLD CHAMPIONSHIPS 2023",2023-02-25,BAKURIANI (GEO),Men's Moguls,Results Qualification 2,MERZ Linus,2533504,GER,33,43.66,11.44,19.6,12.62,1,7op,0.88,7.8,7.6,2,bp,0.71,8.3,8.2
FIS FREESTYLE SKI WORLD CUP 2023,2023-01-27,VAL ST. COME (CAN),Men's Moguls,Results Qualification,WALLBERG Walter,2532001,SWE,3,79.59,17.49,47.2,14.9,1,bF,0.88,8.6,8.8,2,7op,0.88,8.2,8.3
FIS FREESTYLE SKI WORLD CUP 2023,2023-01-27,VAL ST. COME (CAN),Men's Moguls,Results Qualification,VAILLANCOURT Elliot,2532513,CAN,15,74.34,17.45,45.1,11.79,1,7oG,1.01,7.8,7.9,2,7op,0.88,4.3,4.5
FIS FREESTYLE SKI WORLD CUP 2023,2023-01-27,VAL ST. COME (CAN),Men's Moguls,Results Qualification,BUZZI Enea,2533002,SUI,46,61.24,14.08,38.9,8.26,1,bF,0.88,5.3,5.0,2,7op,0.88,4.2,4.3
FIS FREESTYLE SKI WORLD CUP 2023,2022-12-03,RUKA (FIN),Men's Moguls,Results Final 1,McDONALD Cole,2534511,USA,8,77.78,14.82,46.9,16.06,1,bF,0.88,8.3,8.3,2,10op,1.05,8.5,8.2
FIS FREESTYLE SKI WORLD CUP 2023,2022-12-03,RUKA (FIN),Men's Moguls,Results Final 1,WOODS Cooper,2532161,AUS,10,76.48,15.08,48.7,12.7,1,bF,0.88,8.1,8.3,2,bp,0.71,7.8,7.7
FIS FREESTYLE SKI WORLD CUP 2023,2022-12-03,RUKA (FIN),Women's Moguls,Results Final 1,MACUGA Alli,2534186,USA,12,70.07,15.27,40.5,14.3,1,bF,0.98,7.7,6.8,2,7op,0.98,7.5,7.2
FIS FREESTYLE SKI WORLD CUP 2023,2022-12-03,RUKA (FIN),Women's Moguls,Results Qualification,HOGG Kasey,2534251,USA,22,54.66,12.59,33.2,8.87,1,7op,0.98,5.9,6.4,2,bG,0.92,2.6,3.6
FIS FREESTYLE SKI WORLD CUP 2023,2023-02-02,DEER VALLEY (USA),Men's Moguls,Results Qualification,WALCZYK Dylan,2527085,USA,9,71.97,13.82,46.0,12.15,1,bG,0.82,7.0,7.3,2,7op,0.88,7.3,7.0
FIS FREESTYLE SKI WORLD CUP 2023,2023-02-02,DEER VALLEY (USA),Men's Moguls,Results Qualification,JEANNESSON Mateo,2535572,GBR,19,65.02,13.61,40.2,11.21,1,bF,0.88,6.0,6.3,2,7op,0.88,6.4,6.8
FIS FREESTYLE SKI WORLD CUP 2023,2022-12-09,IDRE FJÄLL (SWE),Women's Moguls,Results Qualification,KAUF Jaelin,2529064,USA,2,77.51,18.28,46.8,12.43,1,bG,0.92,6.9,6.5,2,bp,0.81,7.4,8.1
FIS FREESTYLE SKI WORLD CUP 2023,2022-12-09,IDRE FJÄLL (SWE),Women's Moguls,Results Qualification,LEMLEY Elizabeth,2537762,USA,5,71.9,16.87,42.3,12.73,1,7oG,1.11,5.7,5.0,2,bp,0.81,8.2,8.6
FIS FREESTYLE SKI WORLD CUP 2023,2022-12-09,IDRE FJÄLL (SWE),Women's Moguls,Results Qualification,JOHNSON Tess,2532270,USA,19,61.34,16.96,31.5,12.88,1,7o,0.95,6.8,6.1,2,bG,0.92,7.9,6.8
FIS FREESTYLE SKI WORLD CUP 2025,2025-01-24,WATERVILLE (USA),Men's Moguls,Results Qualification,FU Junyi,2537258,CHN,49,52.22,13.07,30.0,9.15,1,bG,0.82,6.0,5.7,2,7op,0.88,5.5,4.4
FIS FREESTYLE SKI WORLD CUP 2025,2025-01-24,WATERVILLE (USA),Men's Moguls,Results Qualification,MERZ Linus,2533504,GER,51,51.06,15.03,29.7,6.33,1,bF,0.88,2.7,2.6,2,bp,0.71,6.4,4.9
FIS FREESTYLE SKI WORLD CUP 2025,2025-01-24,WATERVILLE (USA),Men's Moguls,Results Qualification,HILL Edward,2537720,AUS,56,27.15,10.81,9.4,6.94,1,bF,0.88,3.5,2.1,2,7op,0.88,5.8,4.4
FIS FREESTYLE SKI WORLD CUP 2025,2025-01-24,WATERVILLE (USA),Women's Moguls,Results Final 1,GALYSHEVA Yuliya,2484307,KAZ,5,72.51,17.68,42.1,12.73,1,bG,0.92,6.8,6.1,2,fG,0.92,8.0,6.8
FIS FREESTYLE SKI WORLD CUP 2025,2025-01-31,VAL ST. COME (CAN),Men's Moguls,Results Qualification,KINGSBURY Mikael,2484937,CAN,1,82.82,16.84,51.3,14.68,1,bF,0.88,8.7,8.6,2,7op,0.88,8.0,8.1
FIS FREESTYLE SKI WORLD CUP 2025,2025-01-31,VAL ST. COME (CAN),Men's Moguls,Results Qualification,HORISHIMA Ikuma,2529645,JPN,2,81.86,15.03,50.6,16.23,1,bF,0.88,8.9,8.2,2,10op,1.05,8.3,8.3
FIS FREESTYLE SKI WORLD CUP 2025,2025-01-31,VAL ST. COME (CAN),Men's Moguls,Results Qualification,SUGIMOTO Kosuke,2528069,JPN,34,66.62,15.14,39.6,11.88,1,7oG,1.01,7.5,7.4,2,bp,0.71,6.5,5.8
FIS FREESTYLE SKI WORLD CUP 2025,2025-01-31,VAL ST. COME (CAN),Men's Moguls,Results Qualification,LUCAS Nash,2534751,USA,45,61.01,12.47,36.6,11.94,1,bF,0.88,6.0,6.0,2,7oG,1.01,6.4,6.8
FIS FREESTYLE SKI WORLD CUP 2025,2025-01-31,VAL ST. COME (CAN),Men's Moguls,Results Qualification,VERDAGUER FORN,2535379,ESP,49,58.77,13.5,33.8,11.47,1,bG,0.82,7.5,7.4,2,7op,0.88,6.4,5.8
"FIS SNOWBOARD, FREESTYLE AND FREESKI WORLD CHAMPIONSHIPS 2023",2023-02-25,BAKURIANI (GEO),Men's Moguls,Results Qualification 1,GERKEN SCHOFIELD,2530541,GBR,28,65.54,15.66,38.8,11.08,1,bF,0.88,6.3,7.0,2,7op,0.88,5.8,6.1
"FIS SNOWBOARD, FREESTYLE AND FREESKI WORLD CHAMPIONSHIPS 2023",2023-02-25,BAKURIANI (GEO),Men's Moguls,Results Qualification 2,WOODS Cooper,2532161,AUS,8,70.82,16.8,42.5,11.52,1,bF,0.88,6.9,7.1,2,7op,0.88,6.2,6.0
"FIS SNOWBOARD, FREESTYLE AND FREESKI WORLD CHAMPIONSHIPS 2023",2023-02-25,BAKURIANI (GEO),Men's Moguls,Results Qualification 2,McDONALD Cole,2534511,USA,21,68.24,16.8,39.1,12.34,1,bF,0.88,8.0,8.0,2,10op,1.05,5.0,5.1
"FIS SNOWBOARD, FREESTYLE AND FREESKI WORLD CHAMPIONSHIPS 2023",2023-02-25,BAKURIANI (GEO),Women's Moguls,Results Qualification 1,SCHWINGHAMMER,2533204,CAN,14,62.15,16.99,34.7,10.46,1,bT,0.78,6.0,6.7,2,bG,0.92,5.8,6.2
"FIS SNOWBOARD, FREESTYLE AND FREESKI WORLD CHAMPIONSHIPS 2023",2023-02-25,BAKURIANI (GEO),Women's Moguls,Results Qualification 1,BERGHUIS Janneke,2532759,NED,20,49.54,9.7,31.0,8.84,1,bT,0.78,5.1,5.5,2,fT,0.78,5.8,6.3
"FIS SNOWBOARD, FREESTYLE AND FREESKI WORLD CHAMPIONSHIPS 2023",2023-02-25,BAKURIANI (GEO),Women's Moguls,Results Qualification 1,YANG Ya,2537259,CHN,22,41.53,11.23,22.3,8.0,1,bp,0.81,5.5,5.2,2,7op,0.98,3.8,3.7
"FIS SNOWBOARD, FREESTYLE AND FREESKI WORLD CHAMPIONSHIPS 2023",2023-02-25,BAKURIANI (GEO),Women's Moguls,Results Qualification 2,YANAGIMOTO Rino,2532040,JPN,1,74.08,15.16,42.7,16.22,1,7oG,1.11,7.4,7.1,2,7op,0.98,8.4,8.3
FIS FREESTYLE SKI WORLD CUP 2023,2022-12-03,RUKA (FIN),Men's Moguls,Results Final 1,FJALLSTROM Ludvig,2528117,SWE,5,78.12,14.33,49.9,13.89,1,7op,0.88,8.0,8.4,2,bG,0.82,8.2,8.1
FIS FREESTYLE SKI WORLD CUP 2023,2022-12-03,RUKA (FIN),Women's Moguls,Results Final 1,GIACCIO Olivia,2532241,USA,4,75.93,15.94,45.5,14.49,1,bF,0.98,7.8,7.7,2,7op,0.98,7.0,7.1
FIS FREESTYLE SKI WORLD CUP 2023,2022-12-03,RUKA (FIN),Women's Moguls,Results Qualification,KAUF Jaelin,2529064,USA,4,73.05,17.03,42.7,13.32,1,bG,0.92,7.9,7.6,2,bp,0.81,8.0,7.3
FIS FREESTYLE SKI WORLD CUP 2023,2022-12-03,RUKA (FIN),Women's Moguls,Results Qualification,LEMLEY Elizabeth,2537762,USA,5,72.13,16.75,41.7,13.68,1,7op,0.98,6.9,7.8,2,bp,0.81,8.0,8.0
FIS FREESTYLE SKI WORLD CUP 2023,2022-12-10,IDRE FJÄLL (SWE),Men's Moguls,Results Final 1,SUGIMOTO Kosuke,2528069,JPN,10,75.31,16.65,45.7,12.96,1,7oG,1.01,8.0,7.2,2,bG,0.82,6.4,6.5
FIS FREESTYLE SKI WORLD CUP 2023,2022-12-10,IDRE FJÄLL (SWE),Women's Moguls,Results Final 1,MACUGA Alli,2534186,USA,10,70.25,17.49,41.5,11.26,1,bF,0.98,5.4,5.7,2,7op,0.98,5.7,6.2
FIS FREESTYLE SKI WORLD CUP 2023,2023-02-02,DEER VALLEY (USA),Men's Moguls,Results Qualification,CHALIFOUX Louis-,2534234,CAN,5,75.91,15.89,44.9,15.12,1,bF,0.88,8.6,8.7,2,7op,0.88,8.6,8.5
FIS FREESTYLE SKI WORLD CUP 2023,2023-02-02,DEER VALLEY (USA),Men's Moguls,Results Qualification,HORISHIMA Ikuma,2529645,JPN,24,60.87,16.9,31.7,12.27,1,bF,0.88,7.4,7.2,2,7op,0.88,6.8,6.5
FIS FREESTYLE SKI WORLD CUP 2023,2023-02-02,DEER VALLEY (USA),Men's Moguls,Results Qualification,KARJALAINEN,2534001,FIN,26,60.17,15.65,36.1,8.42,1,7op,0.88,4.5,4.5,2,bG,0.82,5.4,5.5
FIS FREESTYLE SKI WORLD CUP 2023,2022-12-09,IDRE FJÄLL (SWE),Women's Moguls,Results Qualification,GERKEN SCHOFIELD,2530540,GBR,12,69.19,17.08,42.0,10.11,1,bG,0.92,5.8,6.8,2,bp,0.81,4.9,5.8
FIS FREESTYLE SKI WORLD CUP 2023,2022-12-09,IDRE FJÄLL (SWE),Women's Moguls,Results Qualification,SAMANKOVA Dorota,2534483,CZE,25,50.02,12.01,30.0,8.01,1,bG,0.92,4.8,4.5,2,bT,0.78,4.9,4.7
FIS FREESTYLE SKI WORLD CUP 2023,2022-12-15,ALPE D'HUEZ (FRA),Men's Moguls,Results Qualification,MATSUDA So,2531671,JPN,14,69.72,13.35,41.9,14.47,1,bF,0.88,7.7,8.7,2,7op,0.88,8.0,8.5
FIS FREESTYLE SKI WORLD CUP 2023,2022-12-15,ALPE D'HUEZ (FRA),Men's Moguls,Results Qualification,VAILLANCOURT Elliot,2532513,CAN,23,66.71,12.68,42.0,12.03,1,7oG,1.01,5.3,6.0,2,7op,0.88,7.1,7.3
FIS FREESTYLE SKI WORLD CUP 2025,2025-01-24,WATERVILLE (USA),Women's Moguls,Results Final 1,WILSON Charlotte,2535796,AUS,6,71.87,17.31,43.1,11.46,1,bG,0.92,6.8,6.5,2,bp,0.81,7.0,6.2
FIS FREESTYLE SKI WORLD CUP 2025,2025-02-06,DEER VALLEY (USA),Men's Moguls,Results Final 1,KOLMAKOV Pavel,2528846,KAZ,2,82.4,16.52,49.7,16.18,1,bdF,1.05,8.3,8.1,2,bG,0.82,9.3,9.2
FIS FREESTYLE SKI WORLD CUP 2025,2025-02-06,DEER VALLEY (USA),Men's Moguls,Results Final 1,WOODS Cooper,2532161,AUS,10,77.54,15.03,49.2,13.31,1,bdF,1.05,6.5,6.3,2,7op,0.88,7.4,7.6
FIS FREESTYLE SKI WORLD CUP 2025,2025-02-06,DEER VALLEY (USA),Men's Moguls,Results Final 1,KROUPA Matyas,2537792,CZE,15,54.76,13.75,25.9,15.11,1,bG,0.82,8.2,8.6,2,7oG,1.01,8.2,8.1
FIS FREESTYLE SKI WORLD CUP 2025,2025-01-31,VAL ST. COME (CAN),Men's Moguls,Results Qualification,VIEL Julien,2534074,CAN,3,80.18,16.17,49.5,14.51,1,bF,0.88,8.3,8.5,2,7op,0.88,7.9,8.3
FIS FREESTYLE SKI WORLD CUP 2025,2025-01-31,VAL ST. COME (CAN),Men's Moguls,Results Qualification,AHVENAINEN Akseli,2533687,FIN,56,26.56,4.93,10.8,10.83,1,10op,1.05,4.5,4.5,2,7oG,1.01,6.1,6.0
"FIS SNOWBOARD, FREESTYLE AND FREESKI WORLD CHAMPIONSHIPS 2023",2023-02-25,BAKURIANI (GEO),Men's Moguls,Results Qualification 1,GRAHAM Matt,2441426,AUS,5,81.37,17.24,51.6,12.53,1,bF,0.88,7.0,7.1,2,7op,0.88,7.1,7.3
"FIS SNOWBOARD, FREESTYLE AND FREESKI WORLD CHAMPIONSHIPS 2023",2023-02-25,BAKURIANI (GEO),Men's Moguls,Results Qualification 1,WOODS Cooper,2532161,AUS,10,78.73,15.85,49.3,13.58,1,bF,0.88,8.2,8.3,2,7op,0.88,7.3,7.1
"FIS SNOWBOARD, FREESTYLE AND FREESKI WORLD CHAMPIONSHIPS 2023",2023-02-25,BAKURIANI (GEO),Men's Moguls,Results Qualification 1,MATSUDA So,2531671,JPN,12,77.54,16.73,47.6,13.21,1,10op,1.05,6.7,6.5,2,7op,0.88,7.1,7.2
"FIS SNOWBOARD, FREESTYLE AND FREESKI WORLD CHAMPIONSHIPS 2023",2023-02-25,BAKURIANI (GEO),Men's Moguls,Results Qualification 1,GAJDECKA Marek,2535392,CZE,39,31.85,14.92,10.4,6.53,1,bL,0.71,6.4,6.7,2,bG,0.82,2.1,2.5
"FIS SNOWBOARD, FREESTYLE AND FREESKI WORLD CHAMPIONSHIPS 2023",2023-02-25,BAKURIANI (GEO),Men's Moguls,Results Qualification 2,JUNG Daeyoon,2534856,KOR,9,78.57,16.25,47.6,14.72,1,7oG,1.01,8.3,8.5,2,7op,0.88,7.0,7.2
"FIS SNOWBOARD, FREESTYLE AND FREESKI WORLD CHAMPIONSHIPS 2023",2023-02-25,BAKURIANI (GEO),Women's Moguls,Results Qualification 1,LAFFONT Perrine,2531156,FRA,1,83.93,18.92,50.8,14.21,1,bG,0.92,7.1,7.2,2,7op,0.98,7.9,7.7
"FIS SNOWBOARD, FREESTYLE AND FREESKI WORLD CHAMPIONSHIPS 2023",2023-02-25,BAKURIANI (GEO),Women's Moguls,Results Qualification 1,MA Zhuoni,2533012,CHN,23,40.86,9.78,23.4,7.68,1,bG,0.92,5.3,5.0,2,bL,0.81,3.5,3.8
"FIS SNOWBOARD, FREESTYLE AND FREESKI WORLD CHAMPIONSHIPS 2023",2023-02-25,BAKURIANI (GEO),Women's Moguls,Results Qualification 2,CABROL Camille,2530274,FRA,5,65.09,13.65,41.3,10.14,1,bT,0.78,5.9,6.1,2,bG,0.92,6.0,5.9
FIS FREESTYLE SKI WORLD CUP 2023,2023-01-27,VAL ST. COME (CAN),Men's Moguls,Results Qualification,MATSUDA So,2531671,JPN,12,75.19,16.49,44.1,14.6,1,bF,0.88,8.2,8.4,2,7op,0.88,8.3,8.3
FIS FREESTYLE SKI WORLD CUP 2023,2023-01-27,VAL ST. COME (CAN),Men's Moguls,Results Qualification,DUFRESNE Gabriel,2530240,CAN,18,74.08,16.4,44.8,12.88,1,bF,0.88,7.4,7.9,2,7op,0.88,6.9,7.1
FIS FREESTYLE SKI WORLD CUP 2023,2023-01-27,VAL ST. COME (CAN),Men's Moguls,Results Qualification,LI Musai,2537254,CHN,45,61.66,14.66,37.9,9.1,1,bF,0.88,6.0,6.2,2,7op,0.88,4.2,4.3
FIS FREESTYLE SKI WORLD CUP 2023,2022-12-03,RUKA (FIN),Women's Moguls,Results Qualification,VOUTILAINEN Riikka,2533937,FIN,25,33.19,8.24,18.1,6.85,1,bp,0.81,3.9,3.5,2,fT,0.78,5.0,4.9
FIS FREESTYLE SKI WORLD CUP 2023,2022-12-10,IDRE FJÄLL (SWE),Men's Moguls,Results Final 1,WOODS Cooper,2532161,AUS,7,76.55,15.59,47.2,13.76,1,bF,0.88,7.6,7.7,2,7op,0.88,7.8,8.2
FIS FREESTYLE SKI WORLD CUP 2023,2023-02-02,DEER VALLEY (USA),Men's Moguls,Results Qualification,DUFRESNE Gabriel,2530240,CAN,37,35.39,16.02,9.7,9.67,1,bF,0.88,6.3,6.6,2,bp,0.71,5.8,5.5
FIS FREESTYLE SKI WORLD CUP 2023,2023-02-02,DEER VALLEY (USA),Men's Moguls,Results Qualification,WANG Renda,2537252,CHN,44,6.87,0.0,0.3,6.57,1,7op,0.88,6.2,5.9,2,S,0.38,3.4,3.2
FIS FREESTYLE SKI WORLD CUP 2023,2022-12-09,IDRE FJÄLL (SWE),Women's Moguls,Results Qualification,YUN Shin-Ee,2537929,KOR,29,31.59,12.77,12.8,6.02,1,bG,0.92,3.4,1.8,2,bp,0.81,4.3,4.7
FIS FREESTYLE SKI WORLD CUP 2023,2022-12-15,ALPE D'HUEZ (FRA),Men's Moguls,Results Qualification,WENDLER Landon,2534140,USA,19,68.2,13.75,45.0,9.45,1,bF,0.88,6.9,6.9,2,7oG,1.01,3.2,3.5
FIS FREESTYLE SKI WORLD CUP 2025,2025-01-24,WATERVILLE (USA),Men's Moguls,Results Qualification,MURATA Yutaro,2530684,JPN,48,54.28,14.91,28.2,11.17,1,bF,0.88,6.8,6.2,2,7op,0.88,6.0,6.4
FIS FREESTYLE SKI WORLD CUP 2025,2025-01-24,WATERVILLE (USA),Men's Moguls,Results Qualification,LOGAN Oliver,2534330,AUS,57,25.07,9.87,9.5,5.7,1,bF,0.88,6.5,5.9,2,bL,0.71,0.4,0.3
FIS FREESTYLE SKI WORLD CUP 2025,2025-01-24,WATERVILLE (USA),Women's Moguls,Results Final 2,GALYSHEVA Yuliya,2484307,KAZ,6,71.06,16.85,41.8,12.41,1,bG,0.92,6.5,6.9,2,fG,0.92,7.1,6.5
FIS FREESTYLE SKI WORLD CUP 2025,2025-02-06,DEER VALLEY (USA),Men's Moguls,Results Final 1,VIEL Julien,2534074,CAN,4,81.64,16.75,50.2,14.69,1,bF,0.88,8.0,8.0,2,7op,0.88,8.8,8.6
FIS FREESTYLE SKI WORLD CUP 2025,2025-02-06,DEER VALLEY (USA),Men's Moguls,Results Final 1,MOUILLE Thibaud,2532044,FRA,7,79.84,14.15,49.2,16.49,1,7oG,1.01,7.5,7.4,2,10op,1.05,8.6,8.5
FIS FREESTYLE SKI WORLD CUP 2025,2025-02-06,DEER VALLEY (USA),Men's Moguls,Results Final 1,KINGSBURY Mikael,2484937,CAN,16,29.27,0.0,21.4,7.87,1,bF,0.88,9.0,8.9,2,NJ,0.0,0.0,0.0
FIS FREESTYLE SKI WORLD CUP 2025,2025-02-06,DEER VALLEY (USA),Men's Moguls,Results Final 2,KOLMAKOV Pavel,2528846,KAZ,2,84.95,17.33,51.4,16.22,1,bdF,1.05,8.3,8.1,2,bG,0.82,9.4,9.2
FIS FREESTYLE SKI WORLD CUP 2025,2025-02-06,DEER VALLEY (USA),Men's Moguls,Results Final 2,MICKEL Charlie,2537180,USA,5,79.52,14.2,49.3,16.02,1,7oG,1.01,7.5,7.3,2,10op,1.05,8.2,8.1
FIS FREESTYLE SKI WORLD CUP 2025,2025-01-31,VAL ST. COME (CAN),Men's Moguls,Results Qualification,CAYOLLE Tristan,2533776,FRA,21,70.17,16.01,39.5,14.66,1,7oG,1.01,7.7,7.8,2,lG,0.82,8.2,8.5
FIS FREESTYLE SKI WORLD CUP 2025,2025-01-31,VAL ST. COME (CAN),Men's Moguls,Results Qualification,HOLMGREN Albin,2532811,SWE,22,70.09,15.86,42.4,11.83,1,bF,0.88,6.5,5.9,2,7op,0.88,7.2,7.3
FIS FREESTYLE SKI WORLD CUP 2025,2025-01-31,VAL ST. COME (CAN),Men's Moguls,Results Qualification,KOLMAKOV Pavel,2528846,KAZ,23,69.87,15.29,42.8,11.78,1,bF,0.88,8.8,8.3,2,bG,0.82,5.7,4.7
FIS FREESTYLE SKI WORLD CUP 2025,2025-01-31,VAL ST. COME (CAN),Men's Moguls,Results Qualification,KROUPA Matyas,2537792,CZE,42,62.39,13.39,34.1,14.9,1,7oG,1.01,7.8,8.0,2,10op,1.05,7.0,6.2
"FIS SNOWBOARD, FREESTYLE AND FREESKI WORLD CHAMPIONSHIPS 2023",2023-02-25,BAKURIANI (GEO),Men's Moguls,Results Qualification 1,KINGSBURY Mikael,2484937,CAN,1,87.38,18.36,53.1,15.92,1,bF,0.88,9.8,9.7,2,7op,0.88,8.3,8.4
"FIS SNOWBOARD, FREESTYLE AND FREESKI WORLD CHAMPIONSHIPS 2023",2023-02-25,BAKURIANI (GEO),Men's Moguls,Results Qualification 1,VAILLANCOURT Elliot,2532513,CAN,14,76.63,16.95,45.6,14.08,1,7oG,1.01,7.9,7.9,2,7op,0.88,6.9,7.0
"FIS SNOWBOARD, FREESTYLE AND FREESKI WORLD CHAMPIONSHIPS 2023",2023-02-25,BAKURIANI (GEO),Women's Moguls,Results Qualification 1,LI Ruilin,2537198,CHN,24,40.86,13.34,21.5,6.02,1,bT,0.78,3.6,3.5,2,bG,0.92,3.9,3.2
"FIS SNOWBOARD, FREESTYLE AND FREESKI WORLD CHAMPIONSHIPS 2023",2023-02-25,BAKURIANI (GEO),Women's Moguls,Results Qualification 2,BROWN Berkley,2531523,CAN,4,67.26,13.96,40.9,12.4,1,bT,0.78,6.7,6.6,2,bG,0.92,8.0,7.7
FIS FREESTYLE SKI WORLD CUP 2023,2023-01-27,VAL ST. COME (CAN),Men's Moguls,Results Qualification,SUGIMOTO Kosuke,2528069,JPN,9,76.48,16.63,44.5,15.35,1,7oG,1.01,8.1,8.1,2,bG,0.82,8.7,8.8
FIS FREESTYLE SKI WORLD CUP 2023,2023-01-27,VAL ST. COME (CAN),Men's Moguls,Results Qualification,MURATA Yutaro,2530684,JPN,21,73.31,15.65,43.9,13.76,1,bF,0.88,7.9,8.0,2,7op,0.88,7.7,7.7
FIS FREESTYLE SKI WORLD CUP 2023,2023-01-27,VAL ST. COME (CAN),Men's Moguls,Results Qualification,LAVOIE Alexandre,2531687,CAN,27,70.71,15.54,41.4,13.77,1,bF,0.88,8.1,8.3,2,7oG,1.01,6.4,6.6
FIS FREESTYLE SKI WORLD CUP 2023,2023-01-27,VAL ST. COME (CAN),Men's Moguls,Results Qualification,JUNG Daeyoon,2534856,KOR,29,69.68,16.8,39.8,13.08,1,7op,0.88,8.2,8.3,2,10op,1.05,5.3,5.8
FIS FREESTYLE SKI WORLD CUP 2023,2023-01-27,VAL ST. COME (CAN),Men's Moguls,Results Qualification,KELLY Brenden,2527955,CAN,30,69.22,16.05,38.0,15.17,1,7oG,1.01,7.7,7.8,2,10op,1.05,6.8,7.2
FIS FREESTYLE SKI WORLD CUP 2023,2023-01-27,VAL ST. COME (CAN),Men's Moguls,Results Qualification,FENELEY William,2531950,GBR,36,67.99,14.0,43.7,10.29,1,bF,0.88,4.8,5.4,2,7op,0.88,6.4,6.8
FIS FREESTYLE SKI WORLD CUP 2023,2023-01-27,VAL ST. COME (CAN),Men's Moguls,Results Qualification,HOLMGREN Emil,2534210,SWE,37,67.18,16.75,38.9,11.53,1,7op,0.88,7.0,7.6,2,bp,0.71,7.4,7.0
FIS FREESTYLE SKI WORLD CUP 2023,2023-01-27,VAL ST. COME (CAN),Men's Moguls,Results Qualification,KARJALAINEN,2534001,FIN,39,66.66,14.91,41.3,10.45,1,7op,0.88,4.3,4.2,2,lG,0.82,8.2,8.2
FIS FREESTYLE SKI WORLD CUP 2023,2023-01-27,VAL ST. COME (CAN),Men's Moguls,Results Qualification,FUJIKI Goshin,2529670,JPN,40,65.45,17.17,36.9,11.38,1,bF,0.88,7.2,7.2,2,7op,0.88,5.6,5.9
FIS FREESTYLE SKI WORLD CUP 2023,2022-12-03,RUKA (FIN),Women's Moguls,Results Final 1,LAFFONT Perrine,2531156,FRA,1,78.53,17.23,47.3,14.0,1,bG,0.92,6.7,6.4,2,7op,0.98,8.1,8.2
FIS FREESTYLE SKI WORLD CUP 2023,2022-12-03,RUKA (FIN),Women's Moguls,Results Final 1,YANAGIMOTO Rino,2532040,JPN,8,73.37,15.43,44.9,13.04,1,bp,0.81,7.8,7.5,2,7op,0.98,7.1,6.9
FIS FREESTYLE SKI WORLD CUP 2023,2022-12-03,RUKA (FIN),Women's Moguls,Results Qualification,GERKEN SCHOFIELD,2530540,GBR,16,61.29,14.17,38.4,8.72,1,bG,0.92,5.2,5.5,2,bp,0.81,4.4,5.0
FIS FREESTYLE SKI WORLD CUP 2023,2022-12-03,RUKA (FIN),Women's Moguls,Results Qualification,NAKAO Haruka,2533488,JPN,17,60.6,12.68,39.1,8.82,1,bG,0.92,7.8,6.0,2,lG,0.92,2.4,3.0
FIS FREESTYLE SKI WORLD CUP 2023,2023-03-17,ALMATY (KAZ),Women's Moguls,Results Qualification,MACUGA Alli,2534186,USA,3,69.39,16.57,42.0,10.82,1,bF,0.98,5.4,5.4,2,7op,0.98,5.7,5.6
FIS FREESTYLE SKI WORLD CUP 2023,2023-03-17,ALMATY (KAZ),Women's Moguls,Results Qualification,CABROL Camille,2530274,FRA,11,63.66,13.68,39.5,10.48,1,bT,0.78,5.8,6.0,2,bG,0.92,6.5,6.3
FIS FREESTYLE SKI WORLD CUP 2023,2022-12-10,IDRE FJÄLL (SWE),Men's Moguls,Results Final 1,McDONALD Cole,2534511,USA,1,79.45,16.94,46.4,16.11,1,bdF,1.05,7.7,8.3,2,10op,1.05,7.4,7.3
FIS FREESTYLE SKI WORLD CUP 2023,2022-12-10,IDRE FJÄLL (SWE),Men's Moguls,Results Final 1,MURATA Yutaro,2530684,JPN,12,72.57,15.09,44.6,12.88,1,bF,0.88,6.7,7.0,2,7op,0.88,7.8,7.8
FIS FREESTYLE SKI WORLD CUP 2023,2022-12-10,IDRE FJÄLL (SWE),Women's Moguls,Results Final 1,LEMLEY Elizabeth,2537762,USA,5,75.39,18.34,41.9,15.15,1,7oG,1.11,7.9,7.9,2,bp,0.81,7.7,8.1
FIS FREESTYLE SKI WORLD CUP 2023,2022-12-10,IDRE FJÄLL (SWE),Women's Moguls,Results Final 1,CARROLL Avital,2529074,AUT,8,71.13,15.73,42.4,13.0,1,7oG,1.11,5.0,5.5,2,bG,0.92,7.6,8.0
FIS FREESTYLE SKI WORLD CUP 2023,2023-02-02,DEER VALLEY (USA),Men's Moguls,Results Qualification,GRAHAM Matt,2441426,AUS,3,76.93,17.12,46.4,13.41,1,bF,0.88,8.0,7.7,2,7op,0.88,7.5,7.3
FIS FREESTYLE SKI WORLD CUP 2023,2023-02-02,DEER VALLEY (USA),Men's Moguls,Results Qualification,VIEL Julien,2534074,CAN,6,74.86,16.2,46.3,12.36,1,bF,0.88,6.1,6.0,2,7op,0.88,8.0,8.0
FIS FREESTYLE SKI WORLD CUP 2023,2023-02-02,DEER VALLEY (USA),Men's Moguls,Results Qualification,PENTTALA Olli,2528035,FIN,10,70.91,15.21,44.1,11.6,1,7op,0.88,5.3,5.1,2,10op,1.05,6.5,6.9
FIS FREESTYLE SKI WORLD CUP 2023,2023-02-02,DEER VALLEY (USA),Men's Moguls,Results Qualification,HARVEY Jackson,2534735,AUS,11,70.49,15.45,41.9,13.14,1,bF,0.88,6.8,6.7,2,7op,0.88,8.2,8.2
FIS FREESTYLE SKI WORLD CUP 2023,2023-02-02,DEER VALLEY (USA),Men's Moguls,Results Qualification,LEE Yoon Seung,2537625,KOR,38,34.88,11.64,14.7,8.54,1,bF,0.88,4.6,4.5,2,bp,0.71,6.5,6.3
FIS FREESTYLE SKI WORLD CUP 2023,2022-12-15,ALPE D'HUEZ (FRA),Men's Moguls,Results Qualification,WALCZYK Dylan,2527085,USA,10,72.05,12.07,46.7,13.28,1,bG,0.82,7.7,8.3,2,7op,0.88,7.9,7.4
FIS FREESTYLE SKI WORLD CUP 2025,2025-01-24,WATERVILLE (USA),Men's Moguls,Results Qualification,FENELEY William,2531950,GBR,52,49.93,12.39,28.6,8.94,1,bF,0.88,4.3,4.1,2,7oG,1.01,5.0,5.4
FIS FREESTYLE SKI WORLD CUP 2025,2025-01-24,WATERVILLE (USA),Women's Moguls,Results Final 1,SCHWINGHAMMER,2533204,CAN,2,75.73,17.42,45.2,13.11,1,7op,0.98,6.9,7.2,2,bG,0.92,6.6,6.9
FIS FREESTYLE SKI WORLD CUP 2025,2025-02-06,DEER VALLEY (USA),Women's Moguls,Results Final 1,KARIOTIS Kylie,2534866,USA,11,64.56,13.36,39.1,12.1,1,bG,0.92,6.3,6.2,2,bp,0.81,8.0,7.7
FIS FREESTYLE SKI WORLD CUP 2025,2025-01-31,VAL ST. COME (CAN),Men's Moguls,Results Qualification,GRAVENFORS Filip,2534858,SWE,12,72.8,17.11,42.2,13.49,1,bF,0.88,7.6,7.8,2,7op,0.88,7.6,7.7
FIS FREESTYLE SKI WORLD CUP 2025,2025-01-31,VAL ST. COME (CAN),Men's Moguls,Results Qualification,DUBUC Joey,2535858,CAN,28,69.02,14.06,40.6,14.36,1,bF,0.88,7.5,8.4,2,7oG,1.01,6.9,7.7
FIS FREESTYLE SKI WORLD CUP 2025,2025-01-31,VAL ST. COME (CAN),Men's Moguls,Results Qualification,NISHIZAWA Taketo,2531352,JPN,29,68.55,13.74,43.6,11.21,1,bF,0.88,7.1,7.2,2,7op,0.88,5.8,5.4
FIS FREESTYLE SKI WORLD CUP 2025,2025-01-31,VAL ST. COME (CAN),Men's Moguls,Results Qualification,LEE Yoonseung,2537625,KOR,33,66.65,14.91,39.9,11.84,1,bF,0.88,7.0,6.3,2,bp,0.71,8.5,8.4
FIS FREESTYLE SKI WORLD CUP 2025,2025-01-31,VAL ST. COME (CAN),Men's Moguls,Results Qualification,WANG Renda,2537252,CHN,52,55.09,12.77,32.3,10.02,1,bF,0.88,6.2,5.5,2,10op,1.05,5.0,4.3
FIS FREESTYLE SKI WORLD CUP 2025,2025-01-31,VAL ST. COME (CAN),Women's Moguls,Results Final 2,KAUF Jaelin,2529064,USA,2,77.85,17.82,45.1,14.93,1,7op,0.98,7.9,7.0,2,bG,0.92,8.1,8.5
FIS FREESTYLE SKI WORLD CUP 2025,2025-01-31,VAL ST. COME (CAN),Women's Moguls,Results Final 2,GIACCIO Olivia,2532241,USA,3,77.71,15.12,45.7,16.89,1,7oG,1.11,8.1,8.3,2,7op,0.98,8.0,7.9
"FIS SNOWBOARD, FREESTYLE AND FREESKI WORLD CHAMPIONSHIPS 2023",2023-02-25,BAKURIANI (GEO),Men's Moguls,Results Qualification 1,MURPHY George,2534254,AUS,22,71.89,15.13,43.5,13.26,1,7op,0.88,7.1,7.6,2,bG,0.82,8.1,8.5
"FIS SNOWBOARD, FREESTYLE AND FREESKI WORLD CHAMPIONSHIPS 2023",2023-02-25,BAKURIANI (GEO),Men's Moguls,Results Qualification 1,BAEK Hyun-Min,2533573,KOR,42,3.6,0.71,0.3,2.59,1,7oP,0.85,3.6,2.5,2,NJ,0.0,0.0,0.0
"FIS SNOWBOARD, FREESTYLE AND FREESKI WORLD CHAMPIONSHIPS 2023",2023-02-25,BAKURIANI (GEO),Men's Moguls,Results Qualification 2,MATSUDA So,2531671,JPN,4,81.37,15.87,48.4,17.1,1,10op,1.05,9.1,9.0,2,7op,0.88,8.6,8.7
"FIS SNOWBOARD, FREESTYLE AND FREESKI WORLD CHAMPIONSHIPS 2023",2023-02-25,BAKURIANI (GEO),Men's Moguls,Results Qualification 2,LEE Yoon Seung,2537625,KOR,25,65.26,14.43,36.8,14.03,1,bF,0.88,7.9,8.0,2,7op,0.88,8.0,8.0
"FIS SNOWBOARD, FREESTYLE AND FREESKI WORLD CHAMPIONSHIPS 2023",2023-02-25,BAKURIANI (GEO),Men's Moguls,Results Qualification 2,HOLMGREN Emil,2534210,SWE,28,57.16,14.74,30.2,12.22,1,7oG,1.01,7.9,7.8,2,10op,1.05,4.0,4.2
"FIS SNOWBOARD, FREESTYLE AND FREESKI WORLD CHAMPIONSHIPS 2023",2023-02-25,BAKURIANI (GEO),Men's Moguls,Results Qualification 2,BAEK Hyun-Min,2533573,KOR,29,56.63,10.59,37.6,8.44,1,bF,0.88,6.0,5.5,2,7op,0.88,3.9,3.8
"FIS SNOWBOARD, FREESTYLE AND FREESKI WORLD CHAMPIONSHIPS 2023",2023-02-25,BAKURIANI (GEO),Women's Moguls,Results Qualification 1,KAUF Jaelin,2529064,USA,2,79.73,19.09,48.9,11.74,1,bG,0.92,6.9,7.3,2,bp,0.81,6.4,6.5
FIS FREESTYLE SKI WORLD CUP 2023,2023-01-27,VAL ST. COME (CAN),Men's Moguls,Results Qualification,KINGSBURY Mikael,2484937,CAN,1,82.44,17.1,50.3,15.04,1,bF,0.88,8.0,8.2,2,7op,0.88,9.0,9.0
FIS FREESTYLE SKI WORLD CUP 2023,2023-01-27,VAL ST. COME (CAN),Men's Moguls,Results Qualification,GRAHAM Matt,2441426,AUS,7,78.59,16.39,48.0,14.2,1,bF,0.88,8.2,8.0,2,7op,0.88,8.1,8.0
FIS FREESTYLE SKI WORLD CUP 2023,2023-01-27,VAL ST. COME (CAN),Men's Moguls,Results Qualification,VIERELA Severi,2533386,FIN,10,75.99,17.92,44.4,13.67,1,bF,0.88,8.1,8.1,2,7op,0.88,7.2,7.7
FIS FREESTYLE SKI WORLD CUP 2023,2023-01-27,VAL ST. COME (CAN),Men's Moguls,Results Qualification,WENDLER Landon,2534140,USA,42,64.93,16.3,39.5,9.13,1,bF,0.88,3.2,3.8,2,7oG,1.01,6.0,6.0
FIS FREESTYLE SKI WORLD CUP 2023,2023-01-27,VAL ST. COME (CAN),Men's Moguls,Results Qualification,LEE Yoon Seung,2537625,KOR,44,62.11,14.58,37.2,10.33,1,bF,0.88,6.1,6.4,2,7op,0.88,6.0,5.0
FIS FREESTYLE SKI WORLD CUP 2023,2022-12-03,RUKA (FIN),Women's Moguls,Results Final 1,GERKEN SCHOFIELD,2530540,GBR,10,73.05,15.28,45.0,12.77,1,bG,0.92,6.6,7.0,2,bp,0.81,8.1,8.0
FIS FREESTYLE SKI WORLD CUP 2023,2022-12-03,RUKA (FIN),Women's Moguls,Results Qualification,GERKEN SCHOFIELD,2530539,GBR,23,45.09,12.2,25.1,7.79,1,bp,0.81,4.0,3.8,2,bG,0.92,5.2,4.9
FIS FREESTYLE SKI WORLD CUP 2023,2023-03-17,ALMATY (KAZ),Women's Moguls,Results Qualification,TOMITAKA Hinako,2532031,JPN,7,66.28,15.71,39.8,10.77,1,7op,0.98,5.1,5.0,2,bp,0.81,7.3,7.1
FIS FREESTYLE SKI WORLD CUP 2023,2023-03-17,ALMATY (KAZ),Women's Moguls,Results Qualification,HOGG Kasey,2534251,USA,8,66.15,15.29,40.7,10.16,1,bp,0.81,5.5,5.7,2,7op,0.98,5.8,5.7
FIS FREESTYLE SKI WORLD CUP 2023,2022-12-10,IDRE FJÄLL (SWE),Men's Moguls,Results Final 1,HORISHIMA Ikuma,2529645,JPN,6,78.31,17.06,45.6,15.65,1,10op,1.05,8.0,8.0,2,7op,0.88,8.3,8.2
FIS FREESTYLE SKI WORLD CUP 2023,2022-12-10,IDRE FJÄLL (SWE),Men's Moguls,Results Final 1,CAVET Benjamin,2530514,FRA,14,66.88,17.35,38.4,11.13,1,bdF,1.05,6.2,5.0,2,10o,1.02,5.6,4.7
FIS FREESTYLE SKI WORLD CUP 2023,2022-12-10,IDRE FJÄLL (SWE),Women's Moguls,Results Final 1,TOMITAKA Hinako,2532031,JPN,12,68.9,16.73,41.8,10.37,1,7o,0.95,5.0,5.5,2,bp,0.81,7.3,6.0
FIS FREESTYLE SKI WORLD CUP 2023,2022-12-10,IDRE FJÄLL (SWE),Women's Moguls,Results Final 1,NAKAO Haruka,2533488,JPN,14,67.02,16.77,36.9,13.35,1,bG,0.92,6.9,7.7,2,bp,0.81,8.4,8.0
FIS FREESTYLE SKI WORLD CUP 2023,2022-12-10,IDRE FJÄLL (SWE),Women's Moguls,Results Final 1,AMRENOVA Ayaulym,2532085,KAZ,16,62.35,15.19,36.6,10.56,1,bG,0.92,6.2,5.7,2,7op,0.98,5.1,5.3
FIS FREESTYLE SKI WORLD CUP 2023,2023-02-02,DEER VALLEY (USA),Men's Moguls,Results Qualification,MATSUDA So,2531671,JPN,23,61.54,15.59,32.8,13.15,1,bF,0.88,7.7,7.4,2,7op,0.88,7.5,7.3
FIS FREESTYLE SKI WORLD CUP 2023,2023-02-02,DEER VALLEY (USA),Men's Moguls,Results Qualification,BOURDETTE Marius,2532799,FRA,41,20.03,12.71,0.3,7.02,1,bp,0.71,7.4,7.6,2,3p,0.71,2.5,2.3
FIS FREESTYLE SKI WORLD CUP 2023,2022-12-09,IDRE FJÄLL (SWE),Women's Moguls,Results Qualification,GIACCIO Olivia,2532241,USA,3,75.2,16.12,43.6,15.48,1,bF,0.98,7.5,8.5,2,7o,0.95,7.9,8.2
FIS FREESTYLE SKI WORLD CUP 2023,2022-12-09,IDRE FJÄLL (SWE),Women's Moguls,Results Qualification,KAWAMURA Anri,2534852,JPN,4,72.31,18.17,44.2,9.94,1,7op,0.98,6.8,7.3,2,bG,0.92,3.6,3.0
FIS FREESTYLE SKI WORLD CUP 2023,2022-12-09,IDRE FJÄLL (SWE),Women's Moguls,Results Qualification,AMRENOVA Ayaulym,2532085,KAZ,14,67.44,14.77,40.9,11.77,1,bG,0.92,6.9,7.0,2,bp,0.81,6.0,7.3
FIS FREESTYLE SKI WORLD CUP 2023,2022-12-15,ALPE D'HUEZ (FRA),Men's Moguls,Results Qualification,PAGE Nick,2533462,USA,1,77.56,13.54,47.0,17.02,1,7oG,1.01,8.3,8.8,2,10op,1.05,7.9,8.1
FIS FREESTYLE SKI WORLD CUP 2025,2025-01-24,WATERVILLE (USA),Women's Moguls,Results Final 1,KAUF Jaelin,2529064,USA,3,72.89,18.11,42.2,12.58,1,7op,0.98,6.8,6.5,2,bG,0.92,6.9,6.3
FIS FREESTYLE SKI WORLD CUP 2025,2025-01-24,WATERVILLE (USA),Women's Moguls,Results Final 1,GIACCIO Olivia,2532241,USA,4,72.84,17.22,42.5,13.12,1,7oG,1.11,6.3,5.7,2,7op,0.98,6.7,6.5
FIS FREESTYLE SKI WORLD CUP 2025,2025-01-24,WATERVILLE (USA),Women's Moguls,Results Final 1,TOMITAKA Hinako,2532031,JPN,8,70.23,17.38,42.4,10.45,1,bG,0.92,5.0,5.8,2,7op,0.98,6.0,5.2
FIS FREESTYLE SKI WORLD CUP 2025,2025-01-24,WATERVILLE (USA),Women's Moguls,Results Final 1,CABROL Camille,2530274,FRA,10,69.45,15.74,41.0,12.71,1,bp,0.81,7.0,7.6,2,bG,0.92,7.3,7.5
FIS FREESTYLE SKI WORLD CUP 2025,2025-02-06,DEER VALLEY (USA),Women's Moguls,Results Final 1,LAFFONT Perrine,2531156,FRA,1,83.63,16.82,50.5,16.31,1,7oG,1.11,7.4,7.5,2,bG,0.92,8.8,8.7
FIS FREESTYLE SKI WORLD CUP 2025,2025-02-06,DEER VALLEY (USA),Women's Moguls,Results Final 2,LAFFONT Perrine,2531156,FRA,2,79.63,17.15,47.3,15.18,1,7oG,1.11,6.9,6.8,2,bG,0.92,8.4,8.1
FIS FREESTYLE SKI WORLD CUP 2025,2025-01-31,VAL ST. COME (CAN),Men's Moguls,Results Final 2,PENTTALA Olli,2528035,FIN,3,78.28,16.2,45.8,16.28,1,10op,1.05,8.2,8.5,2,7oG,1.01,7.4,7.5
FIS FREESTYLE SKI WORLD CUP 2025,2025-01-31,VAL ST. COME (CAN),Men's Moguls,Results Qualification,VIERELA Severi,2533386,FIN,7,75.92,15.02,43.8,17.1,1,7oG,1.01,8.0,8.1,2,10op,1.05,8.4,8.7
FIS FREESTYLE SKI WORLD CUP 2025,2025-01-31,VAL ST. COME (CAN),Men's Moguls,Results Qualification,WALCZYK Dylan,2527085,USA,25,69.57,16.08,45.0,8.49,1,7op,0.88,4.0,3.3,2,lG,0.82,6.4,6.5
FIS FREESTYLE SKI WORLD CUP 2025,2025-01-31,VAL ST. COME (CAN),Men's Moguls,Results Qualification,CAREY Cole,2537322,CAN,43,62.17,14.41,35.4,12.36,1,bF,0.88,7.5,7.9,2,7op,0.88,6.5,6.2
FIS FREESTYLE SKI WORLD CUP 2025,2025-01-31,VAL ST. COME (CAN),Men's Moguls,Results Qualification,HILL Edward,2537720,AUS,53,54.82,14.06,30.7,10.06,1,bT,0.68,7.5,6.7,2,7op,0.88,6.0,5.9
FIS FREESTYLE SKI WORLD CUP 2025,2025-01-31,VAL ST. COME (CAN),Women's Moguls,Results Final 2,LAFFONT Perrine,2531156,FRA,4,75.21,16.55,44.2,14.46,1,7op,0.98,7.6,7.0,2,bG,0.92,8.0,7.9
"FIS SNOWBOARD, FREESTYLE AND FREESKI WORLD CHAMPIONSHIPS 2023",2023-02-25,BAKURIANI (GEO),Men's Moguls,Results Qualification 1,MARCELLINI Dylan,2534089,USA,11,77.57,15.45,48.0,14.12,1,7op,0.88,6.6,6.8,2,7oG,1.01,8.1,8.2
"FIS SNOWBOARD, FREESTYLE AND FREESKI WORLD CHAMPIONSHIPS 2023",2023-02-25,BAKURIANI (GEO),Men's Moguls,Results Qualification 1,GRAVENFORS Filip,2534858,SWE,13,77.22,17.78,45.2,14.24,1,bF,0.88,7.8,8.0,2,10op,1.05,7.0,6.9
"FIS SNOWBOARD, FREESTYLE AND FREESKI WORLD CHAMPIONSHIPS 2023",2023-02-25,BAKURIANI (GEO),Men's Moguls,Results Qualification 1,WALCZYK Dylan,2527085,USA,19,73.91,16.12,46.3,11.49,1,bG,0.82,7.1,7.0,2,7op,0.88,6.4,6.6
"FIS SNOWBOARD, FREESTYLE AND FREESKI WORLD CHAMPIONSHIPS 2023",2023-02-25,BAKURIANI (GEO),Men's Moguls,Results Qualification 1,BOURDETTE Marius,2532799,FRA,27,66.94,16.18,41.8,8.96,1,7op,0.88,3.8,3.5,2,7oG,1.01,5.7,5.7
"FIS SNOWBOARD, FREESTYLE AND FREESKI WORLD CHAMPIONSHIPS 2023",2023-02-25,BAKURIANI (GEO),Men's Moguls,Results Qualification 1,LI Musai,2537254,CHN,31,55.12,12.36,32.3,10.46,1,bF,0.88,6.0,6.1,2,7op,0.88,5.9,5.8
"FIS SNOWBOARD, FREESTYLE AND FREESKI WORLD CHAMPIONSHIPS 2023",2023-02-25,BAKURIANI (GEO),Men's Moguls,Results Qualification 2,PENTTALA Olli,2528035,FIN,6,79.63,16.31,50.4,12.92,1,7op,0.88,6.0,6.2,2,10op,1.05,7.2,7.2
"FIS SNOWBOARD, FREESTYLE AND FREESKI WORLD CHAMPIONSHIPS 2023",2023-02-25,BAKURIANI (GEO),Men's Moguls,Results Qualification 2,LI Musai,2537254,CHN,26,59.07,12.53,35.4,11.14,1,bF,0.88,6.2,6.0,2,10op,1.05,5.8,5.2
"FIS SNOWBOARD, FREESTYLE AND FREESKI WORLD CHAMPIONSHIPS 2023",2023-02-25,BAKURIANI (GEO),Women's Moguls,Results Qualification 1,CARROLL Avital,2529074,AUT,7,72.47,18.29,41.4,12.78,1,bp,0.81,7.2,7.0,2,bG,0.92,7.8,7.5
"FIS SNOWBOARD, FREESTYLE AND FREESKI WORLD CHAMPIONSHIPS 2023",2023-02-25,BAKURIANI (GEO),Women's Moguls,Results Qualification 1,BROWN Berkley,2531523,CAN,12,63.88,14.43,36.8,12.65,1,bT,0.78,7.2,7.1,2,bG,0.92,7.6,7.8
"FIS SNOWBOARD, FREESTYLE AND FREESKI WORLD CHAMPIONSHIPS 2023",2023-02-25,BAKURIANI (GEO),Women's Moguls,Results Qualification 2,SCHWINGHAMMER,2533204,CAN,2,73.56,16.5,43.7,13.36,1,bT,0.78,7.4,7.2,2,bG,0.92,8.3,8.4
"FIS SNOWBOARD, FREESTYLE AND FREESKI WORLD CHAMPIONSHIPS 2023",2023-02-25,BAKURIANI (GEO),Women's Moguls,Results Qualification 2,WEESE Hanna,2532819,GER,9,56.96,14.81,31.7,10.45,1,bG,0.92,6.0,5.9,2,bp,0.81,6.2,6.1
FIS FREESTYLE SKI WORLD CUP 2023,2023-01-27,VAL ST. COME (CAN),Men's Moguls,Results Qualification,McDONALD Cole,2534511,USA,19,73.88,16.47,42.0,15.41,1,bF,0.88,8.4,8.5,2,10op,1.05,7.4,7.8
FIS FREESTYLE SKI WORLD CUP 2023,2023-01-27,VAL ST. COME (CAN),Men's Moguls,Results Qualification,HOLMGREN Albin,2532811,SWE,25,71.02,16.83,43.9,10.29,1,bp,0.71,5.9,6.0,2,7op,0.88,6.8,7.0
FIS FREESTYLE SKI WORLD CUP 2023,2023-01-27,VAL ST. COME (CAN),Men's Moguls,Results Qualification,WANG Renda,2537252,CHN,47,56.09,13.06,31.6,11.43,1,bF,0.88,6.1,6.2,2,7op,0.88,6.7,7.0
FIS FREESTYLE SKI WORLD CUP 2023,2022-12-03,RUKA (FIN),Men's Moguls,Results Final 1,KOLMAKOV Pavel,2528846,KAZ,13,74.85,15.56,43.9,15.39,1,bF,0.88,8.0,7.3,2,10op,1.05,8.4,8.1
FIS FREESTYLE SKI WORLD CUP 2023,2022-12-03,RUKA (FIN),Men's Moguls,Results Final 1,HARVEY Jackson,2534735,AUS,14,72.56,14.06,44.3,14.2,1,bF,0.88,8.4,8.4,2,7op,0.88,7.7,7.8
FIS FREESTYLE SKI WORLD CUP 2023,2022-12-03,RUKA (FIN),Women's Moguls,Results Final 1,AMRENOVA Ayaulym,2532085,KAZ,14,22.1,0.38,12.8,8.92,1,bG,0.92,7.6,6.8,2,7op,0.98,2.2,2.5
FIS FREESTYLE SKI WORLD CUP 2023,2022-12-03,RUKA (FIN),Women's Moguls,Results Qualification,LAFFONT Perrine,2531156,FRA,1,79.76,16.95,49.4,13.41,1,bG,0.92,7.1,7.9,2,bp,0.81,8.3,7.8
FIS FREESTYLE SKI WORLD CUP 2023,2022-12-03,RUKA (FIN),Women's Moguls,Results Qualification,SCHWINGHAMMER,2533204,CAN,19,58.11,15.11,29.0,14.0,1,bT,0.78,8.1,8.0,2,bG,0.92,8.5,8.3
FIS FREESTYLE SKI WORLD CUP 2023,2022-12-10,IDRE FJÄLL (SWE),Women's Moguls,Results Final 1,SOAR Hannah,2531373,USA,13,67.08,17.01,38.1,11.97,1,7op,0.98,5.5,5.9,2,bG,0.92,6.9,7.0
FIS FREESTYLE SKI WORLD CUP 2023,2023-02-02,DEER VALLEY (USA),Men's Moguls,Results Qualification,GERKEN SCHOFIELD,2530541,GBR,25,60.77,13.29,36.5,10.98,1,7op,0.88,5.4,5.7,2,bG,0.82,7.5,7.4
FIS FREESTYLE SKI WORLD CUP 2023,2023-02-02,DEER VALLEY (USA),Men's Moguls,Results Qualification,BILLEISEN Peyton,2538057,USA,40,20.97,2.82,13.3,4.85,1,3o,0.68,0.9,1.5,2,bp,0.71,5.6,5.8
FIS FREESTYLE SKI WORLD CUP 2023,2022-12-15,ALPE D'HUEZ (FRA),Men's Moguls,Results Qualification,JEANNESSON Mateo,2535572,GBR,21,67.26,12.45,40.7,14.11,1,bF,0.88,7.7,8.2,2,7op,0.88,8.1,8.1
FIS FREESTYLE SKI WORLD CUP 2025,2025-01-24,WATERVILLE (USA),Men's Moguls,Results Qualification,GAY Paul Andrea,2538751,FRA,50,51.55,14.34,28.7,8.51,1,7op,0.88,6.4,6.3,2,7oG,1.01,3.8,2.0
FIS FREESTYLE SKI WORLD CUP 2025,2025-01-24,WATERVILLE (USA),Women's Moguls,Results Final 1,ITO Marin,2534824,JPN,12,65.29,14.54,40.6,10.15,1,bG,0.92,6.8,5.4,2,fG,0.92,5.7,4.2
FIS FREESTYLE SKI WORLD CUP 2025,2025-01-31,VAL ST. COME (CAN),Men's Moguls,Results Qualification,FU Junyi,2537258,CHN,40,62.97,14.95,37.5,10.52,1,bG,0.82,6.4,6.2,2,7op,0.88,5.8,6.4
"FIS SNOWBOARD, FREESTYLE AND FREESKI WORLD CHAMPIONSHIPS 2023",2023-02-25,BAKURIANI (GEO),Men's Moguls,Results Qualification 1,SUIRE Martin,2528624,FRA,7,80.8,17.13,49.6,14.07,1,7oG,1.01,7.6,7.3,2,7op,0.88,7.2,7.7
"FIS SNOWBOARD, FREESTYLE AND FREESKI WORLD CHAMPIONSHIPS 2023",2023-02-25,BAKURIANI (GEO),Men's Moguls,Results Qualification 1,FENELEY William,2531950,GBR,20,73.82,14.78,46.2,12.84,1,bF,0.88,7.8,7.9,2,7op,0.88,6.4,7.1
"FIS SNOWBOARD, FREESTYLE AND FREESKI WORLD CHAMPIONSHIPS 2023",2023-02-25,BAKURIANI (GEO),Men's Moguls,Results Qualification 1,VIEL Julien,2534074,CAN,29,64.78,16.86,35.7,12.22,1,bF,0.88,7.9,8.1,2,7op,0.88,6.0,5.8
"FIS SNOWBOARD, FREESTYLE AND FREESKI WORLD CHAMPIONSHIPS 2023",2023-02-25,BAKURIANI (GEO),Men's Moguls,Results Qualification 1,JEANNESSON Mateo,2535572,GBR,35,43.58,14.34,20.8,8.44,1,bF,0.88,3.6,3.5,2,7op,0.88,6.0,6.1
"FIS SNOWBOARD, FREESTYLE AND FREESKI WORLD CHAMPIONSHIPS 2023",2023-02-25,BAKURIANI (GEO),Men's Moguls,Results Qualification 2,BONDAREV Anton,2532859,KAZ,23,67.1,14.81,40.1,12.19,1,7op,0.88,6.8,6.2,2,bG,0.82,7.8,8.0
"FIS SNOWBOARD, FREESTYLE AND FREESKI WORLD CHAMPIONSHIPS 2023",2023-02-25,BAKURIANI (GEO),Women's Moguls,Results Qualification 1,GIACCIO Olivia,2532241,USA,3,78.7,17.19,47.7,13.81,1,bF,0.98,7.5,7.0,2,7op,0.98,6.9,6.8
"FIS SNOWBOARD, FREESTYLE AND FREESKI WORLD CHAMPIONSHIPS 2023",2023-02-25,BAKURIANI (GEO),Women's Moguls,Results Qualification 1,SOAR Hannah,2531373,USA,4,76.03,16.49,48.2,11.34,1,bp,0.81,6.1,5.8,2,bG,0.92,7.0,7.2
"FIS SNOWBOARD, FREESTYLE AND FREESKI WORLD CHAMPIONSHIPS 2023",2023-02-25,BAKURIANI (GEO),Women's Moguls,Results Qualification 1,CABROL Camille,2530274,FRA,13,63.09,13.97,38.6,10.52,1,bT,0.78,6.6,6.5,2,bG,0.92,5.9,5.9
"FIS SNOWBOARD, FREESTYLE AND FREESKI WORLD CHAMPIONSHIPS 2023",2023-02-25,BAKURIANI (GEO),Women's Moguls,Results Qualification 2,BERGHUIS Janneke,2532759,NED,13,50.48,10.52,31.0,8.96,1,bT,0.78,5.2,5.0,2,fT,0.78,6.4,6.4
FIS FREESTYLE SKI WORLD CUP 2023,2023-01-27,VAL ST. COME (CAN),Men's Moguls,Results Qualification,PENTTALA Olli,2528035,FIN,24,71.04,16.55,42.8,11.69,1,7op,0.88,6.3,6.7,2,10op,1.05,5.7,5.7
FIS FREESTYLE SKI WORLD CUP 2023,2023-01-27,VAL ST. COME (CAN),Men's Moguls,Results Qualification,BOURDETTE Marius,2532799,FRA,50,49.96,16.51,23.7,9.75,1,bF,0.88,6.3,6.2,2,bp,0.71,6.0,6.0
FIS FREESTYLE SKI WORLD CUP 2023,2022-12-03,RUKA (FIN),Men's Moguls,Results Final 1,MURATA Yutaro,2530684,JPN,15,70.06,14.27,42.2,13.59,1,bF,0.88,8.5,8.3,2,7o,0.85,7.4,7.2
FIS FREESTYLE SKI WORLD CUP 2023,2022-12-03,RUKA (FIN),Women's Moguls,Results Final 1,CARROLL Avital,2529074,AUT,6,74.14,15.51,42.8,15.83,1,7oG,1.11,7.9,7.3,2,bG,0.92,8.1,8.0
FIS FREESTYLE SKI WORLD CUP 2023,2022-12-03,RUKA (FIN),Women's Moguls,Results Qualification,IHARA Haruka,2531368,JPN,10,67.58,13.03,41.4,13.15,1,bG,0.92,7.9,7.6,2,bp,0.81,7.5,7.4
FIS FREESTYLE SKI WORLD CUP 2023,2022-12-03,RUKA (FIN),Women's Moguls,Results Qualification,SAMANKOVA Dorota,2534483,CZE,24,36.77,8.28,23.2,5.29,1,bT,0.78,4.0,3.8,2,bG,0.92,2.2,2.7
FIS FREESTYLE SKI WORLD CUP 2023,2023-03-17,ALMATY (KAZ),Women's Moguls,Results Qualification,GIACCIO Olivia,2532241,USA,1,75.99,14.17,46.2,15.62,1,bF,0.98,8.0,8.1,2,7op,0.98,7.8,8.0
FIS FREESTYLE SKI WORLD CUP 2023,2023-03-17,ALMATY (KAZ),Women's Moguls,Results Qualification,DEGROOTE Fantine,2533547,FRA,4,68.78,14.82,41.8,12.16,1,bG,0.92,7.5,7.6,2,bp,0.81,6.4,6.5
FIS FREESTYLE SKI WORLD CUP 2023,2023-03-17,ALMATY (KAZ),Women's Moguls,Results Qualification,RAMSAUER Katharina,2530097,AUT,13,54.33,13.55,30.4,10.38,1,bL,0.81,6.3,6.4,2,bG,0.92,5.6,5.8
FIS FREESTYLE SKI WORLD CUP 2023,2022-12-10,IDRE FJÄLL (SWE),Women's Moguls,Results Final 1,GIACCIO Olivia,2532241,USA,3,77.0,17.52,44.4,15.08,1,bF,0.98,7.8,8.0,2,7op,0.98,7.8,7.2
FIS FREESTYLE SKI WORLD CUP 2023,2022-12-10,IDRE FJÄLL (SWE),Women's Moguls,Results Final 1,KAUF Jaelin,2529064,USA,7,71.25,20.0,39.6,11.65,1,bG,0.92,5.7,5.3,2,bp,0.81,8.1,8.2
FIS FREESTYLE SKI WORLD CUP 2023,2022-12-10,IDRE FJÄLL (SWE),Women's Moguls,Results Final 1,DEGROOTE Fantine,2533547,FRA,11,69.59,16.71,40.1,12.78,1,bG,0.92,7.1,6.7,2,bp,0.81,8.2,7.7
FIS FREESTYLE SKI WORLD CUP 2023,2023-02-02,DEER VALLEY (USA),Men's Moguls,Results Qualification,MOUILLE Thibaud,2532044,FRA,45,6.54,0.0,0.3,6.24,1,10op,1.05,5.9,6.0,2,NJ,0.0,0.0,0.0
FIS FREESTYLE SKI WORLD CUP 2023,2022-12-15,ALPE D'HUEZ (FRA),Men's Moguls,Results Qualification,WOODS Cooper,2532161,AUS,9,72.96,11.37,46.6,14.99,1,bF,0.88,8.8,9.3,2,7op,0.88,7.2,8.8
FIS FREESTYLE SKI WORLD CUP 2023,2022-12-15,ALPE D'HUEZ (FRA),Men's Moguls,Results Qualification,MURATA Yutaro,2530684,JPN,20,67.88,11.73,44.5,11.65,1,bF,0.88,6.3,7.3,2,7op,0.88,6.5,6.4
FIS FREESTYLE SKI WORLD CUP 2025,2025-01-24,WATERVILLE (USA),Women's Moguls,Results Final 1,HOGG Kasey,2534251,USA,14,51.44,17.35,27.1,6.99,1,bp,0.81,6.1,5.5,2,bG,0.92,2.0,3.0
FIS FREESTYLE SKI WORLD CUP 2025,2025-01-24,WATERVILLE (USA),Women's Moguls,Results Final 2,WILSON Charlotte,2535796,AUS,5,73.88,17.59,43.3,12.99,1,bG,0.92,7.6,7.9,2,bp,0.81,7.0,7.5
FIS FREESTYLE SKI WORLD CUP 2025,2025-02-06,DEER VALLEY (USA),Women's Moguls,Results Final 1,GORODKO,2535385,KAZ,12,39.18,10.18,15.4,13.6,1,bG,0.92,8.1,8.1,2,bp,0.81,7.6,7.6
FIS FREESTYLE SKI WORLD CUP 2025,2025-02-06,DEER VALLEY (USA),Women's Moguls,Results Final 2,SCHWINGHAMMER,2533204,CAN,3,75.22,15.87,46.3,13.05,1,7op,0.98,7.5,7.4,2,bp,0.81,7.1,7.1
FIS FREESTYLE SKI WORLD CUP 2025,2025-02-06,DEER VALLEY (USA),Women's Moguls,Results Final 2,TOMITAKA Hinako,2532031,JPN,5,41.74,12.37,16.6,12.77,1,bG,0.92,6.7,6.6,2,7op,0.98,6.8,6.8
FIS FREESTYLE SKI WORLD CUP 2025,2025-01-31,VAL ST. COME (CAN),Men's Moguls,Results Qualification,PAGE Nick,2533462,USA,4,79.4,16.47,46.2,16.73,1,10op,1.05,8.0,8.1,2,7oG,1.01,8.0,8.4
FIS FREESTYLE SKI WORLD CUP 2025,2025-01-31,VAL ST. COME (CAN),Men's Moguls,Results Qualification,CONEDERA Martino,2532502,SUI,46,60.79,13.46,35.2,12.13,1,bF,0.88,6.0,5.5,2,7oG,1.01,7.0,7.0
FIS FREESTYLE SKI WORLD CUP 2025,2025-01-31,VAL ST. COME (CAN),Men's Moguls,Results Qualification,JUNG Daeyoon,2534856,KOR,51,57.11,17.41,23.6,16.1,1,10op,1.05,8.3,8.3,2,7op,0.88,8.5,8.3
"FIS SNOWBOARD, FREESTYLE AND FREESKI WORLD CHAMPIONSHIPS 2023",2023-02-25,BAKURIANI (GEO),Men's Moguls,Results Qualification 1,HOLMGREN Albin,2532811,SWE,15,76.52,16.68,43.7,16.14,1,10op,1.05,8.0,8.1,2,7op,0.88,8.8,8.7
"FIS SNOWBOARD, FREESTYLE AND FREESKI WORLD CHAMPIONSHIPS 2023",2023-02-25,BAKURIANI (GEO),Men's Moguls,Results Qualification 1,DUFRESNE Gabriel,2530240,CAN,18,74.92,17.35,44.2,13.37,1,bF,0.88,8.4,8.4,2,7op,0.88,6.9,6.7
"FIS SNOWBOARD, FREESTYLE AND FREESKI WORLD CHAMPIONSHIPS 2023",2023-02-25,BAKURIANI (GEO),Men's Moguls,Results Qualification 1,KOLMAKOV Pavel,2528846,KAZ,24,70.73,16.78,41.6,12.35,1,10op,1.05,5.8,6.0,2,7oG,1.01,6.0,6.2
"FIS SNOWBOARD, FREESTYLE AND FREESKI WORLD CHAMPIONSHIPS 2023",2023-02-25,BAKURIANI (GEO),Men's Moguls,Results Qualification 1,WEESE Nicolas,2535693,GER,32,49.83,16.46,23.0,10.37,1,7op,0.88,6.8,7.0,2,lG,0.82,5.0,5.5
"FIS SNOWBOARD, FREESTYLE AND FREESKI WORLD CHAMPIONSHIPS 2023",2023-02-25,BAKURIANI (GEO),Men's Moguls,Results Qualification 1,FU Junyi,2537258,CHN,36,40.46,13.75,19.3,7.41,1,bL,0.71,7.0,6.9,2,bp,0.71,3.8,3.2
"FIS SNOWBOARD, FREESTYLE AND FREESKI WORLD CHAMPIONSHIPS 2023",2023-02-25,BAKURIANI (GEO),Men's Moguls,Results Qualification 2,JEANNESSON Mateo,2535572,GBR,12,76.94,15.26,47.3,14.38,1,bF,0.88,8.1,8.4,2,7op,0.88,8.0,8.2
"FIS SNOWBOARD, FREESTYLE AND FREESKI WORLD CHAMPIONSHIPS 2023",2023-02-25,BAKURIANI (GEO),Men's Moguls,Results Qualification 2,BOURDETTE Marius,2532799,FRA,22,67.36,15.63,41.9,9.83,1,7op,0.88,4.9,5.3,2,7oG,1.01,5.0,5.6
"FIS SNOWBOARD, FREESTYLE AND FREESKI WORLD CHAMPIONSHIPS 2023",2023-02-25,BAKURIANI (GEO),Women's Moguls,Results Qualification 1,WEESE Hanna,2532819,GER,15,58.53,14.77,32.1,11.66,1,bG,0.92,6.8,6.7,2,bp,0.81,6.6,6.9
"FIS SNOWBOARD, FREESTYLE AND FREESKI WORLD CHAMPIONSHIPS 2023",2023-02-25,BAKURIANI (GEO),Women's Moguls,Results Qualification 1,DESMARAIS-GILBERT,2531811,CAN,16,57.15,14.61,34.3,8.24,1,bG,0.92,4.0,3.8,2,bp,0.81,6.0,5.5
"FIS SNOWBOARD, FREESTYLE AND FREESKI WORLD CHAMPIONSHIPS 2023",2023-02-25,BAKURIANI (GEO),Women's Moguls,Results Qualification 2,DEGROOTE Fantine,2533547,FRA,3,67.31,15.61,38.8,12.9,1,bG,0.92,7.0,6.9,2,bp,0.81,7.8,8.3
"FIS SNOWBOARD, FREESTYLE AND FREESKI WORLD CHAMPIONSHIPS 2023",2023-02-25,BAKURIANI (GEO),Women's Moguls,Results Qualification 2,MERZ Annika,2535327,GER,10,54.93,11.58,33.1,10.25,1,bG,0.92,5.8,5.5,2,bp,0.81,6.4,6.1
FIS FREESTYLE SKI WORLD CUP 2023,2023-01-27,VAL ST. COME (CAN),Men's Moguls,Results Qualification,KOLMAKOV Pavel,2528846,KAZ,8,77.58,15.2,47.5,14.88,1,bF,0.88,7.5,8.2,2,10op,1.05,7.5,7.7
FIS FREESTYLE SKI WORLD CUP 2023,2023-01-27,VAL ST. COME (CAN),Men's Moguls,Results Qualification,WOODS Cooper,2532161,AUS,11,75.42,15.91,44.3,15.21,1,bF,0.88,8.7,8.8,2,7op,0.88,8.6,8.5
FIS FREESTYLE SKI WORLD CUP 2023,2023-01-27,VAL ST. COME (CAN),Men's Moguls,Results Qualification,CHALIFOUX Louis-,2534234,CAN,13,74.52,16.08,43.4,15.04,1,bF,0.88,8.4,8.5,2,7op,0.88,8.6,8.7
FIS FREESTYLE SKI WORLD CUP 2023,2023-01-27,VAL ST. COME (CAN),Men's Moguls,Results Qualification,PASCARELLA Paolo,2534403,SUI,48,55.76,10.59,35.5,9.67,1,bF,0.88,4.2,4.2,2,10op,1.05,5.5,5.9
FIS FREESTYLE SKI WORLD CUP 2023,2022-12-03,RUKA (FIN),Men's Moguls,Results Final 1,KINGSBURY Mikael,2484937,CAN,1,83.36,15.34,51.4,16.62,1,bF,0.88,8.5,8.4,2,10op,1.05,8.8,8.7
FIS FREESTYLE SKI WORLD CUP 2023,2022-12-03,RUKA (FIN),Men's Moguls,Results Final 1,GRAHAM Matt,2441426,AUS,4,80.73,15.38,48.4,16.95,1,bdF,1.05,8.3,8.3,2,10op,1.05,7.9,7.8
FIS FREESTYLE SKI WORLD CUP 2023,2022-12-03,RUKA (FIN),Women's Moguls,Results Final 1,KAWAMURA Anri,2534852,JPN,5,74.85,16.8,43.5,14.55,1,bp,0.81,7.8,8.2,2,7op,0.98,8.2,8.3
FIS FREESTYLE SKI WORLD CUP 2023,2022-12-03,RUKA (FIN),Women's Moguls,Results Final 1,LEMLEY Elizabeth,2537762,USA,7,73.91,17.27,42.8,13.84,1,7op,0.98,7.4,7.8,2,bp,0.81,8.2,7.6
FIS FREESTYLE SKI WORLD CUP 2023,2022-12-03,RUKA (FIN),Women's Moguls,Results Final 1,TOMITAKA Hinako,2532031,JPN,11,70.1,15.24,41.4,13.46,1,7op,0.98,7.1,7.0,2,bp,0.81,8.2,8.0
FIS FREESTYLE SKI WORLD CUP 2023,2022-12-03,RUKA (FIN),Women's Moguls,Results Final 1,DEGROOTE Fantine,2533547,FRA,13,45.86,11.35,20.7,13.81,1,bG,0.92,8.0,8.4,2,bp,0.81,7.6,7.9
FIS FREESTYLE SKI WORLD CUP 2023,2022-12-03,RUKA (FIN),Women's Moguls,Results Qualification,TOMITAKA Hinako,2532031,JPN,13,64.65,13.73,37.8,13.12,1,7op,0.98,6.9,7.0,2,bp,0.81,7.9,7.7
FIS FREESTYLE SKI WORLD CUP 2023,2022-12-10,IDRE FJÄLL (SWE),Men's Moguls,Results Final 1,WALLBERG Walter,2532001,SWE,5,78.45,18.7,45.0,14.75,1,bF,0.88,8.1,7.8,2,10op,1.05,7.3,7.5
FIS FREESTYLE SKI WORLD CUP 2023,2023-02-02,DEER VALLEY (USA),Men's Moguls,Results Qualification,MICKEL Charlie,2537180,USA,15,69.85,12.91,41.9,15.04,1,7op,0.88,7.8,7.7,2,7oG,1.01,8.1,8.2
FIS FREESTYLE SKI WORLD CUP 2023,2023-02-02,DEER VALLEY (USA),Men's Moguls,Results Qualification,PAGE Nick,2533462,USA,29,54.2,16.9,22.9,14.4,1,7oG,1.01,7.2,7.4,2,10op,1.05,6.6,6.8
FIS FREESTYLE SKI WORLD CUP 2023,2022-12-09,IDRE FJÄLL (SWE),Women's Moguls,Results Qualification,LAFFONT Perrine,2531156,FRA,6,71.72,18.03,43.2,10.49,1,bp,0.81,6.9,7.0,2,bG,0.92,5.4,5.2
FIS FREESTYLE SKI WORLD CUP 2023,2022-12-09,IDRE FJÄLL (SWE),Women's Moguls,Results Qualification,HOGG Kasey,2534251,USA,21,58.69,13.86,36.2,8.63,1,7o,0.95,6.1,5.7,2,bG,0.92,3.6,3.0
FIS FREESTYLE SKI WORLD CUP 2023,2022-12-15,ALPE D'HUEZ (FRA),Men's Moguls,Results Qualification,McDONALD Cole,2534511,USA,6,75.86,13.09,46.2,16.57,1,bF,0.88,8.5,8.3,2,10op,1.05,8.8,8.7
FIS FREESTYLE SKI WORLD CUP 2025,2025-01-24,WATERVILLE (USA),Men's Moguls,Results Qualification,WEESE Nicolas,2535693,GER,58,17.22,6.36,0.3,10.56,1,7op,0.88,6.0,5.9,2,lG,0.82,6.3,6.7
FIS FREESTYLE SKI WORLD CUP 2025,2025-02-06,DEER VALLEY (USA),Men's Moguls,Results Final 1,MICKEL Charlie,2537180,USA,3,82.0,14.25,50.3,17.45,1,7oG,1.01,8.5,8.5,2,10op,1.05,8.5,8.4
FIS FREESTYLE SKI WORLD CUP 2025,2025-02-06,DEER VALLEY (USA),Men's Moguls,Results Final 1,LEE Yoonseung,2537625,KOR,11,76.87,16.27,48.2,12.4,1,bF,0.88,7.8,7.9,2,bp,0.71,7.8,7.7
FIS FREESTYLE SKI WORLD CUP 2025,2025-01-31,VAL ST. COME (CAN),Men's Moguls,Results Final 2,KINGSBURY Mikael,2484937,CAN,1,87.42,16.33,53.8,17.29,1,bF,0.88,9.5,9.4,2,10op,1.05,8.7,8.4
FIS FREESTYLE SKI WORLD CUP 2025,2025-01-31,VAL ST. COME (CAN),Men's Moguls,Results Qualification,GRAHAM Matt,2441426,AUS,5,77.3,16.47,47.2,13.63,1,bF,0.88,7.8,7.5,2,7op,0.88,7.7,8.0
FIS FREESTYLE SKI WORLD CUP 2025,2025-01-31,VAL ST. COME (CAN),Men's Moguls,Results Qualification,MURPHY George,2534254,AUS,47,59.39,16.23,32.0,11.16,1,7oG,1.01,8.0,8.0,2,bp,0.71,4.0,4.7
FIS FREESTYLE SKI WORLD CUP 2025,2025-01-31,VAL ST. COME (CAN),Women's Moguls,Results Final 2,SCHWINGHAMMER,2533204,CAN,1,80.07,16.61,48.1,15.36,1,7op,0.98,7.8,7.7,2,bG,0.92,8.5,8.4
"FIS SNOWBOARD, FREESTYLE AND FREESKI WORLD CHAMPIONSHIPS 2023",2023-02-25,BAKURIANI (GEO),Men's Moguls,Results Qualification 1,WALLBERG Walter,2532001,SWE,4,82.42,17.03,51.8,13.59,1,bF,0.88,7.4,7.7,2,7op,0.88,7.9,7.9
"FIS SNOWBOARD, FREESTYLE AND FREESKI WORLD CHAMPIONSHIPS 2023",2023-02-25,BAKURIANI (GEO),Men's Moguls,Results Qualification 1,SALONEN Jimi,2528237,FIN,6,81.22,16.82,50.6,13.8,1,10op,1.05,8.1,7.8,2,7op,0.88,6.4,6.0
"FIS SNOWBOARD, FREESTYLE AND FREESKI WORLD CHAMPIONSHIPS 2023",2023-02-25,BAKURIANI (GEO),Men's Moguls,Results Qualification 2,MARCELLINI Dylan,2534089,USA,11,76.65,15.66,47.6,13.39,1,7op,0.88,7.0,6.8,2,7oG,1.01,7.2,7.3
"FIS SNOWBOARD, FREESTYLE AND FREESKI WORLD CHAMPIONSHIPS 2023",2023-02-25,BAKURIANI (GEO),Women's Moguls,Results Qualification 1,DEGROOTE Fantine,2533547,FRA,10,67.26,16.26,36.7,14.3,1,bG,0.92,8.2,8.2,2,bp,0.81,8.1,8.6
FIS FREESTYLE SKI WORLD CUP 2023,2023-01-27,VAL ST. COME (CAN),Men's Moguls,Results Qualification,SHIMAKAWA Takuya,2530672,JPN,16,74.25,16.92,42.5,14.83,1,7oG,1.01,7.9,7.9,2,7op,0.88,7.7,7.9
FIS FREESTYLE SKI WORLD CUP 2023,2023-01-27,VAL ST. COME (CAN),Men's Moguls,Results Qualification,CORDELL Sam,2532530,CAN,41,65.02,14.65,41.5,8.87,1,7op,0.88,4.6,4.6,2,bG,0.82,5.8,6.0
FIS FREESTYLE SKI WORLD CUP 2023,2022-12-03,RUKA (FIN),Men's Moguls,Results Final 1,PAGE Nick,2533462,USA,3,81.0,14.35,49.4,17.25,1,7oG,1.01,7.9,8.4,2,10op,1.05,8.5,8.7
FIS FREESTYLE SKI WORLD CUP 2023,2022-12-03,RUKA (FIN),Men's Moguls,Results Final 1,DUFRESNE Gabriel,2530240,CAN,11,75.24,14.03,46.7,14.51,1,bF,0.88,8.4,8.5,2,7op,0.88,7.9,8.2
FIS FREESTYLE SKI WORLD CUP 2023,2022-12-03,RUKA (FIN),Women's Moguls,Results Qualification,GIACCIO Olivia,2532241,USA,3,75.1,13.73,46.2,15.17,1,bF,0.98,8.1,7.7,2,7op,0.98,7.6,7.6
FIS FREESTYLE SKI WORLD CUP 2023,2022-12-03,RUKA (FIN),Women's Moguls,Results Qualification,RAMSAUER Katharina,2530097,AUT,27,8.17,0.0,0.3,7.87,1,bG,0.92,3.0,3.2,2,bL,0.81,6.3,6.1
FIS FREESTYLE SKI WORLD CUP 2023,2022-12-10,IDRE FJÄLL (SWE),Men's Moguls,Results Final 1,GRAHAM Matt,2441426,AUS,2,79.32,16.92,46.5,15.9,1,bdF,1.05,8.2,7.7,2,10op,1.05,7.3,7.1
FIS FREESTYLE SKI WORLD CUP 2023,2023-02-02,DEER VALLEY (USA),Men's Moguls,Results Qualification,WALLBERG Walter,2532001,SWE,4,76.39,17.43,44.8,14.16,1,bF,0.88,7.3,7.8,2,7op,0.88,8.5,8.6
FIS FREESTYLE SKI WORLD CUP 2023,2023-02-02,DEER VALLEY (USA),Men's Moguls,Results Qualification,SUGIMOTO Kosuke,2528069,JPN,7,73.83,15.18,44.5,14.15,1,7oG,1.01,6.7,6.9,2,bG,0.82,9.0,8.8
FIS FREESTYLE SKI WORLD CUP 2023,2023-02-02,DEER VALLEY (USA),Men's Moguls,Results Qualification,MURATA Yutaro,2530684,JPN,12,70.38,16.56,40.5,13.32,1,bF,0.88,6.9,7.0,2,7op,0.88,8.3,8.1
FIS FREESTYLE SKI WORLD CUP 2023,2023-02-02,DEER VALLEY (USA),Men's Moguls,Results Qualification,VAILLANCOURT Elliot,2532513,CAN,16,68.51,14.29,40.7,13.52,1,7oG,1.01,6.1,6.5,2,7op,0.88,8.1,8.2
FIS FREESTYLE SKI WORLD CUP 2023,2023-02-02,DEER VALLEY (USA),Men's Moguls,Results Qualification,ROMANOV Sergey,2532862,KAZ,43,13.38,0.0,0.3,13.08,1,bG,0.82,8.5,8.3,2,7op,0.88,7.1,7.0
FIS FREESTYLE SKI WORLD CUP 2023,2022-12-09,IDRE FJÄLL (SWE),Women's Moguls,Results Qualification,SOAR Hannah,2531373,USA,13,67.45,15.54,41.2,10.71,1,7op,0.98,5.9,6.6,2,bG,0.92,5.4,4.6
FIS FREESTYLE SKI WORLD CUP 2023,2022-12-09,IDRE FJÄLL (SWE),Women's Moguls,Results Qualification,GUSTAFSON Moa,2535767,SWE,27,46.52,13.94,28.3,4.28,1,bT,0.78,4.1,4.3,2,bG,0.92,1.2,1.0
FIS FREESTYLE SKI WORLD CUP 2023,2022-12-15,ALPE D'HUEZ (FRA),Men's Moguls,Results Qualification,CONEDERA Martino,2532502,SUI,37,54.15,9.6,32.0,12.55,1,10op,1.05,6.0,6.1,2,7oG,1.01,5.8,6.5
FIS FREESTYLE SKI WORLD CUP 2023,2022-12-15,ALPE D'HUEZ (FRA),Men's Moguls,Results Qualification,BUZZI Enea,2533002,SUI,40,50.13,13.43,28.4,8.3,1,bF,0.88,4.7,5.6,2,7op,0.88,3.7,4.9
FIS FREESTYLE SKI WORLD CUP 2023,2022-12-15,ALPE D'HUEZ (FRA),Men's Moguls,Results Qualification,MICKEL Charlie,2537180,USA,49,17.47,2.5,0.3,14.67,1,7oG,1.01,7.1,7.3,2,10op,1.05,7.0,7.1
FIS FREESTYLE SKI WORLD CUP 2023,2022-12-15,ALPE D'HUEZ (FRA),Men's Moguls,Results Qualification,VERDAGUER FORN,2537082,ESP,50,15.08,3.48,1.7,9.9,1,bp,0.71,6.4,7.4,2,7op,0.88,5.3,6.1
FIS FREESTYLE SKI WORLD CUP 2023,2022-12-15,ALPE D'HUEZ (FRA),Women's Moguls,Results Qualification,LEMLEY Elizabeth,2537762,USA,2,75.31,15.17,43.9,16.24,1,7oG,1.11,8.4,8.1,2,bp,0.81,9.1,8.4
FIS FREESTYLE SKI WORLD CUP 2023,2022-12-15,ALPE D'HUEZ (FRA),Women's Moguls,Results Qualification,LAFFONT Perrine,2531156,FRA,3,75.06,15.61,45.5,13.95,1,bp,0.81,8.2,7.3,2,bG,0.92,8.3,8.4
FIS FREESTYLE SKI WORLD CUP 2023,2022-12-15,ALPE D'HUEZ (FRA),Women's Moguls,Results Qualification,TOMITAKA Hinako,2532031,JPN,9,68.66,13.27,43.2,12.19,1,7op,0.98,5.1,6.4,2,bp,0.81,8.2,8.0
FIS FREESTYLE SKI WORLD CUP 2023,2022-12-15,ALPE D'HUEZ (FRA),Women's Moguls,Results Qualification,CARROLL Avital,2529074,AUT,10,68.64,13.81,42.8,12.03,1,bT,0.78,6.2,5.7,2,bG,0.92,8.2,7.9
FIS FREESTYLE SKI WORLD CUP 2023,2022-12-15,ALPE D'HUEZ (FRA),Women's Moguls,Results Qualification,CABROL Camille,2530274,FRA,15,64.05,13.04,39.0,12.01,1,bL,0.81,6.8,7.1,2,bG,0.92,7.2,6.7
FIS FREESTYLE SKI WORLD CUP 2023,2022-12-15,ALPE D'HUEZ (FRA),Women's Moguls,Results Qualification,KAWAMURA Anri,2534852,JPN,23,29.63,9.67,8.6,11.36,1,bp,0.81,8.4,8.3,2,7o,0.95,4.4,5.3
FIS FREESTYLE SKI WORLD CUP 2024,2024-01-19,VAL ST. COME (CAN),Women's Moguls,Results Final 1,SOAR Hannah,2531373,USA,4,72.23,16.19,46.4,9.64,1,bp,0.81,5.4,5.6,2,bG,0.92,5.5,5.8
FIS FREESTYLE SKI WORLD CUP 2024,2024-01-19,VAL ST. COME (CAN),Women's Moguls,Results Qualification,MACUGA Alli,2534186,USA,6,71.11,17.8,42.3,11.01,1,bp,0.81,5.8,5.7,2,7op,0.98,6.4,6.6
FIS FREESTYLE SKI WORLD CUP 2024,2024-01-19,VAL ST. COME (CAN),Women's Moguls,Results Qualification,YANAGIMOTO Rino,2532040,JPN,9,67.85,16.98,39.8,11.07,1,bp,0.81,5.8,5.6,2,7op,0.98,6.5,6.7
FIS FREESTYLE SKI WORLD CUP 2024,2024-01-19,VAL ST. COME (CAN),Women's Moguls,Results Qualification,NAKAO Haruka,2533488,JPN,28,18.62,6.52,2.4,9.7,1,bG,0.92,4.6,4.5,2,lG,0.92,6.0,6.0
FIS FREESTYLE SKI WORLD CUP 2024,2023-12-02,RUKA (FIN),Men's Moguls,Results Final 1,HOLMGREN Albin,2532811,SWE,10,73.73,17.08,41.5,15.15,1,bF,0.88,7.3,7.3,2,7oG,1.01,8.6,8.7
FIS FREESTYLE SKI WORLD CUP 2024,2023-12-15,ALPE D'HUEZ (FRA),Women's Moguls,Results Qualification,ANTHONY Jakara,2530720,AUS,1,80.84,17.8,47.2,15.84,1,7oG,1.11,8.0,7.8,2,bG,0.92,7.8,7.6
FIS FREESTYLE SKI WORLD CUP 2024,2023-12-15,ALPE D'HUEZ (FRA),Women's Moguls,Results Qualification,LEMLEY Elizabeth,2537762,USA,7,69.07,16.69,37.7,14.68,1,7op,0.98,8.2,8.3,2,bp,0.81,8.2,8.1
FIS FREESTYLE SKI WORLD CUP 2024,2023-12-15,ALPE D'HUEZ (FRA),Women's Moguls,Results Qualification,BROWN Berkley,2531523,CAN,8,68.73,14.83,40.9,13.0,1,bT,0.78,8.2,8.3,2,bG,0.92,7.2,7.1
FIS FREESTYLE SKI WORLD CUP 2024,2023-12-22,BAKURIANI (GEO),Men's Moguls,Results Final 1,HORISHIMA Ikuma,2529645,JPN,2,76.98,14.44,46.6,15.94,1,bF,0.88,8.4,8.4,2,10op,1.05,8.2,8.1
FIS FREESTYLE SKI WORLD CUP 2024,2023-12-22,BAKURIANI (GEO),Women's Moguls,Results Final 1,JOHNSON Tess,2532270,USA,10,68.21,14.79,39.8,13.62,1,bp,0.81,7.0,7.1,2,bG,0.92,8.6,8.6
FIS FREESTYLE SKI WORLD CUP 2024,2023-12-22,BAKURIANI (GEO),Women's Moguls,Results Final 1,WEESE Hanna,2532819,GER,16,62.97,14.27,38.8,9.9,1,bp,0.81,6.0,5.9,2,7op,0.98,5.1,5.3
FIS FREESTYLE SKI WORLD CUP 2024,2024-03-08,ALMATY (KAZ),Men's Moguls,Results Overall,WENDLER Landon,2534140,USA,7,72.28,16.16,43.6,12.52,1,7op,0.88,7.6,7.0,2,7oG,1.01,6.3,5.8
FIS FREESTYLE SKI WORLD CUP 2024,2024-03-08,ALMATY (KAZ),Men's Moguls,Results Overall,WANG Renda,2537252,CHN,33,55.2,12.78,33.1,9.32,1,bF,0.88,5.5,6.3,2,7op,0.88,4.3,5.1
FIS FREESTYLE SKI WORLD CUP 2024,2024-03-08,ALMATY (KAZ),Men's Moguls,Results Final 1,McDONALD Cole,2534511,USA,9,71.01,17.22,41.7,12.09,1,10op,1.05,6.0,5.8,2,7op,0.88,6.9,6.5
FIS FREESTYLE SKI WORLD CUP 2024,2024-03-08,ALMATY (KAZ),Men's Moguls,Results Final 1,VIERELA Severi,2533386,FIN,10,70.22,15.69,40.5,14.03,1,7oG,1.01,7.7,7.1,2,10op,1.05,5.8,6.7
FIS FREESTYLE SKI WORLD CUP 2024,2024-03-08,ALMATY (KAZ),Men's Moguls,Results Qualification,WENDLER Landon,2534140,USA,13,71.39,15.4,43.3,12.69,1,7op,0.88,7.3,7.1,2,7oG,1.01,6.1,6.5
FIS FREESTYLE SKI WORLD CUP 2024,2024-03-08,ALMATY (KAZ),Men's Moguls,Results Qualification,SUIRE Martin,2528624,FRA,19,69.13,15.14,42.5,11.49,1,7oG,1.01,6.7,7.1,2,7op,0.88,5.0,5.3
FIS FREESTYLE SKI WORLD CUP 2024,2024-03-08,ALMATY (KAZ),Women's Moguls,Results Final 1,TOMITAKA Hinako,2532031,JPN,7,71.02,15.14,44.2,11.68,1,bG,0.92,5.7,6.5,2,7op,0.98,5.5,6.9
FIS FREESTYLE SKI WORLD CUP 2024,2023-12-08,IDRE FJÄLL (SWE),Men's Moguls,Results Qualification,BONDAREV Anton,2532859,KAZ,41,50.48,12.05,31.0,7.43,1,bF,0.88,4.2,5.0,2,7op,0.88,3.9,3.8
FIS FREESTYLE SKI WORLD CUP 2024,2023-12-08,IDRE FJÄLL (SWE),Men's Moguls,Results Qualification,WANG Renda,2537252,CHN,42,45.39,11.56,26.3,7.53,1,bG,0.82,6.8,6.4,2,bL,0.71,2.7,3.3
FIS FREESTYLE SKI WORLD CUP 2024,2023-12-08,IDRE FJÄLL (SWE),Men's Moguls,Results Qualification,VERDAGUER Lucas,2535379,ESP,44,35.97,12.75,13.2,10.02,1,7op,0.88,4.7,4.4,2,bG,0.82,7.5,7.2
FIS FREESTYLE SKI WORLD CUP 2024,2024-01-26,WATERVILLE (USA),Men's Moguls,Results Qualification,VERDAGUER FORN,2537082,ESP,47,19.08,5.51,4.4,9.17,1,7op,0.88,5.9,6.9,2,bp,0.71,5.2,4.8
FIS FREESTYLE SKI WORLD CUP 2024,2024-02-01,DEER VALLEY (USA),Women's Moguls,Results Final 1,MACUGA Alli,2534186,USA,3,68.8,16.87,40.8,11.13,1,bp,0.81,6.1,6.4,2,7op,0.98,6.3,6.1
FIS FREESTYLE SKI WORLD CUP 2024,2024-02-01,DEER VALLEY (USA),Women's Moguls,Results Final 1,DESMARAIS-GILBERT,2531811,CAN,8,65.15,14.55,39.7,10.9,1,bG,0.92,6.3,5.7,2,bp,0.81,7.2,6.1
FIS FREESTYLE SKI WORLD CUP 2024,2024-02-01,DEER VALLEY (USA),Women's Moguls,Results Final 1,SCHWINGHAMMER,2533204,CAN,9,65.12,16.4,36.4,12.32,1,bT,0.78,7.4,7.0,2,bG,0.92,7.7,6.9
FIS FREESTYLE SKI WORLD CUP 2024,2024-02-01,DEER VALLEY (USA),Women's Moguls,Results Final 1,JOHNSON Tess,2532270,USA,10,64.95,15.78,37.4,11.77,1,7op,0.98,5.1,5.9,2,bG,0.92,7.0,6.9
FIS FREESTYLE SKI WORLD CUP 2024,2023-12-14,ALPE D'HUEZ (FRA),Men's Moguls,Results Qualification,JUNG Daeyoon,2534856,KOR,17,69.68,17.31,41.1,11.27,1,7oG,1.01,6.2,6.2,2,7op,0.88,5.6,5.8
FIS FREESTYLE SKI WORLD CUP 2023,2022-12-15,ALPE D'HUEZ (FRA),Men's Moguls,Results Qualification,HOLMGREN Albin,2532811,SWE,26,66.26,11.81,42.8,11.65,1,bp,0.71,8.1,7.0,2,7op,0.88,6.9,7.4
FIS FREESTYLE SKI WORLD CUP 2023,2022-12-15,ALPE D'HUEZ (FRA),Men's Moguls,Results Qualification,FUJIKI Goshin,2529670,JPN,41,49.27,15.26,25.8,8.21,1,bF,0.88,8.4,7.6,2,S,0.38,3.2,3.0
FIS FREESTYLE SKI WORLD CUP 2023,2022-12-15,ALPE D'HUEZ (FRA),Women's Moguls,Results Qualification,MICHL Katharina,2537759,GER,20,38.64,6.4,25.9,6.34,1,bT,0.78,4.1,4.5,2,bG,0.92,3.5,3.0
FIS FREESTYLE SKI WORLD CUP 2024,2024-01-19,VAL ST. COME (CAN),Women's Moguls,Results Final 1,KAUF Jaelin,2529064,USA,5,71.78,18.82,41.1,11.86,1,bG,0.92,8.0,8.1,2,7op,0.98,4.4,4.7
FIS FREESTYLE SKI WORLD CUP 2024,2024-01-19,VAL ST. COME (CAN),Women's Moguls,Results Final 1,GORODKO,2535385,KAZ,14,61.77,14.71,38.1,8.96,1,bG,0.92,5.0,4.8,2,7op,0.98,4.5,4.6
FIS FREESTYLE SKI WORLD CUP 2024,2024-01-19,VAL ST. COME (CAN),Women's Moguls,Results Qualification,SOAR Hannah,2531373,USA,8,67.94,15.16,43.2,9.58,1,bp,0.81,5.0,4.6,2,bG,0.92,6.1,6.3
FIS FREESTYLE SKI WORLD CUP 2024,2024-01-19,VAL ST. COME (CAN),Women's Moguls,Results Qualification,DEGROOTE Fantine,2533547,FRA,13,64.08,14.13,38.2,11.75,1,bG,0.92,7.0,7.3,2,bp,0.81,6.3,6.5
FIS FREESTYLE SKI WORLD CUP 2024,2024-01-19,VAL ST. COME (CAN),Women's Moguls,Results Qualification,TAGUCHI Yuma,2537043,JPN,22,58.89,14.41,36.7,7.78,1,bp,0.81,4.0,4.1,2,bG,0.92,4.8,5.0
FIS FREESTYLE SKI WORLD CUP 2024,2024-01-19,VAL ST. COME (CAN),Women's Moguls,Results Qualification,MALHERBE Malica,2535457,RSA,29,11.09,8.22,0.3,2.57,1,bG,0.92,3.0,2.6,2,NJ,0.0,0.0,0.0
FIS FREESTYLE SKI WORLD CUP 2024,2023-12-02,RUKA (FIN),Men's Moguls,Results Final 1,JUNG Daeyoon,2534856,KOR,12,72.81,17.84,37.5,17.47,1,10oG,1.2,7.2,7.7,2,7oG,1.01,8.2,8.7
FIS FREESTYLE SKI WORLD CUP 2024,2023-12-02,RUKA (FIN),Men's Moguls,Results Final 1,WALCZYK Dylan,2527085,USA,13,72.7,16.3,44.8,11.6,1,bG,0.82,7.6,7.2,2,7op,0.88,6.4,6.2
FIS FREESTYLE SKI WORLD CUP 2024,2023-12-02,RUKA (FIN),Women's Moguls,Results Final 1,GIACCIO Olivia,2532241,USA,4,73.43,17.72,41.7,14.01,1,bF,0.98,7.0,6.5,2,7op,0.98,7.6,7.5
FIS FREESTYLE SKI WORLD CUP 2024,2023-12-02,RUKA (FIN),Women's Moguls,Results Qualification,CARROLL Avital,2529074,AUT,4,73.03,17.52,42.1,13.41,1,bp,0.81,7.1,7.4,2,bG,0.92,8.4,8.0
FIS FREESTYLE SKI WORLD CUP 2024,2023-12-02,RUKA (FIN),Women's Moguls,Results Qualification,GIACCIO Olivia,2532241,USA,9,68.67,16.28,37.9,14.49,1,bF,0.98,6.7,6.3,2,7op,0.98,8.2,8.4
FIS FREESTYLE SKI WORLD CUP 2024,2023-12-02,RUKA (FIN),Women's Moguls,Results Qualification,SOAR Hannah,2531373,USA,11,66.14,15.84,39.5,10.8,1,bp,0.81,5.7,6.0,2,bG,0.92,6.4,6.8
FIS FREESTYLE SKI WORLD CUP 2024,2023-12-02,RUKA (FIN),Women's Moguls,Results Qualification,TOMITAKA Hinako,2532031,JPN,12,66.04,15.72,38.5,11.82,1,bp,0.81,7.2,6.9,2,7op,0.98,6.4,6.1
FIS FREESTYLE SKI WORLD CUP 2024,2023-12-15,ALPE D'HUEZ (FRA),Women's Moguls,Results Qualification,GORODKO,2535385,KAZ,14,61.47,14.9,38.4,8.17,1,bG,0.92,3.7,3.6,2,bp,0.81,5.8,6.1
FIS FREESTYLE SKI WORLD CUP 2024,2023-12-15,ALPE D'HUEZ (FRA),Women's Moguls,Results Qualification,YANG Ya,2537259,CHN,32,7.17,0.24,0.3,6.63,1,S,0.48,5.3,5.5,2,bG,0.92,4.6,4.2
FIS FREESTYLE SKI WORLD CUP 2024,2024-03-08,ALMATY (KAZ),Men's Moguls,Results Overall,VIERELA Severi,2533386,FIN,10,70.22,15.69,40.5,14.03,1,7oG,1.01,7.7,7.1,2,10op,1.05,5.8,6.7
FIS FREESTYLE SKI WORLD CUP 2024,2024-03-08,ALMATY (KAZ),Men's Moguls,Results Overall,PAGE Nick,2533462,USA,15,30.72,11.44,12.3,6.98,1,10op,1.05,6.6,6.7,2,NJ,0.0,0.0,0.0
FIS FREESTYLE SKI WORLD CUP 2024,2024-03-08,ALMATY (KAZ),Men's Moguls,Results Final 1,KINGSBURY Mikael,2484937,CAN,2,80.49,15.44,49.7,15.35,1,bF,0.88,8.2,8.1,2,10op,1.05,7.7,7.9
FIS FREESTYLE SKI WORLD CUP 2024,2024-03-08,ALMATY (KAZ),Men's Moguls,Results Qualification,FU Junyi,2537258,CHN,31,56.24,14.8,35.5,5.94,1,bG,0.82,3.0,3.2,2,bp,0.71,4.5,5.1
FIS FREESTYLE SKI WORLD CUP 2024,2024-03-08,ALMATY (KAZ),Men's Moguls,Results Qualification,RASTRUBA Denis,2537488,KAZ,35,46.69,10.32,28.7,7.67,1,bF,0.88,3.8,3.5,2,bG,0.82,5.2,5.7
FIS FREESTYLE SKI WORLD CUP 2024,2024-03-08,ALMATY (KAZ),Women's Moguls,Results Final 1,KAUF Jaelin,2529064,USA,2,77.29,18.27,46.8,12.22,1,bG,0.92,6.8,7.0,2,7op,0.98,6.2,5.8
FIS FREESTYLE SKI WORLD CUP 2024,2023-12-08,IDRE FJÄLL (SWE),Men's Moguls,Results Qualification,GRAVENFORS Filip,2534858,SWE,5,74.86,16.58,46.1,12.18,1,10op,1.05,6.8,6.6,2,7op,0.88,5.8,5.9
FIS FREESTYLE SKI WORLD CUP 2024,2023-12-08,IDRE FJÄLL (SWE),Men's Moguls,Results Qualification,VIERELA Severi,2533386,FIN,13,71.34,15.48,44.0,11.86,1,bF,0.88,5.8,5.8,2,7oG,1.01,6.4,7.0
FIS FREESTYLE SKI WORLD CUP 2024,2023-12-08,IDRE FJÄLL (SWE),Men's Moguls,Results Qualification,TADE Marco,2527554,SUI,24,66.6,15.29,41.2,10.11,1,7op,0.88,7.2,7.5,2,bp,0.71,4.5,5.8
FIS FREESTYLE SKI WORLD CUP 2024,2023-12-08,IDRE FJÄLL (SWE),Men's Moguls,Results Qualification,CAYOLLE Tristan,2533776,FRA,47,29.11,14.34,9.1,5.67,1,bF,0.88,6.5,6.4,2,NJ,0.0,0.0,0.0
FIS FREESTYLE SKI WORLD CUP 2024,2024-01-26,WATERVILLE (USA),Men's Moguls,Results Qualification,GRAHAM Matt,2441426,AUS,5,76.12,15.94,46.2,13.98,1,bF,0.88,8.1,8.9,2,7op,0.88,6.8,8.0
FIS FREESTYLE SKI WORLD CUP 2024,2024-01-26,WATERVILLE (USA),Men's Moguls,Results Qualification,MARCELLINI Dylan,2534089,USA,11,70.45,15.79,40.4,14.26,1,7op,0.88,6.3,7.3,2,7oG,1.01,8.3,8.1
FIS FREESTYLE SKI WORLD CUP 2024,2024-01-26,WATERVILLE (USA),Men's Moguls,Results Qualification,MICHEL Asher,2537833,USA,15,68.37,14.61,42.6,11.16,1,7op,0.88,6.2,6.7,2,bG,0.82,6.9,6.5
FIS FREESTYLE SKI WORLD CUP 2024,2024-01-26,WATERVILLE (USA),Men's Moguls,Results Qualification,LUCAS Nash,2534751,USA,25,66.06,13.47,43.3,9.29,1,bF,0.88,7.3,7.3,2,7oG,1.01,2.8,2.9
FIS FREESTYLE SKI WORLD CUP 2024,2024-01-26,WATERVILLE (USA),Men's Moguls,Results Qualification,MICKEL Charlie,2537180,USA,26,65.87,14.39,39.4,12.08,1,7op,0.88,6.9,7.6,2,7oG,1.01,5.3,6.0
FIS FREESTYLE SKI WORLD CUP 2024,2024-01-26,WATERVILLE (USA),Men's Moguls,Results Qualification,CAYOLLE Tristan,2533776,FRA,45,27.3,15.31,5.0,6.99,1,bF,0.88,8.1,7.8,2,NJ,0.0,0.0,0.0
FIS FREESTYLE SKI WORLD CUP 2024,2024-02-01,DEER VALLEY (USA),Men's Moguls,Results Final 1,TADE Marco,2527554,SUI,15,38.64,12.69,20.5,5.45,1,bF,0.88,6.4,6.0,2,NJ,0.0,0.0,0.0
FIS FREESTYLE SKI WORLD CUP 2024,2024-02-01,DEER VALLEY (USA),Women's Moguls,Results Final 1,HOGG Kasey,2534251,USA,5,66.44,16.13,40.1,10.21,1,bp,0.81,5.6,6.8,2,bG,0.92,5.3,6.0
FIS FREESTYLE SKI WORLD CUP 2024,2024-02-01,DEER VALLEY (USA),Women's Moguls,Results Qualification,TOMITAKA Hinako,2532031,JPN,7,63.5,12.89,39.9,10.71,1,bG,0.92,5.0,6.5,2,bp,0.81,6.5,6.9
FIS FREESTYLE SKI WORLD CUP 2024,2024-02-01,DEER VALLEY (USA),Women's Moguls,Results Qualification,CARR Cali,2538479,GBR,26,21.98,10.98,5.8,5.2,1,bG,0.92,4.0,3.8,2,bL,0.81,3.0,1.0
FIS FREESTYLE SKI WORLD CUP 2024,2023-12-14,ALPE D'HUEZ (FRA),Men's Moguls,Results Qualification,MARCELLINI Dylan,2534089,USA,10,72.2,16.4,42.1,13.7,1,7op,0.88,7.2,7.1,2,7oG,1.01,7.4,7.3
FIS FREESTYLE SKI WORLD CUP 2024,2023-12-14,ALPE D'HUEZ (FRA),Men's Moguls,Results Qualification,VAILLANCOURT Elliot,2532513,CAN,14,70.47,16.1,43.2,11.17,1,7oG,1.01,6.4,6.5,2,7op,0.88,5.4,5.2
FIS FREESTYLE SKI WORLD CUP 2024,2023-12-14,ALPE D'HUEZ (FRA),Men's Moguls,Results Qualification,HOLMGREN Emil,2534210,SWE,16,69.69,17.88,41.0,10.81,1,7op,0.88,6.4,6.8,2,bp,0.71,7.0,7.1
FIS FREESTYLE SKI WORLD CUP 2023,2022-12-15,ALPE D'HUEZ (FRA),Men's Moguls,Results Qualification,PASCARELLA Paolo,2534403,SUI,35,60.87,9.34,37.9,13.63,1,bF,0.88,7.4,7.0,2,10op,1.05,6.7,7.2
FIS FREESTYLE SKI WORLD CUP 2023,2022-12-15,ALPE D'HUEZ (FRA),Men's Moguls,Results Qualification,LEE Yoon Seung,2537625,KOR,45,37.21,12.67,18.6,5.94,1,bF,0.88,6.5,7.0,2,NJ,0.0,0.0,0.0
FIS FREESTYLE SKI WORLD CUP 2023,2022-12-15,ALPE D'HUEZ (FRA),Women's Moguls,Results Qualification,GERKEN SCHOFIELD,2530540,GBR,8,69.14,13.73,42.7,12.71,1,bG,0.92,7.1,7.8,2,bp,0.81,6.9,7.6
FIS FREESTYLE SKI WORLD CUP 2024,2024-01-19,VAL ST. COME (CAN),Women's Moguls,Results Qualification,ANTHONY Jakara,2530720,AUS,1,81.48,18.45,47.4,15.63,1,7oG,1.11,7.8,7.7,2,bG,0.92,7.5,7.8
FIS FREESTYLE SKI WORLD CUP 2024,2024-01-19,VAL ST. COME (CAN),Women's Moguls,Results Qualification,HOGG Kasey,2534251,USA,10,66.4,17.06,40.4,8.94,1,bp,0.81,4.3,4.3,2,10op,1.15,5.3,4.2
FIS FREESTYLE SKI WORLD CUP 2024,2024-01-19,VAL ST. COME (CAN),Women's Moguls,Results Qualification,DESMARAIS-GILBERT,2531811,CAN,15,63.0,14.92,36.7,11.38,1,bG,0.92,6.8,6.6,2,bp,0.81,6.5,6.4
FIS FREESTYLE SKI WORLD CUP 2024,2023-12-02,RUKA (FIN),Men's Moguls,Results Final 1,OLGAARD Robin,2534212,SWE,11,73.28,15.83,42.8,14.65,1,7oG,1.01,8.0,7.3,2,10op,1.05,6.8,6.4
FIS FREESTYLE SKI WORLD CUP 2024,2023-12-15,ALPE D'HUEZ (FRA),Women's Moguls,Results Qualification,KAJIWARA Yuki,2533769,JPN,21,52.46,12.75,34.3,5.41,1,bG,0.92,3.6,3.6,2,7op,0.98,2.3,2.0
FIS FREESTYLE SKI WORLD CUP 2024,2023-12-15,ALPE D'HUEZ (FRA),Women's Moguls,Results Qualification,CARR Cali,2538479,GBR,28,31.57,10.44,11.1,10.03,1,bG,0.92,5.3,5.6,2,bp,0.81,6.3,6.1
FIS FREESTYLE SKI WORLD CUP 2024,2023-12-22,BAKURIANI (GEO),Women's Moguls,Results Final 1,NAKAO Haruka,2533488,JPN,7,68.94,13.63,40.8,14.51,1,7op,0.98,7.3,7.7,2,lG,0.92,7.8,7.8
FIS FREESTYLE SKI WORLD CUP 2024,2024-03-08,ALMATY (KAZ),Men's Moguls,Results Overall,KINGSBURY Mikael,2484937,CAN,1,84.89,16.06,51.2,17.63,1,bdF,1.05,8.4,8.3,2,10op,1.05,8.6,8.3
FIS FREESTYLE SKI WORLD CUP 2024,2024-03-08,ALMATY (KAZ),Men's Moguls,Results Overall,GRAVENFORS Filip,2534858,SWE,4,78.89,16.21,45.6,17.08,1,10op,1.05,8.5,8.0,2,7oG,1.01,8.8,7.9
FIS FREESTYLE SKI WORLD CUP 2024,2024-03-08,ALMATY (KAZ),Men's Moguls,Results Overall,KARJALAINEN,2534001,FIN,30,59.01,15.14,37.5,6.37,1,bF,0.88,3.8,3.7,2,lG,0.82,3.5,4.0
FIS FREESTYLE SKI WORLD CUP 2024,2024-03-08,ALMATY (KAZ),Men's Moguls,Results Final 1,HORISHIMA Ikuma,2529645,JPN,1,81.63,15.87,49.8,15.96,1,bF,0.88,8.9,8.9,2,10op,1.05,7.6,7.9
FIS FREESTYLE SKI WORLD CUP 2024,2024-03-08,ALMATY (KAZ),Men's Moguls,Results Final 1,HOLMGREN Albin,2532811,SWE,12,68.81,15.03,40.4,13.38,1,bF,0.88,8.8,8.1,2,7oG,1.01,5.8,6.0
FIS FREESTYLE SKI WORLD CUP 2024,2024-03-08,ALMATY (KAZ),Men's Moguls,Results Final 1,STEGFELDT Rasmus,2531923,SWE,13,68.35,17.59,37.7,13.06,1,7op,0.88,8.2,7.8,2,bG,0.82,7.2,7.5
FIS FREESTYLE SKI WORLD CUP 2024,2024-03-08,ALMATY (KAZ),Men's Moguls,Results Qualification,JUNG Daeyoon,2534856,KOR,6,76.34,16.45,45.6,14.29,1,10oG,1.2,6.4,6.7,2,bG,0.82,8.4,7.3
FIS FREESTYLE SKI WORLD CUP 2024,2024-03-08,ALMATY (KAZ),Men's Moguls,Results Qualification,STEGFELDT Rasmus,2531923,SWE,9,73.41,17.42,42.2,13.79,1,7op,0.88,8.1,7.9,2,bG,0.82,8.4,8.1
FIS FREESTYLE SKI WORLD CUP 2024,2024-03-08,ALMATY (KAZ),Men's Moguls,Results Qualification,VAILLANCOURT Elliot,2532513,CAN,16,70.21,15.63,41.7,12.88,1,10op,1.05,5.9,5.1,2,7oG,1.01,7.2,6.9
FIS FREESTYLE SKI WORLD CUP 2024,2024-03-08,ALMATY (KAZ),Men's Moguls,Results Qualification,YEMELYANOV Maxim,2535387,KAZ,32,55.77,12.22,33.2,10.35,1,7op,0.88,4.6,5.3,2,7oG,1.01,5.8,6.1
FIS FREESTYLE SKI WORLD CUP 2024,2023-12-08,IDRE FJÄLL (SWE),Men's Moguls,Results Qualification,VAILLANCOURT Elliot,2532513,CAN,19,69.01,14.28,42.6,12.13,1,7op,0.88,7.1,7.3,2,7oG,1.01,5.6,5.9
FIS FREESTYLE SKI WORLD CUP 2024,2023-12-08,IDRE FJÄLL (SWE),Men's Moguls,Results Qualification,WENDLER Landon,2534140,USA,21,68.55,17.08,40.2,11.27,1,7op,0.88,6.5,6.5,2,7oG,1.01,5.5,5.5
FIS FREESTYLE SKI WORLD CUP 2024,2023-12-08,IDRE FJÄLL (SWE),Men's Moguls,Results Qualification,GOODISON Samuel,2534451,CAN,26,66.25,15.41,39.2,11.64,1,bF,0.88,7.2,7.1,2,7op,0.88,6.1,6.1
FIS FREESTYLE SKI WORLD CUP 2024,2024-02-01,DEER VALLEY (USA),Men's Moguls,Results Final 1,GRAVENFORS Filip,2534858,SWE,2,79.84,17.6,46.7,15.54,1,10op,1.05,8.1,8.2,2,7op,0.88,7.7,8.2
FIS FREESTYLE SKI WORLD CUP 2024,2024-02-01,DEER VALLEY (USA),Men's Moguls,Results Final 1,HORISHIMA Ikuma,2529645,JPN,4,76.71,16.98,45.6,14.13,1,bF,0.88,8.5,8.0,2,10op,1.05,7.1,6.0
FIS FREESTYLE SKI WORLD CUP 2024,2024-02-01,DEER VALLEY (USA),Men's Moguls,Results Final 1,GRAHAM Matt,2441426,AUS,9,73.75,17.86,43.7,12.19,1,10op,1.05,7.1,6.0,2,7op,0.88,6.4,5.7
FIS FREESTYLE SKI WORLD CUP 2024,2024-02-01,DEER VALLEY (USA),Men's Moguls,Results Final 1,McDONALD Cole,2534511,USA,11,72.82,16.45,43.2,13.17,1,bdF,1.05,5.8,5.0,2,10op,1.05,7.0,7.3
FIS FREESTYLE SKI WORLD CUP 2024,2024-02-01,DEER VALLEY (USA),Women's Moguls,Results Final 1,GORODKO,2535385,KAZ,12,58.71,16.48,33.0,9.23,1,bT,0.78,5.0,6.5,2,7op,0.98,4.7,5.0
FIS FREESTYLE SKI WORLD CUP 2024,2024-02-01,DEER VALLEY (USA),Women's Moguls,Results Final 1,LEMLEY Elizabeth,2537762,USA,14,34.38,10.8,12.4,11.18,1,7op,0.98,5.8,6.2,2,bp,0.81,6.1,7.0
FIS FREESTYLE SKI WORLD CUP 2024,2024-02-01,DEER VALLEY (USA),Women's Moguls,Results Qualification,CABROL Camille,2530274,FRA,9,62.78,13.22,38.8,10.76,1,bp,0.81,6.0,5.6,2,bG,0.92,7.0,6.2
FIS FREESTYLE SKI WORLD CUP 2024,2024-02-01,DEER VALLEY (USA),Women's Moguls,Results Qualification,WEESE Sophie,2532509,GER,23,48.93,12.77,27.2,8.96,1,bT,0.78,5.0,4.9,2,bG,0.92,5.0,6.1
FIS FREESTYLE SKI WORLD CUP 2024,2023-12-14,ALPE D'HUEZ (FRA),Men's Moguls,Results Qualification,GRAVENFORS Filip,2534858,SWE,9,72.38,18.08,44.5,9.8,1,bF,0.88,6.4,6.7,2,bp,0.71,5.6,5.8
FIS FREESTYLE SKI WORLD CUP 2024,2023-12-14,ALPE D'HUEZ (FRA),Men's Moguls,Results Qualification,CHALIFOUX Louis-,2534234,CAN,25,62.33,17.21,35.1,10.02,1,bF,0.88,5.5,5.7,2,7op,0.88,5.6,6.0
FIS FREESTYLE SKI WORLD CUP 2024,2023-12-14,ALPE D'HUEZ (FRA),Men's Moguls,Results Qualification,CORDELL Sam,2532530,CAN,27,61.28,15.23,35.9,10.15,1,7oG,1.01,4.7,5.2,2,bG,0.82,6.3,6.3
FIS FREESTYLE SKI WORLD CUP 2023,2022-12-15,ALPE D'HUEZ (FRA),Men's Moguls,Results Qualification,CAYOLLE Tristan,2533776,FRA,51,6.7,0.6,0.3,5.8,1,bF,0.88,6.7,6.5,2,NJ,0.0,0.0,0.0
FIS FREESTYLE SKI WORLD CUP 2023,2022-12-15,ALPE D'HUEZ (FRA),Women's Moguls,Results Qualification,MERZ Annika,2535327,GER,19,57.15,11.75,35.2,10.2,1,bG,0.92,6.0,5.0,2,bp,0.81,6.6,6.1
FIS FREESTYLE SKI WORLD CUP 2023,2022-12-15,ALPE D'HUEZ (FRA),Women's Moguls,Results Qualification,DUAUX Marie,2537443,FRA,25,17.29,8.63,1.0,7.66,1,bp,0.81,3.6,4.8,2,bG,0.92,4.9,4.4
FIS FREESTYLE SKI WORLD CUP 2024,2024-01-19,VAL ST. COME (CAN),Women's Moguls,Results Qualification,GALYSHEVA Yuliya,2484307,KAZ,11,64.95,15.0,39.1,10.85,1,bG,0.92,4.3,4.2,2,fG,0.92,7.5,7.6
FIS FREESTYLE SKI WORLD CUP 2024,2024-01-19,VAL ST. COME (CAN),Women's Moguls,Results Qualification,GERKEN SCHOFIELD,2530540,GBR,19,60.37,15.24,36.9,8.23,1,bG,0.92,4.3,4.2,2,bp,0.81,5.4,5.3
FIS FREESTYLE SKI WORLD CUP 2024,2024-01-19,VAL ST. COME (CAN),Women's Moguls,Results Qualification,AMRENOVA Ayaulym,2532085,KAZ,25,55.45,14.79,31.5,9.16,1,bG,0.92,5.8,5.6,2,7op,0.98,4.0,4.0
FIS FREESTYLE SKI WORLD CUP 2024,2023-12-02,RUKA (FIN),Women's Moguls,Results Qualification,WEESE Sophie,2532509,GER,17,61.65,16.86,33.1,11.69,1,bG,0.92,5.5,5.0,2,bT,0.78,8.8,8.8
FIS FREESTYLE SKI WORLD CUP 2024,2023-12-15,ALPE D'HUEZ (FRA),Women's Moguls,Results Qualification,MALHERBE Malica,2535457,RSA,20,53.72,12.76,34.2,6.76,1,bG,0.92,3.7,3.7,2,bp,0.81,4.1,4.2
FIS FREESTYLE SKI WORLD CUP 2024,2023-12-15,ALPE D'HUEZ (FRA),Women's Moguls,Results Qualification,MERZ Annika,2535327,GER,22,50.96,12.6,29.3,9.06,1,7op,0.98,4.5,4.6,2,bp,0.81,5.7,5.7
FIS FREESTYLE SKI WORLD CUP 2024,2023-12-15,ALPE D'HUEZ (FRA),Women's Moguls,Results Qualification,LARIONOVA,2539212,KAZ,33,6.15,0.0,0.3,5.85,1,bp,0.81,3.9,4.0,2,bG,0.92,2.9,2.9
FIS FREESTYLE SKI WORLD CUP 2024,2023-12-22,BAKURIANI (GEO),Women's Moguls,Results Final 1,GORODKO,2535385,KAZ,13,66.52,14.49,40.2,11.83,1,bG,0.92,6.8,6.9,2,7op,0.98,5.5,5.8
FIS FREESTYLE SKI WORLD CUP 2024,2024-03-08,ALMATY (KAZ),Men's Moguls,Results Qualification,GRAHAM Matt,2441426,AUS,5,76.6,16.67,48.1,11.83,1,bF,0.88,7.0,6.3,2,7op,0.88,6.5,7.1
FIS FREESTYLE SKI WORLD CUP 2024,2024-03-08,ALMATY (KAZ),Men's Moguls,Results Qualification,LEE Yoonseung,2537625,KOR,27,60.3,12.86,37.5,9.94,1,bF,0.88,5.3,4.8,2,7op,0.88,6.5,6.0
FIS FREESTYLE SKI WORLD CUP 2024,2024-03-08,ALMATY (KAZ),Women's Moguls,Results Final 1,LEMLEY Elizabeth,2537762,USA,9,69.6,16.2,43.0,10.4,1,7op,0.98,5.8,6.5,2,7oG,1.11,3.7,4.2
FIS FREESTYLE SKI WORLD CUP 2024,2023-12-08,IDRE FJÄLL (SWE),Men's Moguls,Results Qualification,JEANNESSON Mateo,2535572,GBR,14,70.89,15.41,44.5,10.98,1,bF,0.88,6.5,6.2,2,7oG,1.01,5.5,5.2
FIS FREESTYLE SKI WORLD CUP 2024,2023-12-08,IDRE FJÄLL (SWE),Men's Moguls,Results Qualification,JUNG Daeyoon,2534856,KOR,18,69.42,15.43,41.5,12.49,1,7op,0.88,8.0,8.0,2,7oG,1.01,5.2,5.6
FIS FREESTYLE SKI WORLD CUP 2024,2023-12-08,IDRE FJÄLL (SWE),Men's Moguls,Results Qualification,CONEDERA Martino,2532502,SUI,34,60.62,12.0,36.8,11.82,1,7op,0.88,6.8,7.0,2,7oG,1.01,5.4,6.0
FIS FREESTYLE SKI WORLD CUP 2024,2024-01-26,WATERVILLE (USA),Men's Moguls,Results Qualification,DUFRESNE Gabriel,2530240,CAN,28,65.33,15.06,38.4,11.87,1,bF,0.88,7.3,7.7,2,7op,0.88,6.2,5.8
FIS FREESTYLE SKI WORLD CUP 2024,2024-01-26,WATERVILLE (USA),Men's Moguls,Results Qualification,GOODISON Samuel,2534451,CAN,37,50.05,16.06,21.6,12.39,1,bF,0.88,8.7,9.4,2,bp,0.71,6.2,6.3
FIS FREESTYLE SKI WORLD CUP 2024,2024-02-01,DEER VALLEY (USA),Women's Moguls,Results Qualification,LEMLEY Elizabeth,2537762,USA,5,66.89,15.25,40.1,11.54,1,7op,0.98,6.1,5.9,2,bp,0.81,7.4,6.6
FIS FREESTYLE SKI WORLD CUP 2024,2024-02-01,DEER VALLEY (USA),Women's Moguls,Results Qualification,YANAGIMOTO Rino,2532040,JPN,12,60.24,14.01,35.0,11.23,1,bp,0.81,6.1,5.8,2,7op,0.98,6.1,7.0
FIS FREESTYLE SKI WORLD CUP 2024,2024-02-01,DEER VALLEY (USA),Women's Moguls,Results Qualification,GERKEN SCHOFIELD,2530540,GBR,13,60.01,14.5,35.4,10.11,1,bG,0.92,5.5,5.5,2,bp,0.81,5.8,6.7
FIS FREESTYLE SKI WORLD CUP 2024,2024-02-01,DEER VALLEY (USA),Women's Moguls,Results Qualification,SHAFFER Lulu,2531871,USA,18,58.73,14.12,34.9,9.71,1,bG,0.92,4.9,6.1,2,bp,0.81,6.0,5.5
FIS FREESTYLE SKI WORLD CUP 2024,2023-12-14,ALPE D'HUEZ (FRA),Men's Moguls,Results Qualification,KARJALAINEN,2534001,FIN,20,68.44,18.71,42.2,7.53,1,bF,0.88,6.2,6.1,2,bp,0.71,3.0,3.0
FIS FREESTYLE SKI WORLD CUP 2024,2023-12-14,ALPE D'HUEZ (FRA),Men's Moguls,Results Qualification,DUFRESNE Gabriel,2530240,CAN,21,68.42,16.73,40.9,10.79,1,bF,0.88,7.2,7.5,2,bp,0.71,6.0,6.2
FIS FREESTYLE SKI WORLD CUP 2024,2023-12-14,ALPE D'HUEZ (FRA),Men's Moguls,Results Qualification,LEE Yoonseung,2537625,KOR,37,53.33,15.68,29.3,8.35,1,bF,0.88,6.6,6.6,2,bp,0.71,3.7,3.5
FIS FREESTYLE SKI WORLD CUP 2024,2023-12-14,ALPE D'HUEZ (FRA),Men's Moguls,Results Qualification,CONEDERA Martino,2532502,SUI,39,52.87,13.33,29.5,10.04,1,7op,0.88,5.7,5.9,2,7oG,1.01,4.8,5.0
FIS FREESTYLE SKI WORLD CUP 2023,2022-12-15,ALPE D'HUEZ (FRA),Men's Moguls,Results Qualification,SUIRE Martin,2528624,FRA,31,64.57,11.65,39.8,13.12,1,7oG,1.01,7.7,7.7,2,bp,0.71,7.8,7.3
FIS FREESTYLE SKI WORLD CUP 2023,2022-12-15,ALPE D'HUEZ (FRA),Men's Moguls,Results Qualification,TSINN Oleg,2532088,KAZ,38,52.05,12.21,28.5,11.34,1,bF,0.88,7.4,6.7,2,7o,0.85,5.6,6.5
FIS FREESTYLE SKI WORLD CUP 2023,2022-12-15,ALPE D'HUEZ (FRA),Women's Moguls,Results Qualification,YUN Shin-Ee,2537929,KOR,21,36.49,8.39,21.5,6.6,1,bG,0.92,2.1,2.4,2,bp,0.81,5.2,6.0
FIS FREESTYLE SKI WORLD CUP 2024,2024-01-19,VAL ST. COME (CAN),Women's Moguls,Results Final 1,TOMITAKA Hinako,2532031,JPN,3,73.77,16.26,44.9,12.61,1,bG,0.92,6.1,6.1,2,7op,0.98,7.1,7.2
FIS FREESTYLE SKI WORLD CUP 2024,2024-01-19,VAL ST. COME (CAN),Women's Moguls,Results Qualification,SCHWINGHAMMER,2533204,CAN,2,73.9,16.98,44.0,12.92,1,bT,0.78,6.7,7.0,2,bG,0.92,8.3,8.2
FIS FREESTYLE SKI WORLD CUP 2024,2024-01-19,VAL ST. COME (CAN),Women's Moguls,Results Qualification,KAUF Jaelin,2529064,USA,5,71.62,17.59,42.5,11.53,1,bG,0.92,7.3,7.5,2,bp,0.81,5.8,5.9
FIS FREESTYLE SKI WORLD CUP 2024,2023-12-15,ALPE D'HUEZ (FRA),Women's Moguls,Results Qualification,RAMSAUER Katharina,2530097,AUT,18,54.88,12.97,31.9,10.01,1,bT,0.78,6.3,7.0,2,bG,0.92,5.1,5.4
FIS FREESTYLE SKI WORLD CUP 2024,2023-12-15,ALPE D'HUEZ (FRA),Women's Moguls,Results Qualification,FEKLISTOVA Yuliya,2539209,KAZ,27,35.24,10.21,17.2,7.83,1,bT,0.78,4.3,5.0,2,bp,0.81,5.0,5.4
FIS FREESTYLE SKI WORLD CUP 2024,2023-12-15,ALPE D'HUEZ (FRA),Women's Moguls,Results Qualification,LI Ruilin,2537198,CHN,31,15.84,6.67,0.3,8.87,1,bp,0.81,5.1,5.7,2,bG,0.92,4.8,5.0
FIS FREESTYLE SKI WORLD CUP 2024,2023-12-22,BAKURIANI (GEO),Men's Moguls,Results Final 1,SUGIMOTO Kosuke,2528069,JPN,6,72.1,14.29,44.0,13.81,1,7oG,1.01,6.6,6.8,2,bG,0.82,8.7,8.5
FIS FREESTYLE SKI WORLD CUP 2024,2023-12-22,BAKURIANI (GEO),Men's Moguls,Results Final 1,WALCZYK Dylan,2527085,USA,7,72.08,14.92,43.5,13.66,1,bG,0.82,8.2,8.5,2,7op,0.88,7.8,7.7
FIS FREESTYLE SKI WORLD CUP 2024,2023-12-22,BAKURIANI (GEO),Men's Moguls,Results Final 1,VAILLANCOURT Elliot,2532513,CAN,8,71.64,14.82,42.9,13.92,1,10op,1.05,7.2,7.5,2,7oG,1.01,6.0,6.3
FIS FREESTYLE SKI WORLD CUP 2024,2023-12-22,BAKURIANI (GEO),Men's Moguls,Results Final 1,CAVET Benjamin,2530514,FRA,15,33.23,12.39,14.7,6.14,1,10op,1.05,6.0,5.7,2,NJ,0.0,0.0,0.0
FIS FREESTYLE SKI WORLD CUP 2024,2024-03-08,ALMATY (KAZ),Men's Moguls,Results Overall,SHIMAKAWA Takuya,2530672,JPN,21,67.17,14.27,40.9,12.0,1,10op,1.05,5.8,6.1,2,7op,0.88,6.8,6.3
FIS FREESTYLE SKI WORLD CUP 2024,2024-03-08,ALMATY (KAZ),Men's Moguls,Results Qualification,MOUILLE Thibaud,2532044,FRA,18,69.57,14.27,41.1,14.2,1,7oG,1.01,7.1,7.8,2,bG,0.82,8.0,8.3
FIS FREESTYLE SKI WORLD CUP 2024,2024-03-08,ALMATY (KAZ),Men's Moguls,Results Qualification,CAYOLLE Tristan,2533776,FRA,34,53.3,14.92,30.6,7.78,1,bF,0.88,4.5,4.9,2,bp,0.71,4.8,5.5
FIS FREESTYLE SKI WORLD CUP 2024,2024-03-08,ALMATY (KAZ),Women's Moguls,Results Final 1,ANTHONY Jakara,2530720,AUS,1,82.61,18.53,49.6,14.48,1,7oG,1.11,7.3,7.5,2,bp,0.81,7.5,8.0
FIS FREESTYLE SKI WORLD CUP 2024,2024-03-08,ALMATY (KAZ),Women's Moguls,Results Final 1,MACUGA Alli,2534186,USA,3,72.9,15.33,44.4,13.17,1,bp,0.81,6.5,7.3,2,7op,0.98,7.8,7.7
FIS FREESTYLE SKI WORLD CUP 2024,2024-03-08,ALMATY (KAZ),Women's Moguls,Results Final 1,GIACCIO Olivia,2532241,USA,4,72.6,16.56,43.7,12.34,1,bF,0.98,6.5,7.1,2,7op,0.98,5.7,5.9
FIS FREESTYLE SKI WORLD CUP 2024,2023-12-08,IDRE FJÄLL (SWE),Men's Moguls,Results Qualification,CAVET Benjamin,2530514,FRA,4,75.0,18.27,45.0,11.73,1,bF,0.88,9.1,8.8,2,bp,0.71,5.9,5.0
FIS FREESTYLE SKI WORLD CUP 2024,2024-01-26,WATERVILLE (USA),Men's Moguls,Results Qualification,HOLMGREN Emil,2534210,SWE,16,68.3,14.82,41.0,12.48,1,7oG,1.01,6.7,6.7,2,7op,0.88,6.5,6.5
FIS FREESTYLE SKI WORLD CUP 2024,2024-01-26,WATERVILLE (USA),Men's Moguls,Results Qualification,VERDAGUER Lucas,2535379,ESP,38,43.79,14.58,20.0,9.21,1,7op,0.88,5.2,6.0,2,bp,0.71,6.6,5.5
FIS FREESTYLE SKI WORLD CUP 2024,2024-02-01,DEER VALLEY (USA),Women's Moguls,Results Final 1,ANTHONY Jakara,2530720,AUS,13,44.73,11.22,27.4,6.11,1,7oG,1.11,0.2,0.1,2,bp,0.81,7.4,7.3
FIS FREESTYLE SKI WORLD CUP 2024,2024-02-01,DEER VALLEY (USA),Women's Moguls,Results Qualification,HOGG Kasey,2534251,USA,10,62.53,12.05,40.7,9.78,1,bp,0.81,4.8,6.2,2,bG,0.92,5.6,6.0
FIS FREESTYLE SKI WORLD CUP 2024,2024-02-01,DEER VALLEY (USA),Women's Moguls,Results Qualification,ASANO Shiori,2534377,JPN,17,58.81,10.37,36.7,11.74,1,bG,0.92,6.7,7.4,2,bp,0.81,7.0,6.0
FIS FREESTYLE SKI WORLD CUP 2024,2024-02-01,DEER VALLEY (USA),Women's Moguls,Results Qualification,CARROLL Avital,2529074,AUT,19,58.11,13.48,37.3,7.33,1,bT,0.78,6.0,6.8,2,bG,0.92,2.5,2.6
FIS FREESTYLE SKI WORLD CUP 2024,2024-02-01,DEER VALLEY (USA),Women's Moguls,Results Qualification,RAMSAUER Katharina,2530097,AUT,22,49.82,11.14,30.3,8.38,1,bT,0.78,5.8,5.8,2,bG,0.92,3.5,4.9
FIS FREESTYLE SKI WORLD CUP 2024,2024-02-01,DEER VALLEY (USA),Women's Moguls,Results Qualification,AMRENOVA Ayaulym,2532085,KAZ,25,45.11,11.09,25.0,9.02,1,bG,0.92,5.6,5.4,2,bp,0.81,4.8,5.0
FIS FREESTYLE SKI WORLD CUP 2024,2023-12-14,ALPE D'HUEZ (FRA),Men's Moguls,Results Qualification,KINGSBURY Mikael,2484937,CAN,1,81.88,16.61,50.5,14.77,1,bF,0.88,8.5,8.9,2,7op,0.88,8.1,8.1
FIS FREESTYLE SKI WORLD CUP 2024,2023-12-14,ALPE D'HUEZ (FRA),Men's Moguls,Results Qualification,CAVET Benjamin,2530514,FRA,3,76.86,17.75,46.9,12.21,1,bF,0.88,8.2,8.2,2,bp,0.71,7.1,7.0
FIS FREESTYLE SKI WORLD CUP 2024,2023-12-14,ALPE D'HUEZ (FRA),Men's Moguls,Results Qualification,BUZZI Enea,2533002,SUI,36,53.59,15.76,30.1,7.73,1,bF,0.88,3.9,3.8,2,7op,0.88,4.7,5.2
FIS FREESTYLE SKI WORLD CUP 2024,2023-12-14,ALPE D'HUEZ (FRA),Men's Moguls,Results Qualification,WEESE Nicolas,2535693,GER,38,52.89,14.45,31.2,7.24,1,lG,0.82,4.0,4.2,2,10op,1.05,3.6,3.8
FIS FREESTYLE SKI WORLD CUP 2024,2023-12-14,ALPE D'HUEZ (FRA),Men's Moguls,Results Qualification,MERZ Linus,2533504,GER,44,33.92,14.99,9.8,9.13,1,7op,0.88,6.3,6.4,2,bp,0.71,5.0,5.0
FIS FREESTYLE SKI WORLD CUP 2023,2022-12-15,ALPE D'HUEZ (FRA),Men's Moguls,Results Qualification,MOUILLE Thibaud,2532044,FRA,28,65.54,11.42,40.4,13.72,1,bG,0.82,8.9,8.6,2,7op,0.88,7.1,7.8
FIS FREESTYLE SKI WORLD CUP 2023,2022-12-15,ALPE D'HUEZ (FRA),Men's Moguls,Results Qualification,VIERELA Severi,2533386,FIN,42,47.25,10.5,23.9,12.85,1,bF,0.88,8.0,8.4,2,bp,0.71,7.9,8.0
FIS FREESTYLE SKI WORLD CUP 2023,2022-12-15,ALPE D'HUEZ (FRA),Women's Moguls,Results Qualification,KAJIWARA Yuki,2533769,JPN,14,65.79,15.79,40.0,10.0,1,lG,0.92,4.5,3.7,2,bp,0.81,7.1,8.3
FIS FREESTYLE SKI WORLD CUP 2024,2024-01-19,VAL ST. COME (CAN),Women's Moguls,Results Final 1,GALYSHEVA Yuliya,2484307,KAZ,16,25.2,10.09,5.6,9.51,1,bG,0.92,3.8,3.9,2,fG,0.92,6.5,6.5
FIS FREESTYLE SKI WORLD CUP 2024,2023-12-02,RUKA (FIN),Men's Moguls,Results Final 1,GRAVENFORS Filip,2534858,SWE,9,73.84,18.25,39.8,15.79,1,10oG,1.2,7.9,8.3,2,7op,0.88,6.8,7.0
FIS FREESTYLE SKI WORLD CUP 2024,2023-12-02,RUKA (FIN),Women's Moguls,Results Final 1,GORODKO,2535385,KAZ,7,70.24,17.61,39.8,12.83,1,bG,0.92,7.0,6.0,2,7op,0.98,7.3,6.7
FIS FREESTYLE SKI WORLD CUP 2024,2023-12-02,RUKA (FIN),Women's Moguls,Results Qualification,LEMLEY Elizabeth,2537762,USA,3,75.58,18.37,42.1,15.11,1,bp,0.81,8.2,8.2,2,7op,0.98,8.8,8.5
FIS FREESTYLE SKI WORLD CUP 2024,2023-12-02,RUKA (FIN),Women's Moguls,Results Qualification,GORODKO,2535385,KAZ,13,65.81,16.9,37.1,11.81,1,bG,0.92,6.8,6.4,2,bp,0.81,7.2,7.0
FIS FREESTYLE SKI WORLD CUP 2024,2023-12-02,RUKA (FIN),Women's Moguls,Results Qualification,DEGROOTE Fantine,2533547,FRA,16,62.11,15.16,33.0,13.95,1,bG,0.92,7.5,7.8,2,bp,0.81,8.5,8.6
FIS FREESTYLE SKI WORLD CUP 2024,2023-12-02,RUKA (FIN),Women's Moguls,Results Qualification,GALYSHEVA Yuliya,2484307,KAZ,20,59.92,15.73,33.9,10.29,1,bG,0.92,6.2,5.8,2,fG,0.92,5.2,5.2
FIS FREESTYLE SKI WORLD CUP 2024,2023-12-02,RUKA (FIN),Women's Moguls,Results Qualification,MALHERBE Malica,2535457,RSA,26,43.49,14.77,22.2,6.52,1,bG,0.92,3.8,3.0,2,bp,0.81,4.3,4.1
FIS FREESTYLE SKI WORLD CUP 2024,2023-12-15,ALPE D'HUEZ (FRA),Women's Moguls,Results Qualification,SOAR Hannah,2531373,USA,9,68.34,15.46,43.6,9.28,1,bp,0.81,7.1,7.1,2,bG,0.92,3.8,3.9
FIS FREESTYLE SKI WORLD CUP 2024,2023-12-15,ALPE D'HUEZ (FRA),Women's Moguls,Results Qualification,NAKAO Haruka,2533488,JPN,11,66.93,13.6,40.9,12.43,1,bG,0.92,5.1,5.1,2,7op,0.98,8.0,7.8
FIS FREESTYLE SKI WORLD CUP 2024,2023-12-22,BAKURIANI (GEO),Men's Moguls,Results Final 1,KOLMAKOV Pavel,2528846,KAZ,11,70.05,14.39,41.6,14.06,1,bdF,1.05,7.0,7.0,2,7oG,1.01,6.8,6.5
FIS FREESTYLE SKI WORLD CUP 2024,2023-12-22,BAKURIANI (GEO),Women's Moguls,Results Final 1,ANTHONY Jakara,2530720,AUS,1,75.48,16.53,44.5,14.45,1,7oG,1.11,7.0,7.3,2,bp,0.81,8.1,8.0
FIS FREESTYLE SKI WORLD CUP 2024,2024-03-08,ALMATY (KAZ),Men's Moguls,Results Overall,PENTTALA Olli,2528035,FIN,17,69.67,15.47,41.7,12.5,1,10op,1.05,6.8,6.3,2,7op,0.88,6.8,6.0
FIS FREESTYLE SKI WORLD CUP 2024,2024-03-08,ALMATY (KAZ),Women's Moguls,Results Final 1,CABROL Camille,2530274,FRA,15,12.98,2.36,0.3,10.32,1,bp,0.81,6.6,6.3,2,bG,0.92,5.3,5.8
FIS FREESTYLE SKI WORLD CUP 2024,2023-12-08,IDRE FJÄLL (SWE),Men's Moguls,Results Qualification,OLGAARD Robin,2534212,SWE,50,11.84,2.49,0.3,9.05,1,7oG,1.01,6.4,6.9,2,bL,0.71,3.4,3.2
FIS FREESTYLE SKI WORLD CUP 2024,2024-01-26,WATERVILLE (USA),Men's Moguls,Results Qualification,HOLMGREN Albin,2532811,SWE,6,74.25,14.84,43.6,15.81,1,bF,0.88,8.9,8.7,2,7oG,1.01,8.1,7.9
FIS FREESTYLE SKI WORLD CUP 2024,2024-01-26,WATERVILLE (USA),Men's Moguls,Results Qualification,WENDLER Landon,2534140,USA,8,72.55,16.32,40.6,15.63,1,7oG,1.01,8.3,8.3,2,7op,0.88,8.1,8.4
FIS FREESTYLE SKI WORLD CUP 2024,2024-01-26,WATERVILLE (USA),Men's Moguls,Results Qualification,SHIMAKAWA Takuya,2530672,JPN,9,71.99,15.33,43.3,13.36,1,10op,1.05,6.9,6.5,2,7op,0.88,7.6,6.8
FIS FREESTYLE SKI WORLD CUP 2024,2024-01-26,WATERVILLE (USA),Men's Moguls,Results Qualification,SUIRE Martin,2528624,FRA,19,67.66,15.61,40.2,11.85,1,7op,0.88,7.8,7.8,2,7oG,1.01,4.7,5.2
FIS FREESTYLE SKI WORLD CUP 2024,2024-01-26,WATERVILLE (USA),Men's Moguls,Results Qualification,CORDELL Sam,2532530,CAN,20,67.55,14.25,41.9,11.4,1,7oG,1.01,5.6,5.3,2,bG,0.82,6.9,7.5
FIS FREESTYLE SKI WORLD CUP 2024,2024-01-26,WATERVILLE (USA),Men's Moguls,Results Qualification,GAJDECKA Marek,2535392,CZE,33,55.55,13.23,33.6,8.72,1,bF,0.88,5.2,5.8,2,bG,0.82,5.2,4.3
FIS FREESTYLE SKI WORLD CUP 2024,2024-02-01,DEER VALLEY (USA),Women's Moguls,Results Qualification,GIACCIO Olivia,2532241,USA,2,70.78,14.5,43.2,13.08,1,bF,0.98,7.0,6.8,2,7op,0.98,6.5,6.4
FIS FREESTYLE SKI WORLD CUP 2024,2024-02-01,DEER VALLEY (USA),Women's Moguls,Results Qualification,GORODKO,2535385,KAZ,15,59.33,14.1,37.4,7.83,1,bG,0.92,3.6,4.2,2,bp,0.81,5.0,5.5
FIS FREESTYLE SKI WORLD CUP 2024,2023-12-14,ALPE D'HUEZ (FRA),Men's Moguls,Results Qualification,VIEL Julien,2534074,CAN,8,73.32,16.58,45.0,11.74,1,bF,0.88,6.8,6.9,2,7op,0.88,6.5,6.5
FIS FREESTYLE SKI WORLD CUP 2024,2023-12-14,ALPE D'HUEZ (FRA),Men's Moguls,Results Qualification,PENTTALA Olli,2528035,FIN,19,68.66,15.17,41.3,12.19,1,7op,0.88,6.2,6.5,2,7oG,1.01,6.5,6.6
FIS FREESTYLE SKI WORLD CUP 2023,2022-12-15,ALPE D'HUEZ (FRA),Men's Moguls,Results Qualification,GERKEN SCHOFIELD,2530541,GBR,33,63.27,12.21,39.5,11.56,1,bF,0.88,5.2,6.0,2,7op,0.88,7.6,7.5
FIS FREESTYLE SKI WORLD CUP 2023,2022-12-15,ALPE D'HUEZ (FRA),Men's Moguls,Results Qualification,CROZET Leo,2538029,FRA,46,31.27,9.93,11.5,9.84,1,7op,0.88,4.6,5.4,2,bG,0.82,6.6,6.7
FIS FREESTYLE SKI WORLD CUP 2023,2022-12-15,ALPE D'HUEZ (FRA),Men's Moguls,Results Qualification,BONDAREV Anton,2532859,KAZ,48,23.57,13.39,3.5,6.68,1,bG,0.82,7.8,8.5,2,NJ,0.0,0.0,0.0
FIS FREESTYLE SKI WORLD CUP 2023,2022-12-15,ALPE D'HUEZ (FRA),Women's Moguls,Results Qualification,ANTHONY Jakara,2530720,AUS,1,75.38,14.71,46.1,14.57,1,7oG,1.11,6.8,7.5,2,bp,0.81,8.3,8.1
FIS FREESTYLE SKI WORLD CUP 2024,2024-01-19,VAL ST. COME (CAN),Women's Moguls,Results Final 1,MACUGA Alli,2534186,USA,6,71.24,17.82,42.4,11.02,1,bp,0.81,6.3,6.4,2,7op,0.98,6.0,6.0
FIS FREESTYLE SKI WORLD CUP 2024,2023-12-02,RUKA (FIN),Women's Moguls,Results Final 1,ANTHONY Jakara,2530720,AUS,1,83.12,19.4,46.5,17.22,1,7oG,1.11,8.0,7.8,2,bG,0.92,9.4,9.0
FIS FREESTYLE SKI WORLD CUP 2024,2023-12-02,RUKA (FIN),Women's Moguls,Results Final 1,YANAGIMOTO Rino,2532040,JPN,2,78.11,18.1,46.3,13.71,1,bp,0.81,8.0,7.6,2,7op,0.98,7.7,7.4
FIS FREESTYLE SKI WORLD CUP 2024,2023-12-02,RUKA (FIN),Women's Moguls,Results Qualification,YANAGIMOTO Rino,2532040,JPN,2,77.47,17.09,46.1,14.28,1,bp,0.81,8.3,8.6,2,7op,0.98,7.6,7.6
FIS FREESTYLE SKI WORLD CUP 2024,2023-12-02,RUKA (FIN),Women's Moguls,Results Qualification,DESMARAIS-GILBERT,2531811,CAN,24,51.11,17.21,22.1,11.8,1,bG,0.92,6.2,6.0,2,bp,0.81,7.6,7.7
FIS FREESTYLE SKI WORLD CUP 2024,2023-12-02,RUKA (FIN),Women's Moguls,Results Qualification,MERZ Annika,2535327,GER,25,45.65,15.18,21.4,9.07,1,7op,0.98,4.7,4.5,2,bp,0.81,5.4,5.9
FIS FREESTYLE SKI WORLD CUP 2024,2023-12-02,RUKA (FIN),Women's Moguls,Results Qualification,DOOLEY Claire,2535435,IRL,29,31.63,10.85,10.5,10.28,1,3,0.78,5.7,5.7,2,bT,0.78,7.7,7.3
FIS FREESTYLE SKI WORLD CUP 2024,2023-12-15,ALPE D'HUEZ (FRA),Women's Moguls,Results Qualification,SCHWINGHAMMER,2533204,CAN,12,66.71,14.32,40.9,11.49,1,bG,0.92,7.4,7.4,2,bp,0.81,5.8,5.8
FIS FREESTYLE SKI WORLD CUP 2024,2023-12-22,BAKURIANI (GEO),Men's Moguls,Results Final 1,CHALIFOUX Louis-,2534234,CAN,9,71.45,12.83,45.3,13.32,1,bF,0.88,8.3,8.3,2,7op,0.88,6.9,6.8
FIS FREESTYLE SKI WORLD CUP 2024,2024-03-08,ALMATY (KAZ),Men's Moguls,Results Final 1,GRAHAM Matt,2441426,AUS,3,77.98,16.09,48.3,13.59,1,bdF,1.05,7.4,7.1,2,10op,1.05,5.9,5.5
FIS FREESTYLE SKI WORLD CUP 2024,2024-03-08,ALMATY (KAZ),Men's Moguls,Results Final 1,JUNG Daeyoon,2534856,KOR,4,75.37,17.26,44.5,13.61,1,10oG,1.2,6.7,6.3,2,bG,0.82,7.3,6.9
FIS FREESTYLE SKI WORLD CUP 2024,2024-03-08,ALMATY (KAZ),Men's Moguls,Results Qualification,PAGE Nick,2533462,USA,4,77.82,15.47,46.2,16.15,1,10op,1.05,7.7,7.5,2,7oG,1.01,8.3,7.9
FIS FREESTYLE SKI WORLD CUP 2024,2024-03-08,ALMATY (KAZ),Men's Moguls,Results Qualification,CAVET Benjamin,2530514,FRA,7,76.19,15.95,47.6,12.64,1,bF,0.88,7.8,7.1,2,10op,1.05,5.8,5.8
FIS FREESTYLE SKI WORLD CUP 2024,2024-03-08,ALMATY (KAZ),Men's Moguls,Results Qualification,HOLMGREN Emil,2534210,SWE,20,68.25,14.82,40.2,13.23,1,7op,0.88,7.2,7.3,2,7oG,1.01,6.8,6.8
FIS FREESTYLE SKI WORLD CUP 2024,2023-12-08,IDRE FJÄLL (SWE),Men's Moguls,Results Qualification,MARCELLINI Dylan,2534089,USA,30,63.8,14.23,40.9,8.67,1,7op,0.88,5.7,6.0,2,7oG,1.01,3.2,3.8
FIS FREESTYLE SKI WORLD CUP 2024,2023-12-08,IDRE FJÄLL (SWE),Men's Moguls,Results Qualification,LOGAN Oliver,2534330,AUS,33,61.89,13.41,36.0,12.48,1,bF,0.88,7.2,8.1,2,7op,0.88,6.5,6.6
FIS FREESTYLE SKI WORLD CUP 2024,2023-12-08,IDRE FJÄLL (SWE),Men's Moguls,Results Qualification,WEESE Nicolas,2535693,GER,46,29.68,12.15,9.4,8.13,1,7op,0.88,3.3,3.0,2,lG,0.82,6.4,6.7
FIS FREESTYLE SKI WORLD CUP 2024,2024-01-26,WATERVILLE (USA),Men's Moguls,Results Qualification,BONDAREV Anton,2532859,KAZ,34,52.98,15.0,29.8,8.18,1,bF,0.88,6.0,6.9,2,7op,0.88,2.8,2.9
FIS FREESTYLE SKI WORLD CUP 2024,2024-02-01,DEER VALLEY (USA),Men's Moguls,Results Final 1,KINGSBURY Mikael,2484937,CAN,1,82.09,16.6,49.5,15.99,1,bF,0.88,9.2,8.9,2,10op,1.05,7.5,7.8
FIS FREESTYLE SKI WORLD CUP 2024,2024-02-01,DEER VALLEY (USA),Men's Moguls,Results Final 1,HOLMGREN Albin,2532811,SWE,6,74.15,16.11,44.0,14.04,1,bF,0.88,7.2,7.3,2,7oG,1.01,7.8,7.4
FIS FREESTYLE SKI WORLD CUP 2024,2024-02-01,DEER VALLEY (USA),Men's Moguls,Results Final 1,WENDLER Landon,2534140,USA,8,73.96,16.38,45.1,12.48,1,7op,0.88,6.4,5.9,2,7oG,1.01,7.0,7.0
FIS FREESTYLE SKI WORLD CUP 2024,2024-02-01,DEER VALLEY (USA),Women's Moguls,Results Qualification,DEGROOTE Fantine,2533547,FRA,16,59.09,13.94,33.3,11.85,1,bG,0.92,6.8,6.4,2,bp,0.81,7.4,6.9
FIS FREESTYLE SKI WORLD CUP 2024,2023-12-14,ALPE D'HUEZ (FRA),Men's Moguls,Results Qualification,SUGIMOTO Kosuke,2528069,JPN,12,71.58,15.83,44.2,11.55,1,bG,0.82,7.6,7.3,2,7op,0.88,6.3,6.1
FIS FREESTYLE SKI WORLD CUP 2024,2023-12-14,ALPE D'HUEZ (FRA),Men's Moguls,Results Qualification,VERDAGUER FORN,2537082,ESP,30,58.56,16.08,34.1,8.38,1,7op,0.88,5.6,5.9,2,bp,0.71,4.5,4.9
FIS FREESTYLE SKI WORLD CUP 2023,2022-12-15,ALPE D'HUEZ (FRA),Men's Moguls,Results Qualification,FABIANI Mathis,2535562,FRA,39,50.21,9.98,27.7,12.53,1,bF,0.88,6.7,7.7,2,7op,0.88,6.8,7.3
FIS FREESTYLE SKI WORLD CUP 2023,2022-12-15,ALPE D'HUEZ (FRA),Women's Moguls,Results Qualification,JOHNSON Tess,2532270,USA,7,69.86,15.01,42.0,12.85,1,7o,0.95,7.1,7.0,2,bG,0.92,6.9,6.5
FIS FREESTYLE SKI WORLD CUP 2023,2022-12-15,ALPE D'HUEZ (FRA),Women's Moguls,Results Qualification,NAKAO Haruka,2533488,JPN,12,66.62,12.16,41.4,13.06,1,bG,0.92,6.1,5.8,2,7op,0.98,7.6,7.9
FIS FREESTYLE SKI WORLD CUP 2023,2022-12-15,ALPE D'HUEZ (FRA),Women's Moguls,Results Qualification,SCHWINGHAMMER,2533204,CAN,13,66.16,12.79,41.0,12.37,1,bT,0.78,6.8,6.2,2,bG,0.92,7.9,8.0
FIS FREESTYLE SKI WORLD CUP 2024,2024-01-19,VAL ST. COME (CAN),Women's Moguls,Results Final 1,HOGG Kasey,2534251,USA,11,65.25,17.96,38.1,9.19,1,bp,0.81,5.8,5.7,2,10op,1.15,4.2,3.7
FIS FREESTYLE SKI WORLD CUP 2024,2024-01-19,VAL ST. COME (CAN),Women's Moguls,Results Qualification,IHARA Haruka,2531368,JPN,24,55.69,16.63,29.0,10.06,1,bG,0.92,5.7,5.8,2,bp,0.81,5.8,6.0
FIS FREESTYLE SKI WORLD CUP 2024,2023-12-02,RUKA (FIN),Men's Moguls,Results Final 1,PENTTALA Olli,2528035,FIN,5,76.65,17.0,42.3,17.35,1,10op,1.05,8.4,8.6,2,7oG,1.01,8.3,8.4
FIS FREESTYLE SKI WORLD CUP 2024,2023-12-02,RUKA (FIN),Women's Moguls,Results Qualification,JOHNSON Tess,2532270,USA,5,71.54,17.25,40.5,13.79,1,bp,0.81,7.6,7.4,2,bG,0.92,8.3,8.5
FIS FREESTYLE SKI WORLD CUP 2024,2023-12-02,RUKA (FIN),Women's Moguls,Results Qualification,OWENS Kai,2534962,USA,19,60.91,15.98,33.7,11.23,1,7op,0.98,5.6,6.1,2,bp,0.81,6.6,7.0
FIS FREESTYLE SKI WORLD CUP 2024,2023-12-02,RUKA (FIN),Women's Moguls,Results Qualification,BROWN Berkley,2531523,CAN,21,56.86,16.26,29.4,11.2,1,bT,0.78,7.7,8.2,2,bG,0.92,5.4,5.5
FIS FREESTYLE SKI WORLD CUP 2024,2023-12-02,RUKA (FIN),Women's Moguls,Results Qualification,GUSTAFSON Moa,2535767,SWE,31,27.49,13.98,6.7,6.81,1,bp,0.81,4.7,4.3,2,bG,0.92,3.4,3.5
FIS FREESTYLE SKI WORLD CUP 2024,2023-12-15,ALPE D'HUEZ (FRA),Women's Moguls,Results Qualification,KAUF Jaelin,2529064,USA,3,72.38,17.91,45.5,8.97,1,bG,0.92,4.9,4.5,2,bp,0.81,5.6,5.9
FIS FREESTYLE SKI WORLD CUP 2024,2023-12-15,ALPE D'HUEZ (FRA),Women's Moguls,Results Qualification,MACUGA Alli,2534186,USA,10,66.96,15.46,40.2,11.3,1,bp,0.81,6.9,7.0,2,7op,0.98,5.8,5.8
FIS FREESTYLE SKI WORLD CUP 2024,2023-12-15,ALPE D'HUEZ (FRA),Women's Moguls,Results Qualification,TAGUCHI Yuma,2537043,JPN,25,41.0,13.38,22.4,5.22,1,bp,0.81,6.4,6.5,2,NJ,0.0,0.0,0.0
FIS FREESTYLE SKI WORLD CUP 2024,2024-03-08,ALMATY (KAZ),Men's Moguls,Results Final 1,KOLMAKOV Pavel,2528846,KAZ,6,73.17,14.92,42.4,15.85,1,bdF,1.05,7.6,8.1,2,10op,1.05,7.0,7.5
FIS FREESTYLE SKI WORLD CUP 2024,2024-03-08,ALMATY (KAZ),Men's Moguls,Results Qualification,PENTTALA Olli,2528035,FIN,17,69.67,15.47,41.7,12.5,1,10op,1.05,6.8,6.3,2,7op,0.88,6.8,6.0
FIS FREESTYLE SKI WORLD CUP 2024,2024-03-08,ALMATY (KAZ),Women's Moguls,Results Final 1,HOGG Kasey,2534251,USA,8,69.99,16.05,42.6,11.34,1,bp,0.81,5.2,5.8,2,bG,0.92,7.7,7.3
FIS FREESTYLE SKI WORLD CUP 2024,2024-03-08,ALMATY (KAZ),Women's Moguls,Results Final 1,GERKEN SCHOFIELD,2530540,GBR,10,68.23,16.44,41.7,10.09,1,bG,0.92,5.3,6.0,2,bp,0.81,6.0,6.1
FIS FREESTYLE SKI WORLD CUP 2024,2024-03-08,ALMATY (KAZ),Women's Moguls,Results Final 1,IHARA Haruka,2531368,JPN,12,67.31,14.15,42.2,10.96,1,bG,0.92,5.6,6.0,2,bp,0.81,6.8,7.1
FIS FREESTYLE SKI WORLD CUP 2024,2023-12-08,IDRE FJÄLL (SWE),Men's Moguls,Results Qualification,SHIMAKAWA Takuya,2530672,JPN,11,71.67,13.95,44.9,12.82,1,10op,1.05,6.2,6.0,2,7op,0.88,7.4,7.2
FIS FREESTYLE SKI WORLD CUP 2024,2023-12-08,IDRE FJÄLL (SWE),Men's Moguls,Results Qualification,CORDELL Sam,2532530,CAN,16,70.6,13.48,45.1,12.02,1,7oG,1.01,5.6,5.8,2,bG,0.82,7.5,7.8
FIS FREESTYLE SKI WORLD CUP 2024,2023-12-08,IDRE FJÄLL (SWE),Men's Moguls,Results Qualification,DUFRESNE Gabriel,2530240,CAN,25,66.37,15.48,39.2,11.69,1,bF,0.88,7.1,7.4,2,7op,0.88,6.1,6.0
FIS FREESTYLE SKI WORLD CUP 2024,2023-12-08,IDRE FJÄLL (SWE),Men's Moguls,Results Qualification,MERZ Linus,2533504,GER,43,41.64,12.78,19.6,9.26,1,7op,0.88,4.5,5.2,2,bp,0.71,6.9,7.2
FIS FREESTYLE SKI WORLD CUP 2024,2024-01-26,WATERVILLE (USA),Men's Moguls,Results Qualification,FUJIKI Goshin,2529670,JPN,14,68.82,15.65,40.9,12.27,1,bF,0.88,6.4,7.0,2,7op,0.88,6.8,7.7
FIS FREESTYLE SKI WORLD CUP 2024,2024-02-01,DEER VALLEY (USA),Men's Moguls,Results Final 1,WALCZYK Dylan,2527085,USA,13,67.91,15.58,43.7,8.63,1,bG,0.82,7.0,6.9,2,7op,0.88,3.6,3.1
FIS FREESTYLE SKI WORLD CUP 2024,2024-02-01,DEER VALLEY (USA),Men's Moguls,Results Final 1,CAVET Benjamin,2530514,FRA,14,42.76,16.0,20.6,6.16,1,bF,0.88,7.0,7.0,2,NJ,0.0,0.0,0.0
FIS FREESTYLE SKI WORLD CUP 2024,2024-02-01,DEER VALLEY (USA),Women's Moguls,Results Final 1,SOAR Hannah,2531373,USA,6,65.88,14.9,41.9,9.08,1,bp,0.81,5.1,4.4,2,bG,0.92,6.0,5.4
FIS FREESTYLE SKI WORLD CUP 2024,2024-02-01,DEER VALLEY (USA),Women's Moguls,Results Qualification,MACUGA Alli,2534186,USA,6,63.88,15.8,36.0,12.08,1,bp,0.81,6.6,6.8,2,7op,0.98,6.6,7.0
FIS FREESTYLE SKI WORLD CUP 2024,2023-12-14,ALPE D'HUEZ (FRA),Men's Moguls,Results Qualification,SHIMAKAWA Takuya,2530672,JPN,11,71.91,16.44,43.1,12.37,1,7oG,1.01,7.0,6.9,2,7op,0.88,6.1,6.1
FIS FREESTYLE SKI WORLD CUP 2024,2023-12-14,ALPE D'HUEZ (FRA),Men's Moguls,Results Qualification,JEANNESSON Mateo,2535572,GBR,15,69.69,16.19,43.7,9.8,1,bF,0.88,5.4,5.6,2,7op,0.88,5.7,5.6
FIS FREESTYLE SKI WORLD CUP 2023,2022-12-15,ALPE D'HUEZ (FRA),Men's Moguls,Results Qualification,CHUNLAUD Kerrian,2527600,CAN,44,42.63,12.18,21.4,9.05,1,7op,0.88,6.4,7.7,2,bT,0.68,4.0,4.4
FIS FREESTYLE SKI WORLD CUP 2023,2022-12-15,ALPE D'HUEZ (FRA),Women's Moguls,Results Qualification,KAUF Jaelin,2529064,USA,4,73.07,16.28,44.1,12.69,1,bG,0.92,7.2,7.3,2,bp,0.81,7.5,7.4
FIS FREESTYLE SKI WORLD CUP 2023,2022-12-15,ALPE D'HUEZ (FRA),Women's Moguls,Results Qualification,SAMANKOVA Dorota,2534483,CZE,26,9.22,1.52,1.7,6.0,1,bG,0.92,2.4,2.7,2,bT,0.78,4.9,4.5
FIS FREESTYLE SKI WORLD CUP 2024,2024-01-19,VAL ST. COME (CAN),Women's Moguls,Results Final 1,YANAGIMOTO Rino,2532040,JPN,9,68.36,18.14,41.5,8.72,1,bp,0.81,6.0,6.1,2,7op,0.98,3.8,4.0
FIS FREESTYLE SKI WORLD CUP 2024,2024-01-19,VAL ST. COME (CAN),Women's Moguls,Results Qualification,GUSTAFSON Moa,2535767,SWE,23,58.4,17.43,32.5,8.47,1,bp,0.81,5.7,5.6,2,bG,0.92,4.2,4.3
FIS FREESTYLE SKI WORLD CUP 2024,2024-01-19,VAL ST. COME (CAN),Women's Moguls,Results Qualification,BERGHUIS Janneke,2532759,NED,26,51.73,11.66,31.8,8.27,1,bG,0.92,5.0,5.5,2,bp,0.81,4.3,4.2
FIS FREESTYLE SKI WORLD CUP 2024,2023-12-02,RUKA (FIN),Men's Moguls,Results Final 1,JEANNESSON Mateo,2535572,GBR,6,76.5,17.0,44.0,15.5,1,bF,0.88,7.6,7.7,2,7oG,1.01,8.6,8.8
FIS FREESTYLE SKI WORLD CUP 2024,2023-12-02,RUKA (FIN),Women's Moguls,Results Final 1,KAJIWARA Yuki,2533769,JPN,14,60.42,16.84,32.6,10.98,1,bp,0.81,5.8,6.2,2,7op,0.98,6.5,6.0
FIS FREESTYLE SKI WORLD CUP 2024,2023-12-02,RUKA (FIN),Women's Moguls,Results Qualification,CABROL Camille,2530274,FRA,22,56.01,15.4,32.2,8.41,1,bp,0.81,4.7,4.5,2,bG,0.92,5.2,5.0
FIS FREESTYLE SKI WORLD CUP 2024,2023-12-22,BAKURIANI (GEO),Men's Moguls,Results Final 1,MARCELLINI Dylan,2534089,USA,13,69.58,15.79,41.7,12.09,1,7oG,1.01,7.2,7.2,2,bp,0.71,6.8,6.8
FIS FREESTYLE SKI WORLD CUP 2024,2023-12-22,BAKURIANI (GEO),Women's Moguls,Results Final 1,TOMITAKA Hinako,2532031,JPN,2,74.99,14.51,45.2,15.28,1,bG,0.92,8.2,8.1,2,7op,0.98,8.0,7.9
FIS FREESTYLE SKI WORLD CUP 2024,2023-12-22,BAKURIANI (GEO),Women's Moguls,Results Final 1,KAUF Jaelin,2529064,USA,5,70.66,17.09,42.4,11.17,1,bG,0.92,6.2,6.4,2,bp,0.81,6.5,6.8
FIS FREESTYLE SKI WORLD CUP 2024,2024-03-08,ALMATY (KAZ),Men's Moguls,Results Overall,SUIRE Martin,2528624,FRA,19,69.13,15.14,42.5,11.49,1,7oG,1.01,6.7,7.1,2,7op,0.88,5.0,5.3
FIS FREESTYLE SKI WORLD CUP 2024,2024-03-08,ALMATY (KAZ),Men's Moguls,Results Qualification,HOLMGREN Albin,2532811,SWE,12,72.06,13.84,43.6,14.62,1,bF,0.88,8.0,7.0,2,7oG,1.01,7.9,8.0
FIS FREESTYLE SKI WORLD CUP 2024,2024-03-08,ALMATY (KAZ),Men's Moguls,Results Qualification,VIERELA Severi,2533386,FIN,14,71.06,14.54,41.0,15.52,1,7oG,1.01,8.4,7.9,2,10op,1.05,7.0,6.9
FIS FREESTYLE SKI WORLD CUP 2024,2024-03-08,ALMATY (KAZ),Men's Moguls,Results Qualification,SHIMAKAWA Takuya,2530672,JPN,21,67.17,14.27,40.9,12.0,1,10op,1.05,5.8,6.1,2,7op,0.88,6.8,6.3
FIS FREESTYLE SKI WORLD CUP 2024,2023-12-08,IDRE FJÄLL (SWE),Men's Moguls,Results Qualification,WOODS Cooper,2532161,AUS,8,72.89,15.13,45.1,12.66,1,bF,0.88,8.1,8.5,2,7op,0.88,6.2,6.0
FIS FREESTYLE SKI WORLD CUP 2024,2023-12-08,IDRE FJÄLL (SWE),Men's Moguls,Results Qualification,BUZZI Enea,2533002,SUI,35,60.55,14.93,35.2,10.42,1,bF,0.88,5.9,6.4,2,7op,0.88,5.5,5.9
FIS FREESTYLE SKI WORLD CUP 2024,2023-12-08,IDRE FJÄLL (SWE),Men's Moguls,Results Qualification,CROZET James,2533249,FRA,39,53.98,13.67,31.5,8.81,1,7op,0.88,6.5,6.2,2,7oG,1.01,3.4,3.0
FIS FREESTYLE SKI WORLD CUP 2024,2023-12-08,IDRE FJÄLL (SWE),Men's Moguls,Results Qualification,WAERME Karl,2534862,SWE,48,16.99,7.03,4.6,5.36,1,7op,0.88,6.0,6.2,2,NJ,0.0,0.0,0.0
FIS FREESTYLE SKI WORLD CUP 2024,2024-01-26,WATERVILLE (USA),Men's Moguls,Results Qualification,WOODS Cooper,2532161,AUS,4,78.04,14.5,48.1,15.44,1,bF,0.88,9.0,9.7,2,7op,0.88,8.0,8.4
FIS FREESTYLE SKI WORLD CUP 2024,2024-01-26,WATERVILLE (USA),Men's Moguls,Results Qualification,KAWAOKA Shima,2533771,JPN,10,70.61,15.97,43.7,10.94,1,7oG,1.01,5.7,5.1,2,7op,0.88,6.6,5.9
FIS FREESTYLE SKI WORLD CUP 2024,2024-01-26,WATERVILLE (USA),Men's Moguls,Results Qualification,McDONALD Cole,2534511,USA,13,69.59,15.16,41.0,13.43,1,10op,1.05,8.0,7.2,2,7op,0.88,6.7,5.7
FIS FREESTYLE SKI WORLD CUP 2024,2024-01-26,WATERVILLE (USA),Men's Moguls,Results Qualification,KOLMAKOV Pavel,2528846,KAZ,27,65.69,18.38,36.4,10.91,1,10op,1.05,5.6,5.8,2,bp,0.71,7.0,6.9
FIS FREESTYLE SKI WORLD CUP 2024,2024-01-26,WATERVILLE (USA),Men's Moguls,Results Qualification,VIERELA Severi,2533386,FIN,31,61.43,15.26,36.1,10.07,1,bF,0.88,4.5,5.8,2,7op,0.88,5.8,6.8
FIS FREESTYLE SKI WORLD CUP 2024,2024-01-26,WATERVILLE (USA),Men's Moguls,Results Qualification,GRAVENFORS Filip,2534858,SWE,35,52.1,15.45,23.2,13.45,1,10op,1.05,8.2,8.1,2,bp,0.71,7.2,6.6
FIS FREESTYLE SKI WORLD CUP 2024,2024-02-01,DEER VALLEY (USA),Women's Moguls,Results Final 1,GIACCIO Olivia,2532241,USA,1,70.79,16.51,43.4,10.88,1,bF,0.98,4.1,4.4,2,10op,1.15,6.3,5.4
FIS FREESTYLE SKI WORLD CUP 2024,2024-02-01,DEER VALLEY (USA),Women's Moguls,Results Qualification,JOHNSON Tess,2532270,USA,14,59.55,13.38,35.3,10.87,1,bp,0.81,6.5,6.4,2,bG,0.92,6.4,5.9
FIS FREESTYLE SKI WORLD CUP 2024,2024-02-01,DEER VALLEY (USA),Women's Moguls,Results Qualification,DOOLEY Claire,2535435,IRL,27,7.86,0.0,0.3,7.56,1,3,0.78,4.8,4.5,2,bT,0.78,4.9,5.2
FIS FREESTYLE SKI WORLD CUP 2024,2023-12-14,ALPE D'HUEZ (FRA),Men's Moguls,Results Qualification,YEMELYANOV Maxim,2535387,KAZ,40,48.89,11.89,27.4,9.6,1,7op,0.88,5.2,5.5,2,7oG,1.01,4.7,5.0
FIS FREESTYLE SKI WORLD CUP 2023,2022-12-15,ALPE D'HUEZ (FRA),Men's Moguls,Results Qualification,JUNG Daeyoon,2534856,KOR,24,66.65,12.07,41.4,13.18,1,bF,0.88,6.6,7.1,2,7oG,1.01,6.4,7.8
FIS FREESTYLE SKI WORLD CUP 2023,2022-12-15,ALPE D'HUEZ (FRA),Men's Moguls,Results Qualification,BEAUREGARD Ian,2533390,USA,43,42.75,13.37,19.7,9.68,1,7op,0.88,7.2,6.8,2,DTS,0.62,6.2,5.2
FIS FREESTYLE SKI WORLD CUP 2023,2022-12-15,ALPE D'HUEZ (FRA),Women's Moguls,Results Qualification,MACUGA Alli,2534186,USA,11,67.28,14.26,41.9,11.12,1,bp,0.81,6.9,6.4,2,7o,0.95,5.4,6.7
FIS FREESTYLE SKI WORLD CUP 2023,2022-12-15,ALPE D'HUEZ (FRA),Women's Moguls,Results Qualification,RAMSAUER Katharina,2530097,AUT,24,23.8,7.53,9.3,6.97,1,bT,0.78,5.4,6.0,2,bG,0.92,2.5,3.0
FIS FREESTYLE SKI WORLD CUP 2024,2024-01-19,VAL ST. COME (CAN),Women's Moguls,Results Final 1,BROWN Berkley,2531523,CAN,8,69.12,17.48,41.3,10.34,1,bT,0.78,4.5,4.7,2,bG,0.92,7.3,7.4
FIS FREESTYLE SKI WORLD CUP 2024,2024-01-19,VAL ST. COME (CAN),Women's Moguls,Results Final 1,DESMARAIS-GILBERT,2531811,CAN,12,64.53,15.01,38.5,11.02,1,bG,0.92,5.7,5.5,2,bp,0.81,7.1,7.4
FIS FREESTYLE SKI WORLD CUP 2024,2024-01-19,VAL ST. COME (CAN),Women's Moguls,Results Final 1,CABROL Camille,2530274,FRA,13,63.18,13.99,39.9,9.29,1,bp,0.81,4.5,4.6,2,bG,0.92,6.0,6.2
FIS FREESTYLE SKI WORLD CUP 2024,2024-01-19,VAL ST. COME (CAN),Women's Moguls,Results Qualification,LINTON Jessica,2533613,CAN,17,60.83,14.65,37.3,8.88,1,bG,0.92,4.2,4.3,2,bp,0.81,6.2,6.1
FIS FREESTYLE SKI WORLD CUP 2024,2023-12-02,RUKA (FIN),Women's Moguls,Results Final 1,LEMLEY Elizabeth,2537762,USA,3,74.2,19.28,40.2,14.72,1,bp,0.81,8.4,8.6,2,7op,0.98,8.0,8.0
FIS FREESTYLE SKI WORLD CUP 2024,2023-12-02,RUKA (FIN),Women's Moguls,Results Final 1,KAUF Jaelin,2529064,USA,5,72.19,19.06,42.7,10.43,1,bG,0.92,5.7,5.5,2,7op,0.98,5.6,5.2
FIS FREESTYLE SKI WORLD CUP 2024,2023-12-02,RUKA (FIN),Women's Moguls,Results Final 1,SCHWINGHAMMER,2533204,CAN,9,68.95,17.22,40.1,11.63,1,bT,0.78,8.4,8.6,2,bG,0.92,5.9,5.0
FIS FREESTYLE SKI WORLD CUP 2024,2023-12-02,RUKA (FIN),Women's Moguls,Results Final 1,MACUGA Alli,2534186,USA,10,68.74,18.44,38.6,11.7,1,bF,0.98,6.3,6.1,2,7op,0.98,5.8,5.7
FIS FREESTYLE SKI WORLD CUP 2024,2023-12-02,RUKA (FIN),Women's Moguls,Results Qualification,ASANO Shiori,2534377,JPN,18,61.03,14.25,35.6,11.18,1,bG,0.92,5.0,4.7,2,bp,0.81,8.4,8.2
FIS FREESTYLE SKI WORLD CUP 2024,2023-12-02,RUKA (FIN),Women's Moguls,Results Qualification,TAGUCHI Yuma,2537043,JPN,23,52.56,14.05,28.6,9.91,1,bp,0.81,5.5,4.8,2,bG,0.92,6.0,6.5
FIS FREESTYLE SKI WORLD CUP 2024,2023-12-15,ALPE D'HUEZ (FRA),Women's Moguls,Results Qualification,YANAGIMOTO Rino,2532040,JPN,2,72.52,14.93,45.3,12.29,1,bp,0.81,7.9,7.6,2,7op,0.98,6.2,6.1
FIS FREESTYLE SKI WORLD CUP 2024,2023-12-15,ALPE D'HUEZ (FRA),Women's Moguls,Results Qualification,AMRENOVA Ayaulym,2532085,KAZ,15,60.06,13.3,33.6,13.16,1,bG,0.92,6.5,7.2,2,7op,0.98,7.0,7.0
FIS FREESTYLE SKI WORLD CUP 2024,2023-12-15,ALPE D'HUEZ (FRA),Women's Moguls,Results Qualification,MA Zhuoni,2533012,CHN,29,30.86,7.42,18.8,4.64,1,bT,0.78,3.2,3.4,2,bG,0.92,2.5,2.0
FIS FREESTYLE SKI WORLD CUP 2024,2023-12-22,BAKURIANI (GEO),Men's Moguls,Results Final 1,KINGSBURY Mikael,2484937,CAN,1,79.44,15.01,47.6,16.83,1,bF,0.88,9.3,9.4,2,10op,1.05,8.3,8.1
FIS FREESTYLE SKI WORLD CUP 2024,2023-12-22,BAKURIANI (GEO),Men's Moguls,Results Final 1,VIEL Julien,2534074,CAN,4,73.66,13.16,46.3,14.2,1,bF,0.88,8.9,8.6,2,7op,0.88,7.4,7.4
FIS FREESTYLE SKI WORLD CUP 2024,2023-12-22,BAKURIANI (GEO),Women's Moguls,Results Final 1,GALYSHEVA Yuliya,2484307,KAZ,9,68.22,15.26,40.1,12.86,1,bG,0.92,6.9,6.9,2,bp,0.81,8.0,8.1
FIS FREESTYLE SKI WORLD CUP 2024,2024-03-08,ALMATY (KAZ),Men's Moguls,Results Overall,GRAHAM Matt,2441426,AUS,3,80.81,17.22,47.9,15.69,1,bdF,1.05,7.4,7.5,2,10op,1.05,7.7,7.3
FIS FREESTYLE SKI WORLD CUP 2024,2024-03-08,ALMATY (KAZ),Men's Moguls,Results Qualification,KOLMAKOV Pavel,2528846,KAZ,10,73.0,14.56,45.3,13.14,1,bF,0.88,8.2,7.8,2,7oG,1.01,5.8,6.3
FIS FREESTYLE SKI WORLD CUP 2024,2024-03-08,ALMATY (KAZ),Men's Moguls,Results Qualification,DUFRESNE Gabriel,2530240,CAN,22,65.78,14.73,38.7,12.35,1,10op,1.05,4.7,5.0,2,7oG,1.01,7.5,6.9
FIS FREESTYLE SKI WORLD CUP 2024,2024-03-08,ALMATY (KAZ),Women's Moguls,Results Final 1,SCHWINGHAMMER,2533204,CAN,13,64.85,14.95,38.3,11.6,1,7op,0.98,3.8,4.5,2,bG,0.92,8.5,7.9
FIS FREESTYLE SKI WORLD CUP 2024,2023-12-08,IDRE FJÄLL (SWE),Men's Moguls,Results Qualification,CHALIFOUX Louis-,2534234,CAN,9,72.77,15.13,45.9,11.74,1,bF,0.88,7.9,8.1,2,7op,0.88,5.5,5.2
FIS FREESTYLE SKI WORLD CUP 2024,2023-12-08,IDRE FJÄLL (SWE),Men's Moguls,Results Qualification,PENTTALA Olli,2528035,FIN,23,67.63,15.9,39.6,12.13,1,10op,1.05,6.3,6.6,2,7op,0.88,6.2,6.0
FIS FREESTYLE SKI WORLD CUP 2024,2024-01-26,WATERVILLE (USA),Men's Moguls,Results Qualification,KROUPA Matyas,2537792,CZE,32,60.96,12.59,36.9,11.47,1,7oG,1.01,6.5,6.0,2,bG,0.82,6.7,5.9
FIS FREESTYLE SKI WORLD CUP 2024,2024-01-26,WATERVILLE (USA),Men's Moguls,Results Qualification,BUGAKOV Fyodor,2535809,KAZ,36,50.74,9.96,31.9,8.88,1,bF,0.88,5.6,6.0,2,7op,0.88,4.8,3.8
FIS FREESTYLE SKI WORLD CUP 2024,2024-02-01,DEER VALLEY (USA),Men's Moguls,Results Final 1,WALLBERG Walter,2532001,SWE,3,77.75,17.44,46.5,13.81,1,bF,0.88,7.0,7.7,2,10op,1.05,6.8,7.2
FIS FREESTYLE SKI WORLD CUP 2024,2024-02-01,DEER VALLEY (USA),Women's Moguls,Results Qualification,IHARA Haruka,2531368,JPN,21,55.11,13.45,33.7,7.96,1,bG,0.92,4.2,5.9,2,bp,0.81,4.0,4.2
FIS FREESTYLE SKI WORLD CUP 2024,2023-12-14,ALPE D'HUEZ (FRA),Men's Moguls,Results Qualification,WOODS Cooper,2532161,AUS,6,74.22,17.03,43.3,13.89,1,bF,0.88,8.1,8.1,2,7op,0.88,7.8,7.6
FIS FREESTYLE SKI WORLD CUP 2024,2023-12-14,ALPE D'HUEZ (FRA),Men's Moguls,Results Qualification,MURATA Yutaro,2530684,JPN,13,71.13,16.25,43.5,11.38,1,bF,0.88,6.8,6.8,2,7op,0.88,6.1,6.2
FIS FREESTYLE SKI WORLD CUP 2024,2023-12-14,ALPE D'HUEZ (FRA),Men's Moguls,Results Qualification,BOURDETTE Marius,2532799,FRA,26,61.61,16.25,37.8,7.56,1,bF,0.88,4.4,4.8,2,7op,0.88,4.0,4.0
FIS FREESTYLE SKI WORLD CUP 2023,2022-12-15,ALPE D'HUEZ (FRA),Men's Moguls,Results Qualification,VERDAGUER Lucas,2535379,ESP,36,59.33,12.48,37.3,9.55,1,7op,0.88,5.8,5.6,2,bp,0.71,6.1,6.7
FIS FREESTYLE SKI WORLD CUP 2023,2022-12-15,ALPE D'HUEZ (FRA),Men's Moguls,Results Qualification,GAJDECKA Marek,2535392,CZE,52,2.4,0.0,0.3,2.1,1,bT,0.68,2.5,3.7,2,NJ,0.0,0.0,0.0
FIS FREESTYLE SKI WORLD CUP 2024,2024-01-19,VAL ST. COME (CAN),Women's Moguls,Results Final 1,DEGROOTE Fantine,2533547,FRA,10,65.6,13.95,38.3,13.35,1,bG,0.92,6.8,6.8,2,7op,0.98,7.2,7.3
FIS FREESTYLE SKI WORLD CUP 2024,2023-12-02,RUKA (FIN),Men's Moguls,Results Final 1,KINGSBURY Mikael,2484937,CAN,2,80.11,17.22,47.3,15.59,1,bdF,1.05,7.8,7.7,2,10op,1.05,7.2,7.0
FIS FREESTYLE SKI WORLD CUP 2024,2023-12-02,RUKA (FIN),Men's Moguls,Results Final 1,HORISHIMA Ikuma,2529645,JPN,3,78.59,17.0,45.4,16.19,1,bF,0.88,9.2,9.0,2,10op,1.05,7.8,7.8
FIS FREESTYLE SKI WORLD CUP 2024,2023-12-02,RUKA (FIN),Men's Moguls,Results Final 1,VIEL Julien,2534074,CAN,8,74.2,17.55,42.2,14.45,1,bF,0.88,8.4,8.6,2,10op,1.05,6.8,6.5
FIS FREESTYLE SKI WORLD CUP 2024,2023-12-15,ALPE D'HUEZ (FRA),Women's Moguls,Results Qualification,BERGHUIS Janneke,2532759,NED,24,43.54,11.26,24.8,7.48,1,bp,0.81,5.8,6.1,2,bG,0.92,2.8,3.0
FIS FREESTYLE SKI WORLD CUP 2024,2023-12-15,ALPE D'HUEZ (FRA),Women's Moguls,Results Qualification,JOLY Lily,2538028,FRA,26,38.77,10.78,19.5,8.49,1,bG,0.92,5.4,5.5,2,bp,0.81,4.4,4.2
FIS FREESTYLE SKI WORLD CUP 2024,2023-12-22,BAKURIANI (GEO),Men's Moguls,Results Final 1,SHIMAKAWA Takuya,2530672,JPN,14,69.12,13.63,42.0,13.49,1,7oG,1.01,7.0,7.1,2,7op,0.88,7.2,7.3
FIS FREESTYLE SKI WORLD CUP 2024,2023-12-22,BAKURIANI (GEO),Women's Moguls,Results Final 1,MACUGA Alli,2534186,USA,4,72.28,16.12,43.3,12.86,1,bp,0.81,7.7,7.5,2,7op,0.98,6.8,6.9
FIS FREESTYLE SKI WORLD CUP 2024,2024-03-08,ALMATY (KAZ),Men's Moguls,Results Overall,CAVET Benjamin,2530514,FRA,8,71.88,16.1,43.4,12.38,1,bF,0.88,8.2,7.9,2,10op,1.05,5.0,5.1
FIS FREESTYLE SKI WORLD CUP 2024,2024-03-08,ALMATY (KAZ),Men's Moguls,Results Overall,WALCZYK Dylan,2527085,USA,14,66.24,16.61,39.3,10.33,1,bG,0.82,6.8,6.3,2,7op,0.88,5.5,5.8
FIS FREESTYLE SKI WORLD CUP 2024,2024-03-08,ALMATY (KAZ),Men's Moguls,Results Final 1,CAVET Benjamin,2530514,FRA,8,71.88,16.1,43.4,12.38,1,bF,0.88,8.2,7.9,2,10op,1.05,5.0,5.1
FIS FREESTYLE SKI WORLD CUP 2024,2024-03-08,ALMATY (KAZ),Men's Moguls,Results Qualification,McDONALD Cole,2534511,USA,11,72.27,15.08,43.4,13.79,1,10op,1.05,6.3,6.5,2,7op,0.88,8.2,7.9
FIS FREESTYLE SKI WORLD CUP 2024,2024-03-08,ALMATY (KAZ),Men's Moguls,Results Qualification,BUGAKOV Fyodor,2535809,KAZ,25,61.47,14.74,37.0,9.73,1,10op,1.05,4.4,4.0,2,7op,0.88,6.3,5.8
FIS FREESTYLE SKI WORLD CUP 2024,2024-03-08,ALMATY (KAZ),Men's Moguls,Results Qualification,CROZET James,2533249,FRA,28,59.78,13.88,37.5,8.4,1,7op,0.88,5.8,5.5,2,7oG,1.01,3.3,3.5
FIS FREESTYLE SKI WORLD CUP 2024,2023-12-08,IDRE FJÄLL (SWE),Men's Moguls,Results Qualification,McDONALD Cole,2534511,USA,6,73.88,15.17,44.4,14.31,1,bF,0.88,7.7,7.9,2,10op,1.05,6.9,7.3
FIS FREESTYLE SKI WORLD CUP 2024,2023-12-08,IDRE FJÄLL (SWE),Men's Moguls,Results Qualification,PAGE Nick,2533462,USA,7,73.57,15.59,44.3,13.68,1,10op,1.05,6.7,6.8,2,7op,0.88,7.3,7.7
FIS FREESTYLE SKI WORLD CUP 2024,2023-12-08,IDRE FJÄLL (SWE),Men's Moguls,Results Qualification,WALCZYK Dylan,2527085,USA,17,70.31,14.84,42.9,12.57,1,bG,0.82,8.1,8.3,2,7op,0.88,6.4,6.9
FIS FREESTYLE SKI WORLD CUP 2024,2023-12-08,IDRE FJÄLL (SWE),Men's Moguls,Results Qualification,KARJALAINEN,2534001,FIN,28,64.99,14.62,41.5,8.87,1,bF,0.88,3.3,2.8,2,10op,1.05,5.9,5.9
FIS FREESTYLE SKI WORLD CUP 2024,2023-12-08,IDRE FJÄLL (SWE),Men's Moguls,Results Qualification,KOLMAKOV Pavel,2528846,KAZ,32,63.4,14.75,38.9,9.75,1,bF,0.88,6.9,7.6,2,7oG,1.01,2.7,4.0
FIS FREESTYLE SKI WORLD CUP 2024,2024-01-26,WATERVILLE (USA),Men's Moguls,Results Qualification,WALLBERG Walter,2532001,SWE,3,78.98,15.61,47.8,15.57,1,bF,0.88,8.7,8.7,2,7oG,1.01,8.0,7.7
FIS FREESTYLE SKI WORLD CUP 2024,2024-01-26,WATERVILLE (USA),Men's Moguls,Results Qualification,CHALIFOUX Louis-,2534234,CAN,7,74.04,15.64,45.3,13.1,1,bF,0.88,7.8,8.3,2,7op,0.88,6.3,7.4
FIS FREESTYLE SKI WORLD CUP 2024,2024-01-26,WATERVILLE (USA),Men's Moguls,Results Qualification,PENTTALA Olli,2528035,FIN,17,67.98,15.9,39.3,12.78,1,10op,1.05,7.0,6.8,2,7op,0.88,6.5,6.1
FIS FREESTYLE SKI WORLD CUP 2024,2024-01-26,WATERVILLE (USA),Men's Moguls,Results Qualification,NISHIZAWA Taketo,2531352,JPN,29,64.71,15.78,38.4,10.53,1,bF,0.88,6.9,7.4,2,7oG,1.01,4.2,4.2
FIS FREESTYLE SKI WORLD CUP 2024,2024-01-26,WATERVILLE (USA),Men's Moguls,Results Qualification,MURATA Yutaro,2530684,JPN,40,39.25,16.29,16.5,6.46,1,bF,0.88,1.0,1.0,2,7op,0.88,6.7,6.0
FIS FREESTYLE SKI WORLD CUP 2024,2024-02-01,DEER VALLEY (USA),Women's Moguls,Results Qualification,WEESE Hanna,2532819,GER,20,57.2,14.4,31.9,10.9,1,bG,0.92,6.6,6.2,2,bp,0.81,6.0,6.4
FIS FREESTYLE SKI WORLD CUP 2024,2023-12-14,ALPE D'HUEZ (FRA),Men's Moguls,Results Qualification,OLGAARD Robin,2534212,SWE,28,61.15,14.54,36.3,10.31,1,7oG,1.01,5.6,5.7,2,7op,0.88,5.2,5.3
FIS FREESTYLE SKI WORLD CUP 2023,2022-12-15,ALPE D'HUEZ (FRA),Women's Moguls,Results Qualification,AMRENOVA Ayaulym,2532085,KAZ,16,62.65,12.31,38.5,11.84,1,bG,0.92,6.5,7.2,2,bp,0.81,7.0,6.7
FIS FREESTYLE SKI WORLD CUP 2023,2022-12-15,ALPE D'HUEZ (FRA),Women's Moguls,Results Qualification,HOGG Kasey,2534251,USA,17,60.35,13.0,38.3,9.05,1,bT,0.78,5.3,5.5,2,7op,0.98,4.2,5.7
FIS FREESTYLE SKI WORLD CUP 2024,2024-01-19,VAL ST. COME (CAN),Women's Moguls,Results Final 1,ANTHONY Jakara,2530720,AUS,1,81.18,17.97,47.4,15.81,1,7oG,1.11,7.2,7.3,2,bG,0.92,8.4,8.5
FIS FREESTYLE SKI WORLD CUP 2024,2024-01-19,VAL ST. COME (CAN),Women's Moguls,Results Qualification,GIACCIO Olivia,2532241,USA,3,73.76,17.0,43.0,13.76,1,bF,0.98,6.3,6.4,2,7op,0.98,7.5,7.9
FIS FREESTYLE SKI WORLD CUP 2024,2024-01-19,VAL ST. COME (CAN),Women's Moguls,Results Qualification,TOMITAKA Hinako,2532031,JPN,7,69.83,15.83,42.0,12.0,1,bG,0.92,6.1,6.2,2,bp,0.81,7.8,7.9
FIS FREESTYLE SKI WORLD CUP 2024,2024-01-19,VAL ST. COME (CAN),Women's Moguls,Results Qualification,CABROL Camille,2530274,FRA,14,63.02,14.81,39.1,9.11,1,bp,0.81,5.8,5.6,2,bG,0.92,4.8,5.0
FIS FREESTYLE SKI WORLD CUP 2024,2024-01-19,VAL ST. COME (CAN),Women's Moguls,Results Qualification,GORODKO,2535385,KAZ,16,62.9,15.64,37.4,9.86,1,bG,0.92,6.1,6.2,2,7op,0.98,4.2,4.4
FIS FREESTYLE SKI WORLD CUP 2024,2024-01-19,VAL ST. COME (CAN),Women's Moguls,Results Qualification,RAMSAUER Katharina,2530097,AUT,27,49.77,13.29,29.9,6.58,1,bT,0.78,3.8,4.0,2,bG,0.92,3.7,4.0
FIS FREESTYLE SKI WORLD CUP 2024,2023-12-02,RUKA (FIN),Men's Moguls,Results Final 1,VIERELA Severi,2533386,FIN,14,72.64,15.9,40.7,16.04,1,7oG,1.01,8.2,8.6,2,10op,1.05,7.4,7.0
FIS FREESTYLE SKI WORLD CUP 2024,2023-12-02,RUKA (FIN),Women's Moguls,Results Final 1,NAKAO Haruka,2533488,JPN,13,64.23,17.8,33.3,13.13,1,bG,0.92,6.2,6.4,2,7op,0.98,7.4,7.6
FIS FREESTYLE SKI WORLD CUP 2024,2023-12-02,RUKA (FIN),Women's Moguls,Results Qualification,MACUGA Alli,2534186,USA,10,68.64,17.5,39.1,12.04,1,bF,0.98,6.1,5.6,2,7op,0.98,6.8,6.1
FIS FREESTYLE SKI WORLD CUP 2024,2023-12-02,RUKA (FIN),Women's Moguls,Results Qualification,RAMSAUER Katharina,2530097,AUT,27,40.02,16.49,14.7,8.83,1,bp,0.81,6.0,5.6,2,bG,0.92,4.8,4.2
FIS FREESTYLE SKI WORLD CUP 2024,2023-12-15,ALPE D'HUEZ (FRA),Women's Moguls,Results Qualification,DUAUX Marie,2537443,FRA,23,49.83,11.31,30.6,7.92,1,bG,0.92,5.0,5.0,2,bp,0.81,4.1,4.1
FIS FREESTYLE SKI WORLD CUP 2024,2023-12-22,BAKURIANI (GEO),Women's Moguls,Results Final 1,CABROL Camille,2530274,FRA,14,65.27,13.73,40.5,11.04,1,bp,0.81,7.0,7.1,2,bG,0.92,5.9,5.7
FIS FREESTYLE SKI WORLD CUP 2024,2023-12-22,BAKURIANI (GEO),Women's Moguls,Results Final 1,KAJIWARA Yuki,2533769,JPN,15,63.31,13.41,38.0,11.9,1,7op,0.98,6.2,6.2,2,bp,0.81,7.3,7.1
FIS FREESTYLE SKI WORLD CUP 2024,2024-03-08,ALMATY (KAZ),Men's Moguls,Results Overall,VIEL Julien,2534074,CAN,11,69.18,15.37,42.8,11.01,1,bF,0.88,7.0,7.3,2,10op,1.05,4.0,5.0
FIS FREESTYLE SKI WORLD CUP 2024,2024-03-08,ALMATY (KAZ),Men's Moguls,Results Overall,MARCELLINI Dylan,2534089,USA,24,64.01,15.37,38.4,10.24,1,7op,0.88,6.2,6.3,2,7oG,1.01,4.4,5.0
FIS FREESTYLE SKI WORLD CUP 2024,2024-03-08,ALMATY (KAZ),Men's Moguls,Results Final 1,GRAVENFORS Filip,2534858,SWE,5,74.94,16.32,44.9,13.72,1,10op,1.05,6.0,6.2,2,7oG,1.01,7.4,7.1
FIS FREESTYLE SKI WORLD CUP 2024,2024-03-08,ALMATY (KAZ),Men's Moguls,Results Final 1,VIEL Julien,2534074,CAN,11,69.18,15.37,42.8,11.01,1,bF,0.88,7.0,7.3,2,10op,1.05,4.0,5.0
FIS FREESTYLE SKI WORLD CUP 2024,2024-03-08,ALMATY (KAZ),Men's Moguls,Results Qualification,KARJALAINEN,2534001,FIN,30,59.01,15.14,37.5,6.37,1,bF,0.88,3.8,3.7,2,lG,0.82,3.5,4.0
FIS FREESTYLE SKI WORLD CUP 2024,2024-03-08,ALMATY (KAZ),Women's Moguls,Results Final 1,SOAR Hannah,2531373,USA,6,71.06,15.39,45.2,10.47,1,bp,0.81,5.7,6.2,2,bG,0.92,6.0,6.3
FIS FREESTYLE SKI WORLD CUP 2024,2023-12-08,IDRE FJÄLL (SWE),Men's Moguls,Results Qualification,HORISHIMA Ikuma,2529645,JPN,1,79.48,14.76,49.2,15.52,1,bF,0.88,9.1,8.6,2,7op,0.88,8.9,8.7
FIS FREESTYLE SKI WORLD CUP 2024,2023-12-08,IDRE FJÄLL (SWE),Men's Moguls,Results Qualification,BOURDETTE Marius,2532799,FRA,31,63.61,14.61,40.3,8.7,1,bF,0.88,6.1,6.3,2,7op,0.88,4.0,3.4
FIS FREESTYLE SKI WORLD CUP 2024,2024-01-26,WATERVILLE (USA),Men's Moguls,Results Qualification,OLGAARD Robin,2534212,SWE,21,66.83,13.26,39.0,14.57,1,bG,0.82,8.7,8.4,2,7op,0.88,8.2,9.0
FIS FREESTYLE SKI WORLD CUP 2024,2024-01-26,WATERVILLE (USA),Men's Moguls,Results Qualification,CAVET Benjamin,2530514,FRA,30,63.59,16.8,35.2,11.59,1,bF,0.88,7.5,7.9,2,bp,0.71,6.9,6.7
FIS FREESTYLE SKI WORLD CUP 2024,2024-01-26,WATERVILLE (USA),Men's Moguls,Results Qualification,STEGFELDT Rasmus,2531923,SWE,41,38.89,17.29,15.4,6.2,1,7op,0.88,6.2,6.3,2,bL,0.71,1.0,1.0
FIS FREESTYLE SKI WORLD CUP 2024,2024-02-01,DEER VALLEY (USA),Men's Moguls,Results Final 1,STEGFELDT Rasmus,2531923,SWE,7,74.14,18.03,44.5,11.61,1,7op,0.88,7.0,7.3,2,bG,0.82,6.2,6.8
FIS FREESTYLE SKI WORLD CUP 2024,2024-02-01,DEER VALLEY (USA),Men's Moguls,Results Final 1,MICKEL Charlie,2537180,USA,10,73.12,16.2,42.3,14.62,1,7oG,1.01,8.4,8.2,2,7op,0.88,7.3,6.9
FIS FREESTYLE SKI WORLD CUP 2024,2023-12-14,ALPE D'HUEZ (FRA),Men's Moguls,Results Qualification,KOLMAKOV Pavel,2528846,KAZ,4,74.65,16.47,44.7,13.48,1,bF,0.88,6.2,6.8,2,7oG,1.01,7.6,7.8
FIS FREESTYLE SKI WORLD CUP 2024,2023-12-14,ALPE D'HUEZ (FRA),Men's Moguls,Results Qualification,McDONALD Cole,2534511,USA,23,66.86,16.5,37.7,12.66,1,bF,0.88,5.8,5.8,2,10op,1.05,7.4,7.0
FIS FREESTYLE SKI WORLD CUP 2024,2023-12-14,ALPE D'HUEZ (FRA),Men's Moguls,Results Qualification,CROZET Leo,2538029,FRA,33,57.8,12.47,35.5,9.83,1,bG,0.82,6.2,6.2,2,7op,0.88,5.3,5.5
FIS FREESTYLE SKI WORLD CUP 2024,2023-12-14,ALPE D'HUEZ (FRA),Men's Moguls,Results Qualification,BUGAKOV Fyodor,2535809,KAZ,41,48.88,14.05,26.3,8.53,1,bF,0.88,4.7,5.2,2,7op,0.88,4.5,5.0
FIS FREESTYLE SKI WORLD CUP 2024,2023-12-14,ALPE D'HUEZ (FRA),Men's Moguls,Results Qualification,PASCARELLA Paolo,2534403,SUI,45,31.87,11.39,12.7,7.78,1,bdF,1.05,1.4,1.6,2,7oG,1.01,6.0,6.3
FIS FREESTYLE SKI WORLD CUP 2023,2022-12-15,ALPE D'HUEZ (FRA),Men's Moguls,Results Qualification,VIEL Julien,2534074,CAN,25,66.3,13.18,40.5,12.62,1,bF,0.88,6.3,6.9,2,7op,0.88,7.7,7.8
FIS FREESTYLE SKI WORLD CUP 2023,2022-12-15,ALPE D'HUEZ (FRA),Men's Moguls,Results Qualification,SALONEN Jimi,2528237,FIN,29,64.85,13.54,40.2,11.11,1,7op,0.88,6.2,6.8,2,7oG,1.01,5.2,5.5
FIS FREESTYLE SKI WORLD CUP 2023,2022-12-15,ALPE D'HUEZ (FRA),Women's Moguls,Results Qualification,YANAGIMOTO Rino,2532040,JPN,5,72.37,14.46,42.8,15.11,1,bp,0.81,8.1,8.8,2,7op,0.98,8.3,8.6
FIS FREESTYLE SKI WORLD CUP 2024,2024-01-19,VAL ST. COME (CAN),Women's Moguls,Results Final 1,JOHNSON Tess,2532270,USA,7,70.89,17.08,42.1,11.71,1,bp,0.81,6.8,6.7,2,bG,0.92,6.7,6.9
FIS FREESTYLE SKI WORLD CUP 2024,2024-01-19,VAL ST. COME (CAN),Women's Moguls,Results Qualification,KOEHLER Ashley,2534528,CAN,18,60.67,16.6,36.6,7.47,1,bG,0.92,4.3,4.4,2,bL,0.81,4.1,4.5
FIS FREESTYLE SKI WORLD CUP 2024,2024-01-19,VAL ST. COME (CAN),Women's Moguls,Results Qualification,WEESE Hanna,2532819,GER,21,59.5,15.21,34.0,10.29,1,bG,0.92,6.3,6.3,2,7op,0.98,4.5,4.7
FIS FREESTYLE SKI WORLD CUP 2024,2024-01-19,VAL ST. COME (CAN),Women's Moguls,Results Qualification,VOUTILAINEN Riikka,2533937,FIN,30,7.42,0.97,0.3,6.15,1,bp,0.81,2.7,2.8,2,fT,0.78,5.0,5.1
FIS FREESTYLE SKI WORLD CUP 2024,2023-12-02,RUKA (FIN),Men's Moguls,Results Final 1,WOODS Cooper,2532161,AUS,16,62.44,16.65,33.3,12.49,1,bdF,1.05,7.0,6.7,2,10op,1.05,5.1,5.0
FIS FREESTYLE SKI WORLD CUP 2024,2023-12-02,RUKA (FIN),Women's Moguls,Results Final 1,DEGROOTE Fantine,2533547,FRA,15,54.26,15.9,25.7,12.66,1,bG,0.92,7.0,6.8,2,7op,0.98,6.6,6.3
FIS FREESTYLE SKI WORLD CUP 2024,2023-12-02,RUKA (FIN),Women's Moguls,Results Qualification,NAKAO Haruka,2533488,JPN,6,71.16,15.57,41.6,13.99,1,bG,0.92,7.6,7.6,2,7op,0.98,7.0,7.3
FIS FREESTYLE SKI WORLD CUP 2024,2023-12-02,RUKA (FIN),Women's Moguls,Results Qualification,VOUTILAINEN Riikka,2533937,FIN,30,31.02,13.22,11.5,6.3,1,bT,0.78,5.0,4.1,2,bG,0.92,3.5,2.5
FIS FREESTYLE SKI WORLD CUP 2024,2023-12-15,ALPE D'HUEZ (FRA),Women's Moguls,Results Qualification,JOHNSON Tess,2532270,USA,4,72.11,14.99,43.7,13.42,1,bp,0.81,7.6,7.5,2,bG,0.92,7.9,8.0
FIS FREESTYLE SKI WORLD CUP 2024,2023-12-15,ALPE D'HUEZ (FRA),Women's Moguls,Results Qualification,OWENS Kai,2534962,USA,13,63.55,14.37,38.2,10.98,1,7op,0.98,5.9,6.2,2,bp,0.81,6.3,6.2
FIS FREESTYLE SKI WORLD CUP 2024,2023-12-15,ALPE D'HUEZ (FRA),Women's Moguls,Results Qualification,WEESE Sophie,2532509,GER,17,57.18,14.54,34.1,8.54,1,bT,0.78,6.3,6.9,2,bG,0.92,3.6,3.8
FIS FREESTYLE SKI WORLD CUP 2024,2023-12-15,ALPE D'HUEZ (FRA),Women's Moguls,Results Qualification,BERGHUIS Laura,2535376,NED,30,17.43,0.0,7.0,10.43,1,bG,0.92,6.2,6.1,2,bp,0.81,6.0,5.8
FIS FREESTYLE SKI WORLD CUP 2024,2023-12-22,BAKURIANI (GEO),Men's Moguls,Results Final 1,STEGFELDT Rasmus,2531923,SWE,12,69.74,14.93,42.5,12.31,1,bF,0.88,6.8,7.4,2,lG,0.82,7.3,7.5
FIS FREESTYLE SKI WORLD CUP 2024,2023-12-22,BAKURIANI (GEO),Women's Moguls,Results Final 1,YANAGIMOTO Rino,2532040,JPN,3,74.19,15.43,44.1,14.66,1,7oG,1.11,7.8,7.7,2,7op,0.98,6.1,6.3
FIS FREESTYLE SKI WORLD CUP 2024,2024-03-08,ALMATY (KAZ),Men's Moguls,Results Overall,HORISHIMA Ikuma,2529645,JPN,2,83.48,16.76,50.4,16.32,1,bdF,1.05,7.7,8.0,2,10op,1.05,7.5,7.9
FIS FREESTYLE SKI WORLD CUP 2024,2024-03-08,ALMATY (KAZ),Men's Moguls,Results Overall,JUNG Daeyoon,2534856,KOR,5,73.65,17.36,43.4,12.89,1,10oG,1.2,5.9,6.3,2,bG,0.82,6.8,6.8
FIS FREESTYLE SKI WORLD CUP 2024,2024-03-08,ALMATY (KAZ),Men's Moguls,Results Overall,McDONALD Cole,2534511,USA,9,71.01,17.22,41.7,12.09,1,10op,1.05,6.0,5.8,2,7op,0.88,6.9,6.5
FIS FREESTYLE SKI WORLD CUP 2024,2024-03-08,ALMATY (KAZ),Men's Moguls,Results Overall,JEANNESSON Mateo,2535572,GBR,23,65.27,15.23,39.2,10.84,1,bF,0.88,5.7,5.3,2,7oG,1.01,5.8,6.1
FIS FREESTYLE SKI WORLD CUP 2024,2024-03-08,ALMATY (KAZ),Men's Moguls,Results Overall,BUGAKOV Fyodor,2535809,KAZ,25,61.47,14.74,37.0,9.73,1,10op,1.05,4.4,4.0,2,7op,0.88,6.3,5.8
FIS FREESTYLE SKI WORLD CUP 2024,2024-03-08,ALMATY (KAZ),Men's Moguls,Results Overall,FU Junyi,2537258,CHN,31,56.24,14.8,35.5,5.94,1,bG,0.82,3.0,3.2,2,bp,0.71,4.5,5.1
FIS FREESTYLE SKI WORLD CUP 2024,2024-03-08,ALMATY (KAZ),Men's Moguls,Results Overall,RASTRUBA Denis,2537488,KAZ,35,46.69,10.32,28.7,7.67,1,bF,0.88,3.8,3.5,2,bG,0.82,5.2,5.7
FIS FREESTYLE SKI WORLD CUP 2024,2024-03-08,ALMATY (KAZ),Men's Moguls,Results Final 1,WALCZYK Dylan,2527085,USA,14,66.24,16.61,39.3,10.33,1,bG,0.82,6.8,6.3,2,7op,0.88,5.5,5.8
FIS FREESTYLE SKI WORLD CUP 2024,2024-03-08,ALMATY (KAZ),Men's Moguls,Results Final 1,PAGE Nick,2533462,USA,15,30.72,11.44,12.3,6.98,1,10op,1.05,6.6,6.7,2,NJ,0.0,0.0,0.0
FIS FREESTYLE SKI WORLD CUP 2024,2023-12-08,IDRE FJÄLL (SWE),Men's Moguls,Results Qualification,VIEL Julien,2534074,CAN,15,70.82,15.27,42.8,12.75,1,bF,0.88,7.4,7.8,2,7op,0.88,6.8,7.0
FIS FREESTYLE SKI WORLD CUP 2024,2023-12-08,IDRE FJÄLL (SWE),Men's Moguls,Results Qualification,HOLMGREN Emil,2534210,SWE,27,65.84,15.71,38.0,12.13,1,7oG,1.01,7.6,7.9,2,7op,0.88,4.8,5.0
FIS FREESTYLE SKI WORLD CUP 2024,2024-01-26,WATERVILLE (USA),Men's Moguls,Results Qualification,HORISHIMA Ikuma,2529645,JPN,1,79.71,17.28,48.1,14.33,1,bF,0.88,8.3,8.1,2,7op,0.88,8.2,8.0
FIS FREESTYLE SKI WORLD CUP 2024,2024-01-26,WATERVILLE (USA),Men's Moguls,Results Qualification,VAILLANCOURT Elliot,2532513,CAN,23,66.48,15.44,39.0,12.04,1,7op,0.88,6.7,6.7,2,7oG,1.01,6.3,5.9
FIS FREESTYLE SKI WORLD CUP 2024,2024-01-26,WATERVILLE (USA),Men's Moguls,Results Qualification,TADE Marco,2527554,SUI,44,34.85,16.09,11.6,7.16,1,bF,0.88,4.7,5.8,2,bp,0.71,4.3,2.9
FIS FREESTYLE SKI WORLD CUP 2024,2024-02-01,DEER VALLEY (USA),Women's Moguls,Results Final 1,TOMITAKA Hinako,2532031,JPN,4,68.33,14.94,41.9,11.49,1,bG,0.92,7.0,6.7,2,7op,0.98,5.8,4.8
FIS FREESTYLE SKI WORLD CUP 2024,2024-02-01,DEER VALLEY (USA),Women's Moguls,Results Final 1,YANAGIMOTO Rino,2532040,JPN,15,23.24,9.75,6.1,7.39,1,7oG,1.11,7.0,6.2,2,3,0.78,0.1,0.1
FIS FREESTYLE SKI WORLD CUP 2024,2024-02-01,DEER VALLEY (USA),Women's Moguls,Results Qualification,KAUF Jaelin,2529064,USA,3,68.35,15.51,43.6,9.24,1,bG,0.92,4.0,4.3,2,bp,0.81,7.4,6.0
FIS FREESTYLE SKI WORLD CUP 2024,2024-02-01,DEER VALLEY (USA),Women's Moguls,Results Qualification,SCHWINGHAMMER,2533204,CAN,11,62.37,14.48,41.0,6.89,1,bT,0.78,5.0,5.5,2,bG,0.92,3.2,2.9
FIS FREESTYLE SKI WORLD CUP 2024,2023-12-14,ALPE D'HUEZ (FRA),Men's Moguls,Results Qualification,VIERELA Severi,2533386,FIN,24,65.15,15.17,39.3,10.68,1,bF,0.88,5.8,5.9,2,7op,0.88,6.2,6.4
FIS FREESTYLE SKI WORLD CUP 2023,2022-12-15,ALPE D'HUEZ (FRA),Men's Moguls,Results Qualification,BELLUCCI Massimo,2530808,ITA,30,64.61,10.89,40.8,12.92,1,bF,0.88,7.4,7.6,2,7op,0.88,7.2,7.2
FIS FREESTYLE SKI WORLD CUP 2023,2022-12-15,ALPE D'HUEZ (FRA),Men's Moguls,Results Qualification,FENELEY William,2531950,GBR,32,64.28,11.4,40.3,12.58,1,bF,0.88,7.5,7.7,2,7op,0.88,7.0,6.4
FIS FREESTYLE SKI WORLD CUP 2023,2022-12-15,ALPE D'HUEZ (FRA),Men's Moguls,Results Qualification,ROMANOV Sergey,2532862,KAZ,34,61.9,11.42,38.7,11.78,1,7op,0.88,7.1,6.0,2,bG,0.82,7.0,7.7
FIS FREESTYLE SKI WORLD CUP 2024,2023-12-02,RUKA (FIN),Men's Moguls,Results Final 1,STEGFELDT Rasmus,2531923,SWE,15,72.14,18.21,40.9,13.03,1,bF,0.88,8.1,8.4,2,bG,0.82,6.9,7.2
FIS FREESTYLE SKI WORLD CUP 2024,2023-12-02,RUKA (FIN),Women's Moguls,Results Final 1,JOHNSON Tess,2532270,USA,8,70.1,17.34,42.2,10.56,1,bp,0.81,6.7,6.7,2,7op,0.98,5.4,5.1
FIS FREESTYLE SKI WORLD CUP 2024,2023-12-02,RUKA (FIN),Women's Moguls,Results Qualification,AMRENOVA Ayaulym,2532085,KAZ,15,64.44,15.62,37.1,11.72,1,bG,0.92,6.0,5.1,2,7op,0.98,7.0,6.5
FIS FREESTYLE SKI WORLD CUP 2024,2023-12-02,RUKA (FIN),Women's Moguls,Results Qualification,YUN Shin-Ee,2537929,KOR,28,38.67,12.88,18.0,7.79,1,bG,0.92,4.7,4.6,2,bp,0.81,4.5,4.2
FIS FREESTYLE SKI WORLD CUP 2024,2023-12-02,RUKA (FIN),Women's Moguls,Results Qualification,BERGHUIS Janneke,2532759,NED,32,22.09,8.9,7.8,5.39,1,7op,0.98,3.1,2.3,2,bG,0.92,3.2,2.8
FIS FREESTYLE SKI WORLD CUP 2024,2023-12-02,RUKA (FIN),Women's Moguls,Results Qualification,WEESE Hanna,2532819,GER,33,16.9,8.62,0.3,7.98,1,bG,0.92,6.0,5.0,2,bT,0.78,4.0,3.5
FIS FREESTYLE SKI WORLD CUP 2024,2023-12-15,ALPE D'HUEZ (FRA),Women's Moguls,Results Qualification,GUSTAFSON Moa,2535767,SWE,19,54.23,14.76,31.9,7.57,1,bp,0.81,4.9,5.2,2,bG,0.92,3.7,3.9
FIS FREESTYLE SKI WORLD CUP 2024,2023-12-22,BAKURIANI (GEO),Men's Moguls,Results Final 1,JUNG Daeyoon,2534856,KOR,16,24.78,7.3,9.6,7.88,1,10oG,1.2,4.6,4.5,2,7oG,1.01,2.5,2.3
FIS FREESTYLE SKI WORLD CUP 2024,2023-12-22,BAKURIANI (GEO),Women's Moguls,Results Final 1,GIACCIO Olivia,2532241,USA,12,67.67,15.46,41.2,11.01,1,bF,0.98,5.6,5.7,2,7op,0.98,5.7,5.5
FIS FREESTYLE SKI WORLD CUP 2024,2024-03-08,ALMATY (KAZ),Men's Moguls,Results Overall,KOLMAKOV Pavel,2528846,KAZ,6,72.53,14.45,43.7,14.38,1,bdF,1.05,7.2,7.7,2,10op,1.05,6.0,6.5
FIS FREESTYLE SKI WORLD CUP 2024,2024-03-08,ALMATY (KAZ),Men's Moguls,Results Overall,HOLMGREN Emil,2534210,SWE,20,68.25,14.82,40.2,13.23,1,7op,0.88,7.2,7.3,2,7oG,1.01,6.8,6.8
FIS FREESTYLE SKI WORLD CUP 2024,2024-03-08,ALMATY (KAZ),Men's Moguls,Results Overall,BONDAREV Anton,2532859,KAZ,26,60.93,14.14,36.9,9.89,1,bF,0.88,5.2,6.3,2,7op,0.88,5.5,5.5
FIS FREESTYLE SKI WORLD CUP 2024,2024-03-08,ALMATY (KAZ),Men's Moguls,Results Final 1,WENDLER Landon,2534140,USA,7,72.28,16.16,43.6,12.52,1,7op,0.88,7.6,7.0,2,7oG,1.01,6.3,5.8
FIS FREESTYLE SKI WORLD CUP 2024,2024-03-08,ALMATY (KAZ),Men's Moguls,Results Qualification,HORISHIMA Ikuma,2529645,JPN,2,79.86,15.43,49.7,14.73,1,bF,0.88,8.5,8.3,2,7op,0.88,8.7,8.0
FIS FREESTYLE SKI WORLD CUP 2024,2024-03-08,ALMATY (KAZ),Men's Moguls,Results Qualification,GRAVENFORS Filip,2534858,SWE,3,79.04,15.84,48.8,14.4,1,10op,1.05,7.7,7.0,2,7op,0.88,7.3,7.9
FIS FREESTYLE SKI WORLD CUP 2024,2024-03-08,ALMATY (KAZ),Men's Moguls,Results Qualification,WALCZYK Dylan,2527085,USA,15,70.69,15.57,42.6,12.52,1,bG,0.82,8.3,8.2,2,7op,0.88,6.6,6.5
FIS FREESTYLE SKI WORLD CUP 2024,2024-03-08,ALMATY (KAZ),Men's Moguls,Results Qualification,BONDAREV Anton,2532859,KAZ,26,60.93,14.14,36.9,9.89,1,bF,0.88,5.2,6.3,2,7op,0.88,5.5,5.5
FIS FREESTYLE SKI WORLD CUP 2024,2024-03-08,ALMATY (KAZ),Women's Moguls,Results Final 1,GALYSHEVA Yuliya,2484307,KAZ,5,72.05,16.18,43.5,12.37,1,bG,0.92,6.6,7.5,2,fG,0.92,5.8,7.0
FIS FREESTYLE SKI WORLD CUP 2024,2023-12-08,IDRE FJÄLL (SWE),Men's Moguls,Results Qualification,SUGIMOTO Kosuke,2528069,JPN,22,67.68,15.83,42.6,9.25,1,bG,0.82,7.5,7.9,2,7op,0.88,3.1,3.6
FIS FREESTYLE SKI WORLD CUP 2024,2023-12-08,IDRE FJÄLL (SWE),Men's Moguls,Results Qualification,MOUILLE Thibaud,2532044,FRA,29,63.85,14.07,37.5,12.28,1,10op,1.05,7.2,6.5,2,7oG,1.01,4.9,5.2
FIS FREESTYLE SKI WORLD CUP 2024,2023-12-08,IDRE FJÄLL (SWE),Men's Moguls,Results Qualification,MOBERG Elis,2537616,SWE,36,59.15,13.83,37.3,8.02,1,7op,0.88,4.9,4.4,2,bp,0.71,5.4,5.7
FIS FREESTYLE SKI WORLD CUP 2024,2024-01-26,WATERVILLE (USA),Men's Moguls,Results Qualification,VIEL Julien,2534074,CAN,18,67.79,15.29,39.0,13.5,1,bF,0.88,8.2,8.2,2,7op,0.88,7.5,6.8
FIS FREESTYLE SKI WORLD CUP 2024,2024-01-26,WATERVILLE (USA),Men's Moguls,Results Qualification,WALCZYK Dylan,2527085,USA,22,66.5,15.18,39.9,11.42,1,bG,0.82,6.8,6.8,2,7op,0.88,7.0,6.3
FIS FREESTYLE SKI WORLD CUP 2024,2024-01-26,WATERVILLE (USA),Men's Moguls,Results Qualification,MERZ Linus,2533504,GER,39,43.65,14.4,23.4,5.85,1,7op,0.88,3.3,5.9,2,bp,0.71,2.0,3.1
FIS FREESTYLE SKI WORLD CUP 2024,2023-12-14,ALPE D'HUEZ (FRA),Men's Moguls,Results Qualification,HORISHIMA Ikuma,2529645,JPN,2,78.74,17.01,47.8,13.93,1,bF,0.88,8.2,8.2,2,7op,0.88,7.7,7.6
FIS FREESTYLE SKI WORLD CUP 2024,2023-12-14,ALPE D'HUEZ (FRA),Men's Moguls,Results Qualification,GAY Paul Andrea,2538751,FRA,34,57.77,13.58,34.7,9.49,1,bF,0.88,5.6,5.8,2,7op,0.88,5.0,5.2
FIS FREESTYLE SKI WORLD CUP 2024,2023-12-14,ALPE D'HUEZ (FRA),Men's Moguls,Results Qualification,FABIANI Mathis,2535562,FRA,42,48.07,15.82,23.5,8.75,1,bF,0.88,4.3,4.0,2,7op,0.88,5.6,6.0
FIS FREESTYLE SKI WORLD CUP 2024,2023-12-14,ALPE D'HUEZ (FRA),Men's Moguls,Results Qualification,CAYOLLE Tristan,2533776,FRA,43,33.96,14.54,10.6,8.82,1,bF,0.88,5.7,5.9,2,bp,0.71,5.1,5.4
FIS FREESTYLE SKI WORLD CUP 2023,2022-12-15,ALPE D'HUEZ (FRA),Men's Moguls,Results Qualification,TANNER Daniel,2531692,CAN,27,66.08,12.95,39.8,13.33,1,7op,0.88,6.2,6.8,2,7oG,1.01,7.4,7.7
FIS FREESTYLE SKI WORLD CUP 2023,2022-12-15,ALPE D'HUEZ (FRA),Women's Moguls,Results Qualification,GIACCIO Olivia,2532241,USA,6,70.99,14.5,41.8,14.69,1,bF,0.98,6.8,7.2,2,7op,0.98,7.9,8.1
FIS FREESTYLE SKI WORLD CUP 2023,2022-12-15,ALPE D'HUEZ (FRA),Women's Moguls,Results Qualification,BERGHUIS Janneke,2532759,NED,18,58.38,10.43,36.8,11.15,1,bT,0.78,6.8,7.2,2,bG,0.92,6.1,6.3
FIS FREESTYLE SKI WORLD CUP 2024,2024-01-19,VAL ST. COME (CAN),Women's Moguls,Results Final 1,GIACCIO Olivia,2532241,USA,2,76.48,17.39,43.8,15.29,1,bF,0.98,6.5,6.3,2,10op,1.15,7.8,7.9
FIS FREESTYLE SKI WORLD CUP 2024,2024-01-19,VAL ST. COME (CAN),Women's Moguls,Results Final 1,SCHWINGHAMMER,2533204,CAN,15,45.04,16.65,21.5,6.89,1,bT,0.78,5.8,5.8,2,S,0.48,5.0,4.9
FIS FREESTYLE SKI WORLD CUP 2024,2024-01-19,VAL ST. COME (CAN),Women's Moguls,Results Qualification,BROWN Berkley,2531523,CAN,12,64.49,15.38,39.6,9.51,1,bT,0.78,4.5,4.7,2,bG,0.92,6.3,6.6
FIS FREESTYLE SKI WORLD CUP 2024,2023-12-02,RUKA (FIN),Men's Moguls,Results Final 1,WALLBERG Walter,2532001,SWE,1,80.52,17.83,46.0,16.69,1,bdF,1.05,8.6,8.4,2,10op,1.05,7.6,7.2
FIS FREESTYLE SKI WORLD CUP 2024,2023-12-02,RUKA (FIN),Men's Moguls,Results Final 1,KOLMAKOV Pavel,2528846,KAZ,4,78.12,16.73,45.8,15.59,1,bdF,1.05,7.4,7.6,2,10op,1.05,7.1,7.6
FIS FREESTYLE SKI WORLD CUP 2024,2023-12-02,RUKA (FIN),Women's Moguls,Results Final 1,TOMITAKA Hinako,2532031,JPN,11,67.16,16.77,41.6,8.79,1,bp,0.81,7.2,6.8,2,7op,0.98,3.3,3.1
FIS FREESTYLE SKI WORLD CUP 2024,2023-12-02,RUKA (FIN),Women's Moguls,Results Qualification,ANTHONY Jakara,2530720,AUS,1,82.73,18.16,47.7,16.87,1,7oG,1.11,7.8,7.7,2,bG,0.92,9.1,8.9
FIS FREESTYLE SKI WORLD CUP 2024,2023-12-15,ALPE D'HUEZ (FRA),Women's Moguls,Results Qualification,GIACCIO Olivia,2532241,USA,6,69.27,15.31,42.5,11.46,1,bF,0.98,6.5,6.8,2,7op,0.98,5.0,5.1
FIS FREESTYLE SKI WORLD CUP 2024,2023-12-15,ALPE D'HUEZ (FRA),Women's Moguls,Results Qualification,ASANO Shiori,2534377,JPN,16,58.42,13.11,35.6,9.71,1,bG,0.92,5.2,5.0,2,bp,0.81,6.4,6.0
FIS FREESTYLE SKI WORLD CUP 2024,2023-12-22,BAKURIANI (GEO),Men's Moguls,Results Final 1,GRAVENFORS Filip,2534858,SWE,3,73.72,15.51,44.6,13.61,1,bF,0.88,6.8,7.1,2,10op,1.05,7.1,7.2
FIS FREESTYLE SKI WORLD CUP 2024,2023-12-22,BAKURIANI (GEO),Men's Moguls,Results Final 1,PAGE Nick,2533462,USA,5,73.02,15.14,43.1,14.78,1,10op,1.05,7.2,7.2,2,7oG,1.01,7.0,7.3
FIS FREESTYLE SKI WORLD CUP 2024,2023-12-22,BAKURIANI (GEO),Men's Moguls,Results Final 1,WOODS Cooper,2532161,AUS,10,71.18,14.16,43.1,13.92,1,bdF,1.05,6.0,6.3,2,7oG,1.01,7.3,7.5
FIS FREESTYLE SKI WORLD CUP 2024,2023-12-22,BAKURIANI (GEO),Women's Moguls,Results Final 1,SOAR Hannah,2531373,USA,6,70.16,15.07,42.4,12.69,1,bp,0.81,6.9,7.2,2,bG,0.92,7.6,7.6
FIS FREESTYLE SKI WORLD CUP 2024,2024-03-08,ALMATY (KAZ),Men's Moguls,Results Overall,HOLMGREN Albin,2532811,SWE,12,68.81,15.03,40.4,13.38,1,bF,0.88,8.8,8.1,2,7oG,1.01,5.8,6.0
FIS FREESTYLE SKI WORLD CUP 2024,2024-03-08,ALMATY (KAZ),Men's Moguls,Results Overall,MOUILLE Thibaud,2532044,FRA,18,69.57,14.27,41.1,14.2,1,7oG,1.01,7.1,7.8,2,bG,0.82,8.0,8.3
FIS FREESTYLE SKI WORLD CUP 2024,2024-03-08,ALMATY (KAZ),Men's Moguls,Results Overall,CROZET James,2533249,FRA,28,59.78,13.88,37.5,8.4,1,7op,0.88,5.8,5.5,2,7oG,1.01,3.3,3.5
FIS FREESTYLE SKI WORLD CUP 2024,2024-03-08,ALMATY (KAZ),Men's Moguls,Results Qualification,KINGSBURY Mikael,2484937,CAN,1,82.68,15.86,52.0,14.82,1,bF,0.88,8.3,8.5,2,7op,0.88,8.1,8.8
FIS FREESTYLE SKI WORLD CUP 2024,2024-03-08,ALMATY (KAZ),Men's Moguls,Results Qualification,VIEL Julien,2534074,CAN,8,74.15,15.06,46.3,12.79,1,bF,0.88,8.3,7.1,2,7op,0.88,6.4,7.3
FIS FREESTYLE SKI WORLD CUP 2024,2024-03-08,ALMATY (KAZ),Men's Moguls,Results Qualification,JEANNESSON Mateo,2535572,GBR,23,65.27,15.23,39.2,10.84,1,bF,0.88,5.7,5.3,2,7oG,1.01,5.8,6.1
FIS FREESTYLE SKI WORLD CUP 2024,2024-03-08,ALMATY (KAZ),Men's Moguls,Results Qualification,WANG Renda,2537252,CHN,33,55.2,12.78,33.1,9.32,1,bF,0.88,5.5,6.3,2,7op,0.88,4.3,5.1
FIS FREESTYLE SKI WORLD CUP 2024,2023-12-08,IDRE FJÄLL (SWE),Men's Moguls,Results Qualification,STEGFELDT Rasmus,2531923,SWE,10,72.61,15.32,45.3,11.99,1,bF,0.88,7.3,7.2,2,lG,0.82,6.7,7.0
FIS FREESTYLE SKI WORLD CUP 2024,2023-12-08,IDRE FJÄLL (SWE),Men's Moguls,Results Qualification,HOLMGREN Albin,2532811,SWE,12,71.52,15.5,43.2,12.82,1,bF,0.88,5.9,5.7,2,7oG,1.01,7.4,7.9
FIS FREESTYLE SKI WORLD CUP 2024,2023-12-08,IDRE FJÄLL (SWE),Men's Moguls,Results Qualification,MURATA Yutaro,2530684,JPN,20,68.92,14.14,41.9,12.88,1,bF,0.88,8.3,8.5,2,7op,0.88,6.3,6.2
FIS FREESTYLE SKI WORLD CUP 2024,2023-12-08,IDRE FJÄLL (SWE),Men's Moguls,Results Qualification,LEE Yoonseung,2537625,KOR,37,56.3,12.6,32.7,11.0,1,bF,0.88,7.4,7.4,2,7oG,1.01,4.4,4.5
FIS FREESTYLE SKI WORLD CUP 2024,2023-12-08,IDRE FJÄLL (SWE),Men's Moguls,Results Qualification,PASCARELLA Paolo,2534403,SUI,38,55.06,11.93,35.0,8.13,1,bdF,1.05,3.2,3.4,2,10op,1.05,4.3,4.6
FIS FREESTYLE SKI WORLD CUP 2024,2023-12-08,IDRE FJÄLL (SWE),Men's Moguls,Results Qualification,KANNO Shugo,2532177,JPN,40,53.6,17.16,27.3,9.14,1,7oG,1.01,6.5,6.5,2,bp,0.71,3.5,3.8
FIS FREESTYLE SKI WORLD CUP 2024,2023-12-08,IDRE FJÄLL (SWE),Men's Moguls,Results Qualification,BERG Gordon,2534863,SWE,45,35.92,14.19,15.9,5.83,1,bG,0.82,4.5,5.0,2,bT,0.68,2.9,2.8
FIS FREESTYLE SKI WORLD CUP 2024,2024-01-26,WATERVILLE (USA),Men's Moguls,Results Qualification,KINGSBURY Mikael,2484937,CAN,2,79.51,15.57,48.5,15.44,1,bF,0.88,9.5,9.4,2,7op,0.88,8.2,8.0
FIS FREESTYLE SKI WORLD CUP 2024,2024-01-26,WATERVILLE (USA),Men's Moguls,Results Qualification,PAGE Nick,2533462,USA,12,70.25,15.91,40.4,13.94,1,10op,1.05,6.5,7.5,2,7op,0.88,7.0,8.0
FIS FREESTYLE SKI WORLD CUP 2024,2024-02-01,DEER VALLEY (USA),Men's Moguls,Results Final 1,PAGE Nick,2533462,USA,5,75.52,16.83,45.6,13.09,1,7op,0.88,7.5,7.0,2,10op,1.05,6.7,6.1
FIS FREESTYLE SKI WORLD CUP 2024,2024-02-01,DEER VALLEY (USA),Men's Moguls,Results Final 1,VIEL Julien,2534074,CAN,12,71.81,16.62,42.0,13.19,1,bF,0.88,7.8,7.4,2,7op,0.88,7.7,7.1
FIS FREESTYLE SKI WORLD CUP 2024,2024-02-01,DEER VALLEY (USA),Women's Moguls,Results Final 1,KAUF Jaelin,2529064,USA,2,69.05,17.96,41.3,9.79,1,bG,0.92,7.1,6.1,2,7op,0.98,4.0,3.6
FIS FREESTYLE SKI WORLD CUP 2024,2024-02-01,DEER VALLEY (USA),Women's Moguls,Results Final 1,GERKEN SCHOFIELD,2530540,GBR,11,61.1,15.77,38.5,6.83,1,bG,0.92,3.5,3.0,2,bp,0.81,4.5,5.0
FIS FREESTYLE SKI WORLD CUP 2024,2024-02-01,DEER VALLEY (USA),Women's Moguls,Results Qualification,ANTHONY Jakara,2530720,AUS,1,79.8,15.09,48.8,15.91,1,7oG,1.11,7.7,6.9,2,bG,0.92,8.8,8.2
FIS FREESTYLE SKI WORLD CUP 2024,2024-02-01,DEER VALLEY (USA),Women's Moguls,Results Qualification,SOAR Hannah,2531373,USA,4,67.9,14.12,44.0,9.78,1,bp,0.81,5.0,4.4,2,bG,0.92,7.0,6.0
FIS FREESTYLE SKI WORLD CUP 2024,2024-02-01,DEER VALLEY (USA),Women's Moguls,Results Qualification,DESMARAIS-GILBERT,2531811,CAN,8,63.08,12.91,38.5,11.67,1,bG,0.92,6.0,6.8,2,bp,0.81,7.3,7.0
FIS FREESTYLE SKI WORLD CUP 2024,2023-12-14,ALPE D'HUEZ (FRA),Men's Moguls,Results Qualification,WALCZYK Dylan,2527085,USA,5,74.3,16.13,44.7,13.47,1,bG,0.82,7.8,7.9,2,7op,0.88,8.0,8.0
FIS FREESTYLE SKI WORLD CUP 2024,2023-12-14,ALPE D'HUEZ (FRA),Men's Moguls,Results Qualification,STEGFELDT Rasmus,2531923,SWE,7,73.65,18.78,44.1,10.77,1,bF,0.88,6.0,6.0,2,bG,0.82,6.6,6.8
FIS FREESTYLE SKI WORLD CUP 2024,2023-12-14,ALPE D'HUEZ (FRA),Men's Moguls,Results Qualification,MOUILLE Thibaud,2532044,FRA,29,60.38,16.43,32.8,11.15,1,7oG,1.01,4.4,4.8,2,bG,0.82,8.0,7.9
FIS FREESTYLE SKI WORLD CUP 2023,2022-12-15,ALPE D'HUEZ (FRA),Men's Moguls,Results Qualification,CROZET James,2533249,FRA,47,30.31,10.51,14.0,5.8,1,7op,0.88,7.0,6.2,2,NJ,0.0,0.0,0.0
FIS FREESTYLE SKI WORLD CUP 2023,2022-12-15,ALPE D'HUEZ (FRA),Women's Moguls,Results Qualification,DESMARAIS-GILBERT,2531811,CAN,22,32.13,7.0,21.5,3.63,1,bG,0.92,3.8,4.1,2,NJ,0.0,0.0,0.0
FIS FREESTYLE SKI WORLD CUP 2024,2024-01-19,VAL ST. COME (CAN),Women's Moguls,Results Qualification,JOHNSON Tess,2532270,USA,4,72.45,16.27,43.9,12.28,1,bp,0.81,5.7,5.8,2,bG,0.92,8.2,8.4
FIS FREESTYLE SKI WORLD CUP 2024,2024-01-19,VAL ST. COME (CAN),Women's Moguls,Results Qualification,ASANO Shiori,2534377,JPN,20,59.83,13.42,37.5,8.91,1,bG,0.92,3.8,3.9,2,bp,0.81,6.5,6.8
FIS FREESTYLE SKI WORLD CUP 2024,2023-12-02,RUKA (FIN),Men's Moguls,Results Final 1,GRAHAM Matt,2441426,AUS,7,76.12,16.65,46.4,13.07,1,bdF,1.05,5.8,5.2,2,10op,1.05,7.0,6.9
FIS FREESTYLE SKI WORLD CUP 2024,2023-12-02,RUKA (FIN),Women's Moguls,Results Final 1,SOAR Hannah,2531373,USA,6,71.15,17.74,42.7,10.71,1,bp,0.81,5.9,5.6,2,bG,0.92,6.8,6.4
FIS FREESTYLE SKI WORLD CUP 2024,2023-12-02,RUKA (FIN),Women's Moguls,Results Final 1,AMRENOVA Ayaulym,2532085,KAZ,12,65.22,16.86,36.7,11.66,1,bG,0.92,6.5,6.2,2,7op,0.98,6.2,5.7
FIS FREESTYLE SKI WORLD CUP 2024,2023-12-02,RUKA (FIN),Women's Moguls,Results Qualification,SCHWINGHAMMER,2533204,CAN,7,69.5,15.72,40.0,13.78,1,bT,0.78,8.5,8.7,2,bG,0.92,7.9,7.5
FIS FREESTYLE SKI WORLD CUP 2024,2023-12-02,RUKA (FIN),Women's Moguls,Results Qualification,KAJIWARA Yuki,2533769,JPN,8,68.89,16.32,39.6,12.97,1,bp,0.81,6.8,6.5,2,7op,0.98,7.9,7.6
FIS FREESTYLE SKI WORLD CUP 2024,2023-12-02,RUKA (FIN),Women's Moguls,Results Qualification,KAUF Jaelin,2529064,USA,14,65.35,17.86,37.0,10.49,1,bG,0.92,5.7,5.5,2,bp,0.81,6.6,6.6
FIS FREESTYLE SKI WORLD CUP 2024,2023-12-15,ALPE D'HUEZ (FRA),Women's Moguls,Results Qualification,TOMITAKA Hinako,2532031,JPN,5,70.08,15.9,43.2,10.98,1,bG,0.92,5.3,5.5,2,7op,0.98,6.2,6.1
FIS FREESTYLE SKI WORLD CUP 2024,2023-12-22,BAKURIANI (GEO),Women's Moguls,Results Final 1,LEMLEY Elizabeth,2537762,USA,8,68.75,14.84,40.0,13.91,1,7op,0.98,7.1,7.5,2,bp,0.81,8.4,8.3
FIS FREESTYLE SKI WORLD CUP 2024,2023-12-22,BAKURIANI (GEO),Women's Moguls,Results Final 1,SCHWINGHAMMER,2533204,CAN,11,68.16,15.0,41.4,11.76,1,bT,0.78,6.7,6.5,2,bG,0.92,7.1,7.3
FIS FREESTYLE SKI WORLD CUP 2024,2024-03-08,ALMATY (KAZ),Men's Moguls,Results Overall,STEGFELDT Rasmus,2531923,SWE,13,68.35,17.59,37.7,13.06,1,7op,0.88,8.2,7.8,2,bG,0.82,7.2,7.5
FIS FREESTYLE SKI WORLD CUP 2024,2024-03-08,ALMATY (KAZ),Men's Moguls,Results Overall,DUFRESNE Gabriel,2530240,CAN,22,65.78,14.73,38.7,12.35,1,10op,1.05,4.7,5.0,2,7oG,1.01,7.5,6.9
FIS FREESTYLE SKI WORLD CUP 2024,2024-03-08,ALMATY (KAZ),Men's Moguls,Results Overall,LEE Yoonseung,2537625,KOR,27,60.3,12.86,37.5,9.94,1,bF,0.88,5.3,4.8,2,7op,0.88,6.5,6.0
FIS FREESTYLE SKI WORLD CUP 2024,2024-03-08,ALMATY (KAZ),Men's Moguls,Results Overall,YEMELYANOV Maxim,2535387,KAZ,32,55.77,12.22,33.2,10.35,1,7op,0.88,4.6,5.3,2,7oG,1.01,5.8,6.1
FIS FREESTYLE SKI WORLD CUP 2024,2024-03-08,ALMATY (KAZ),Men's Moguls,Results Overall,CAYOLLE Tristan,2533776,FRA,34,53.3,14.92,30.6,7.78,1,bF,0.88,4.5,4.9,2,bp,0.71,4.8,5.5
FIS FREESTYLE SKI WORLD CUP 2024,2024-03-08,ALMATY (KAZ),Men's Moguls,Results Qualification,MARCELLINI Dylan,2534089,USA,24,64.01,15.37,38.4,10.24,1,7op,0.88,6.2,6.3,2,7oG,1.01,4.4,5.0
FIS FREESTYLE SKI WORLD CUP 2024,2024-03-08,ALMATY (KAZ),Women's Moguls,Results Final 1,GORODKO,2535385,KAZ,11,67.94,15.78,40.8,11.36,1,bG,0.92,5.7,7.5,2,7op,0.98,5.0,5.8
FIS FREESTYLE SKI WORLD CUP 2024,2024-03-08,ALMATY (KAZ),Women's Moguls,Results Final 1,JOHNSON Tess,2532270,USA,14,62.42,16.65,36.9,8.87,1,7op,0.98,3.5,4.0,2,bG,0.92,6.0,5.3
FIS FREESTYLE SKI WORLD CUP 2024,2023-12-08,IDRE FJÄLL (SWE),Men's Moguls,Results Qualification,KINGSBURY Mikael,2484937,CAN,2,78.38,15.38,47.6,15.4,1,10op,1.05,7.6,8.0,2,7op,0.88,8.4,8.0
FIS FREESTYLE SKI WORLD CUP 2024,2023-12-08,IDRE FJÄLL (SWE),Men's Moguls,Results Qualification,WALLBERG Walter,2532001,SWE,3,77.43,16.79,48.3,12.34,1,bF,0.88,6.2,6.5,2,7oG,1.01,6.9,6.5
FIS FREESTYLE SKI WORLD CUP 2024,2024-01-26,WATERVILLE (USA),Men's Moguls,Results Qualification,CONEDERA Martino,2532502,SUI,42,38.35,13.31,14.5,10.54,1,7op,0.88,5.5,6.2,2,7oG,1.01,5.7,5.0
FIS FREESTYLE SKI WORLD CUP 2024,2024-01-26,WATERVILLE (USA),Men's Moguls,Results Qualification,YEMELYANOV Maxim,2535387,KAZ,43,35.02,12.26,14.2,8.56,1,7oG,1.01,3.1,3.9,2,bp,0.71,7.5,6.7
FIS FREESTYLE SKI WORLD CUP 2024,2024-01-26,WATERVILLE (USA),Men's Moguls,Results Qualification,JUNG Daeyoon,2534856,KOR,46,26.73,18.75,0.3,7.68,1,10oG,1.2,6.8,6.0,2,NJ,0.0,0.0,0.0
FIS FREESTYLE SKI WORLD CUP 2024,2024-02-01,DEER VALLEY (USA),Women's Moguls,Results Final 1,CABROL Camille,2530274,FRA,7,65.4,14.69,39.1,11.61,1,bp,0.81,6.2,6.6,2,bG,0.92,6.7,7.3
FIS FREESTYLE SKI WORLD CUP 2024,2024-02-01,DEER VALLEY (USA),Women's Moguls,Results Qualification,MALHERBE Malica,2535457,RSA,24,48.14,10.55,28.9,8.69,1,bG,0.92,5.2,5.6,2,bp,0.81,5.1,4.1
FIS FREESTYLE SKI WORLD CUP 2024,2023-12-14,ALPE D'HUEZ (FRA),Men's Moguls,Results Qualification,TADE Marco,2527554,SUI,18,69.63,16.23,42.9,10.5,1,bF,0.88,6.1,6.2,2,7op,0.88,5.7,5.9
FIS FREESTYLE SKI WORLD CUP 2024,2023-12-14,ALPE D'HUEZ (FRA),Men's Moguls,Results Qualification,MURPHY George,2534254,AUS,22,68.06,16.5,41.6,9.96,1,7oG,1.01,6.5,6.5,2,bp,0.71,4.7,4.9
FIS FREESTYLE SKI WORLD CUP 2024,2023-12-14,ALPE D'HUEZ (FRA),Men's Moguls,Results Qualification,GOODISON Samuel,2534451,CAN,32,58.11,17.31,31.8,9.0,1,bF,0.88,7.7,7.7,2,bp,0.71,3.3,3.0
FIS FREESTYLE SKI WORLD CUP 2024,2023-12-14,ALPE D'HUEZ (FRA),Men's Moguls,Results Qualification,GAJDECKA Marek,2535392,CZE,35,56.43,15.79,33.1,7.54,1,bF,0.88,4.2,4.3,2,bG,0.82,4.6,4.7
FIS FREESTYLE SKI WORLD CUP 2024,2023-12-07,IDRE FJÄLL (SWE),Women's Moguls,Results Qualification,WEESE Hanna,2532819,GER,12,61.79,14.5,37.9,9.39,1,bG,0.92,4.6,5.0,2,bp,0.81,5.9,6.4
FIS FREESTYLE SKI WORLD CUP 2024,2023-12-07,IDRE FJÄLL (SWE),Women's Moguls,Results Qualification,MERZ Annika,2535327,GER,25,41.74,10.04,24.8,6.9,1,bp,0.81,4.8,5.0,2,7op,0.98,3.4,2.6
FIS FREESTYLE SKI WORLD CUP 2024,2023-12-07,IDRE FJÄLL (SWE),Women's Moguls,Results Qualification,BERGHUIS Laura,2535376,NED,30,34.76,8.54,19.5,6.72,1,lG,0.92,2.2,3.1,2,bp,0.81,5.4,5.2
FIS FREESTYLE SKI WORLD CUP 2024,2024-01-19,VAL ST. COME (CAN),Men's Moguls,Results Final 1,GRAHAM Matt,2441426,AUS,9,73.85,17.89,45.1,10.86,1,bF,0.88,7.9,8.0,2,7op,0.88,4.7,4.1
FIS FREESTYLE SKI WORLD CUP 2024,2024-01-19,VAL ST. COME (CAN),Men's Moguls,Results Qualification,GRAVENFORS Filip,2534858,SWE,3,75.95,16.72,46.3,12.93,1,bF,0.88,6.5,6.8,2,7op,0.88,8.0,8.1
FIS FREESTYLE SKI WORLD CUP 2024,2024-01-19,VAL ST. COME (CAN),Men's Moguls,Results Qualification,HOLMGREN Albin,2532811,SWE,17,69.79,15.66,39.8,14.33,1,bF,0.88,7.8,7.7,2,7oG,1.01,7.3,7.6
FIS FREESTYLE SKI WORLD CUP 2024,2024-01-19,VAL ST. COME (CAN),Men's Moguls,Results Qualification,PENTTALA Olli,2528035,FIN,22,67.52,16.58,40.3,10.64,1,10op,1.05,5.7,5.7,2,7op,0.88,5.3,5.3
FIS FREESTYLE SKI WORLD CUP 2024,2024-01-19,VAL ST. COME (CAN),Men's Moguls,Results Qualification,SALONEN Jimi,2528237,FIN,37,55.13,17.89,30.1,7.14,1,7oG,1.01,4.6,4.5,2,7op,0.88,2.8,3.0
FIS FREESTYLE SKI WORLD CUP 2025,2025-01-31,VAL ST. COME (CAN),Women's Moguls,Results Qualification,GIACCIO Olivia,2532241,USA,1,75.03,13.89,43.6,17.54,1,7oG,1.11,8.3,8.5,2,7op,0.98,8.6,8.2
FIS FREESTYLE SKI WORLD CUP 2025,2025-01-31,VAL ST. COME (CAN),Women's Moguls,Results Qualification,LAFFONT Perrine,2531156,FRA,2,74.58,16.49,44.1,13.99,1,7op,0.98,8.0,7.8,2,bG,0.92,7.0,6.6
FIS FREESTYLE SKI WORLD CUP 2025,2025-01-31,VAL ST. COME (CAN),Women's Moguls,Results Qualification,MALHERBE Malica,2535457,RSA,33,35.85,11.27,18.0,6.58,1,bG,0.92,3.1,3.3,2,bp,0.81,4.2,4.8
FIS FREESTYLE SKI WORLD CUP 2025,2025-02-21,BEIDAHU (CHN),Women's Moguls,Results Final 1,KAUF Jaelin,2529064,USA,1,82.39,18.12,49.9,14.37,1,7op,0.98,7.5,7.2,2,bG,0.92,7.8,7.8
FIS FREESTYLE SKI WORLD CUP 2025,2025-02-21,BEIDAHU (CHN),Women's Moguls,Results Final 1,FUJIKI Hina,2533039,JPN,14,71.32,14.37,44.5,12.45,1,bG,0.92,6.3,6.6,2,bp,0.81,8.0,8.1
FIS FREESTYLE SKI WORLD CUP 2025,2025-02-21,BEIDAHU (CHN),Women's Moguls,Results Final 1,OWENS Kai,2534962,USA,15,70.62,15.02,43.2,12.4,1,7op,0.98,6.5,6.7,2,7oG,1.11,5.2,5.5
FIS FREESTYLE SKI WORLD CUP 2025,2024-11-30,RUKA (FIN),Men's Moguls,Results Final 1,McDONALD Cole,2534511,USA,5,76.5,14.91,45.5,16.09,1,bF,0.88,8.3,8.6,2,10op,1.05,8.0,8.5
FIS FREESTYLE SKI WORLD CUP 2025,2024-11-30,RUKA (FIN),Men's Moguls,Results Final 1,WOODS Cooper,2532161,AUS,13,73.18,14.28,45.4,13.5,1,bF,0.88,8.5,8.5,2,7op,0.88,7.3,6.4
FIS FREESTYLE SKI WORLD CUP 2025,2024-11-30,RUKA (FIN),Men's Moguls,Results Qualification,SUGIMOTO Kosuke,2528069,JPN,27,66.22,12.38,41.5,12.34,1,7op,0.88,7.2,6.8,2,bG,0.82,7.5,7.6
FIS FREESTYLE SKI WORLD CUP 2025,2024-11-30,RUKA (FIN),Men's Moguls,Results Qualification,KAISLA Aleksi,2534056,FIN,30,63.28,11.72,40.6,10.96,1,bF,0.88,7.9,7.6,2,bp,0.71,5.9,5.8
FIS FREESTYLE SKI WORLD CUP 2025,2024-11-30,RUKA (FIN),Men's Moguls,Results Qualification,MURATA Yutaro,2530684,JPN,36,56.56,12.85,34.0,9.71,1,bF,0.88,7.1,6.0,2,7op,0.88,4.1,4.9
FIS FREESTYLE SKI WORLD CUP 2025,2024-11-30,RUKA (FIN),Men's Moguls,Results Qualification,GAY Paul Andrea,2538751,FRA,41,39.92,13.42,18.9,7.6,1,bF,0.88,8.1,7.9,2,D,0.41,1.8,1.0
FIS FREESTYLE SKI WORLD CUP 2025,2024-11-30,RUKA (FIN),Men's Moguls,Results Qualification,VERDAGUER Lucas,2535379,ESP,50,6.81,0.0,0.3,6.51,1,bG,0.82,7.9,8.0,2,NJ,0.0,0.0,0.0
FIS FREESTYLE SKI WORLD CUP 2025,2024-12-20,BAKURIANI (GEO),Women's Moguls,Results Qualification,YANAGIMOTO Rino,2532040,JPN,6,71.93,15.17,42.1,14.66,1,bp,0.81,8.7,9.0,2,7op,0.98,7.3,8.0
FIS FREESTYLE SKI WORLD CUP 2025,2024-12-20,BAKURIANI (GEO),Women's Moguls,Results Qualification,TOMITAKA Hinako,2532031,JPN,8,70.38,15.04,42.7,12.64,1,bG,0.92,7.0,7.2,2,bp,0.81,7.3,7.8
FIS FREESTYLE SKI WORLD CUP 2025,2024-12-20,BAKURIANI (GEO),Women's Moguls,Results Qualification,DESMARAIS-GILBERT,2531811,CAN,14,63.57,14.15,40.8,8.62,1,bG,0.92,3.5,3.3,2,bp,0.81,6.8,6.8
FIS FREESTYLE SKI WORLD CUP 2025,2025-03-11,LIVIGNO (ITA),Women's Moguls,Results Final 1,KAUF Jaelin,2529064,USA,1,79.88,18.58,46.8,14.5,1,7op,0.98,7.3,7.1,2,bG,0.92,8.0,8.2
FIS FREESTYLE SKI WORLD CUP 2025,2025-03-11,LIVIGNO (ITA),Women's Moguls,Results Final 1,FUJIKI Hina,2533039,JPN,4,75.87,16.21,46.4,13.26,1,bG,0.92,7.7,7.5,2,bp,0.81,7.8,7.7
"FIS Snowboard, Freestyle and Freeski World Championships 2025",2025-03-18,ST. MORITZ / ENGADIN (SUI),Women's Moguls,Results Qualification,CABROL Camille,2530274,FRA,11,70.75,15.78,43.3,11.67,1,bG,0.92,6.2,5.9,2,bp,0.81,7.3,7.8
"FIS Snowboard, Freestyle and Freeski World Championships 2025",2025-03-18,ST. MORITZ / ENGADIN (SUI),Women's Moguls,Results Qualification,LINTON Jessica,2533613,CAN,21,63.27,12.67,40.5,10.1,1,bT,0.78,4.7,5.2,2,bG,0.92,6.7,6.9
"FIS Snowboard, Freestyle and Freeski World Championships 2025",2025-03-18,ST. MORITZ / ENGADIN (SUI),Women's Moguls,Results Qualification,STENKULA Nicolina,2537789,SWE,26,55.58,12.39,35.2,7.99,1,bG,0.92,4.3,4.1,2,bp,0.81,5.0,5.2
"FIS Snowboard, Freestyle and Freeski World Championships 2025",2025-03-18,ST. MORITZ / ENGADIN (SUI),Women's Moguls,Results Qualification,MA Zhuoni,2533012,CHN,36,35.8,9.47,19.8,6.53,1,bT,0.78,3.9,3.8,2,bG,0.92,3.8,3.9
FIS FREESTYLE SKI WORLD CUP 2025,2024-12-06,IDRE FJÄLL (SWE),Men's Moguls,Results Qualification,PAGE Nick,2533462,USA,4,79.59,16.34,45.4,17.85,1,10op,1.05,8.2,8.4,2,7oG,1.01,9.1,9.0
FIS FREESTYLE SKI WORLD CUP 2025,2024-12-06,IDRE FJÄLL (SWE),Men's Moguls,Results Qualification,WENDLER Landon,2534140,USA,25,68.91,14.08,40.5,14.33,1,7op,0.88,7.8,7.8,2,7oG,1.01,7.4,7.4
FIS FREESTYLE SKI WORLD CUP 2025,2024-12-06,IDRE FJÄLL (SWE),Men's Moguls,Results Qualification,BUZZI Enea,2533002,SUI,40,60.94,13.62,35.8,11.52,1,7op,0.88,6.4,7.5,2,10op,1.05,5.2,5.1
FIS FREESTYLE SKI WORLD CUP 2024,2023-12-07,IDRE FJÄLL (SWE),Women's Moguls,Results Qualification,KAUF Jaelin,2529064,USA,5,70.09,15.86,43.5,10.73,1,bG,0.92,6.8,6.7,2,bp,0.81,5.5,5.7
FIS FREESTYLE SKI WORLD CUP 2024,2023-12-07,IDRE FJÄLL (SWE),Women's Moguls,Results Qualification,YANAGIMOTO Rino,2532040,JPN,6,69.32,13.75,43.8,11.77,1,bp,0.81,7.9,8.0,2,7op,0.98,5.6,5.3
FIS FREESTYLE SKI WORLD CUP 2024,2023-12-07,IDRE FJÄLL (SWE),Women's Moguls,Results Qualification,GUSTAFSON Moa,2535767,SWE,34,4.43,0.0,0.3,4.13,1,bp,0.81,5.0,5.2,2,NJ,0.0,0.0,0.0
FIS FREESTYLE SKI WORLD CUP 2024,2024-01-19,VAL ST. COME (CAN),Men's Moguls,Results Qualification,McDONALD Cole,2534511,USA,7,73.02,16.14,44.7,12.18,1,10op,1.05,6.5,6.5,2,7op,0.88,6.0,6.2
FIS FREESTYLE SKI WORLD CUP 2024,2024-01-19,VAL ST. COME (CAN),Men's Moguls,Results Qualification,VIEL Julien,2534074,CAN,23,67.06,16.5,39.0,11.56,1,bF,0.88,6.5,6.4,2,7op,0.88,6.6,6.8
FIS FREESTYLE SKI WORLD CUP 2024,2024-01-19,VAL ST. COME (CAN),Men's Moguls,Results Qualification,OLGAARD Robin,2534212,SWE,24,66.78,15.35,38.9,12.53,1,bG,0.82,7.8,7.5,2,7oG,1.01,6.3,6.1
FIS FREESTYLE SKI WORLD CUP 2025,2025-01-31,VAL ST. COME (CAN),Women's Moguls,Results Qualification,SCHWINGHAMMER,2533204,CAN,5,70.79,14.7,40.6,15.49,1,7op,0.98,8.1,7.2,2,bG,0.92,8.8,8.6
FIS FREESTYLE SKI WORLD CUP 2025,2025-01-31,VAL ST. COME (CAN),Women's Moguls,Results Qualification,GERKEN SCHOFIELD,2530540,GBR,6,66.31,14.48,40.4,11.43,1,bG,0.92,6.4,5.8,2,bp,0.81,6.9,7.5
FIS FREESTYLE SKI WORLD CUP 2025,2025-01-31,VAL ST. COME (CAN),Women's Moguls,Results Qualification,TAGUCHI Yuma,2537043,JPN,16,57.6,11.34,35.0,11.26,1,bG,0.92,5.8,5.4,2,7op,0.98,6.3,6.2
FIS FREESTYLE SKI WORLD CUP 2025,2025-01-31,VAL ST. COME (CAN),Women's Moguls,Results Qualification,HAO Liyun,2537261,CHN,38,22.21,6.22,8.9,7.09,1,S,0.48,5.0,4.5,2,bp,0.81,6.0,5.9
FIS FREESTYLE SKI WORLD CUP 2025,2025-02-21,BEIDAHU (CHN),Men's Moguls,Results Final 1,VIEL Julien,2534074,CAN,4,82.01,16.42,51.2,14.39,1,10op,1.05,7.5,7.6,2,7op,0.88,7.3,7.4
FIS FREESTYLE SKI WORLD CUP 2025,2024-11-30,RUKA (FIN),Men's Moguls,Results Final 1,CAVET Benjamin,2530514,FRA,4,76.56,14.83,46.2,15.53,1,bF,0.88,7.8,8.3,2,10op,1.05,7.8,8.3
FIS FREESTYLE SKI WORLD CUP 2025,2024-11-30,RUKA (FIN),Men's Moguls,Results Final 1,SHIMAKAWA Takuya,2530672,JPN,7,75.36,13.62,46.3,15.44,1,7op,0.88,8.0,8.4,2,7oG,1.01,8.2,8.1
FIS FREESTYLE SKI WORLD CUP 2025,2024-11-30,RUKA (FIN),Men's Moguls,Results Qualification,WALLBERG Walter,2532001,SWE,8,74.89,14.9,45.9,14.09,1,bF,0.88,6.8,7.0,2,7oG,1.01,7.9,8.0
FIS FREESTYLE SKI WORLD CUP 2025,2024-11-30,RUKA (FIN),Women's Moguls,Results Final 1,ANTHONY Jakara,2530720,AUS,2,77.51,15.93,46.8,14.78,1,7oG,1.11,8.1,8.4,2,bp,0.81,6.9,7.0
FIS FREESTYLE SKI WORLD CUP 2025,2024-11-30,RUKA (FIN),Women's Moguls,Results Final 1,MACUGA Alli,2534186,USA,13,68.92,13.62,42.5,12.8,1,bp,0.81,7.4,7.3,2,7op,0.98,7.2,6.8
FIS FREESTYLE SKI WORLD CUP 2025,2024-12-20,BAKURIANI (GEO),Women's Moguls,Results Qualification,KAUF Jaelin,2529064,USA,7,71.0,17.52,39.8,13.68,1,7op,0.98,6.5,6.5,2,bG,0.92,7.9,8.0
FIS FREESTYLE SKI WORLD CUP 2025,2024-12-20,BAKURIANI (GEO),Women's Moguls,Results Qualification,GUSTAFSON Moa,2535767,SWE,20,53.79,14.95,30.5,8.34,1,bG,0.92,4.6,3.6,2,bp,0.81,5.8,5.5
FIS FREESTYLE SKI WORLD CUP 2025,2024-12-20,BAKURIANI (GEO),Women's Moguls,Results Qualification,YUN Shin-Ee,2537929,KOR,23,52.7,12.21,30.9,9.59,1,bG,0.92,5.1,5.2,2,bp,0.81,5.9,6.1
FIS FREESTYLE SKI WORLD CUP 2025,2025-03-11,LIVIGNO (ITA),Men's Moguls,Results Final 1,WALCZYK Dylan,2527085,USA,10,75.93,16.36,48.0,11.57,1,7oG,1.01,6.7,6.9,2,lG,0.82,5.8,5.7
"FIS Snowboard, Freestyle and Freeski World Championships 2025",2025-03-18,ST. MORITZ / ENGADIN (SUI),Women's Moguls,Results Qualification,PASSARETTA Manuela,2537886,ITA,31,49.84,11.21,29.7,8.93,1,bp,0.81,4.3,4.6,2,bG,0.92,5.9,5.7
FIS FREESTYLE SKI WORLD CUP 2025,2024-12-06,IDRE FJÄLL (SWE),Men's Moguls,Results Qualification,GOODISON Samuel,2534451,CAN,12,73.28,16.89,41.4,14.99,1,bF,0.88,7.8,8.1,2,7op,0.88,9.1,9.1
FIS FREESTYLE SKI WORLD CUP 2025,2024-12-06,IDRE FJÄLL (SWE),Men's Moguls,Results Qualification,CAYOLLE Tristan,2533776,FRA,44,57.51,13.93,32.2,11.38,1,bF,0.88,5.7,5.7,2,7op,0.88,7.1,7.4
FIS FREESTYLE SKI WORLD CUP 2024,2023-12-07,IDRE FJÄLL (SWE),Women's Moguls,Results Qualification,JOHNSON Tess,2532270,USA,2,72.1,14.28,45.5,12.32,1,bp,0.81,6.3,6.2,2,bG,0.92,7.8,8.0
FIS FREESTYLE SKI WORLD CUP 2024,2023-12-07,IDRE FJÄLL (SWE),Women's Moguls,Results Qualification,TAGUCHI Yuma,2537043,JPN,17,57.26,12.65,32.9,11.71,1,bp,0.81,6.4,6.4,2,bG,0.92,7.2,7.0
FIS FREESTYLE SKI WORLD CUP 2024,2023-12-07,IDRE FJÄLL (SWE),Women's Moguls,Results Qualification,DESMARAIS-GILBERT,2531811,CAN,18,56.69,10.61,35.8,10.28,1,bG,0.92,4.6,5.0,2,bp,0.81,7.3,7.2
FIS FREESTYLE SKI WORLD CUP 2024,2024-01-19,VAL ST. COME (CAN),Men's Moguls,Results Qualification,CORDELL Sam,2532530,CAN,35,58.8,17.49,33.2,8.11,1,7oG,1.01,5.5,5.6,2,bp,0.71,3.8,3.3
FIS FREESTYLE SKI WORLD CUP 2025,2025-01-31,VAL ST. COME (CAN),Women's Moguls,Results Qualification,FUJIKI Hina,2533039,JPN,15,57.89,12.06,32.6,13.23,1,bG,0.92,7.1,7.6,2,bp,0.81,7.6,8.4
FIS FREESTYLE SKI WORLD CUP 2025,2025-01-31,VAL ST. COME (CAN),Women's Moguls,Results Qualification,PERNICE Lucy,2535795,AUS,30,41.9,8.75,22.5,10.65,1,bT,0.78,6.0,5.5,2,7op,0.98,6.1,6.5
FIS FREESTYLE SKI WORLD CUP 2025,2024-11-30,RUKA (FIN),Women's Moguls,Results Final 1,SCHWINGHAMMER,2533204,CAN,4,74.42,14.95,44.4,15.07,1,7op,0.98,7.7,7.6,2,bG,0.92,8.2,8.3
FIS FREESTYLE SKI WORLD CUP 2025,2024-12-20,BAKURIANI (GEO),Women's Moguls,Results Qualification,MACUGA Alli,2534186,USA,13,64.79,15.51,36.5,12.78,1,bp,0.81,7.7,7.3,2,7op,0.98,6.9,6.8
FIS FREESTYLE SKI WORLD CUP 2025,2025-03-11,LIVIGNO (ITA),Men's Moguls,Results Final 1,KOLMAKOV Pavel,2528846,KAZ,13,74.55,16.35,45.7,12.5,1,bdF,1.05,6.3,6.3,2,7op,0.88,6.6,6.8
FIS FREESTYLE SKI WORLD CUP 2025,2025-03-11,LIVIGNO (ITA),Women's Moguls,Results Final 1,LAFFONT Perrine,2531156,FRA,2,77.87,17.61,46.9,13.36,1,7oG,1.11,6.2,5.8,2,7op,0.98,7.0,6.7
"FIS Snowboard, Freestyle and Freeski World Championships 2025",2025-03-18,ST. MORITZ / ENGADIN (SUI),Women's Moguls,Results Qualification,CARR Cali,2538479,GBR,28,54.03,10.66,33.5,9.87,1,bG,0.92,4.9,4.8,2,bp,0.81,6.5,6.9
"FIS Snowboard, Freestyle and Freeski World Championships 2025",2025-03-18,ST. MORITZ / ENGADIN (SUI),Women's Moguls,Results Qualification,TIMPONE Sofia Carla,2539655,ITA,34,39.67,7.65,24.8,7.22,1,3,0.78,4.2,4.1,2,bG,0.92,4.4,4.3
FIS FREESTYLE SKI WORLD CUP 2025,2024-12-06,IDRE FJÄLL (SWE),Men's Moguls,Results Qualification,CORDELL Sam,2532530,CAN,16,71.66,14.19,43.0,14.47,1,7oG,1.01,8.2,7.9,2,bG,0.82,8.3,7.2
FIS FREESTYLE SKI WORLD CUP 2025,2024-12-06,IDRE FJÄLL (SWE),Men's Moguls,Results Qualification,AHVENAINEN Akseli,2533687,FIN,21,70.33,15.02,43.9,11.41,1,bdF,1.05,6.8,6.3,2,7oG,1.01,4.2,4.8
FIS FREESTYLE SKI WORLD CUP 2025,2024-12-06,IDRE FJÄLL (SWE),Men's Moguls,Results Qualification,WAERME Karl,2534862,SWE,31,67.72,13.84,44.2,9.68,1,bF,0.88,3.9,4.0,2,7oG,1.01,6.2,6.1
FIS FREESTYLE SKI WORLD CUP 2025,2024-12-06,IDRE FJÄLL (SWE),Men's Moguls,Results Qualification,CROZET Leo,2538029,FRA,43,58.51,14.46,33.6,10.45,1,7oG,1.01,8.0,8.0,2,bG,0.82,3.0,2.8
FIS FREESTYLE SKI WORLD CUP 2025,2024-12-06,IDRE FJÄLL (SWE),Men's Moguls,Results Qualification,BERG Gordon,2534863,SWE,45,56.66,13.71,32.0,10.95,1,lG,0.82,7.8,7.6,2,bp,0.71,6.4,6.7
FIS FREESTYLE SKI WORLD CUP 2024,2023-12-14,ALPE D'HUEZ (FRA),Men's Moguls,Results Qualification,KANNO Shugo,2532177,JPN,48,10.78,7.18,0.3,3.3,1,7op,0.88,3.5,4.0,2,NJ,0.0,0.0,0.0
FIS FREESTYLE SKI WORLD CUP 2024,2023-12-07,IDRE FJÄLL (SWE),Women's Moguls,Results Qualification,GIACCIO Olivia,2532241,USA,4,71.75,15.24,45.2,11.31,1,bF,0.98,5.2,5.6,2,7op,0.98,6.3,6.0
FIS FREESTYLE SKI WORLD CUP 2024,2023-12-07,IDRE FJÄLL (SWE),Women's Moguls,Results Qualification,DEGROOTE Fantine,2533547,FRA,8,64.05,14.01,38.2,11.84,1,bG,0.92,7.4,7.0,2,bp,0.81,6.4,6.5
FIS FREESTYLE SKI WORLD CUP 2024,2023-12-07,IDRE FJÄLL (SWE),Women's Moguls,Results Qualification,AMRENOVA Ayaulym,2532085,KAZ,16,58.53,13.46,34.7,10.37,1,bG,0.92,5.7,6.4,2,bp,0.81,5.7,6.2
FIS FREESTYLE SKI WORLD CUP 2024,2023-12-07,IDRE FJÄLL (SWE),Women's Moguls,Results Qualification,KAJIWARA Yuki,2533769,JPN,23,46.46,12.98,25.9,7.58,1,bp,0.81,5.6,5.9,2,7op,0.98,3.2,2.8
FIS FREESTYLE SKI WORLD CUP 2024,2024-01-19,VAL ST. COME (CAN),Men's Moguls,Results Final 1,WALLBERG Walter,2532001,SWE,1,83.67,18.23,49.6,15.84,1,bF,0.88,8.3,8.5,2,10op,1.05,8.1,8.0
FIS FREESTYLE SKI WORLD CUP 2024,2024-01-19,VAL ST. COME (CAN),Men's Moguls,Results Final 1,GRAVENFORS Filip,2534858,SWE,3,80.65,17.39,47.4,15.86,1,10op,1.05,8.2,8.2,2,7op,0.88,8.4,8.1
FIS FREESTYLE SKI WORLD CUP 2024,2024-01-19,VAL ST. COME (CAN),Men's Moguls,Results Qualification,MERZ Linus,2533504,GER,43,49.05,14.39,25.0,9.66,1,7op,0.88,6.3,6.4,2,bp,0.71,5.7,5.8
FIS FREESTYLE SKI WORLD CUP 2025,2025-01-31,VAL ST. COME (CAN),Women's Moguls,Results Qualification,NAKAO Haruka,2533488,JPN,21,54.87,12.0,30.0,12.87,1,bG,0.92,6.8,6.5,2,7op,0.98,6.8,7.0
FIS FREESTYLE SKI WORLD CUP 2025,2025-01-31,VAL ST. COME (CAN),Women's Moguls,Results Qualification,HOGG Kasey,2534251,USA,23,53.3,12.76,29.1,11.44,1,bp,0.81,6.4,6.3,2,bG,0.92,6.7,7.0
FIS FREESTYLE SKI WORLD CUP 2025,2025-02-21,BEIDAHU (CHN),Men's Moguls,Results Final 1,KOLMAKOV Pavel,2528846,KAZ,10,77.38,17.31,47.6,12.47,1,bdF,1.05,6.4,6.2,2,bG,0.82,7.3,7.0
FIS FREESTYLE SKI WORLD CUP 2025,2025-02-21,BEIDAHU (CHN),Men's Moguls,Results Final 1,STEGFELDT Rasmus,2531923,SWE,13,75.64,16.19,46.3,13.15,1,bF,0.88,7.7,7.4,2,7oG,1.01,6.5,6.4
FIS FREESTYLE SKI WORLD CUP 2025,2025-02-21,BEIDAHU (CHN),Women's Moguls,Results Final 1,JOHNSON Tess,2532270,USA,4,77.95,15.24,46.9,15.81,1,7oG,1.11,7.1,7.4,2,bG,0.92,8.2,8.7
FIS FREESTYLE SKI WORLD CUP 2025,2025-02-21,BEIDAHU (CHN),Women's Moguls,Results Final 1,KARIOTIS Kylie,2534866,USA,10,73.18,15.85,46.2,11.13,1,bp,0.81,6.0,6.4,2,bG,0.92,6.4,6.9
FIS FREESTYLE SKI WORLD CUP 2025,2024-11-30,RUKA (FIN),Men's Moguls,Results Qualification,McDONALD Cole,2534511,USA,7,74.94,13.94,46.2,14.8,1,bF,0.88,7.5,8.0,2,10op,1.05,7.8,7.4
FIS FREESTYLE SKI WORLD CUP 2025,2024-11-30,RUKA (FIN),Men's Moguls,Results Qualification,OLGAARD Robin,2534212,SWE,11,72.24,13.18,45.4,13.66,1,7op,0.88,7.8,7.8,2,bG,0.82,8.4,8.2
FIS FREESTYLE SKI WORLD CUP 2025,2024-11-30,RUKA (FIN),Men's Moguls,Results Qualification,BEAULIEU Charles,2535304,CAN,23,67.7,14.63,39.7,13.37,1,bF,0.88,7.8,7.0,2,7op,0.88,8.1,7.5
FIS FREESTYLE SKI WORLD CUP 2025,2024-11-30,RUKA (FIN),Women's Moguls,Results Final 1,GIACCIO Olivia,2532241,USA,3,75.01,14.73,44.1,16.18,1,7oG,1.11,7.8,7.6,2,7op,0.98,7.6,8.0
FIS FREESTYLE SKI WORLD CUP 2025,2024-11-30,RUKA (FIN),Women's Moguls,Results Final 1,GORODKO,2535385,KAZ,7,71.44,15.21,42.6,13.63,1,bG,0.92,7.9,8.0,2,7oG,1.11,5.5,5.9
FIS FREESTYLE SKI WORLD CUP 2025,2025-03-11,LIVIGNO (ITA),Men's Moguls,Results Final 1,GOODISON Samuel,2534451,CAN,11,75.28,16.19,45.9,13.19,1,bF,0.88,7.3,7.1,2,7oG,1.01,6.6,7.0
FIS FREESTYLE SKI WORLD CUP 2025,2025-03-11,LIVIGNO (ITA),Men's Moguls,Results Final 1,PENTTALA Olli,2528035,FIN,14,73.91,16.49,44.2,13.22,1,7oG,1.01,6.3,6.7,2,10op,1.05,6.5,6.2
FIS FREESTYLE SKI WORLD CUP 2025,2025-03-11,LIVIGNO (ITA),Women's Moguls,Results Final 1,NAKAO Haruka,2533488,JPN,15,67.49,13.7,42.0,11.79,1,lG,0.92,7.1,6.5,2,7op,0.98,5.8,5.5
"FIS Snowboard, Freestyle and Freeski World Championships 2025",2025-03-18,ST. MORITZ / ENGADIN (SUI),Women's Moguls,Results Qualification,KISIL Yuliana,2538191,UKR,35,42.82,8.73,27.7,6.39,1,S,0.48,5.0,5.3,2,bp,0.81,4.7,5.0
FIS FREESTYLE SKI WORLD CUP 2025,2024-12-06,IDRE FJÄLL (SWE),Men's Moguls,Results Qualification,KINGSBURY Mikael,2484937,CAN,1,81.55,16.51,49.7,15.34,1,bF,0.88,8.3,8.4,2,7op,0.88,9.1,9.1
FIS FREESTYLE SKI WORLD CUP 2025,2024-12-06,IDRE FJÄLL (SWE),Men's Moguls,Results Qualification,VIERELA Severi,2533386,FIN,3,79.82,15.87,46.2,17.75,1,7oG,1.01,8.6,9.2,2,10op,1.05,8.2,8.5
FIS FREESTYLE SKI WORLD CUP 2025,2024-12-06,IDRE FJÄLL (SWE),Men's Moguls,Results Qualification,HORISHIMA Ikuma,2529645,JPN,9,74.57,15.55,44.9,14.12,1,bF,0.88,7.2,7.0,2,10op,1.05,7.6,7.4
FIS FREESTYLE SKI WORLD CUP 2025,2024-12-06,IDRE FJÄLL (SWE),Men's Moguls,Results Qualification,JEANNESSON Mateo,2535572,GBR,34,65.81,13.73,40.0,12.08,1,10op,1.05,5.5,5.6,2,7oG,1.01,6.4,6.0
FIS FREESTYLE SKI WORLD CUP 2024,2023-12-07,IDRE FJÄLL (SWE),Women's Moguls,Results Qualification,OWENS Kai,2534962,USA,10,63.53,14.55,36.0,12.98,1,7op,0.98,7.4,6.8,2,bp,0.81,7.3,7.6
FIS FREESTYLE SKI WORLD CUP 2024,2023-12-07,IDRE FJÄLL (SWE),Women's Moguls,Results Qualification,DOOLEY Claire,2535435,IRL,32,26.07,4.34,15.3,6.43,1,3,0.78,2.9,3.0,2,bT,0.78,5.1,5.5
FIS FREESTYLE SKI WORLD CUP 2024,2024-01-19,VAL ST. COME (CAN),Men's Moguls,Results Final 1,PAGE Nick,2533462,USA,11,72.69,17.12,43.3,12.27,1,7oG,1.01,6.5,6.6,2,10op,1.05,5.3,5.5
FIS FREESTYLE SKI WORLD CUP 2024,2024-01-19,VAL ST. COME (CAN),Men's Moguls,Results Qualification,VIERELA Severi,2533386,FIN,14,71.25,16.35,43.2,11.7,1,bF,0.88,6.3,6.4,2,10oG,1.2,5.2,5.0
FIS FREESTYLE SKI WORLD CUP 2025,2025-01-31,VAL ST. COME (CAN),Women's Moguls,Results Qualification,TOMITAKA Hinako,2532031,JPN,9,63.91,11.87,41.0,11.04,1,bG,0.92,5.5,5.4,2,bp,0.81,6.9,8.0
FIS FREESTYLE SKI WORLD CUP 2025,2025-01-31,VAL ST. COME (CAN),Women's Moguls,Results Qualification,LI Ruilin,2537198,CHN,32,36.56,9.38,18.7,8.48,1,bp,0.81,5.5,4.8,2,bG,0.92,4.6,4.8
FIS FREESTYLE SKI WORLD CUP 2025,2024-11-30,RUKA (FIN),Men's Moguls,Results Final 1,MICKEL Charlie,2537180,USA,12,73.59,13.8,44.5,15.29,1,7oG,1.01,7.9,8.2,2,7op,0.88,7.9,8.4
FIS FREESTYLE SKI WORLD CUP 2025,2024-11-30,RUKA (FIN),Men's Moguls,Results Final 1,OLGAARD Robin,2534212,SWE,15,70.57,13.22,41.2,16.15,1,7oG,1.01,7.9,8.2,2,10op,1.05,7.8,7.5
FIS FREESTYLE SKI WORLD CUP 2025,2024-11-30,RUKA (FIN),Men's Moguls,Results Qualification,LOGAN Oliver,2534330,AUS,44,30.84,7.69,12.2,10.95,1,bF,0.88,5.4,6.0,2,7op,0.88,6.5,7.0
FIS FREESTYLE SKI WORLD CUP 2025,2024-11-30,RUKA (FIN),Women's Moguls,Results Final 1,OWENS Kai,2534962,USA,6,71.5,13.28,41.6,16.62,1,7op,0.98,7.9,7.8,2,7oG,1.11,8.1,8.0
FIS FREESTYLE SKI WORLD CUP 2025,2024-12-20,BAKURIANI (GEO),Women's Moguls,Results Qualification,OWENS Kai,2534962,USA,10,67.92,14.07,38.0,15.85,1,bp,0.81,7.7,7.9,2,7oG,1.11,8.6,8.6
FIS FREESTYLE SKI WORLD CUP 2025,2025-03-11,LIVIGNO (ITA),Men's Moguls,Results Final 1,GRAHAM Matt,2441426,AUS,5,78.63,17.02,47.0,14.61,1,bF,0.88,7.9,7.9,2,10op,1.05,7.5,7.1
FIS FREESTYLE SKI WORLD CUP 2025,2025-03-11,LIVIGNO (ITA),Women's Moguls,Results Final 1,TOMITAKA Hinako,2532031,JPN,6,74.85,15.76,46.5,12.59,1,bG,0.92,6.3,6.5,2,7op,0.98,6.8,6.9
FIS FREESTYLE SKI WORLD CUP 2025,2025-03-11,LIVIGNO (ITA),Women's Moguls,Results Final 1,DESMARAIS-GILBERT,2531811,CAN,13,71.01,16.15,43.4,11.46,1,bG,0.92,6.0,6.7,2,bp,0.81,6.7,7.2
"FIS Snowboard, Freestyle and Freeski World Championships 2025",2025-03-18,ST. MORITZ / ENGADIN (SUI),Women's Moguls,Results Qualification,YANG Ya,2537259,CHN,29,50.82,11.84,30.9,8.08,1,bG,0.92,3.5,3.6,2,bp,0.81,5.9,6.0
FIS FREESTYLE SKI WORLD CUP 2025,2024-12-06,IDRE FJÄLL (SWE),Men's Moguls,Results Qualification,GRAVENFORS Filip,2534858,SWE,20,70.78,15.65,42.2,12.93,1,bF,0.88,8.5,8.5,2,7op,0.88,6.2,6.2
FIS FREESTYLE SKI WORLD CUP 2024,2023-12-07,IDRE FJÄLL (SWE),Women's Moguls,Results Qualification,YUN Shin-Ee,2537929,KOR,29,39.28,9.88,22.4,7.0,1,bG,0.92,3.6,3.2,2,bp,0.81,4.7,4.9
FIS FREESTYLE SKI WORLD CUP 2024,2023-12-07,IDRE FJÄLL (SWE),Women's Moguls,Results Qualification,MACUGA Alli,2534186,USA,33,25.88,8.57,10.9,6.41,1,bF,0.98,1.0,1.8,2,7op,0.98,4.6,5.7
FIS FREESTYLE SKI WORLD CUP 2024,2024-01-19,VAL ST. COME (CAN),Men's Moguls,Results Qualification,VAILLANCOURT Elliot,2532513,CAN,15,71.2,16.97,40.3,13.93,1,10op,1.05,6.2,6.5,2,7oG,1.01,7.4,7.0
FIS FREESTYLE SKI WORLD CUP 2024,2024-01-19,VAL ST. COME (CAN),Men's Moguls,Results Qualification,FUJIKI Goshin,2529670,JPN,25,65.93,16.03,40.1,9.8,1,bF,0.88,5.4,5.2,2,7op,0.88,5.8,5.9
FIS FREESTYLE SKI WORLD CUP 2024,2024-01-19,VAL ST. COME (CAN),Men's Moguls,Results Qualification,GOODISON Samuel,2534451,CAN,26,65.3,17.33,39.0,8.97,1,bF,0.88,5.8,5.6,2,7op,0.88,4.5,4.5
FIS FREESTYLE SKI WORLD CUP 2024,2024-01-19,VAL ST. COME (CAN),Men's Moguls,Results Qualification,LUCAS Nash,2534751,USA,31,62.46,16.11,38.3,8.05,1,bF,0.88,4.8,4.7,2,7oG,1.01,3.8,3.9
FIS FREESTYLE SKI WORLD CUP 2024,2024-01-19,VAL ST. COME (CAN),Men's Moguls,Results Qualification,JEANNESSON Mateo,2535572,GBR,33,61.0,15.04,36.6,9.36,1,bF,0.88,5.7,5.7,2,7op,0.88,5.0,4.9
FIS FREESTYLE SKI WORLD CUP 2024,2024-01-19,VAL ST. COME (CAN),Men's Moguls,Results Qualification,TADE Marco,2527554,SUI,46,22.09,13.28,3.1,5.71,1,bF,0.88,6.4,6.6,2,NJ,0.0,0.0,0.0
FIS FREESTYLE SKI WORLD CUP 2025,2025-01-31,VAL ST. COME (CAN),Women's Moguls,Results Qualification,OWENS Kai,2534962,USA,14,58.44,13.13,34.1,11.21,1,7op,0.98,7.3,7.1,2,7oG,1.11,3.5,4.0
FIS FREESTYLE SKI WORLD CUP 2025,2025-01-31,VAL ST. COME (CAN),Women's Moguls,Results Qualification,DUAUX Marie,2537443,FRA,28,44.74,12.25,22.7,9.79,1,bG,0.92,4.6,4.3,2,bp,0.81,6.8,7.3
FIS FREESTYLE SKI WORLD CUP 2025,2025-01-31,VAL ST. COME (CAN),Women's Moguls,Results Qualification,GORODKO,2535385,KAZ,37,23.68,8.33,4.6,10.75,1,7op,0.98,4.7,4.4,2,bG,0.92,7.0,6.7
FIS FREESTYLE SKI WORLD CUP 2025,2025-02-21,BEIDAHU (CHN),Men's Moguls,Results Final 1,VIERELA Severi,2533386,FIN,6,80.79,17.01,48.2,15.58,1,7oG,1.01,8.0,8.1,2,10op,1.05,7.0,7.2
FIS FREESTYLE SKI WORLD CUP 2025,2025-02-21,BEIDAHU (CHN),Women's Moguls,Results Final 1,TOMITAKA Hinako,2532031,JPN,6,76.64,15.03,49.6,12.01,1,7op,0.98,6.2,6.5,2,bp,0.81,7.3,7.0
FIS FREESTYLE SKI WORLD CUP 2025,2025-02-21,BEIDAHU (CHN),Women's Moguls,Results Final 1,HOGG Kasey,2534251,USA,7,76.4,15.9,48.5,12.0,1,bp,0.81,6.7,6.6,2,bG,0.92,7.0,7.4
FIS FREESTYLE SKI WORLD CUP 2025,2024-11-30,RUKA (FIN),Men's Moguls,Results Qualification,CAVET Benjamin,2530514,FRA,4,77.12,14.74,49.4,12.98,1,bF,0.88,8.2,8.1,2,bp,0.71,8.3,8.1
FIS FREESTYLE SKI WORLD CUP 2025,2024-11-30,RUKA (FIN),Men's Moguls,Results Qualification,NISHIZAWA Taketo,2531352,JPN,35,58.06,15.48,36.7,5.88,1,7op,0.88,5.0,4.9,2,bp,0.71,2.2,2.1
FIS FREESTYLE SKI WORLD CUP 2025,2024-11-30,RUKA (FIN),Men's Moguls,Results Qualification,WANG Renda,2537252,CHN,47,19.35,8.88,4.9,5.57,1,bp,0.71,7.7,8.0,2,NJ,0.0,0.0,0.0
FIS FREESTYLE SKI WORLD CUP 2025,2024-11-30,RUKA (FIN),Men's Moguls,Results Qualification,MERZ Linus,2533504,GER,49,13.59,3.51,0.9,9.18,1,10op,1.05,5.0,5.2,2,bp,0.71,6.0,4.8
FIS FREESTYLE SKI WORLD CUP 2025,2024-12-20,BAKURIANI (GEO),Women's Moguls,Results Qualification,NAKAO Haruka,2533488,JPN,17,61.29,12.63,37.3,11.36,1,bG,0.92,5.6,5.3,2,bp,0.81,7.9,7.8
FIS FREESTYLE SKI WORLD CUP 2025,2024-12-20,BAKURIANI (GEO),Women's Moguls,Results Qualification,LINTON Jessica,2533613,CAN,21,53.73,13.18,30.8,9.75,1,bG,0.92,5.2,5.1,2,bp,0.81,6.1,6.3
FIS FREESTYLE SKI WORLD CUP 2025,2025-03-11,LIVIGNO (ITA),Men's Moguls,Results Final 1,MOUILLE Thibaud,2532044,FRA,15,60.49,14.43,34.9,11.16,1,10op,1.05,7.2,7.1,2,14op,1.22,3.2,2.8
"FIS Snowboard, Freestyle and Freeski World Championships 2025",2025-03-18,ST. MORITZ / ENGADIN (SUI),Women's Moguls,Results Qualification,GUSTAFSON Moa,2535767,SWE,19,63.45,15.3,37.8,10.35,1,bG,0.92,5.8,5.9,2,bp,0.81,6.0,6.3
"FIS Snowboard, Freestyle and Freeski World Championships 2025",2025-03-18,ST. MORITZ / ENGADIN (SUI),Women's Moguls,Results Qualification,YUN Shin-Ee,2537929,KOR,30,9.76,6.33,0.3,3.13,1,lG,0.92,3.0,2.5,2,bp,0.81,0.8,0.7
FIS FREESTYLE SKI WORLD CUP 2025,2024-12-06,IDRE FJÄLL (SWE),Men's Moguls,Results Qualification,MOBERG Elis,2537616,SWE,29,67.97,12.73,44.3,10.94,1,bF,0.88,5.8,6.0,2,7oG,1.01,5.7,5.7
FIS FREESTYLE SKI WORLD CUP 2024,2023-12-14,ALPE D'HUEZ (FRA),Men's Moguls,Results Qualification,HOLMGREN Albin,2532811,SWE,46,31.72,8.2,16.4,7.12,1,bF,0.88,1.0,1.2,2,7op,0.88,6.9,7.1
FIS FREESTYLE SKI WORLD CUP 2024,2023-12-07,IDRE FJÄLL (SWE),Women's Moguls,Results Qualification,BERGHUIS Janneke,2532759,NED,28,40.0,8.49,24.5,7.01,1,bp,0.81,2.9,2.7,2,fT,0.78,6.1,6.1
FIS FREESTYLE SKI WORLD CUP 2024,2024-01-19,VAL ST. COME (CAN),Men's Moguls,Results Final 1,VAILLANCOURT Elliot,2532513,CAN,2,82.13,17.09,47.9,17.14,1,10op,1.05,8.2,8.2,2,7oG,1.01,8.4,8.5
FIS FREESTYLE SKI WORLD CUP 2024,2024-01-19,VAL ST. COME (CAN),Men's Moguls,Results Qualification,CHALIFOUX Louis-,2534234,CAN,11,72.25,16.23,43.8,12.22,1,bF,0.88,6.5,6.4,2,7op,0.88,7.3,7.6
FIS FREESTYLE SKI WORLD CUP 2025,2025-01-31,VAL ST. COME (CAN),Women's Moguls,Results Qualification,ITO Marin,2534824,JPN,22,53.72,12.16,31.0,10.56,1,bG,0.92,6.1,5.6,2,fT,0.78,6.9,6.4
FIS FREESTYLE SKI WORLD CUP 2025,2025-01-31,VAL ST. COME (CAN),Women's Moguls,Results Qualification,BOSCO Emma,2532927,AUS,39,21.55,8.97,1.5,11.08,1,bG,0.92,6.0,5.5,2,bL,0.81,7.2,7.1
FIS FREESTYLE SKI WORLD CUP 2025,2025-02-21,BEIDAHU (CHN),Men's Moguls,Results Final 1,KINGSBURY Mikael,2484937,CAN,2,84.6,16.72,52.4,15.48,1,10op,1.05,8.2,8.4,2,7op,0.88,7.7,7.7
FIS FREESTYLE SKI WORLD CUP 2025,2024-11-30,RUKA (FIN),Men's Moguls,Results Qualification,HORISHIMA Ikuma,2529645,JPN,2,77.93,13.28,50.1,14.55,1,bF,0.88,8.6,8.0,2,7op,0.88,8.3,8.2
FIS FREESTYLE SKI WORLD CUP 2025,2024-11-30,RUKA (FIN),Men's Moguls,Results Qualification,WOODS Cooper,2532161,AUS,9,72.66,14.22,44.9,13.54,1,bF,0.88,7.8,8.2,2,7op,0.88,7.6,7.2
FIS FREESTYLE SKI WORLD CUP 2025,2024-11-30,RUKA (FIN),Men's Moguls,Results Qualification,SHIMAKAWA Takuya,2530672,JPN,10,72.33,13.29,45.5,13.54,1,7op,0.88,5.8,6.4,2,7oG,1.01,7.9,8.3
FIS FREESTYLE SKI WORLD CUP 2025,2024-11-30,RUKA (FIN),Men's Moguls,Results Qualification,MICKEL Charlie,2537180,USA,13,71.51,11.68,44.7,15.13,1,7oG,1.01,8.3,8.0,2,7op,0.88,8.0,7.7
FIS FREESTYLE SKI WORLD CUP 2025,2024-11-30,RUKA (FIN),Men's Moguls,Results Qualification,JEANNESSON Mateo,2535572,GBR,19,69.47,12.01,44.8,12.66,1,bF,0.88,6.3,7.0,2,7oG,1.01,6.7,6.8
FIS FREESTYLE SKI WORLD CUP 2025,2024-11-30,RUKA (FIN),Men's Moguls,Results Qualification,LEE Yoonseung,2537625,KOR,39,52.41,14.05,31.4,6.96,1,bF,0.88,5.8,6.8,2,bp,0.71,2.0,2.0
FIS FREESTYLE SKI WORLD CUP 2025,2024-11-30,RUKA (FIN),Men's Moguls,Results Qualification,PASCARELLA Paolo,2534403,SUI,45,26.05,7.01,13.9,5.14,1,bdF,1.05,2.1,2.6,2,7oG,1.01,2.3,3.0
FIS FREESTYLE SKI WORLD CUP 2025,2024-12-20,BAKURIANI (GEO),Women's Moguls,Results Qualification,JOHNSON Tess,2532270,USA,3,75.81,16.64,43.9,15.27,1,7oG,1.11,7.0,6.6,2,bG,0.92,8.6,8.2
FIS FREESTYLE SKI WORLD CUP 2025,2024-12-20,BAKURIANI (GEO),Women's Moguls,Results Qualification,YANG Ya,2537259,CHN,28,42.32,9.35,24.4,8.57,1,bG,0.92,4.8,4.6,2,bp,0.81,5.1,5.4
FIS FREESTYLE SKI WORLD CUP 2025,2024-12-20,BAKURIANI (GEO),Women's Moguls,Results Qualification,WEESE Sophie,2532509,GER,30,35.5,12.93,10.7,11.87,1,bT,0.78,6.3,6.6,2,bG,0.92,7.6,7.3
FIS FREESTYLE SKI WORLD CUP 2025,2025-03-11,LIVIGNO (ITA),Men's Moguls,Results Final 1,HORISHIMA Ikuma,2529645,JPN,3,79.2,16.58,49.4,13.22,1,bdF,1.05,6.7,6.7,2,10op,1.05,5.8,6.0
FIS FREESTYLE SKI WORLD CUP 2025,2024-12-06,IDRE FJÄLL (SWE),Men's Moguls,Results Qualification,HOLMGREN Albin,2532811,SWE,11,74.13,14.33,44.1,15.7,1,bF,0.88,8.8,8.9,2,7op,0.88,9.0,9.0
FIS FREESTYLE SKI WORLD CUP 2025,2024-12-06,IDRE FJÄLL (SWE),Men's Moguls,Results Qualification,VAILLANCOURT Elliot,2532513,CAN,24,68.98,14.99,38.6,15.39,1,7op,0.88,7.2,7.5,2,7oG,1.01,8.8,8.9
FIS FREESTYLE SKI WORLD CUP 2025,2024-12-06,IDRE FJÄLL (SWE),Men's Moguls,Results Qualification,MICHEL Asher,2537833,USA,28,68.15,16.15,39.9,12.1,1,7oG,1.01,6.2,4.8,2,bG,0.82,8.2,7.8
FIS FREESTYLE SKI WORLD CUP 2024,2023-12-07,IDRE FJÄLL (SWE),Women's Moguls,Results Qualification,ANTHONY Jakara,2530720,AUS,1,75.62,14.73,46.9,13.99,1,7oG,1.11,5.9,5.9,2,bG,0.92,8.1,8.1
FIS FREESTYLE SKI WORLD CUP 2024,2023-12-07,IDRE FJÄLL (SWE),Women's Moguls,Results Qualification,SOAR Hannah,2531373,USA,7,64.94,13.94,42.7,8.3,1,bp,0.81,5.9,5.9,2,bG,0.92,3.9,3.8
FIS FREESTYLE SKI WORLD CUP 2024,2023-12-07,IDRE FJÄLL (SWE),Women's Moguls,Results Qualification,GORODKO,2535385,KAZ,9,63.66,13.51,38.8,11.35,1,bG,0.92,6.8,6.9,2,bp,0.81,6.2,6.3
FIS FREESTYLE SKI WORLD CUP 2024,2023-12-07,IDRE FJÄLL (SWE),Women's Moguls,Results Qualification,TOMITAKA Hinako,2532031,JPN,13,61.54,12.4,38.9,10.24,1,bp,0.81,6.4,6.2,2,7op,0.98,5.5,5.0
FIS FREESTYLE SKI WORLD CUP 2024,2024-01-19,VAL ST. COME (CAN),Men's Moguls,Results Qualification,CAVET Benjamin,2530514,FRA,13,71.75,16.96,43.8,10.99,1,bF,0.88,5.7,6.0,2,7oG,1.01,5.8,5.8
FIS FREESTYLE SKI WORLD CUP 2024,2024-01-19,VAL ST. COME (CAN),Men's Moguls,Results Qualification,MURPHY George,2534254,AUS,32,61.23,16.13,34.6,10.5,1,7oG,1.01,5.8,5.7,2,7op,0.88,5.4,5.3
FIS FREESTYLE SKI WORLD CUP 2024,2024-01-19,VAL ST. COME (CAN),Men's Moguls,Results Qualification,LOGAN Oliver,2534330,AUS,38,54.57,16.17,28.6,9.8,1,bF,0.88,5.8,5.6,2,7op,0.88,5.4,5.5
FIS FREESTYLE SKI WORLD CUP 2024,2024-01-19,VAL ST. COME (CAN),Men's Moguls,Results Qualification,GAJDECKA Marek,2535392,CZE,45,34.93,16.07,13.0,5.86,1,bF,0.88,4.2,4.5,2,l,0.68,2.8,3.2
FIS FREESTYLE SKI WORLD CUP 2025,2025-01-31,VAL ST. COME (CAN),Women's Moguls,Results Qualification,MACUGA Alli,2534186,USA,11,62.64,14.48,36.7,11.46,1,bp,0.81,7.3,7.7,2,7op,0.98,5.5,5.5
FIS FREESTYLE SKI WORLD CUP 2025,2025-01-31,VAL ST. COME (CAN),Women's Moguls,Results Qualification,GUSTAFSON Moa,2535767,SWE,19,56.83,13.25,33.7,9.88,1,bG,0.92,5.5,5.6,2,bp,0.81,5.6,6.2
FIS FREESTYLE SKI WORLD CUP 2025,2025-01-31,VAL ST. COME (CAN),Women's Moguls,Results Qualification,PASSARETTA Manuela,2537886,ITA,34,35.56,9.3,17.3,8.96,1,bG,0.92,5.6,5.1,2,bp,0.81,5.2,4.8
FIS FREESTYLE SKI WORLD CUP 2025,2025-02-21,BEIDAHU (CHN),Men's Moguls,Results Final 1,PAGE Nick,2533462,USA,7,80.67,16.23,48.9,15.54,1,10op,1.05,7.4,7.4,2,7oG,1.01,7.7,7.7
FIS FREESTYLE SKI WORLD CUP 2025,2025-02-21,BEIDAHU (CHN),Women's Moguls,Results Final 1,GIACCIO Olivia,2532241,USA,5,77.47,15.33,47.8,14.34,1,7oG,1.11,6.7,6.8,2,7op,0.98,6.9,7.1
FIS FREESTYLE SKI WORLD CUP 2025,2024-11-30,RUKA (FIN),Men's Moguls,Results Qualification,GRAHAM Matt,2441426,AUS,3,77.55,14.35,48.6,14.6,1,bF,0.88,8.2,8.8,2,7op,0.88,8.2,8.0
FIS FREESTYLE SKI WORLD CUP 2025,2024-11-30,RUKA (FIN),Men's Moguls,Results Qualification,WENDLER Landon,2534140,USA,31,62.43,13.64,33.4,15.39,1,7op,0.88,8.1,8.2,2,7oG,1.01,8.2,8.1
FIS FREESTYLE SKI WORLD CUP 2025,2024-11-30,RUKA (FIN),Men's Moguls,Results Qualification,GOODISON Samuel,2534451,CAN,43,37.79,14.46,13.2,10.13,1,bF,0.88,7.7,7.2,2,bp,0.71,4.5,5.6
FIS FREESTYLE SKI WORLD CUP 2025,2024-12-20,BAKURIANI (GEO),Women's Moguls,Results Qualification,GALYSHEVA Yuliya,2484307,KAZ,9,69.62,16.0,37.8,15.82,1,bG,0.92,8.3,8.5,2,fG,0.92,9.0,8.6
FIS FREESTYLE SKI WORLD CUP 2025,2024-12-20,BAKURIANI (GEO),Women's Moguls,Results Qualification,AMRENOVA Ayaulym,2532085,KAZ,18,56.83,13.32,29.2,14.31,1,bp,0.81,7.8,7.8,2,bG,0.92,8.7,8.7
FIS FREESTYLE SKI WORLD CUP 2025,2024-12-20,BAKURIANI (GEO),Women's Moguls,Results Qualification,PASSARETTA Manuela,2537886,ITA,29,41.52,9.68,22.4,9.44,1,bG,0.92,5.2,5.4,2,bp,0.81,5.6,5.7
FIS FREESTYLE SKI WORLD CUP 2025,2025-03-11,LIVIGNO (ITA),Men's Moguls,Results Final 1,DUFRESNE Gabriel,2530240,CAN,7,77.06,16.85,46.8,13.41,1,10op,1.05,7.5,6.9,2,bG,0.82,7.5,6.8
FIS FREESTYLE SKI WORLD CUP 2025,2025-03-11,LIVIGNO (ITA),Men's Moguls,Results Final 1,NISHIZAWA Taketo,2531352,JPN,8,76.91,16.51,47.3,13.1,1,bF,0.88,8.2,8.3,2,7oG,1.01,5.8,5.8
FIS FREESTYLE SKI WORLD CUP 2025,2025-03-11,LIVIGNO (ITA),Women's Moguls,Results Final 1,WILSON Charlotte,2535796,AUS,8,73.32,16.11,44.2,13.01,1,bG,0.92,7.9,8.0,2,bp,0.81,7.2,6.9
FIS FREESTYLE SKI WORLD CUP 2025,2025-03-11,LIVIGNO (ITA),Women's Moguls,Results Final 1,GALYSHEVA Yuliya,2484307,KAZ,12,71.32,15.54,43.3,12.48,1,bp,0.81,8.1,8.3,2,fG,0.92,6.5,6.2
"FIS Snowboard, Freestyle and Freeski World Championships 2025",2025-03-18,ST. MORITZ / ENGADIN (SUI),Women's Moguls,Results Qualification,KARIOTIS Kylie,2534866,USA,16,64.06,14.28,39.3,10.48,1,bG,0.92,5.6,5.5,2,bp,0.81,6.8,6.5
"FIS Snowboard, Freestyle and Freeski World Championships 2025",2025-03-18,ST. MORITZ / ENGADIN (SUI),Women's Moguls,Results Qualification,FEKLISTOVA Yuliya,2539209,KAZ,24,53.37,12.43,30.0,10.94,1,bp,0.81,5.1,5.0,2,bG,0.92,7.1,7.8
FIS FREESTYLE SKI WORLD CUP 2025,2024-12-06,IDRE FJÄLL (SWE),Men's Moguls,Results Qualification,CAVET Benjamin,2530514,FRA,6,77.71,15.79,48.5,13.42,1,bF,0.88,8.3,8.9,2,bp,0.71,8.2,8.3
FIS FREESTYLE SKI WORLD CUP 2025,2024-12-06,IDRE FJÄLL (SWE),Men's Moguls,Results Qualification,SHIMAKAWA Takuya,2530672,JPN,8,74.6,13.58,45.9,15.12,1,7oG,1.01,8.3,7.8,2,7op,0.88,7.9,8.0
FIS FREESTYLE SKI WORLD CUP 2025,2024-12-06,IDRE FJÄLL (SWE),Men's Moguls,Results Qualification,LEE Yoonseung,2537625,KOR,13,73.03,14.12,45.3,13.61,1,bF,0.88,8.2,8.4,2,bp,0.71,9.0,8.8
FIS FREESTYLE SKI WORLD CUP 2024,2023-12-14,ALPE D'HUEZ (FRA),Men's Moguls,Results Qualification,KIM Jinsuck,2537936,KOR,47,20.87,8.47,2.2,10.2,1,bF,0.88,4.1,4.2,2,bG,0.82,8.0,8.0
FIS FREESTYLE SKI WORLD CUP 2024,2023-12-07,IDRE FJÄLL (SWE),Women's Moguls,Results Qualification,STENKULA Nicolina,2537789,SWE,22,49.0,10.49,30.1,8.41,1,bp,0.81,5.1,5.8,2,bG,0.92,4.2,4.5
FIS FREESTYLE SKI WORLD CUP 2024,2024-01-19,VAL ST. COME (CAN),Men's Moguls,Results Final 1,KOLMAKOV Pavel,2528846,KAZ,6,79.29,17.15,47.2,14.94,1,bdF,1.05,6.2,6.3,2,7oG,1.01,8.4,8.2
FIS FREESTYLE SKI WORLD CUP 2024,2024-01-19,VAL ST. COME (CAN),Men's Moguls,Results Final 1,CHALIFOUX Louis-,2534234,CAN,7,77.66,16.8,46.7,14.16,1,bF,0.88,8.3,8.1,2,7op,0.88,8.0,7.8
FIS FREESTYLE SKI WORLD CUP 2024,2024-01-19,VAL ST. COME (CAN),Men's Moguls,Results Qualification,KINGSBURY Mikael,2484937,CAN,1,81.48,17.48,49.1,14.9,1,bF,0.88,8.2,8.2,2,7op,0.88,8.7,8.8
FIS FREESTYLE SKI WORLD CUP 2024,2024-01-19,VAL ST. COME (CAN),Men's Moguls,Results Qualification,GRAHAM Matt,2441426,AUS,10,72.28,16.55,44.7,11.03,1,bF,0.88,5.7,5.2,2,7op,0.88,7.2,7.0
FIS FREESTYLE SKI WORLD CUP 2024,2024-01-19,VAL ST. COME (CAN),Men's Moguls,Results Qualification,MURATA Yutaro,2530684,JPN,28,64.36,16.63,37.8,9.93,1,bF,0.88,5.5,5.6,2,7op,0.88,5.6,5.9
FIS FREESTYLE SKI WORLD CUP 2024,2024-01-19,VAL ST. COME (CAN),Men's Moguls,Results Qualification,PASCARELLA Paolo,2534403,SUI,39,52.3,13.49,30.9,7.91,1,bF,0.88,4.0,4.0,2,7oG,1.01,4.4,4.3
FIS FREESTYLE SKI WORLD CUP 2024,2024-01-19,VAL ST. COME (CAN),Men's Moguls,Results Qualification,BUZZI Enea,2533002,SUI,41,50.14,15.88,27.1,7.16,1,bF,0.88,4.5,4.4,2,7op,0.88,3.8,3.6
FIS FREESTYLE SKI WORLD CUP 2025,2025-01-31,VAL ST. COME (CAN),Women's Moguls,Results Qualification,CLEGG Sina,2538200,CAN,29,44.0,14.37,22.4,7.23,1,bG,0.92,3.6,3.5,2,bp,0.81,4.7,5.1
FIS FREESTYLE SKI WORLD CUP 2025,2025-02-21,BEIDAHU (CHN),Men's Moguls,Results Final 1,NISHIZAWA Taketo,2531352,JPN,9,79.71,15.45,49.4,14.86,1,bF,0.88,8.3,8.4,2,7oG,1.01,7.6,7.3
FIS FREESTYLE SKI WORLD CUP 2025,2025-02-21,BEIDAHU (CHN),Women's Moguls,Results Final 1,GORODKO,2535385,KAZ,3,78.22,16.57,48.4,13.25,1,7op,0.98,7.2,7.1,2,bG,0.92,6.8,6.8
FIS FREESTYLE SKI WORLD CUP 2025,2025-02-21,BEIDAHU (CHN),Women's Moguls,Results Final 1,CABROL Camille,2530274,FRA,11,73.03,14.42,46.7,11.91,1,bG,0.92,6.3,6.5,2,bp,0.81,7.2,7.7
FIS FREESTYLE SKI WORLD CUP 2025,2024-11-30,RUKA (FIN),Men's Moguls,Results Final 1,WALLBERG Walter,2532001,SWE,2,79.11,16.42,46.0,16.69,1,bdF,1.05,8.0,8.1,2,10op,1.05,7.7,8.0
FIS FREESTYLE SKI WORLD CUP 2025,2024-11-30,RUKA (FIN),Men's Moguls,Results Qualification,PENTTALA Olli,2528035,FIN,15,71.36,13.51,41.9,15.95,1,10op,1.05,7.8,7.0,2,7oG,1.01,8.2,8.0
FIS FREESTYLE SKI WORLD CUP 2025,2024-11-30,RUKA (FIN),Men's Moguls,Results Qualification,MOUILLE Thibaud,2532044,FRA,24,67.13,11.28,40.8,15.05,1,bG,0.82,8.3,8.2,2,10op,1.05,8.0,7.8
FIS FREESTYLE SKI WORLD CUP 2025,2024-11-30,RUKA (FIN),Men's Moguls,Results Qualification,CONEDERA Martino,2532502,SUI,37,56.23,12.18,33.6,10.45,1,bF,0.88,7.1,6.8,2,7oG,1.01,4.1,4.5
FIS FREESTYLE SKI WORLD CUP 2025,2024-11-30,RUKA (FIN),Men's Moguls,Results Qualification,BONDAREV Anton,2532859,KAZ,38,52.71,16.97,25.2,10.54,1,bF,0.88,7.6,7.6,2,bp,0.71,5.4,5.5
FIS FREESTYLE SKI WORLD CUP 2025,2024-11-30,RUKA (FIN),Women's Moguls,Results Final 1,JOHNSON Tess,2532270,USA,5,73.88,15.16,42.6,16.12,1,7oG,1.11,7.8,7.6,2,bG,0.92,8.2,8.3
FIS FREESTYLE SKI WORLD CUP 2025,2024-12-20,BAKURIANI (GEO),Women's Moguls,Results Qualification,FUJIKI Hina,2533039,JPN,11,66.28,13.37,39.0,13.91,1,bG,0.92,7.6,7.6,2,bp,0.81,8.4,8.7
FIS FREESTYLE SKI WORLD CUP 2025,2024-12-20,BAKURIANI (GEO),Women's Moguls,Results Qualification,MALHERBE Malica,2535457,RSA,26,42.96,14.5,20.2,8.26,1,bG,0.92,4.7,4.2,2,bp,0.81,5.0,5.3
FIS FREESTYLE SKI WORLD CUP 2025,2025-03-11,LIVIGNO (ITA),Women's Moguls,Results Final 1,SCHWINGHAMMER,2533204,CAN,3,76.49,15.66,46.8,14.03,1,7op,0.98,7.3,6.8,2,bG,0.92,8.0,7.5
FIS FREESTYLE SKI WORLD CUP 2025,2025-03-11,LIVIGNO (ITA),Women's Moguls,Results Final 1,ITO Marin,2534824,JPN,7,74.12,15.64,45.7,12.78,1,bG,0.92,6.6,6.9,2,fG,0.92,7.0,7.3
"FIS Snowboard, Freestyle and Freeski World Championships 2025",2025-03-18,ST. MORITZ / ENGADIN (SUI),Women's Moguls,Results Qualification,BOSCO Emma,2532927,AUS,22,61.88,13.07,38.8,10.01,1,bG,0.92,4.8,5.0,2,bL,0.81,6.6,7.0
"FIS Snowboard, Freestyle and Freeski World Championships 2025",2025-03-18,ST. MORITZ / ENGADIN (SUI),Women's Moguls,Results Qualification,MALHERBE Malica,2535457,RSA,27,46.52,11.21,28.2,7.11,1,bG,0.92,3.9,3.4,2,bp,0.81,4.8,4.5
FIS FREESTYLE SKI WORLD CUP 2025,2024-12-06,IDRE FJÄLL (SWE),Men's Moguls,Results Qualification,NISHIZAWA Taketo,2531352,JPN,19,71.19,14.45,42.5,14.24,1,bF,0.88,7.6,7.7,2,7op,0.88,8.9,8.2
FIS FREESTYLE SKI WORLD CUP 2025,2024-12-06,IDRE FJÄLL (SWE),Men's Moguls,Results Qualification,VERDAGUER FORN,2537082,ESP,37,62.61,15.66,35.9,11.05,1,7op,0.88,6.2,6.2,2,bp,0.71,7.8,8.0
FIS FREESTYLE SKI WORLD CUP 2024,2023-12-07,IDRE FJÄLL (SWE),Women's Moguls,Results Qualification,LEMLEY Elizabeth,2537762,USA,3,71.81,15.58,42.9,13.33,1,lG,0.92,7.3,7.1,2,7op,0.98,6.9,6.8
FIS FREESTYLE SKI WORLD CUP 2024,2023-12-07,IDRE FJÄLL (SWE),Women's Moguls,Results Qualification,CAO Tianqing,2537262,CHN,24,44.26,9.7,28.2,6.36,1,bG,0.92,3.4,3.4,2,bp,0.81,4.0,4.0
FIS FREESTYLE SKI WORLD CUP 2024,2024-01-19,VAL ST. COME (CAN),Men's Moguls,Results Final 1,KINGSBURY Mikael,2484937,CAN,13,54.25,13.72,28.6,11.93,1,10op,1.05,3.2,3.1,2,7oG,1.01,8.6,8.5
FIS FREESTYLE SKI WORLD CUP 2024,2024-01-19,VAL ST. COME (CAN),Men's Moguls,Results Qualification,WOODS Cooper,2532161,AUS,12,72.2,17.01,42.0,13.19,1,bF,0.88,8.1,8.2,2,7op,0.88,7.0,6.7
FIS FREESTYLE SKI WORLD CUP 2024,2024-01-19,VAL ST. COME (CAN),Men's Moguls,Results Qualification,KAWAOKA Shima,2533771,JPN,19,68.98,17.7,42.5,8.78,1,7op,0.88,5.8,5.8,2,7oG,1.01,3.8,3.5
FIS FREESTYLE SKI WORLD CUP 2024,2024-01-19,VAL ST. COME (CAN),Men's Moguls,Results Qualification,STEGFELDT Rasmus,2531923,SWE,20,68.76,18.52,40.1,10.14,1,7op,0.88,7.0,7.4,2,bG,0.82,4.5,4.8
FIS FREESTYLE SKI WORLD CUP 2024,2024-01-19,VAL ST. COME (CAN),Men's Moguls,Results Qualification,PORTELLO Ryan,2530702,CAN,29,64.11,16.56,38.7,8.85,1,bF,0.88,5.4,5.5,2,lG,0.82,4.7,5.2
FIS FREESTYLE SKI WORLD CUP 2025,2025-01-31,VAL ST. COME (CAN),Women's Moguls,Results Qualification,STENKULA Nicolina,2537789,SWE,41,10.52,0.2,0.3,10.02,1,bG,0.92,5.9,5.7,2,bp,0.81,5.6,6.0
FIS FREESTYLE SKI WORLD CUP 2025,2025-02-21,BEIDAHU (CHN),Women's Moguls,Results Final 1,DUAUX Marie,2537443,FRA,13,72.25,15.41,45.4,11.44,1,bF,0.98,6.3,6.1,2,bG,0.92,5.8,5.9
FIS FREESTYLE SKI WORLD CUP 2025,2024-11-30,RUKA (FIN),Men's Moguls,Results Qualification,STEGFELDT Rasmus,2531923,SWE,14,71.49,15.51,42.9,13.08,1,bF,0.88,7.9,7.6,2,bG,0.82,7.7,7.6
FIS FREESTYLE SKI WORLD CUP 2025,2024-11-30,RUKA (FIN),Men's Moguls,Results Qualification,VIEL Julien,2534074,CAN,29,63.49,15.79,37.5,10.2,1,bF,0.88,7.6,7.6,2,7op,0.88,4.0,4.0
FIS FREESTYLE SKI WORLD CUP 2025,2024-11-30,RUKA (FIN),Men's Moguls,Results Qualification,BUGAKOV Fyodor,2535809,KAZ,32,61.81,11.22,37.4,13.19,1,bF,0.88,6.5,7.8,2,7op,0.88,7.7,8.0
FIS FREESTYLE SKI WORLD CUP 2025,2024-11-30,RUKA (FIN),Men's Moguls,Results Qualification,BUZZI Enea,2533002,SUI,46,24.71,10.48,6.1,8.13,1,7op,0.88,6.7,5.6,2,10op,1.05,2.2,3.0
FIS FREESTYLE SKI WORLD CUP 2025,2024-11-30,RUKA (FIN),Women's Moguls,Results Final 1,LAFFONT Perrine,2531156,FRA,1,79.42,15.9,47.8,15.72,1,7oG,1.11,8.0,7.9,2,bG,0.92,7.5,7.5
FIS FREESTYLE SKI WORLD CUP 2025,2024-12-20,BAKURIANI (GEO),Women's Moguls,Results Qualification,LAFFONT Perrine,2531156,FRA,1,77.19,15.83,46.1,15.26,1,7op,0.98,7.5,7.5,2,bG,0.92,8.5,8.7
FIS FREESTYLE SKI WORLD CUP 2025,2024-12-20,BAKURIANI (GEO),Women's Moguls,Results Qualification,TAGUCHI Yuma,2537043,JPN,22,52.98,14.08,28.9,10.0,1,bG,0.92,5.6,5.6,2,7op,0.98,5.0,4.9
FIS FREESTYLE SKI WORLD CUP 2025,2024-12-20,BAKURIANI (GEO),Women's Moguls,Results Qualification,CAO Tianqing,2537262,CHN,32,8.93,3.19,2.8,2.94,1,S,0.48,6.1,6.2,2,NJ,0.0,0.0,0.0
FIS FREESTYLE SKI WORLD CUP 2025,2025-03-11,LIVIGNO (ITA),Men's Moguls,Results Final 1,GRAVENFORS Filip,2534858,SWE,6,78.44,17.81,47.0,13.63,1,bF,0.88,7.5,7.7,2,7op,0.88,7.8,8.0
FIS FREESTYLE SKI WORLD CUP 2025,2025-03-11,LIVIGNO (ITA),Women's Moguls,Results Final 1,HOGG Kasey,2534251,USA,11,71.36,15.67,44.1,11.59,1,bp,0.81,7.1,6.9,2,bG,0.92,6.4,6.5
"FIS Snowboard, Freestyle and Freeski World Championships 2025",2025-03-18,ST. MORITZ / ENGADIN (SUI),Women's Moguls,Results Qualification,KOEHLER Ashley,2534528,CAN,18,63.73,13.82,41.2,8.71,1,bT,0.78,4.7,4.8,2,bG,0.92,5.4,5.5
"FIS Snowboard, Freestyle and Freeski World Championships 2025",2025-03-18,ST. MORITZ / ENGADIN (SUI),Women's Moguls,Results Qualification,GERKEN SCHOFIELD,2530540,GBR,23,58.93,14.16,36.6,8.17,1,bG,0.92,4.2,3.9,2,bp,0.81,5.7,5.3
FIS FREESTYLE SKI WORLD CUP 2025,2024-12-06,IDRE FJÄLL (SWE),Men's Moguls,Results Qualification,STEGFELDT Rasmus,2531923,SWE,10,74.21,15.13,46.2,12.88,1,bF,0.88,8.3,8.5,2,7op,0.88,6.2,6.3
FIS FREESTYLE SKI WORLD CUP 2025,2024-12-06,IDRE FJÄLL (SWE),Men's Moguls,Results Qualification,LOGAN Oliver,2534330,AUS,26,68.49,14.63,42.6,11.26,1,bF,0.88,7.5,6.5,2,7op,0.88,6.2,5.4
FIS FREESTYLE SKI WORLD CUP 2025,2024-12-06,IDRE FJÄLL (SWE),Men's Moguls,Results Qualification,MICKEL Charlie,2537180,USA,32,66.82,15.42,36.3,15.1,1,7oG,1.01,8.2,8.4,2,7op,0.88,7.7,7.6
FIS FREESTYLE SKI WORLD CUP 2025,2024-12-06,IDRE FJÄLL (SWE),Men's Moguls,Results Qualification,BELLUCCI Massimo,2530808,ITA,38,62.37,12.8,41.4,8.17,1,bF,0.88,4.2,4.3,2,7op,0.88,5.0,5.1
FIS FREESTYLE SKI WORLD CUP 2025,2024-12-06,IDRE FJÄLL (SWE),Men's Moguls,Results Qualification,WANG Renda,2537252,CHN,39,61.25,10.35,39.8,11.1,1,bp,0.71,5.8,5.8,2,7op,0.88,7.5,8.4
FIS FREESTYLE SKI WORLD CUP 2024,2024-01-19,VAL ST. COME (CAN),Men's Moguls,Results Final 1,McDONALD Cole,2534511,USA,10,72.78,17.5,42.8,12.48,1,10op,1.05,7.8,7.6,2,7op,0.88,5.0,5.0
FIS FREESTYLE SKI WORLD CUP 2024,2024-01-19,VAL ST. COME (CAN),Men's Moguls,Results Final 1,DUFRESNE Gabriel,2530240,CAN,12,70.28,16.91,40.8,12.57,1,bF,0.88,8.3,8.1,2,7op,0.88,6.2,6.0
FIS FREESTYLE SKI WORLD CUP 2024,2024-01-19,VAL ST. COME (CAN),Men's Moguls,Results Qualification,KOLMAKOV Pavel,2528846,KAZ,5,74.32,17.17,44.3,12.85,1,bF,0.88,6.0,5.9,2,7oG,1.01,7.5,7.6
FIS FREESTYLE SKI WORLD CUP 2024,2024-01-19,VAL ST. COME (CAN),Men's Moguls,Results Qualification,WALLBERG Walter,2532001,SWE,6,73.98,17.81,46.0,10.17,1,bF,0.88,5.4,5.0,2,7oG,1.01,5.6,5.5
FIS FREESTYLE SKI WORLD CUP 2024,2024-01-19,VAL ST. COME (CAN),Men's Moguls,Results Qualification,DUFRESNE Gabriel,2530240,CAN,16,70.1,16.18,41.0,12.92,1,bF,0.88,7.0,7.1,2,7op,0.88,7.7,7.6
FIS FREESTYLE SKI WORLD CUP 2024,2024-01-19,VAL ST. COME (CAN),Men's Moguls,Results Qualification,NISHIZAWA Taketo,2531352,JPN,21,68.33,16.14,40.8,11.39,1,7op,0.88,5.4,5.6,2,7oG,1.01,6.5,6.5
FIS FREESTYLE SKI WORLD CUP 2025,2025-01-31,VAL ST. COME (CAN),Women's Moguls,Results Qualification,KAUF Jaelin,2529064,USA,3,72.92,16.4,40.9,15.62,1,7op,0.98,8.2,8.4,2,bG,0.92,8.2,8.1
FIS FREESTYLE SKI WORLD CUP 2025,2025-01-31,VAL ST. COME (CAN),Women's Moguls,Results Qualification,AMRENOVA Ayaulym,2532085,KAZ,17,57.03,12.62,31.3,13.11,1,bG,0.92,7.7,7.5,2,7op,0.98,6.5,6.0
FIS FREESTYLE SKI WORLD CUP 2025,2025-01-31,VAL ST. COME (CAN),Women's Moguls,Results Qualification,LODGE Lottie,2538154,AUS,20,56.44,11.06,34.5,10.88,1,bT,0.78,7.4,7.2,2,bG,0.92,5.8,5.5
FIS FREESTYLE SKI WORLD CUP 2025,2025-01-31,VAL ST. COME (CAN),Women's Moguls,Results Qualification,LAROCHE Florence,2538248,CAN,24,53.01,10.44,31.6,10.97,1,bG,0.92,6.1,5.8,2,bp,0.81,7.0,6.6
FIS FREESTYLE SKI WORLD CUP 2025,2025-02-21,BEIDAHU (CHN),Men's Moguls,Results Final 1,GRAVENFORS Filip,2534858,SWE,3,82.95,16.83,51.1,15.02,1,10op,1.05,7.3,7.1,2,7oG,1.01,7.2,7.6
FIS FREESTYLE SKI WORLD CUP 2025,2025-02-21,BEIDAHU (CHN),Men's Moguls,Results Final 1,MICKEL Charlie,2537180,USA,11,76.64,16.54,47.6,12.5,1,10op,1.05,5.6,6.1,2,7oG,1.01,6.0,6.6
FIS FREESTYLE SKI WORLD CUP 2025,2025-02-21,BEIDAHU (CHN),Women's Moguls,Results Final 1,YANAGIMOTO Rino,2532040,JPN,9,74.95,15.86,46.3,12.79,1,7oG,1.11,6.5,6.5,2,bp,0.81,6.8,7.0
FIS FREESTYLE SKI WORLD CUP 2025,2024-11-30,RUKA (FIN),Men's Moguls,Results Final 1,VIERELA Severi,2533386,FIN,3,79.01,14.68,46.0,18.33,1,10op,1.05,8.2,8.2,2,10oG,1.2,8.1,8.1
FIS FREESTYLE SKI WORLD CUP 2025,2024-11-30,RUKA (FIN),Men's Moguls,Results Final 1,HORISHIMA Ikuma,2529645,JPN,6,75.76,13.7,47.3,14.76,1,bF,0.88,8.5,8.6,2,10op,1.05,6.9,6.9
FIS FREESTYLE SKI WORLD CUP 2025,2024-11-30,RUKA (FIN),Men's Moguls,Results Final 1,GRAHAM Matt,2441426,AUS,10,74.82,16.09,43.3,15.43,1,bdF,1.05,7.4,7.2,2,10op,1.05,7.2,7.6
FIS FREESTYLE SKI WORLD CUP 2025,2024-11-30,RUKA (FIN),Men's Moguls,Results Final 1,PENTTALA Olli,2528035,FIN,11,74.22,15.34,42.4,16.48,1,10op,1.05,8.0,8.2,2,7oG,1.01,7.7,8.1
FIS FREESTYLE SKI WORLD CUP 2025,2024-11-30,RUKA (FIN),Men's Moguls,Results Qualification,MARCELLINI Dylan,2534089,USA,22,68.17,11.98,42.1,14.09,1,7op,0.88,7.6,7.8,2,7oG,1.01,7.4,7.1
FIS FREESTYLE SKI WORLD CUP 2025,2024-11-30,RUKA (FIN),Men's Moguls,Results Qualification,AHVENAINEN Akseli,2533687,FIN,26,66.36,15.71,40.9,9.75,1,bdF,1.05,7.1,6.0,2,bL,0.71,4.1,4.0
FIS FREESTYLE SKI WORLD CUP 2025,2024-11-30,RUKA (FIN),Men's Moguls,Results Qualification,VOUTILAINEN Riku,2531880,FIN,34,59.42,12.54,37.1,9.78,1,bp,0.71,7.3,6.9,2,lG,0.82,5.8,5.8
FIS FREESTYLE SKI WORLD CUP 2025,2024-11-30,RUKA (FIN),Men's Moguls,Results Qualification,VERDAGUER FORN,2537082,ESP,40,48.57,12.4,29.3,6.87,1,bG,0.82,5.8,5.0,2,bp,0.71,3.9,3.0
FIS FREESTYLE SKI WORLD CUP 2025,2024-11-30,RUKA (FIN),Men's Moguls,Results Qualification,CAYOLLE Tristan,2533776,FRA,42,39.4,12.76,16.4,10.24,1,bF,0.88,5.8,6.0,2,7op,0.88,5.7,5.8
FIS FREESTYLE SKI WORLD CUP 2025,2024-11-30,RUKA (FIN),Women's Moguls,Results Final 1,GALYSHEVA Yuliya,2484307,KAZ,8,71.37,13.86,43.1,14.41,1,bp,0.81,8.0,8.4,2,fG,0.92,8.3,8.6
FIS FREESTYLE SKI WORLD CUP 2025,2024-12-20,BAKURIANI (GEO),Women's Moguls,Results Qualification,GIACCIO Olivia,2532241,USA,5,73.05,15.61,41.2,16.24,1,7oG,1.11,8.1,8.2,2,7op,0.98,7.5,7.2
FIS FREESTYLE SKI WORLD CUP 2025,2024-12-20,BAKURIANI (GEO),Women's Moguls,Results Qualification,WEESE Hanna,2532819,GER,12,65.43,15.29,36.9,13.24,1,bG,0.92,8.1,8.2,2,bp,0.81,7.1,7.1
FIS FREESTYLE SKI WORLD CUP 2025,2024-12-20,BAKURIANI (GEO),Women's Moguls,Results Qualification,CABROL Camille,2530274,FRA,15,62.72,14.98,36.5,11.24,1,bG,0.92,7.0,7.5,2,bp,0.81,5.8,5.5
FIS FREESTYLE SKI WORLD CUP 2025,2025-03-11,LIVIGNO (ITA),Men's Moguls,Results Final 1,MICHEL Asher,2537833,USA,12,75.08,15.5,46.1,13.48,1,7oG,1.01,6.9,6.5,2,bG,0.82,8.1,8.3
FIS FREESTYLE SKI WORLD CUP 2025,2025-03-11,LIVIGNO (ITA),Women's Moguls,Results Final 1,JOHNSON Tess,2532270,USA,5,74.88,14.54,44.2,16.14,1,7oG,1.11,7.7,7.9,2,bG,0.92,8.1,8.2
FIS FREESTYLE SKI WORLD CUP 2025,2025-03-11,LIVIGNO (ITA),Women's Moguls,Results Final 1,CABROL Camille,2530274,FRA,16,66.07,14.71,42.0,9.36,1,bG,0.92,4.9,5.0,2,bp,0.81,5.8,6.1
FIS FREESTYLE SKI WORLD CUP 2025,2024-12-06,IDRE FJÄLL (SWE),Men's Moguls,Results Qualification,KARJALAINEN,2534001,FIN,23,69.44,15.11,39.4,14.93,1,7op,0.88,7.0,7.5,2,10op,1.05,7.9,8.4
FIS FREESTYLE SKI WORLD CUP 2024,2023-12-07,IDRE FJÄLL (SWE),Women's Moguls,Results Qualification,CABROL Camille,2530274,FRA,15,60.41,12.44,38.5,9.47,1,bp,0.81,5.7,5.9,2,bG,0.92,5.5,4.9
FIS FREESTYLE SKI WORLD CUP 2024,2023-12-07,IDRE FJÄLL (SWE),Women's Moguls,Results Qualification,LI Ruilin,2537198,CHN,26,40.92,7.13,28.1,5.69,1,bp,0.81,2.9,2.9,2,bG,0.92,3.7,3.6
FIS FREESTYLE SKI WORLD CUP 2024,2023-12-07,IDRE FJÄLL (SWE),Women's Moguls,Results Qualification,MA Zhuoni,2533012,CHN,31,34.55,5.96,21.6,6.99,1,bT,0.78,4.0,4.5,2,bG,0.92,3.4,4.6
FIS FREESTYLE SKI WORLD CUP 2024,2024-01-19,VAL ST. COME (CAN),Men's Moguls,Results Final 1,HORISHIMA Ikuma,2529645,JPN,4,79.83,16.02,48.8,15.01,1,bF,0.88,8.3,8.3,2,10op,1.05,7.4,7.3
FIS FREESTYLE SKI WORLD CUP 2024,2024-01-19,VAL ST. COME (CAN),Men's Moguls,Results Qualification,VERDAGUER Lucas,2535379,ESP,40,50.76,13.89,29.0,7.87,1,7op,0.88,4.2,4.6,2,bp,0.71,5.5,5.8
FIS FREESTYLE SKI WORLD CUP 2024,2024-01-19,VAL ST. COME (CAN),Men's Moguls,Results Qualification,CONEDERA Martino,2532502,SUI,47,17.8,12.8,0.3,4.7,1,7op,0.88,5.5,5.2,2,NJ,0.0,0.0,0.0
FIS FREESTYLE SKI WORLD CUP 2024,2024-01-19,VAL ST. COME (CAN),Men's Moguls,Results Qualification,CAYOLLE Tristan,2533776,FRA,48,16.95,10.82,0.3,5.83,1,bF,0.88,4.4,4.3,2,D,0.41,4.8,5.0
FIS FREESTYLE SKI WORLD CUP 2025,2025-01-31,VAL ST. COME (CAN),Women's Moguls,Results Qualification,JOHNSON Tess,2532270,USA,4,71.65,14.9,41.4,15.35,1,7oG,1.11,6.5,7.0,2,bG,0.92,8.7,8.4
FIS FREESTYLE SKI WORLD CUP 2025,2025-02-21,BEIDAHU (CHN),Men's Moguls,Results Final 1,JEANNESSON Mateo,2535572,GBR,12,75.76,16.53,45.6,13.63,1,10op,1.05,6.8,6.3,2,7oG,1.01,6.9,6.5
FIS FREESTYLE SKI WORLD CUP 2025,2025-02-21,BEIDAHU (CHN),Men's Moguls,Results Final 1,HOLMGREN Albin,2532811,SWE,15,68.69,16.65,39.7,12.34,1,10op,1.05,6.9,7.2,2,7oG,1.01,5.0,4.8
FIS FREESTYLE SKI WORLD CUP 2025,2025-02-21,BEIDAHU (CHN),Women's Moguls,Results Final 1,SCHWINGHAMMER,2533204,CAN,12,72.8,15.21,46.0,11.59,1,7op,0.98,7.0,7.0,2,bG,0.92,5.3,5.0
FIS FREESTYLE SKI WORLD CUP 2025,2024-11-30,RUKA (FIN),Men's Moguls,Results Qualification,VIERELA Severi,2533386,FIN,12,71.59,14.52,41.2,15.87,1,7oG,1.01,7.6,7.0,2,10op,1.05,8.2,8.0
FIS FREESTYLE SKI WORLD CUP 2025,2024-12-20,BAKURIANI (GEO),Women's Moguls,Results Qualification,GORODKO,2535385,KAZ,4,74.82,17.01,42.1,15.71,1,7op,0.98,7.5,7.3,2,bG,0.92,9.0,9.4
FIS FREESTYLE SKI WORLD CUP 2025,2024-12-20,BAKURIANI (GEO),Women's Moguls,Results Qualification,RAMSAUER Katharina,2530097,AUT,24,50.61,13.53,27.6,9.48,1,bT,0.78,6.0,5.0,2,bG,0.92,6.1,5.2
FIS FREESTYLE SKI WORLD CUP 2025,2025-03-11,LIVIGNO (ITA),Men's Moguls,Results Final 1,KINGSBURY Mikael,2484937,CAN,1,82.28,16.31,49.6,16.37,1,bdF,1.05,8.0,8.3,2,10op,1.05,7.6,7.3
FIS FREESTYLE SKI WORLD CUP 2025,2025-03-11,LIVIGNO (ITA),Men's Moguls,Results Final 1,MICKEL Charlie,2537180,USA,2,81.06,17.03,48.4,15.63,1,7oG,1.01,8.4,8.0,2,10op,1.05,7.2,6.8
"FIS Snowboard, Freestyle and Freeski World Championships 2025",2025-03-18,ST. MORITZ / ENGADIN (SUI),Women's Moguls,Results Qualification,HOGG Kasey,2534251,USA,17,64.27,15.94,37.3,11.03,1,bp,0.81,5.2,5.6,2,bG,0.92,7.2,7.3
"FIS Snowboard, Freestyle and Freeski World Championships 2025",2025-03-18,ST. MORITZ / ENGADIN (SUI),Women's Moguls,Results Qualification,DOOLEY Claire,2535435,IRL,33,45.5,10.31,28.1,7.09,1,bT,0.78,4.1,4.2,2,bG,0.92,4.3,4.1
"FIS Snowboard, Freestyle and Freeski World Championships 2025",2025-03-18,ST. MORITZ / ENGADIN (SUI),Women's Moguls,Results Qualification,MERZ Annika,2535327,GER,37,31.94,12.11,12.3,7.53,1,bp,0.81,3.4,3.4,2,bG,0.92,5.2,5.2
FIS FREESTYLE SKI WORLD CUP 2025,2024-12-06,IDRE FJÄLL (SWE),Men's Moguls,Results Qualification,WALLBERG Walter,2532001,SWE,2,81.35,17.03,48.0,16.32,1,bF,0.88,8.0,8.1,2,7oG,1.01,9.1,9.2
FIS FREESTYLE SKI WORLD CUP 2025,2024-12-06,IDRE FJÄLL (SWE),Men's Moguls,Results Qualification,PENTTALA Olli,2528035,FIN,14,72.71,15.68,42.0,15.03,1,7oG,1.01,8.4,9.0,2,10op,1.05,5.8,6.1
FIS FREESTYLE SKI WORLD CUP 2025,2024-12-06,IDRE FJÄLL (SWE),Men's Moguls,Results Qualification,DUFRESNE Gabriel,2530240,CAN,18,71.36,14.68,42.4,14.28,1,bF,0.88,7.3,7.5,2,7oG,1.01,7.8,7.6
FIS FREESTYLE SKI WORLD CUP 2025,2024-12-06,IDRE FJÄLL (SWE),Men's Moguls,Results Qualification,GAY Paul Andrea,2538751,FRA,27,68.36,14.12,42.1,12.14,1,bF,0.88,7.8,7.8,2,7op,0.88,6.0,6.0
FIS FREESTYLE SKI WORLD CUP 2025,2024-12-06,IDRE FJÄLL (SWE),Men's Moguls,Results Qualification,WOODS Cooper,2532161,AUS,30,67.77,14.51,42.0,11.26,1,bF,0.88,6.2,6.5,2,7op,0.88,6.5,6.4
FIS FREESTYLE SKI WORLD CUP 2025,2024-12-06,IDRE FJÄLL (SWE),Men's Moguls,Results Qualification,SUGIMOTO Kosuke,2528069,JPN,33,66.74,15.03,39.9,11.81,1,7op,0.88,7.0,7.1,2,bG,0.82,6.8,6.9
FIS FREESTYLE SKI WORLD CUP 2025,2024-12-06,IDRE FJÄLL (SWE),Men's Moguls,Results Qualification,CONEDERA Martino,2532502,SUI,42,59.93,13.54,33.2,13.19,1,7oG,1.01,8.4,8.6,2,7op,0.88,5.3,5.2
FIS FREESTYLE SKI WORLD CUP 2024,2023-12-07,IDRE FJÄLL (SWE),Women's Moguls,Results Qualification,BROWN Berkley,2531523,CAN,11,62.64,11.62,38.5,12.52,1,bT,0.78,6.9,7.3,2,bG,0.92,7.4,7.8
FIS FREESTYLE SKI WORLD CUP 2024,2023-12-07,IDRE FJÄLL (SWE),Women's Moguls,Results Qualification,NAKAO Haruka,2533488,JPN,14,61.32,11.62,38.5,11.2,1,bG,0.92,6.0,6.0,2,7op,0.98,5.7,5.9
FIS FREESTYLE SKI WORLD CUP 2024,2023-12-07,IDRE FJÄLL (SWE),Women's Moguls,Results Qualification,WEESE Sophie,2532509,GER,21,50.46,13.03,27.6,9.83,1,bT,0.78,5.5,5.8,2,bG,0.92,6.1,5.7
FIS FREESTYLE SKI WORLD CUP 2024,2024-01-19,VAL ST. COME (CAN),Men's Moguls,Results Qualification,HORISHIMA Ikuma,2529645,JPN,2,77.81,16.92,47.7,13.19,1,bF,0.88,6.5,6.6,2,7op,0.88,8.4,8.5
FIS FREESTYLE SKI WORLD CUP 2024,2024-01-19,VAL ST. COME (CAN),Men's Moguls,Results Qualification,KARJALAINEN,2534001,FIN,27,64.78,16.33,39.4,9.05,1,bF,0.88,5.7,5.7,2,10op,1.05,3.8,3.9
FIS FREESTYLE SKI WORLD CUP 2025,2025-01-31,VAL ST. COME (CAN),Women's Moguls,Results Qualification,YANAGIMOTO Rino,2532040,JPN,8,64.15,12.7,37.7,13.75,1,bG,0.92,6.6,7.4,2,7oG,1.11,6.5,6.7
FIS FREESTYLE SKI WORLD CUP 2025,2025-01-31,VAL ST. COME (CAN),Women's Moguls,Results Qualification,COOTE Xanthia,2538150,AUS,31,41.8,10.89,20.5,10.41,1,bT,0.78,6.9,7.3,2,bG,0.92,5.0,5.6
FIS FREESTYLE SKI WORLD CUP 2025,2025-01-31,VAL ST. COME (CAN),Women's Moguls,Results Qualification,YANG Ya,2537259,CHN,40,14.37,4.7,0.3,9.37,1,bG,0.92,4.2,3.7,2,bp,0.81,6.4,7.8
FIS FREESTYLE SKI WORLD CUP 2025,2025-02-21,BEIDAHU (CHN),Men's Moguls,Results Final 1,HORISHIMA Ikuma,2529645,JPN,1,84.67,16.1,53.1,15.47,1,bF,0.88,8.0,8.1,2,10op,1.05,7.9,8.1
FIS FREESTYLE SKI WORLD CUP 2025,2025-02-21,BEIDAHU (CHN),Men's Moguls,Results Final 1,GRAHAM Matt,2441426,AUS,5,81.41,16.42,50.6,14.39,1,bF,0.88,7.5,7.2,2,10op,1.05,7.7,7.4
FIS FREESTYLE SKI WORLD CUP 2025,2024-11-30,RUKA (FIN),Men's Moguls,Results Final 1,KINGSBURY Mikael,2484937,CAN,1,85.07,15.48,51.9,17.69,1,bdF,1.05,8.3,8.8,2,10op,1.05,8.2,8.4
FIS FREESTYLE SKI WORLD CUP 2025,2024-11-30,RUKA (FIN),Men's Moguls,Results Final 1,VAILLANCOURT Elliot,2532513,CAN,8,75.07,14.96,44.2,15.91,1,7op,0.88,7.9,8.3,2,7oG,1.01,8.4,9.0
FIS FREESTYLE SKI WORLD CUP 2025,2024-11-30,RUKA (FIN),Men's Moguls,Results Qualification,CROZET Leo,2538029,FRA,18,69.9,11.98,43.1,14.82,1,bG,0.82,8.0,8.2,2,7oG,1.01,8.1,8.1
FIS FREESTYLE SKI WORLD CUP 2025,2024-11-30,RUKA (FIN),Men's Moguls,Results Qualification,KOLMAKOV Pavel,2528846,KAZ,21,68.82,15.01,39.8,14.01,1,bF,0.88,6.8,7.4,2,7oG,1.01,7.6,7.8
FIS FREESTYLE SKI WORLD CUP 2025,2024-11-30,RUKA (FIN),Men's Moguls,Results Qualification,GAJDECKA Marek,2535392,CZE,33,60.22,12.42,36.6,11.2,1,bF,0.88,7.3,6.6,2,7oG,1.01,4.6,5.5
FIS FREESTYLE SKI WORLD CUP 2025,2024-11-30,RUKA (FIN),Women's Moguls,Results Final 1,CABROL Camille,2530274,FRA,9,70.87,13.5,46.5,10.87,1,bG,0.92,5.7,5.8,2,bp,0.81,7.6,6.2
FIS FREESTYLE SKI WORLD CUP 2025,2024-11-30,RUKA (FIN),Women's Moguls,Results Final 1,AMRENOVA Ayaulym,2532085,KAZ,12,69.4,12.68,40.9,15.82,1,bG,0.92,7.7,7.9,2,7oG,1.11,7.6,8.0
FIS FREESTYLE SKI WORLD CUP 2025,2024-11-30,RUKA (FIN),Women's Moguls,Results Final 1,YANAGIMOTO Rino,2532040,JPN,14,68.21,13.98,39.4,14.83,1,7oG,1.11,7.9,7.9,2,7op,0.98,6.1,6.3
FIS FREESTYLE SKI WORLD CUP 2025,2024-12-20,BAKURIANI (GEO),Women's Moguls,Results Qualification,DUAUX Marie,2537443,FRA,19,56.29,13.69,31.6,11.0,1,bG,0.92,6.0,6.4,2,bp,0.81,6.7,6.4
FIS FREESTYLE SKI WORLD CUP 2025,2024-12-20,BAKURIANI (GEO),Women's Moguls,Results Qualification,LI Ruilin,2537198,CHN,27,42.42,11.0,24.8,6.62,1,S,0.48,4.0,3.5,2,bG,0.92,5.2,5.3
FIS FREESTYLE SKI WORLD CUP 2025,2024-12-20,BAKURIANI (GEO),Women's Moguls,Results Qualification,TIMPONE Sofia Carla,2539655,ITA,31,26.48,4.51,15.6,6.37,1,3,0.78,4.9,4.5,2,bG,0.92,3.0,2.9
FIS FREESTYLE SKI WORLD CUP 2025,2024-12-20,BAKURIANI (GEO),Women's Moguls,Results Qualification,DOOLEY Claire,2535435,IRL,33,5.44,0.0,0.3,5.14,1,3,0.78,6.7,6.5,2,NJ,0.0,0.0,0.0
FIS FREESTYLE SKI WORLD CUP 2025,2025-03-11,LIVIGNO (ITA),Men's Moguls,Results Final 1,PAGE Nick,2533462,USA,4,78.65,16.47,47.3,14.88,1,10op,1.05,7.8,7.3,2,7oG,1.01,6.9,6.9
"FIS Snowboard, Freestyle and Freeski World Championships 2025",2025-03-18,ST. MORITZ / ENGADIN (SUI),Women's Moguls,Results Qualification,DESMARAIS-GILBERT,2531811,CAN,12,70.05,14.55,43.3,12.2,1,bG,0.92,6.0,5.4,2,bp,0.81,8.3,8.9
"FIS Snowboard, Freestyle and Freeski World Championships 2025",2025-03-18,ST. MORITZ / ENGADIN (SUI),Women's Moguls,Results Qualification,DUAUX Marie,2537443,FRA,13,66.56,14.55,40.2,11.81,1,bG,0.92,5.7,5.9,2,bp,0.81,8.0,8.0
FIS FREESTYLE SKI WORLD CUP 2025,2024-12-06,IDRE FJÄLL (SWE),Men's Moguls,Results Qualification,VIEL Julien,2534074,CAN,7,74.68,15.29,45.1,14.29,1,bF,0.88,7.8,7.9,2,7op,0.88,8.3,8.5
FIS FREESTYLE SKI WORLD CUP 2025,2024-12-06,IDRE FJÄLL (SWE),Men's Moguls,Results Qualification,MOUILLE Thibaud,2532044,FRA,17,71.43,13.75,41.5,16.18,1,7oG,1.01,8.5,8.9,2,10op,1.05,7.1,7.0
FIS FREESTYLE SKI WORLD CUP 2025,2024-12-06,IDRE FJÄLL (SWE),Men's Moguls,Results Qualification,MURATA Yutaro,2530684,JPN,35,65.69,11.86,39.1,14.73,1,bF,0.88,8.2,8.4,2,7op,0.88,8.4,8.5
FIS FREESTYLE SKI WORLD CUP 2025,2024-12-06,IDRE FJÄLL (SWE),Men's Moguls,Results Qualification,MARCELLINI Dylan,2534089,USA,36,64.13,13.86,36.2,14.07,1,7op,0.88,7.0,6.4,2,7oG,1.01,8.2,8.0
FIS FREESTYLE SKI WORLD CUP 2024,2023-12-07,IDRE FJÄLL (SWE),Women's Moguls,Results Qualification,ASANO Shiori,2534377,JPN,19,56.51,10.11,37.0,9.4,1,bG,0.92,4.6,4.5,2,bp,0.81,6.5,6.4
FIS FREESTYLE SKI WORLD CUP 2024,2023-12-07,IDRE FJÄLL (SWE),Women's Moguls,Results Qualification,MALHERBE Malica,2535457,RSA,20,52.54,10.21,35.2,7.13,1,bG,0.92,3.7,3.9,2,bp,0.81,4.8,4.2
FIS FREESTYLE SKI WORLD CUP 2024,2024-01-19,VAL ST. COME (CAN),Men's Moguls,Results Final 1,CAVET Benjamin,2530514,FRA,5,79.81,18.06,47.1,14.65,1,bF,0.88,7.8,7.5,2,10op,1.05,7.5,7.6
FIS FREESTYLE SKI WORLD CUP 2024,2024-01-19,VAL ST. COME (CAN),Men's Moguls,Results Final 1,SHIMAKAWA Takuya,2530672,JPN,8,75.54,17.5,43.3,14.74,1,10op,1.05,7.7,7.5,2,7op,0.88,7.8,7.6
FIS FREESTYLE SKI WORLD CUP 2024,2024-01-19,VAL ST. COME (CAN),Men's Moguls,Results Qualification,PAGE Nick,2533462,USA,8,72.85,15.92,42.8,14.13,1,7oG,1.01,6.1,6.4,2,10op,1.05,7.6,7.3
FIS FREESTYLE SKI WORLD CUP 2024,2024-01-19,VAL ST. COME (CAN),Men's Moguls,Results Qualification,WALCZYK Dylan,2527085,USA,18,69.67,15.64,43.0,11.03,1,bG,0.82,6.7,6.7,2,7op,0.88,6.3,6.3
FIS FREESTYLE SKI WORLD CUP 2024,2024-01-19,VAL ST. COME (CAN),Men's Moguls,Results Qualification,BONDAREV Anton,2532859,KAZ,44,44.8,16.47,23.3,5.03,1,bF,0.88,3.5,3.2,2,bp,0.71,3.0,2.9
FIS FREESTYLE SKI WORLD CUP 2025,2025-01-31,VAL ST. COME (CAN),Women's Moguls,Results Qualification,KOEHLER Ashley,2534528,CAN,26,47.4,11.16,27.4,8.84,1,bT,0.78,6.7,6.1,2,bG,0.92,4.0,4.4
FIS FREESTYLE SKI WORLD CUP 2025,2025-01-31,VAL ST. COME (CAN),Women's Moguls,Results Qualification,DOOLEY Claire,2535435,IRL,35,29.79,5.99,15.5,8.3,1,bG,0.92,4.5,4.5,2,bp,0.81,4.6,5.7
FIS FREESTYLE SKI WORLD CUP 2025,2025-02-21,BEIDAHU (CHN),Men's Moguls,Results Final 1,CORDELL Sam,2532530,CAN,8,80.22,15.8,49.4,15.02,1,7oG,1.01,8.1,8.1,2,bG,0.82,8.3,8.4
FIS FREESTYLE SKI WORLD CUP 2025,2025-02-21,BEIDAHU (CHN),Men's Moguls,Results Final 1,WOODS Cooper,2532161,AUS,16,40.48,6.52,26.6,7.36,1,bdF,1.05,2.0,1.8,2,7op,0.88,6.0,6.2
FIS FREESTYLE SKI WORLD CUP 2025,2025-02-21,BEIDAHU (CHN),Women's Moguls,Results Final 1,LAFFONT Perrine,2531156,FRA,2,80.34,16.0,50.3,14.04,1,7oG,1.11,7.5,7.3,2,bG,0.92,6.3,6.4
FIS FREESTYLE SKI WORLD CUP 2025,2025-02-21,BEIDAHU (CHN),Women's Moguls,Results Final 1,ITO Marin,2534824,JPN,16,61.43,13.75,38.7,8.98,1,bG,0.92,3.7,3.5,2,fp,0.81,7.0,7.0
FIS FREESTYLE SKI WORLD CUP 2025,2024-11-30,RUKA (FIN),Men's Moguls,Results Qualification,KINGSBURY Mikael,2484937,CAN,1,82.12,15.43,51.3,15.39,1,bF,0.88,8.6,9.0,2,7op,0.88,8.5,8.9
FIS FREESTYLE SKI WORLD CUP 2025,2024-11-30,RUKA (FIN),Men's Moguls,Results Qualification,DUFRESNE Gabriel,2530240,CAN,17,71.0,13.29,42.7,15.01,1,bF,0.88,8.2,7.7,2,7oG,1.01,7.9,8.0
FIS FREESTYLE SKI WORLD CUP 2025,2024-11-30,RUKA (FIN),Men's Moguls,Results Qualification,JUNG Daeyoon,2534856,KOR,28,64.82,14.19,39.2,11.43,1,10op,1.05,8.2,8.2,2,7oG,1.01,2.1,3.5
FIS FREESTYLE SKI WORLD CUP 2025,2024-11-30,RUKA (FIN),Women's Moguls,Results Final 1,KAUF Jaelin,2529064,USA,10,70.69,17.38,39.0,14.31,1,7op,0.98,7.8,8.1,2,bG,0.92,7.1,7.1
FIS FREESTYLE SKI WORLD CUP 2025,2024-12-20,BAKURIANI (GEO),Women's Moguls,Results Qualification,SCHWINGHAMMER,2533204,CAN,2,76.37,15.93,45.2,15.24,1,7op,0.98,7.7,7.2,2,bG,0.92,8.4,8.9
FIS FREESTYLE SKI WORLD CUP 2025,2024-12-20,BAKURIANI (GEO),Women's Moguls,Results Qualification,HOGG Kasey,2534251,USA,16,62.47,14.42,36.3,11.75,1,bp,0.81,6.8,6.7,2,bG,0.92,6.9,6.8
"FIS Snowboard, Freestyle and Freeski World Championships 2025",2025-03-18,ST. MORITZ / ENGADIN (SUI),Women's Moguls,Results Qualification,GORODKO,2535385,KAZ,15,64.78,14.76,40.1,9.92,1,bp,0.81,6.0,5.8,2,bG,0.92,5.7,5.5
FIS FREESTYLE SKI WORLD CUP 2025,2024-12-06,IDRE FJÄLL (SWE),Men's Moguls,Results Qualification,GRAHAM Matt,2441426,AUS,5,78.48,15.39,48.8,14.29,1,bF,0.88,8.4,8.4,2,7op,0.88,7.8,7.9
FIS FREESTYLE SKI WORLD CUP 2025,2024-12-06,IDRE FJÄLL (SWE),Men's Moguls,Results Qualification,JUNG Daeyoon,2534856,KOR,22,69.75,15.15,40.6,14.0,1,10op,1.05,8.2,8.0,2,7op,0.88,6.2,6.3
FIS FREESTYLE SKI WORLD CUP 2025,2024-12-06,IDRE FJÄLL (SWE),Men's Moguls,Results Qualification,LONG Hao,2540052,CHN,41,60.55,14.34,37.1,9.11,1,7op,0.88,5.8,5.1,2,bp,0.71,6.5,5.7
FIS FREESTYLE SKI WORLD CUP 2024,2023-12-14,ALPE D'HUEZ (FRA),Men's Moguls,Results Qualification,PAGE Nick,2533462,USA,49,5.86,0.0,1.4,4.46,1,10op,1.05,4.2,4.3,2,NJ,0.0,0.0,0.0
FIS FREESTYLE SKI WORLD CUP 2024,2023-12-07,IDRE FJÄLL (SWE),Women's Moguls,Results Qualification,YANG Ya,2537259,CHN,27,40.65,8.46,25.2,6.99,1,bp,0.81,3.7,3.6,2,bG,0.92,4.5,4.3
FIS FREESTYLE SKI WORLD CUP 2024,2024-01-19,VAL ST. COME (CAN),Men's Moguls,Results Qualification,WENDLER Landon,2534140,USA,30,63.04,16.41,35.8,10.83,1,7oG,1.01,5.8,6.0,2,10op,1.05,4.7,4.6
FIS FREESTYLE SKI WORLD CUP 2024,2024-01-19,VAL ST. COME (CAN),Men's Moguls,Results Qualification,HOLMGREN Emil,2534210,SWE,42,49.21,18.83,23.7,6.68,1,7op,0.88,5.6,5.5,2,bp,0.71,2.5,2.6
FIS FREESTYLE SKI WORLD CUP 2025,2025-01-31,VAL ST. COME (CAN),Women's Moguls,Results Qualification,DESMARAIS-GILBERT,2531811,CAN,12,61.08,12.72,35.8,12.56,1,bG,0.92,6.5,6.2,2,bp,0.81,8.2,8.4
FIS FREESTYLE SKI WORLD CUP 2025,2025-01-31,VAL ST. COME (CAN),Women's Moguls,Results Qualification,CABROL Camille,2530274,FRA,13,60.4,12.59,35.3,12.51,1,bG,0.92,7.1,7.8,2,bp,0.81,6.6,7.4
FIS FREESTYLE SKI WORLD CUP 2025,2025-01-31,VAL ST. COME (CAN),Women's Moguls,Results Qualification,RAMSAUER Katharina,2530097,AUT,25,51.46,12.69,27.4,11.37,1,bT,0.78,7.3,7.5,2,bG,0.92,6.3,5.9
FIS FREESTYLE SKI WORLD CUP 2025,2025-01-31,VAL ST. COME (CAN),Women's Moguls,Results Qualification,TIMPONE Sofia Carla,2539655,ITA,36,28.03,3.91,16.0,8.12,1,3,0.78,5.0,4.5,2,bG,0.92,4.5,5.1
FIS FREESTYLE SKI WORLD CUP 2025,2025-02-21,BEIDAHU (CHN),Women's Moguls,Results Final 1,GALYSHEVA Yuliya,2484307,KAZ,8,76.36,15.43,47.6,13.33,1,bp,0.81,7.6,7.4,2,fG,0.92,8.0,7.8
FIS FREESTYLE SKI WORLD CUP 2025,2024-11-30,RUKA (FIN),Men's Moguls,Results Final 1,STEGFELDT Rasmus,2531923,SWE,14,73.07,16.03,43.7,13.34,1,bF,0.88,8.0,7.8,2,bG,0.82,7.7,7.9
FIS FREESTYLE SKI WORLD CUP 2025,2024-11-30,RUKA (FIN),Men's Moguls,Results Qualification,WALCZYK Dylan,2527085,USA,6,75.17,13.67,48.1,13.4,1,bG,0.82,8.0,8.4,2,7op,0.88,7.7,7.5
FIS FREESTYLE SKI WORLD CUP 2025,2024-11-30,RUKA (FIN),Men's Moguls,Results Qualification,PAGE Nick,2533462,USA,20,68.88,12.49,42.1,14.29,1,7oG,1.01,7.4,7.2,2,10op,1.05,6.9,6.3
FIS FREESTYLE SKI WORLD CUP 2025,2024-11-30,RUKA (FIN),Men's Moguls,Results Qualification,HOLMGREN Albin,2532811,SWE,25,66.42,12.78,40.4,13.24,1,bF,0.88,7.4,7.5,2,7op,0.88,7.5,7.7
FIS FREESTYLE SKI WORLD CUP 2025,2024-11-30,RUKA (FIN),Men's Moguls,Results Qualification,KARJALAINEN,2534001,FIN,48,15.46,3.25,8.0,4.21,1,10oG,1.2,1.8,1.8,2,bG,0.82,2.0,3.0
FIS FREESTYLE SKI WORLD CUP 2025,2024-12-20,BAKURIANI (GEO),Women's Moguls,Results Qualification,STENKULA Nicolina,2537789,SWE,25,50.51,12.26,29.0,9.25,1,bG,0.92,5.9,5.7,2,bp,0.81,5.0,4.7
FIS FREESTYLE SKI WORLD CUP 2025,2025-03-11,LIVIGNO (ITA),Women's Moguls,Results Final 1,YANAGIMOTO Rino,2532040,JPN,9,72.57,14.53,43.5,14.54,1,7oG,1.11,7.7,7.3,2,7op,0.98,6.3,6.4
FIS FREESTYLE SKI WORLD CUP 2025,2025-03-11,LIVIGNO (ITA),Women's Moguls,Results Final 1,CARROLL Avital,2529074,AUT,14,67.93,15.53,40.5,11.9,1,bp,0.81,6.9,6.5,2,bG,0.92,7.0,7.1
FIS FREESTYLE SKI WORLD CUP 2025,2024-12-06,IDRE FJÄLL (SWE),Men's Moguls,Results Qualification,WALCZYK Dylan,2527085,USA,15,72.44,14.41,46.5,11.53,1,bG,0.82,8.2,9.1,2,7op,0.88,5.0,5.1
FIS FREESTYLE SKI WORLD CUP 2024,2024-01-19,VAL ST. COME (CAN),Men's Moguls,Results Qualification,JUNG Daeyoon,2534856,KOR,4,74.46,17.58,42.5,14.38,1,10oG,1.2,7.0,6.8,2,bp,0.71,8.5,8.7
FIS FREESTYLE SKI WORLD CUP 2024,2024-01-19,VAL ST. COME (CAN),Men's Moguls,Results Qualification,SHIMAKAWA Takuya,2530672,JPN,9,72.69,17.11,41.3,14.28,1,10op,1.05,7.5,7.4,2,7op,0.88,7.4,7.3
FIS FREESTYLE SKI WORLD CUP 2024,2024-01-19,VAL ST. COME (CAN),Men's Moguls,Results Qualification,KROUPA Matyas,2537792,CZE,34,60.71,14.42,36.7,9.59,1,7oG,1.01,5.8,5.9,2,7op,0.88,4.1,4.3
FIS FREESTYLE SKI WORLD CUP 2024,2024-01-19,VAL ST. COME (CAN),Men's Moguls,Results Qualification,MARCELLINI Dylan,2534089,USA,36,56.52,15.78,34.9,5.84,1,7op,0.88,4.2,4.3,2,bF,0.88,2.8,2.0
FIS FREESTYLE SKI WORLD CUP 2025,2025-01-31,VAL ST. COME (CAN),Women's Moguls,Results Qualification,WILSON Charlotte,2535796,AUS,7,65.89,14.34,37.9,13.65,1,bG,0.92,8.5,8.5,2,bp,0.81,7.0,7.4
FIS FREESTYLE SKI WORLD CUP 2025,2025-01-31,VAL ST. COME (CAN),Women's Moguls,Results Qualification,GALYSHEVA Yuliya,2484307,KAZ,10,63.62,13.87,34.7,15.05,1,bp,0.81,8.3,8.1,2,fG,0.92,9.2,9.1
FIS FREESTYLE SKI WORLD CUP 2025,2025-01-31,VAL ST. COME (CAN),Women's Moguls,Results Qualification,MIKKELSEN Maya,2534235,CAN,18,56.92,12.71,33.4,10.81,1,bG,0.92,5.1,5.4,2,bp,0.81,7.1,7.7
FIS FREESTYLE SKI WORLD CUP 2025,2025-01-31,VAL ST. COME (CAN),Women's Moguls,Results Qualification,KARIOTIS Kylie,2534866,USA,27,44.87,13.17,20.8,10.9,1,bp,0.81,5.6,5.1,2,bG,0.92,7.1,7.2
FIS FREESTYLE SKI WORLD CUP 2025,2025-02-21,BEIDAHU (CHN),Men's Moguls,Results Final 1,JUNG Daeyoon,2534856,KOR,14,73.18,16.79,40.1,16.29,1,10oG,1.2,6.8,6.8,2,10op,1.05,7.5,8.0
FIS FREESTYLE SKI WORLD CUP 2025,2024-11-30,RUKA (FIN),Men's Moguls,Results Final 1,WALCZYK Dylan,2527085,USA,9,75.02,14.02,47.1,13.9,1,bG,0.82,7.7,7.5,2,7oG,1.01,7.7,7.5
FIS FREESTYLE SKI WORLD CUP 2025,2024-11-30,RUKA (FIN),Men's Moguls,Results Qualification,GRAVENFORS Filip,2534858,SWE,5,75.99,15.41,46.9,13.68,1,bF,0.88,7.5,7.8,2,7op,0.88,7.8,8.0
FIS FREESTYLE SKI WORLD CUP 2025,2024-11-30,RUKA (FIN),Men's Moguls,Results Qualification,VAILLANCOURT Elliot,2532513,CAN,16,71.16,12.96,43.2,15.0,1,7op,0.88,7.5,8.0,2,7oG,1.01,8.0,8.2
FIS FREESTYLE SKI WORLD CUP 2025,2024-11-30,RUKA (FIN),Women's Moguls,Results Final 1,HOGG Kasey,2534251,USA,11,69.55,13.76,43.5,12.29,1,bp,0.81,6.1,6.2,2,bG,0.92,8.1,7.8
FIS FREESTYLE SKI WORLD CUP 2025,2025-03-11,LIVIGNO (ITA),Men's Moguls,Results Final 1,NAKAHARA Osuke,2539132,JPN,9,76.63,15.97,47.2,13.46,1,bF,0.88,6.8,7.1,2,10op,1.05,7.0,7.0
FIS FREESTYLE SKI WORLD CUP 2025,2025-03-11,LIVIGNO (ITA),Women's Moguls,Results Final 1,GORODKO,2535385,KAZ,10,71.58,17.16,43.1,11.32,1,7op,0.98,6.4,6.3,2,bG,0.92,5.9,5.2
"FIS Snowboard, Freestyle and Freeski World Championships 2025",2025-03-18,ST. MORITZ / ENGADIN (SUI),Women's Moguls,Results Qualification,FUJIKI Hina,2533039,JPN,14,66.47,13.58,41.2,11.69,1,bG,0.92,6.2,6.3,2,bp,0.81,7.4,7.3
"FIS Snowboard, Freestyle and Freeski World Championships 2025",2025-03-18,ST. MORITZ / ENGADIN (SUI),Women's Moguls,Results Qualification,LI Ruilin,2537198,CHN,25,55.8,12.67,34.1,9.03,1,bG,0.92,4.3,4.0,2,bp,0.81,6.4,6.5
"FIS Snowboard, Freestyle and Freeski World Championships 2025",2025-03-18,ST. MORITZ / ENGADIN (SUI),Women's Moguls,Results Qualification,HAO Liyun,2537261,CHN,32,47.17,10.13,29.1,7.94,1,bG,0.92,3.1,3.0,2,bp,0.81,6.4,6.3
FIS FREESTYLE SKI WORLD CUP 2025,2024-12-06,IDRE FJÄLL (SWE),Women's Moguls,Results Qualification,GIACCIO Olivia,2532241,USA,4,73.85,14.39,46.9,12.56,1,7oG,1.11,4.3,4.4,2,7op,0.98,7.8,8.0
FIS FREESTYLE SKI WORLD CUP 2025,2024-12-06,IDRE FJÄLL (SWE),Women's Moguls,Results Qualification,JOHNSON Tess,2532270,USA,7,70.31,15.21,44.3,10.8,1,7oG,1.11,3.8,2.0,2,bG,0.92,8.4,8.1
FIS FREESTYLE SKI WORLD CUP 2025,2025-01-24,WATERVILLE (USA),Women's Moguls,Results Qualification,GIACCIO Olivia,2532241,USA,4,74.45,15.49,44.8,14.16,1,7oG,1.11,7.5,5.5,2,7op,0.98,6.0,8.2
FIS FREESTYLE SKI WORLD CUP 2025,2025-01-24,WATERVILLE (USA),Women's Moguls,Results Qualification,TOMITAKA Hinako,2532031,JPN,9,66.09,15.89,38.8,11.4,1,bG,0.92,6.0,5.5,2,bp,0.81,7.8,7.3
FIS FREESTYLE SKI WORLD CUP 2025,2025-01-24,WATERVILLE (USA),Women's Moguls,Results Qualification,STENKULA Nicolina,2537789,SWE,19,59.71,15.8,33.4,10.51,1,bG,0.92,6.5,5.8,2,bp,0.81,5.8,6.2
FIS FREESTYLE SKI WORLD CUP 2025,2025-02-06,DEER VALLEY (USA),Men's Moguls,Results Qualification,VAILLANCOURT Elliot,2532513,CAN,11,73.51,14.03,44.3,15.18,1,7op,0.88,8.0,7.8,2,7oG,1.01,8.1,8.2
FIS FREESTYLE SKI WORLD CUP 2025,2025-02-06,DEER VALLEY (USA),Women's Moguls,Results Qualification,OWENS Kai,2534962,USA,8,64.49,13.26,37.1,14.13,1,7op,0.98,6.6,6.4,2,7oG,1.11,6.9,7.1
FIS FREESTYLE SKI WORLD CUP 2025,2024-12-19,BAKURIANI (GEO),Men's Moguls,Results Qualification,WENDLER Landon,2534140,USA,21,70.91,17.09,40.2,13.62,1,7op,0.88,5.8,5.9,2,7oG,1.01,8.3,8.5
FIS FREESTYLE SKI WORLD CUP 2025,2025-01-31,VAL ST. COME (CAN),Men's Moguls,Results Final 1,VIEL Julien,2534074,CAN,4,81.32,16.7,48.7,15.92,1,10op,1.05,8.0,8.0,2,7op,0.88,8.5,8.6
FIS FREESTYLE SKI WORLD CUP 2025,2025-01-31,VAL ST. COME (CAN),Men's Moguls,Results Final 1,GRAHAM Matt,2441426,AUS,9,75.46,16.75,44.7,14.01,1,bdF,1.05,6.7,6.4,2,10op,1.05,6.8,6.8
FIS FREESTYLE SKI WORLD CUP 2025,2025-01-31,VAL ST. COME (CAN),Women's Moguls,Results Final 1,CABROL Camille,2530274,FRA,7,69.13,15.07,41.7,12.36,1,bp,0.81,7.0,7.3,2,bG,0.92,7.1,7.2
FIS FREESTYLE SKI WORLD CUP 2025,2024-12-06,IDRE FJÄLL (SWE),Women's Moguls,Results Qualification,CAO Tianqing,2537262,CHN,30,45.88,10.15,29.9,5.83,1,S,0.48,4.8,5.0,2,bp,0.81,4.2,4.4
FIS FREESTYLE SKI WORLD CUP 2025,2024-12-06,IDRE FJÄLL (SWE),Women's Moguls,Results Qualification,PASSARETTA Manuela,2537886,ITA,35,39.05,10.16,23.3,5.59,1,bG,0.92,2.2,2.4,2,bp,0.81,4.3,4.3
FIS FREESTYLE SKI WORLD CUP 2025,2025-01-24,WATERVILLE (USA),Women's Moguls,Results Qualification,GALYSHEVA Yuliya,2484307,KAZ,8,68.32,15.75,42.3,10.27,1,bG,0.92,6.3,6.3,2,fT,0.78,6.0,5.5
FIS FREESTYLE SKI WORLD CUP 2025,2025-01-24,WATERVILLE (USA),Women's Moguls,Results Qualification,CHAPDELAINE Reese,2535616,USA,24,57.16,15.57,33.8,7.79,1,bT,0.78,5.6,5.2,2,bG,0.92,3.0,4.8
FIS FREESTYLE SKI WORLD CUP 2025,2025-01-24,WATERVILLE (USA),Women's Moguls,Results Qualification,MALHERBE Malica,2535457,RSA,32,51.06,12.57,31.2,7.29,1,bG,0.92,4.0,4.2,2,bp,0.81,5.0,3.7
FIS FREESTYLE SKI WORLD CUP 2025,2025-02-06,DEER VALLEY (USA),Men's Moguls,Results Qualification,WOODS Cooper,2532161,AUS,10,73.66,14.52,46.0,13.14,1,bF,0.88,7.7,7.7,2,7op,0.88,7.2,7.3
FIS FREESTYLE SKI WORLD CUP 2025,2025-02-06,DEER VALLEY (USA),Men's Moguls,Results Qualification,GENDRON Nate,2538060,USA,19,69.49,13.13,43.5,12.86,1,7oG,1.01,6.7,6.6,2,7op,0.88,7.1,6.9
FIS FREESTYLE SKI WORLD CUP 2025,2025-02-06,DEER VALLEY (USA),Men's Moguls,Results Qualification,GAY Paul Andrea,2538751,FRA,24,66.59,13.45,42.5,10.64,1,bF,0.88,5.0,5.2,2,7op,0.88,7.0,7.0
FIS FREESTYLE SKI WORLD CUP 2025,2025-02-06,DEER VALLEY (USA),Men's Moguls,Results Qualification,MICKEL Freddie,2537221,USA,37,52.4,12.94,31.2,8.26,1,7oG,1.01,4.7,4.5,2,10op,1.05,3.7,3.2
FIS FREESTYLE SKI WORLD CUP 2025,2025-02-06,DEER VALLEY (USA),Women's Moguls,Results Qualification,HOGG Kasey,2534251,USA,12,61.18,12.51,37.7,10.97,1,bp,0.81,6.1,5.8,2,bG,0.92,6.9,6.5
FIS FREESTYLE SKI WORLD CUP 2025,2024-12-19,BAKURIANI (GEO),Men's Moguls,Results Qualification,CROZET Leo,2538029,FRA,29,67.4,14.55,38.1,14.75,1,bG,0.82,8.5,8.9,2,7oG,1.01,7.4,7.7
FIS FREESTYLE SKI WORLD CUP 2025,2024-12-19,BAKURIANI (GEO),Men's Moguls,Results Qualification,KROUPA Matyas,2537792,CZE,34,64.16,17.07,36.7,10.39,1,7op,0.88,7.7,7.9,2,7oG,1.01,3.1,3.9
FIS FREESTYLE SKI WORLD CUP 2025,2025-01-31,VAL ST. COME (CAN),Women's Moguls,Results Final 1,GALYSHEVA Yuliya,2484307,KAZ,8,68.36,15.12,39.2,14.04,1,bp,0.81,7.7,7.0,2,fG,0.92,9.0,8.6
FIS FREESTYLE SKI WORLD CUP 2025,2024-12-06,IDRE FJÄLL (SWE),Women's Moguls,Results Qualification,KAUF Jaelin,2529064,USA,5,72.94,16.63,45.3,11.01,1,7op,0.98,4.3,4.3,2,bG,0.92,6.9,7.9
FIS FREESTYLE SKI WORLD CUP 2025,2024-12-06,IDRE FJÄLL (SWE),Women's Moguls,Results Qualification,TAGUCHI Yuma,2537043,JPN,17,62.14,12.55,38.5,11.09,1,bG,0.92,6.3,6.0,2,7op,0.98,5.5,5.6
FIS FREESTYLE SKI WORLD CUP 2025,2024-12-06,IDRE FJÄLL (SWE),Women's Moguls,Results Qualification,CARR Cali,2538479,GBR,26,54.58,12.92,34.0,7.66,1,bG,0.92,4.2,4.3,2,bp,0.81,4.4,4.9
FIS FREESTYLE SKI WORLD CUP 2025,2025-01-24,WATERVILLE (USA),Women's Moguls,Results Qualification,TAGUCHI Yuma,2537043,JPN,10,65.3,13.74,39.0,12.56,1,bG,0.92,6.8,6.9,2,7op,0.98,6.8,6.0
FIS FREESTYLE SKI WORLD CUP 2025,2025-01-24,WATERVILLE (USA),Women's Moguls,Results Qualification,MERZ Annika,2535327,GER,34,47.35,13.29,27.9,6.16,1,bp,0.81,5.0,3.3,2,bG,0.92,3.0,3.1
FIS FREESTYLE SKI WORLD CUP 2025,2025-01-24,WATERVILLE (USA),Women's Moguls,Results Qualification,GUSTAFSON Moa,2535767,SWE,38,40.27,13.09,19.8,7.38,1,bG,0.92,3.9,3.2,2,bp,0.81,5.7,4.5
FIS FREESTYLE SKI WORLD CUP 2025,2025-02-06,DEER VALLEY (USA),Men's Moguls,Results Qualification,HORISHIMA Ikuma,2529645,JPN,1,78.9,14.93,48.8,15.17,1,bF,0.88,7.6,7.7,2,10op,1.05,8.0,8.1
FIS FREESTYLE SKI WORLD CUP 2025,2025-02-06,DEER VALLEY (USA),Men's Moguls,Results Qualification,VIERELA Severi,2533386,FIN,17,70.3,13.98,42.8,13.52,1,7oG,1.01,6.8,6.5,2,7op,0.88,7.9,7.6
FIS FREESTYLE SKI WORLD CUP 2025,2025-02-06,DEER VALLEY (USA),Women's Moguls,Results Qualification,LINTON Jessica,2533613,CAN,19,55.51,10.99,35.3,9.22,1,bG,0.92,4.8,4.6,2,bp,0.81,6.1,6.0
FIS FREESTYLE SKI WORLD CUP 2025,2025-02-06,DEER VALLEY (USA),Women's Moguls,Results Qualification,GUSTAFSON Moa,2535767,SWE,23,51.93,11.97,34.9,5.06,1,bp,0.81,6.2,6.3,2,NJ,0.0,0.0,0.0
FIS FREESTYLE SKI WORLD CUP 2025,2024-12-19,BAKURIANI (GEO),Men's Moguls,Results Qualification,KINGSBURY Mikael,2484937,CAN,1,81.19,17.9,47.6,15.69,1,bF,0.88,9.1,9.4,2,7op,0.88,8.6,8.6
FIS FREESTYLE SKI WORLD CUP 2025,2024-12-19,BAKURIANI (GEO),Men's Moguls,Results Qualification,HORISHIMA Ikuma,2529645,JPN,6,76.43,16.87,46.1,13.46,1,bF,0.88,8.4,8.8,2,7op,0.88,7.0,6.4
FIS FREESTYLE SKI WORLD CUP 2025,2024-12-19,BAKURIANI (GEO),Men's Moguls,Results Qualification,VERDAGUER FORN,2537082,ESP,28,67.59,17.78,37.5,12.31,1,bG,0.82,8.6,8.8,2,bp,0.71,7.1,7.5
FIS FREESTYLE SKI WORLD CUP 2025,2024-12-19,BAKURIANI (GEO),Men's Moguls,Results Qualification,YEMELYANOV Maxim,2535387,KAZ,42,53.52,13.42,29.6,10.5,1,7oG,1.01,5.5,5.2,2,7op,0.88,5.7,5.9
FIS FREESTYLE SKI WORLD CUP 2025,2024-12-06,IDRE FJÄLL (SWE),Men's Moguls,Results Qualification,MERZ Linus,2533504,GER,46,55.9,14.77,30.8,10.33,1,7op,0.88,6.8,5.8,2,bp,0.71,7.0,6.5
FIS FREESTYLE SKI WORLD CUP 2025,2024-12-06,IDRE FJÄLL (SWE),Women's Moguls,Results Qualification,WILSON Charlotte,2535796,AUS,6,72.84,15.31,44.1,13.43,1,bG,0.92,7.3,7.4,2,bp,0.81,8.3,8.2
FIS FREESTYLE SKI WORLD CUP 2025,2025-01-24,WATERVILLE (USA),Women's Moguls,Results Qualification,GORODKO,2535385,KAZ,12,64.47,17.1,35.8,11.57,1,bG,0.92,6.1,7.0,2,bp,0.81,7.0,6.7
FIS FREESTYLE SKI WORLD CUP 2025,2025-01-24,WATERVILLE (USA),Women's Moguls,Results Qualification,FUJIKI Hina,2533039,JPN,30,54.53,11.34,33.9,9.29,1,bG,0.92,3.2,3.9,2,bp,0.81,6.7,8.2
FIS FREESTYLE SKI WORLD CUP 2025,2025-01-24,WATERVILLE (USA),Women's Moguls,Results Qualification,DAVIS August,2534386,USA,39,16.8,10.96,0.3,5.54,1,bF,0.98,1.0,1.5,2,fG,0.92,4.0,5.4
FIS FREESTYLE SKI WORLD CUP 2025,2025-02-06,DEER VALLEY (USA),Men's Moguls,Results Qualification,BUGAKOV Fyodor,2535809,KAZ,33,60.97,15.7,37.4,7.87,1,bF,0.88,5.7,5.6,2,bp,0.71,4.0,4.2
FIS FREESTYLE SKI WORLD CUP 2025,2025-02-06,DEER VALLEY (USA),Men's Moguls,Results Qualification,BONDAREV Anton,2532859,KAZ,36,54.64,16.05,29.2,9.39,1,bF,0.88,6.3,6.2,2,bp,0.71,5.5,5.5
FIS FREESTYLE SKI WORLD CUP 2025,2025-02-06,DEER VALLEY (USA),Men's Moguls,Results Qualification,GRAVENFORS Filip,2534858,SWE,43,28.52,8.41,10.7,9.41,1,bF,0.88,6.0,5.5,2,TTTS,0.68,6.3,6.5
FIS FREESTYLE SKI WORLD CUP 2025,2025-02-06,DEER VALLEY (USA),Women's Moguls,Results Qualification,DUAUX Marie,2537443,FRA,22,53.42,9.97,33.4,10.05,1,bG,0.92,5.8,5.6,2,bp,0.81,6.0,5.9
FIS FREESTYLE SKI WORLD CUP 2025,2024-12-19,BAKURIANI (GEO),Men's Moguls,Results Qualification,GRAVENFORS Filip,2534858,SWE,8,75.2,17.62,43.2,14.38,1,bF,0.88,8.0,7.7,2,7op,0.88,8.2,8.8
FIS FREESTYLE SKI WORLD CUP 2025,2024-12-19,BAKURIANI (GEO),Men's Moguls,Results Qualification,LOGAN Oliver,2534330,AUS,32,66.13,15.75,38.2,12.18,1,bF,0.88,6.4,6.7,2,7op,0.88,7.0,7.6
FIS FREESTYLE SKI WORLD CUP 2025,2024-12-19,BAKURIANI (GEO),Men's Moguls,Results Qualification,GOODISON Samuel,2534451,CAN,35,63.34,17.29,35.5,10.55,1,bF,0.88,6.2,5.5,2,7op,0.88,6.0,6.3
FIS FREESTYLE SKI WORLD CUP 2025,2025-01-31,VAL ST. COME (CAN),Women's Moguls,Results Final 1,OWENS Kai,2534962,USA,6,69.84,15.5,39.4,14.94,1,7op,0.98,7.6,7.4,2,7oG,1.11,7.0,6.7
FIS FREESTYLE SKI WORLD CUP 2025,2024-12-06,IDRE FJÄLL (SWE),Women's Moguls,Results Qualification,ANTHONY Jakara,2530720,AUS,2,77.39,15.44,45.3,16.65,1,7oG,1.11,8.4,9.0,2,bp,0.81,8.6,8.7
FIS FREESTYLE SKI WORLD CUP 2025,2024-12-06,IDRE FJÄLL (SWE),Women's Moguls,Results Qualification,DEGROOTE Fantine,2533547,FRA,24,57.25,14.38,34.4,8.47,1,7op,0.98,6.2,6.5,2,bG,0.92,2.8,2.1
FIS FREESTYLE SKI WORLD CUP 2025,2024-12-06,IDRE FJÄLL (SWE),Women's Moguls,Results Qualification,LI Ruilin,2537198,CHN,28,51.16,11.27,30.2,9.69,1,bG,0.92,4.2,4.3,2,bp,0.81,7.2,7.1
FIS FREESTYLE SKI WORLD CUP 2025,2025-01-24,WATERVILLE (USA),Women's Moguls,Results Qualification,HOGG Kasey,2534251,USA,15,62.8,14.9,37.6,10.3,1,bp,0.81,5.3,6.2,2,bG,0.92,6.4,5.9
FIS FREESTYLE SKI WORLD CUP 2025,2025-01-24,WATERVILLE (USA),Women's Moguls,Results Qualification,PERNICE Lucy,2535795,AUS,40,7.07,2.58,0.3,4.19,1,bT,0.78,5.0,4.5,2,bF,0.98,0.2,0.8
FIS FREESTYLE SKI WORLD CUP 2025,2025-02-06,DEER VALLEY (USA),Men's Moguls,Results Qualification,PAGE Nick,2533462,USA,3,77.31,14.11,47.1,16.1,1,7oG,1.01,8.2,8.1,2,7op,0.88,9.0,8.9
FIS FREESTYLE SKI WORLD CUP 2025,2025-02-06,DEER VALLEY (USA),Men's Moguls,Results Qualification,PASCARELLA Paolo,2534403,SUI,30,63.66,12.78,40.6,10.28,1,bdF,1.05,4.3,4.3,2,10op,1.05,5.7,5.3
FIS FREESTYLE SKI WORLD CUP 2025,2025-02-06,DEER VALLEY (USA),Men's Moguls,Results Qualification,WEESE Nicolas,2535693,GER,46,19.2,14.33,0.3,4.57,1,7op,0.88,3.5,3.0,2,S,0.38,4.5,4.5
FIS FREESTYLE SKI WORLD CUP 2025,2025-02-06,DEER VALLEY (USA),Women's Moguls,Results Qualification,MACUGA Alli,2534186,USA,9,63.29,13.46,37.3,12.53,1,bp,0.81,7.9,7.7,2,7op,0.98,6.3,6.4
FIS FREESTYLE SKI WORLD CUP 2025,2025-02-06,DEER VALLEY (USA),Women's Moguls,Results Qualification,LODGE Lottie,2538154,AUS,21,53.92,12.63,30.6,10.69,1,bT,0.78,6.1,6.0,2,bG,0.92,6.5,6.5
FIS FREESTYLE SKI WORLD CUP 2025,2025-02-06,DEER VALLEY (USA),Women's Moguls,Results Qualification,PERNICE Lucy,2535795,AUS,24,51.13,10.19,31.1,9.84,1,bT,0.78,5.7,5.5,2,7op,0.98,5.6,5.6
FIS FREESTYLE SKI WORLD CUP 2025,2024-12-19,BAKURIANI (GEO),Men's Moguls,Results Qualification,GRAHAM Matt,2441426,AUS,2,79.71,17.94,47.0,14.77,1,bF,0.88,8.5,8.6,2,7op,0.88,8.2,8.3
FIS FREESTYLE SKI WORLD CUP 2025,2024-12-19,BAKURIANI (GEO),Men's Moguls,Results Qualification,KOLMAKOV Pavel,2528846,KAZ,15,73.82,16.4,42.3,15.12,1,bF,0.88,9.1,8.9,2,7op,0.88,8.2,8.2
FIS FREESTYLE SKI WORLD CUP 2025,2024-12-19,BAKURIANI (GEO),Men's Moguls,Results Qualification,SHIMAKAWA Takuya,2530672,JPN,20,71.11,14.74,44.0,12.37,1,7op,0.88,8.0,7.5,2,7oG,1.01,5.5,5.5
FIS FREESTYLE SKI WORLD CUP 2025,2024-12-06,IDRE FJÄLL (SWE),Women's Moguls,Results Qualification,SCHWINGHAMMER,2533204,CAN,3,76.35,15.05,47.6,13.7,1,7op,0.98,6.2,6.3,2,bG,0.92,8.3,8.2
FIS FREESTYLE SKI WORLD CUP 2025,2024-12-06,IDRE FJÄLL (SWE),Women's Moguls,Results Qualification,CABROL Camille,2530274,FRA,9,64.46,13.99,40.9,9.57,1,bp,0.81,6.4,6.0,2,bG,0.92,4.9,5.0
FIS FREESTYLE SKI WORLD CUP 2025,2024-12-06,IDRE FJÄLL (SWE),Women's Moguls,Results Qualification,DESMARAIS-GILBERT,2531811,CAN,12,63.56,13.67,38.6,11.29,1,bG,0.92,5.6,4.7,2,bp,0.81,8.2,8.0
FIS FREESTYLE SKI WORLD CUP 2025,2024-12-06,IDRE FJÄLL (SWE),Women's Moguls,Results Qualification,OWENS Kai,2534962,USA,27,53.52,12.76,34.0,6.76,1,7op,0.98,4.2,4.4,2,7oG,1.11,2.4,2.2
FIS FREESTYLE SKI WORLD CUP 2025,2024-12-06,IDRE FJÄLL (SWE),Women's Moguls,Results Qualification,STENKULA Nicolina,2537789,SWE,33,44.1,10.23,24.7,9.17,1,bG,0.92,5.7,5.0,2,bp,0.81,5.5,5.0
FIS FREESTYLE SKI WORLD CUP 2025,2025-01-24,WATERVILLE (USA),Women's Moguls,Results Qualification,YANAGIMOTO Rino,2532040,JPN,18,60.25,14.65,34.1,11.5,1,bp,0.81,7.5,6.4,2,7op,0.98,5.9,6.1
FIS FREESTYLE SKI WORLD CUP 2025,2025-01-24,WATERVILLE (USA),Women's Moguls,Results Qualification,NAKAO Haruka,2533488,JPN,22,59.07,13.69,36.4,8.98,1,bG,0.92,3.6,3.8,2,bp,0.81,6.8,7.0
FIS FREESTYLE SKI WORLD CUP 2025,2025-02-06,DEER VALLEY (USA),Men's Moguls,Results Qualification,KOLMAKOV Pavel,2528846,KAZ,6,75.43,16.26,43.9,15.27,1,bF,0.88,8.8,8.5,2,bG,0.82,9.4,9.3
FIS FREESTYLE SKI WORLD CUP 2025,2025-02-06,DEER VALLEY (USA),Men's Moguls,Results Qualification,CORDELL Sam,2532530,CAN,25,66.06,14.32,39.4,12.34,1,7op,0.88,6.4,6.3,2,bG,0.82,8.3,8.2
FIS FREESTYLE SKI WORLD CUP 2025,2025-02-06,DEER VALLEY (USA),Women's Moguls,Results Qualification,TOMITAKA Hinako,2532031,JPN,7,67.74,13.92,42.6,11.22,1,bG,0.92,5.5,5.8,2,bp,0.81,7.4,7.5
FIS FREESTYLE SKI WORLD CUP 2025,2025-02-06,DEER VALLEY (USA),Women's Moguls,Results Qualification,ITO Marin,2534824,JPN,11,61.32,12.2,37.7,11.42,1,bG,0.92,5.7,5.5,2,fp,0.81,7.7,7.8
FIS FREESTYLE SKI WORLD CUP 2025,2025-02-06,DEER VALLEY (USA),Women's Moguls,Results Qualification,CHAPDELAINE Reese,2535616,USA,27,47.01,10.01,25.2,11.8,1,bT,0.78,6.1,5.8,2,bG,0.92,7.8,7.8
FIS FREESTYLE SKI WORLD CUP 2025,2025-02-06,DEER VALLEY (USA),Women's Moguls,Results Qualification,DESMARAIS-GILBERT,2531811,CAN,28,44.42,9.52,25.4,9.5,1,bG,0.92,4.0,4.8,2,bp,0.81,6.8,6.7
FIS FREESTYLE SKI WORLD CUP 2025,2025-02-06,DEER VALLEY (USA),Women's Moguls,Results Qualification,PASSARETTA Manuela,2537886,ITA,31,34.06,8.25,15.5,10.31,1,bG,0.92,6.2,6.2,2,bp,0.81,5.8,5.6
FIS FREESTYLE SKI WORLD CUP 2025,2024-12-19,BAKURIANI (GEO),Men's Moguls,Results Qualification,KAWAOKA Shima,2533771,JPN,27,68.48,16.83,42.1,9.55,1,bF,0.88,6.7,6.0,2,bp,0.71,5.5,5.7
FIS FREESTYLE SKI WORLD CUP 2025,2024-12-19,BAKURIANI (GEO),Men's Moguls,Results Qualification,WANG Renda,2537252,CHN,44,51.29,15.11,28.0,8.18,1,bF,0.88,5.4,5.4,2,7op,0.88,4.0,3.8
FIS FREESTYLE SKI WORLD CUP 2025,2024-12-19,BAKURIANI (GEO),Men's Moguls,Results Qualification,GAY Paul Andrea,2538751,FRA,47,24.13,10.85,6.6,6.68,1,bF,0.88,6.2,6.0,2,7op,0.88,1.8,1.2
FIS FREESTYLE SKI WORLD CUP 2025,2025-01-31,VAL ST. COME (CAN),Men's Moguls,Results Final 1,KINGSBURY Mikael,2484937,CAN,1,88.04,17.07,53.8,17.17,1,bF,0.88,9.0,9.5,2,10op,1.05,8.8,8.4
FIS FREESTYLE SKI WORLD CUP 2025,2025-01-31,VAL ST. COME (CAN),Men's Moguls,Results Final 1,GRAVENFORS Filip,2534858,SWE,3,81.71,16.94,49.4,15.37,1,bF,0.88,8.4,8.4,2,10op,1.05,7.8,7.4
FIS FREESTYLE SKI WORLD CUP 2025,2024-12-06,IDRE FJÄLL (SWE),Women's Moguls,Results Qualification,WEESE Hanna,2532819,GER,14,63.13,13.5,38.8,10.83,1,bp,0.81,6.4,6.2,2,7op,0.98,5.8,5.9
FIS FREESTYLE SKI WORLD CUP 2025,2025-01-24,WATERVILLE (USA),Women's Moguls,Results Qualification,BOSCO Emma,2532927,AUS,27,55.77,13.02,33.9,8.85,1,bG,0.92,3.8,4.1,2,bL,0.81,7.1,5.8
FIS FREESTYLE SKI WORLD CUP 2025,2025-01-24,WATERVILLE (USA),Women's Moguls,Results Qualification,CARR Cali,2538479,GBR,31,53.55,13.1,30.5,9.95,1,bG,0.92,5.2,5.8,2,bp,0.81,6.0,6.1
FIS FREESTYLE SKI WORLD CUP 2025,2025-01-24,WATERVILLE (USA),Women's Moguls,Results Qualification,DOOLEY Claire,2535435,IRL,36,43.47,9.18,25.5,8.79,1,3,0.78,7.0,6.0,2,bp,0.81,4.0,5.2
FIS FREESTYLE SKI WORLD CUP 2025,2025-02-06,DEER VALLEY (USA),Men's Moguls,Results Qualification,CAVET Benjamin,2530514,FRA,5,76.32,15.93,48.6,11.79,1,bF,0.88,8.1,8.0,2,bp,0.71,6.6,6.7
FIS FREESTYLE SKI WORLD CUP 2025,2025-02-06,DEER VALLEY (USA),Men's Moguls,Results Qualification,JUNG Daeyoon,2534856,KOR,42,33.47,17.55,8.8,7.12,1,10op,1.05,6.2,6.3,2,bp,0.71,0.8,0.8
FIS FREESTYLE SKI WORLD CUP 2025,2025-02-06,DEER VALLEY (USA),Women's Moguls,Results Qualification,KARIOTIS Kylie,2534866,USA,15,59.32,11.48,35.5,12.34,1,bG,0.92,6.9,7.0,2,bp,0.81,7.3,7.4
FIS FREESTYLE SKI WORLD CUP 2025,2025-02-06,DEER VALLEY (USA),Women's Moguls,Results Qualification,BERGHUIS Laura,2535376,NED,25,50.54,9.53,29.4,11.61,1,bG,0.92,7.1,6.8,2,bp,0.81,6.5,6.4
FIS FREESTYLE SKI WORLD CUP 2025,2024-12-19,BAKURIANI (GEO),Men's Moguls,Results Qualification,CAVET Benjamin,2530514,FRA,4,77.87,18.07,47.4,12.4,1,bF,0.88,8.5,8.4,2,bp,0.71,7.0,7.0
FIS FREESTYLE SKI WORLD CUP 2025,2024-12-19,BAKURIANI (GEO),Men's Moguls,Results Qualification,PAGE Nick,2533462,USA,10,74.61,17.7,41.8,15.11,1,10op,1.05,8.1,8.1,2,7oG,1.01,6.6,6.5
FIS FREESTYLE SKI WORLD CUP 2025,2024-12-19,BAKURIANI (GEO),Men's Moguls,Results Qualification,PENTTALA Olli,2528035,FIN,17,73.62,16.27,43.3,14.05,1,10op,1.05,6.7,7.0,2,7oG,1.01,6.4,7.2
FIS FREESTYLE SKI WORLD CUP 2025,2024-12-19,BAKURIANI (GEO),Men's Moguls,Results Qualification,MICKEL Charlie,2537180,USA,23,70.27,16.15,38.3,15.82,1,7oG,1.01,8.0,8.8,2,7op,0.88,8.2,8.5
FIS FREESTYLE SKI WORLD CUP 2025,2024-12-19,BAKURIANI (GEO),Men's Moguls,Results Qualification,HOLMGREN Albin,2532811,SWE,39,60.57,16.04,32.8,11.73,1,bF,0.88,6.4,6.5,2,7oG,1.01,6.4,5.6
FIS FREESTYLE SKI WORLD CUP 2025,2025-01-31,VAL ST. COME (CAN),Men's Moguls,Results Final 1,HORISHIMA Ikuma,2529645,JPN,2,82.04,15.26,50.5,16.28,1,bF,0.88,8.5,8.6,2,10op,1.05,8.2,8.5
FIS FREESTYLE SKI WORLD CUP 2025,2025-01-31,VAL ST. COME (CAN),Men's Moguls,Results Final 1,STEGFELDT Rasmus,2531923,SWE,7,76.07,16.82,45.7,13.55,1,bF,0.88,7.9,7.3,2,7oG,1.01,7.0,6.6
FIS FREESTYLE SKI WORLD CUP 2025,2025-01-31,VAL ST. COME (CAN),Men's Moguls,Results Final 1,MICHEL Asher,2537833,USA,8,75.51,15.11,46.2,14.2,1,bG,0.82,8.3,8.5,2,7oG,1.01,7.1,7.4
FIS FREESTYLE SKI WORLD CUP 2025,2025-01-31,VAL ST. COME (CAN),Men's Moguls,Results Final 1,SHIMAKAWA Takuya,2530672,JPN,12,73.89,14.79,44.4,14.7,1,10op,1.05,7.9,7.9,2,7oG,1.01,6.6,6.1
FIS FREESTYLE SKI WORLD CUP 2025,2024-12-06,IDRE FJÄLL (SWE),Men's Moguls,Results Qualification,KAWAOKA Shima,2533771,JPN,49,27.12,13.02,3.4,10.7,1,7oG,1.01,6.0,5.8,2,7op,0.88,5.8,5.0
FIS FREESTYLE SKI WORLD CUP 2025,2024-12-06,IDRE FJÄLL (SWE),Women's Moguls,Results Qualification,NAKAO Haruka,2533488,JPN,16,62.23,11.8,37.3,13.13,1,bG,0.92,7.9,7.9,2,bp,0.81,7.0,7.5
FIS FREESTYLE SKI WORLD CUP 2025,2024-12-06,IDRE FJÄLL (SWE),Women's Moguls,Results Qualification,KAJIWARA Yuki,2533769,JPN,20,59.22,11.85,37.1,10.27,1,bG,0.92,4.2,4.5,2,bp,0.81,7.6,7.9
FIS FREESTYLE SKI WORLD CUP 2025,2025-01-24,WATERVILLE (USA),Women's Moguls,Results Qualification,OWENS Kai,2534962,USA,7,69.35,14.38,40.6,14.37,1,7op,0.98,7.0,7.5,2,7oG,1.11,6.8,6.3
FIS FREESTYLE SKI WORLD CUP 2025,2025-01-24,WATERVILLE (USA),Women's Moguls,Results Qualification,LODGE Lottie,2538154,AUS,23,57.71,12.93,35.6,9.18,1,bT,0.78,5.7,6.2,2,bG,0.92,5.0,4.9
FIS FREESTYLE SKI WORLD CUP 2025,2025-02-06,DEER VALLEY (USA),Men's Moguls,Results Qualification,KINGSBURY Mikael,2484937,CAN,2,78.33,14.89,49.9,13.54,1,bF,0.88,7.0,7.4,2,7op,0.88,8.1,8.3
FIS FREESTYLE SKI WORLD CUP 2025,2025-02-06,DEER VALLEY (USA),Men's Moguls,Results Qualification,MICHEL Asher,2537833,USA,21,69.11,13.63,43.1,12.38,1,bG,0.82,7.4,7.8,2,7oG,1.01,6.1,6.1
FIS FREESTYLE SKI WORLD CUP 2025,2025-02-06,DEER VALLEY (USA),Men's Moguls,Results Qualification,SUGIMOTO Kosuke,2528069,JPN,31,63.4,13.79,38.3,11.31,1,bG,0.82,8.0,7.9,2,7op,0.88,5.5,5.4
FIS FREESTYLE SKI WORLD CUP 2025,2025-02-06,DEER VALLEY (USA),Women's Moguls,Results Qualification,WILSON Charlotte,2535796,AUS,5,70.28,13.56,44.3,12.42,1,bG,0.92,6.7,6.5,2,bp,0.81,7.8,7.9
FIS FREESTYLE SKI WORLD CUP 2025,2025-02-06,DEER VALLEY (USA),Women's Moguls,Results Qualification,JOHNSON Tess,2532270,USA,6,69.73,13.26,43.8,12.67,1,bp,0.81,6.7,6.2,2,bG,0.92,8.1,8.1
FIS FREESTYLE SKI WORLD CUP 2025,2025-02-06,DEER VALLEY (USA),Women's Moguls,Results Qualification,FUJIKI Hina,2533039,JPN,16,56.95,10.23,35.3,11.42,1,bG,0.92,6.7,6.8,2,bp,0.81,6.3,6.6
FIS FREESTYLE SKI WORLD CUP 2025,2025-02-06,DEER VALLEY (USA),Women's Moguls,Results Qualification,MALHERBE Malica,2535457,RSA,38,19.05,7.39,4.5,7.16,1,bG,0.92,3.8,3.7,2,bp,0.81,4.7,4.5
FIS FREESTYLE SKI WORLD CUP 2025,2024-12-19,BAKURIANI (GEO),Men's Moguls,Results Qualification,CAYOLLE Tristan,2533776,FRA,31,67.23,17.11,39.2,10.92,1,7op,0.88,7.5,7.5,2,bp,0.71,6.4,5.8
FIS FREESTYLE SKI WORLD CUP 2025,2024-12-19,BAKURIANI (GEO),Men's Moguls,Results Qualification,NISHIZAWA Taketo,2531352,JPN,40,59.47,17.97,30.0,11.5,1,bF,0.88,7.7,7.9,2,7oG,1.01,4.8,4.4
FIS FREESTYLE SKI WORLD CUP 2025,2025-01-31,VAL ST. COME (CAN),Women's Moguls,Results Final 1,TAGUCHI Yuma,2537043,JPN,9,68.08,14.24,40.3,13.54,1,bG,0.92,7.0,7.1,2,7op,0.98,6.9,7.5
FIS FREESTYLE SKI WORLD CUP 2025,2024-12-06,IDRE FJÄLL (SWE),Women's Moguls,Results Qualification,MACUGA Alli,2534186,USA,15,62.35,14.75,38.6,9.0,1,bp,0.81,7.2,7.3,2,7op,0.98,3.0,3.4
FIS FREESTYLE SKI WORLD CUP 2025,2025-01-24,WATERVILLE (USA),Women's Moguls,Results Qualification,GERKEN SCHOFIELD,2530540,GBR,11,65.23,14.29,40.5,10.44,1,bG,0.92,5.5,5.6,2,bp,0.81,6.8,6.4
FIS FREESTYLE SKI WORLD CUP 2025,2025-01-24,WATERVILLE (USA),Women's Moguls,Results Qualification,YANG Ya,2537259,CHN,37,40.76,8.05,24.2,8.51,1,bG,0.92,3.5,4.2,2,bp,0.81,6.8,5.5
FIS FREESTYLE SKI WORLD CUP 2025,2025-02-06,DEER VALLEY (USA),Men's Moguls,Results Qualification,SHIMAKAWA Takuya,2530672,JPN,16,70.51,12.44,44.1,13.97,1,7op,0.88,8.1,8.3,2,7oG,1.01,6.8,6.6
FIS FREESTYLE SKI WORLD CUP 2025,2025-02-06,DEER VALLEY (USA),Men's Moguls,Results Qualification,CROZET James,2533249,FRA,22,69.01,14.85,42.1,12.06,1,7op,0.88,7.8,7.9,2,lG,0.82,6.4,6.2
FIS FREESTYLE SKI WORLD CUP 2025,2025-02-06,DEER VALLEY (USA),Women's Moguls,Results Qualification,GORODKO,2535385,KAZ,14,60.06,14.38,34.8,10.88,1,bG,0.92,6.0,5.6,2,bp,0.81,7.2,6.5
FIS FREESTYLE SKI WORLD CUP 2025,2025-02-06,DEER VALLEY (USA),Women's Moguls,Results Qualification,BOSCO Emma,2532927,AUS,18,56.31,10.54,33.6,12.17,1,bG,0.92,6.1,6.1,2,bL,0.81,8.1,8.1
FIS FREESTYLE SKI WORLD CUP 2025,2025-02-06,DEER VALLEY (USA),Women's Moguls,Results Qualification,CARR Cali,2538479,GBR,20,53.98,10.11,34.9,8.97,1,bG,0.92,4.3,4.3,2,bp,0.81,6.3,6.1
FIS FREESTYLE SKI WORLD CUP 2025,2025-02-06,DEER VALLEY (USA),Women's Moguls,Results Qualification,LI Ruilin,2537198,CHN,29,43.77,8.6,27.8,7.37,1,S,0.48,5.2,4.8,2,bp,0.81,6.2,6.1
FIS FREESTYLE SKI WORLD CUP 2025,2024-12-19,BAKURIANI (GEO),Men's Moguls,Results Qualification,WALLBERG Walter,2532001,SWE,3,78.06,18.04,46.7,13.32,1,bF,0.88,6.5,6.8,2,7oG,1.01,7.2,7.6
FIS FREESTYLE SKI WORLD CUP 2025,2024-12-19,BAKURIANI (GEO),Men's Moguls,Results Qualification,JUNG Daeyoon,2534856,KOR,9,75.07,16.9,43.6,14.57,1,10op,1.05,7.5,6.7,2,7op,0.88,8.0,8.2
FIS FREESTYLE SKI WORLD CUP 2025,2025-01-31,VAL ST. COME (CAN),Men's Moguls,Results Final 1,CAVET Benjamin,2530514,FRA,14,73.53,16.2,44.1,13.23,1,bF,0.88,6.4,6.5,2,10op,1.05,7.3,7.1
FIS FREESTYLE SKI WORLD CUP 2025,2024-12-06,IDRE FJÄLL (SWE),Women's Moguls,Results Qualification,LINTON Jessica,2533613,CAN,11,64.0,12.97,41.3,9.73,1,bG,0.92,4.2,4.2,2,7op,0.98,6.2,5.8
FIS FREESTYLE SKI WORLD CUP 2025,2024-12-06,IDRE FJÄLL (SWE),Women's Moguls,Results Qualification,YANAGIMOTO Rino,2532040,JPN,13,63.23,13.7,38.6,10.93,1,bp,0.81,6.5,6.0,2,7op,0.98,5.8,6.2
FIS FREESTYLE SKI WORLD CUP 2025,2025-01-24,WATERVILLE (USA),Women's Moguls,Results Qualification,WILSON Charlotte,2535796,AUS,6,71.51,15.55,43.2,12.76,1,bG,0.92,7.2,6.2,2,bp,0.81,8.0,8.3
FIS FREESTYLE SKI WORLD CUP 2025,2025-01-24,WATERVILLE (USA),Women's Moguls,Results Qualification,PASSARETTA Manuela,2537886,ITA,35,43.78,9.69,26.7,7.39,1,bG,0.92,4.0,3.2,2,bp,0.81,4.8,5.3
FIS FREESTYLE SKI WORLD CUP 2025,2025-02-06,DEER VALLEY (USA),Men's Moguls,Results Qualification,HOLMGREN Albin,2532811,SWE,29,65.06,13.73,37.8,13.53,1,7oG,1.01,6.3,6.4,2,7op,0.88,8.1,8.1
FIS FREESTYLE SKI WORLD CUP 2025,2025-02-06,DEER VALLEY (USA),Men's Moguls,Results Qualification,PENTTALA Olli,2528035,FIN,38,49.65,13.03,21.4,15.22,1,10op,1.05,7.1,7.3,2,7oG,1.01,7.5,7.7
FIS FREESTYLE SKI WORLD CUP 2025,2025-02-06,DEER VALLEY (USA),Men's Moguls,Results Qualification,WANG Renda,2537252,CHN,45,21.76,4.22,8.5,9.04,1,bp,0.71,4.5,5.0,2,7op,0.88,6.5,6.4
FIS FREESTYLE SKI WORLD CUP 2025,2025-02-06,DEER VALLEY (USA),Women's Moguls,Results Qualification,TIMPONE Sofia Carla,2539655,ITA,33,30.39,2.94,20.9,6.55,1,3,0.78,3.8,3.5,2,bT,0.78,5.0,4.5
FIS FREESTYLE SKI WORLD CUP 2025,2025-02-06,DEER VALLEY (USA),Women's Moguls,Results Qualification,YANAGIMOTO Rino,2532040,JPN,37,22.41,8.29,6.5,7.62,1,bG,0.92,2.0,1.8,2,7op,0.98,6.1,5.9
FIS FREESTYLE SKI WORLD CUP 2025,2024-12-19,BAKURIANI (GEO),Men's Moguls,Results Qualification,STEGFELDT Rasmus,2531923,SWE,12,74.35,16.52,44.1,13.73,1,bF,0.88,6.7,6.4,2,7oG,1.01,7.8,8.0
FIS FREESTYLE SKI WORLD CUP 2025,2025-01-31,VAL ST. COME (CAN),Men's Moguls,Results Final 1,MARCELLINI Dylan,2534089,USA,10,74.75,15.66,44.5,14.59,1,7oG,1.01,7.7,7.8,2,7op,0.88,7.5,7.9
FIS FREESTYLE SKI WORLD CUP 2025,2025-01-31,VAL ST. COME (CAN),Women's Moguls,Results Final 1,LAFFONT Perrine,2531156,FRA,4,73.07,16.96,42.6,13.51,1,7op,0.98,7.8,7.3,2,bG,0.92,7.2,6.1
FIS FREESTYLE SKI WORLD CUP 2025,2024-12-06,IDRE FJÄLL (SWE),Women's Moguls,Results Qualification,WEESE Sophie,2532509,GER,36,24.03,7.05,8.4,8.58,1,bG,0.92,4.4,4.7,2,7op,0.98,4.2,4.8
FIS FREESTYLE SKI WORLD CUP 2025,2025-01-24,WATERVILLE (USA),Women's Moguls,Results Qualification,SCHWINGHAMMER,2533204,CAN,3,74.5,15.38,44.9,14.22,1,7op,0.98,6.2,6.7,2,bG,0.92,8.5,8.7
FIS FREESTYLE SKI WORLD CUP 2025,2025-02-06,DEER VALLEY (USA),Men's Moguls,Results Qualification,AHVENAINEN Akseli,2533687,FIN,26,65.38,16.72,38.6,10.06,1,bF,0.88,8.0,8.0,2,bT,0.68,4.4,4.5
FIS FREESTYLE SKI WORLD CUP 2025,2025-02-06,DEER VALLEY (USA),Men's Moguls,Results Qualification,BUZZI Enea,2533002,SUI,27,65.2,15.74,40.4,9.06,1,7op,0.88,5.0,5.2,2,bp,0.71,6.2,6.7
FIS FREESTYLE SKI WORLD CUP 2025,2025-02-06,DEER VALLEY (USA),Men's Moguls,Results Qualification,TOBEY Gavin,2535388,USA,28,65.11,14.64,38.8,11.67,1,7oG,1.01,7.0,6.1,2,7op,0.88,5.8,5.7
FIS FREESTYLE SKI WORLD CUP 2025,2025-02-06,DEER VALLEY (USA),Men's Moguls,Results Qualification,LEWIS Camden,2539248,USA,34,57.49,14.37,34.3,8.82,1,7op,0.88,6.5,6.3,2,bG,0.82,4.0,3.8
FIS FREESTYLE SKI WORLD CUP 2025,2025-02-06,DEER VALLEY (USA),Women's Moguls,Results Qualification,LAFFONT Perrine,2531156,FRA,1,76.91,15.45,45.2,16.26,1,7oG,1.11,7.6,7.8,2,bG,0.92,8.4,8.4
FIS FREESTYLE SKI WORLD CUP 2025,2025-02-06,DEER VALLEY (USA),Women's Moguls,Results Qualification,GIACCIO Olivia,2532241,USA,2,73.75,13.36,44.5,15.89,1,7G,1.11,7.7,7.8,2,7op,0.98,7.6,7.3
FIS FREESTYLE SKI WORLD CUP 2025,2025-02-06,DEER VALLEY (USA),Women's Moguls,Results Qualification,STENKULA Nicolina,2537789,SWE,34,29.78,8.26,12.1,9.42,1,bG,0.92,4.5,4.3,2,bT,0.78,7.0,6.8
FIS FREESTYLE SKI WORLD CUP 2025,2025-02-06,DEER VALLEY (USA),Women's Moguls,Results Qualification,NAKAO Haruka,2533488,JPN,35,28.5,8.32,10.2,9.98,1,bG,0.92,6.5,6.5,2,bp,0.81,5.2,4.7
FIS FREESTYLE SKI WORLD CUP 2025,2024-12-19,BAKURIANI (GEO),Men's Moguls,Results Qualification,WOODS Cooper,2532161,AUS,11,74.56,18.38,42.9,13.28,1,bF,0.88,8.1,8.6,2,7op,0.88,6.5,7.0
FIS FREESTYLE SKI WORLD CUP 2025,2024-12-19,BAKURIANI (GEO),Men's Moguls,Results Qualification,VIEL Julien,2534074,CAN,16,73.64,17.56,45.0,11.08,1,bF,0.88,5.2,4.4,2,7op,0.88,7.7,7.9
FIS FREESTYLE SKI WORLD CUP 2025,2024-12-19,BAKURIANI (GEO),Men's Moguls,Results Qualification,WALCZYK Dylan,2527085,USA,18,73.48,15.87,44.9,12.71,1,bG,0.82,8.1,8.0,2,7op,0.88,6.9,7.0
FIS FREESTYLE SKI WORLD CUP 2025,2024-12-19,BAKURIANI (GEO),Men's Moguls,Results Qualification,MARCELLINI Dylan,2534089,USA,30,67.29,16.12,40.2,10.97,1,7op,0.88,6.3,6.6,2,7oG,1.01,5.1,5.4
FIS FREESTYLE SKI WORLD CUP 2025,2024-12-19,BAKURIANI (GEO),Men's Moguls,Results Qualification,BEAULIEU Charles,2535304,CAN,48,13.75,7.14,0.3,6.31,1,7oG,1.01,6.3,6.2,2,NJ,0.0,0.0,0.0
FIS FREESTYLE SKI WORLD CUP 2025,2024-12-06,IDRE FJÄLL (SWE),Women's Moguls,Results Qualification,DUAUX Marie,2537443,FRA,21,58.85,11.1,34.1,13.65,1,bG,0.92,7.8,7.8,2,bp,0.81,8.0,8.0
FIS FREESTYLE SKI WORLD CUP 2025,2024-12-06,IDRE FJÄLL (SWE),Women's Moguls,Results Qualification,FUJIKI Hina,2533039,JPN,22,58.5,12.76,37.7,8.04,1,bG,0.92,2.8,3.0,2,bp,0.81,7.8,5.5
FIS FREESTYLE SKI WORLD CUP 2025,2025-01-24,WATERVILLE (USA),Women's Moguls,Results Qualification,KOEHLER Ashley,2534528,CAN,13,64.44,15.2,38.6,10.64,1,bT,0.78,6.5,5.7,2,bG,0.92,6.7,6.1
FIS FREESTYLE SKI WORLD CUP 2025,2025-01-24,WATERVILLE (USA),Women's Moguls,Results Qualification,AMRENOVA Ayaulym,2532085,KAZ,26,56.02,14.61,28.8,12.61,1,bG,0.92,8.0,7.9,2,bp,0.81,7.0,6.1
FIS FREESTYLE SKI WORLD CUP 2025,2025-02-06,DEER VALLEY (USA),Men's Moguls,Results Qualification,LEE Yoonseung,2537625,KOR,9,73.69,16.67,44.9,12.12,1,bF,0.88,7.7,7.3,2,bp,0.71,7.8,7.8
FIS FREESTYLE SKI WORLD CUP 2025,2025-02-06,DEER VALLEY (USA),Men's Moguls,Results Qualification,GRAHAM Matt,2441426,AUS,14,72.94,15.72,45.0,12.22,1,bF,0.88,8.1,7.9,2,7op,0.88,6.0,5.8
FIS FREESTYLE SKI WORLD CUP 2025,2025-02-06,DEER VALLEY (USA),Men's Moguls,Results Qualification,LOGAN Oliver,2534330,AUS,39,48.4,14.81,22.0,11.59,1,bF,0.88,6.7,6.5,2,bp,0.71,8.2,8.1
FIS FREESTYLE SKI WORLD CUP 2025,2025-02-06,DEER VALLEY (USA),Women's Moguls,Results Qualification,TAGUCHI Yuma,2537043,JPN,10,62.7,12.16,38.6,11.94,1,bG,0.92,7.2,7.6,2,bp,0.81,6.2,6.5
FIS FREESTYLE SKI WORLD CUP 2025,2024-12-19,BAKURIANI (GEO),Men's Moguls,Results Qualification,OLGAARD Robin,2534212,SWE,19,73.32,16.42,41.6,15.3,1,7oG,1.01,7.8,7.8,2,7op,0.88,8.1,8.8
FIS FREESTYLE SKI WORLD CUP 2025,2024-12-19,BAKURIANI (GEO),Men's Moguls,Results Qualification,SUGIMOTO Kosuke,2528069,JPN,24,69.8,17.5,40.2,12.1,1,bG,0.82,7.0,7.4,2,7op,0.88,7.0,7.1
FIS FREESTYLE SKI WORLD CUP 2025,2025-01-31,VAL ST. COME (CAN),Men's Moguls,Results Final 1,WOODS Cooper,2532161,AUS,13,73.81,16.86,43.8,13.15,1,bdF,1.05,7.0,7.0,2,7op,0.88,6.5,6.7
FIS FREESTYLE SKI WORLD CUP 2025,2025-01-31,VAL ST. COME (CAN),Women's Moguls,Results Final 1,WILSON Charlotte,2535796,AUS,5,72.11,16.28,41.0,14.83,1,bG,0.92,8.2,8.4,2,bp,0.81,8.9,8.9
FIS FREESTYLE SKI WORLD CUP 2025,2024-12-06,IDRE FJÄLL (SWE),Men's Moguls,Results Qualification,PASCARELLA Paolo,2534403,SUI,47,52.66,13.32,32.3,7.04,1,bF,0.88,4.3,4.6,2,7oG,1.01,3.0,3.2
FIS FREESTYLE SKI WORLD CUP 2025,2024-12-06,IDRE FJÄLL (SWE),Men's Moguls,Results Qualification,KROUPA Matyas,2537792,CZE,48,30.51,12.57,8.5,9.44,1,bF,0.88,4.2,4.3,2,7oG,1.01,6.3,5.0
FIS FREESTYLE SKI WORLD CUP 2025,2024-12-06,IDRE FJÄLL (SWE),Women's Moguls,Results Qualification,HOGG Kasey,2534251,USA,10,64.34,15.46,40.6,8.28,1,bp,0.81,5.2,4.7,2,bG,0.92,4.3,5.0
FIS FREESTYLE SKI WORLD CUP 2025,2024-12-06,IDRE FJÄLL (SWE),Women's Moguls,Results Qualification,RAMSAUER Katharina,2530097,AUT,18,60.65,13.17,34.5,12.98,1,bT,0.78,7.2,7.6,2,bG,0.92,8.0,7.7
FIS FREESTYLE SKI WORLD CUP 2025,2025-01-24,WATERVILLE (USA),Women's Moguls,Results Qualification,LAFFONT Perrine,2531156,FRA,1,77.2,16.34,45.5,15.36,1,7oG,1.11,7.3,6.8,2,bG,0.92,8.1,8.3
FIS FREESTYLE SKI WORLD CUP 2025,2025-01-24,WATERVILLE (USA),Women's Moguls,Results Qualification,MACUGA Alli,2534186,USA,20,59.7,14.35,37.0,8.35,1,bp,0.81,7.0,5.9,2,7op,0.98,2.3,4.1
FIS FREESTYLE SKI WORLD CUP 2025,2025-01-24,WATERVILLE (USA),Women's Moguls,Results Qualification,KARIOTIS Kylie,2534866,USA,21,59.58,14.49,34.0,11.09,1,bp,0.81,5.7,5.7,2,bG,0.92,7.0,7.1
FIS FREESTYLE SKI WORLD CUP 2025,2025-02-06,DEER VALLEY (USA),Men's Moguls,Results Qualification,MARCELLINI Dylan,2534089,USA,12,73.47,13.67,44.4,15.4,1,7oG,1.01,8.2,8.2,2,7op,0.88,8.2,8.0
FIS FREESTYLE SKI WORLD CUP 2025,2025-02-06,DEER VALLEY (USA),Men's Moguls,Results Qualification,CONEDERA Martino,2532502,SUI,35,55.62,10.56,34.4,10.66,1,7op,0.88,4.6,4.5,2,7oG,1.01,6.5,6.7
FIS FREESTYLE SKI WORLD CUP 2025,2025-02-06,DEER VALLEY (USA),Men's Moguls,Results Qualification,JEANNESSON Mateo,2535572,GBR,40,41.46,13.78,22.1,5.58,1,bF,0.88,6.2,6.5,2,NJ,0.0,0.0,0.0
FIS FREESTYLE SKI WORLD CUP 2025,2025-02-06,DEER VALLEY (USA),Women's Moguls,Results Qualification,SCHWINGHAMMER,2533204,CAN,3,72.08,13.52,44.8,13.76,1,7op,0.98,7.9,7.8,2,bp,0.81,7.5,7.5
FIS FREESTYLE SKI WORLD CUP 2025,2025-02-06,DEER VALLEY (USA),Women's Moguls,Results Qualification,KOEHLER Ashley,2534528,CAN,13,60.75,13.51,37.3,9.94,1,bT,0.78,6.3,6.0,2,bG,0.92,5.5,5.7
FIS FREESTYLE SKI WORLD CUP 2025,2025-02-06,DEER VALLEY (USA),Women's Moguls,Results Qualification,GALYSHEVA Yuliya,2484307,KAZ,17,56.43,13.07,29.1,14.26,1,bp,0.81,7.9,7.7,2,fG,0.92,8.8,8.5
FIS FREESTYLE SKI WORLD CUP 2025,2025-02-06,DEER VALLEY (USA),Women's Moguls,Results Qualification,YANG Ya,2537259,CHN,30,40.23,7.38,23.1,9.75,1,bG,0.92,5.0,5.2,2,bp,0.81,6.2,6.3
FIS FREESTYLE SKI WORLD CUP 2025,2024-12-19,BAKURIANI (GEO),Men's Moguls,Results Qualification,BONDAREV Anton,2532859,KAZ,36,63.1,14.65,38.2,10.25,1,bF,0.88,7.4,6.8,2,bp,0.71,5.8,5.5
FIS FREESTYLE SKI WORLD CUP 2025,2024-12-19,BAKURIANI (GEO),Men's Moguls,Results Qualification,CORDELL Sam,2532530,CAN,37,62.62,17.17,35.0,10.45,1,7oG,1.01,6.9,7.0,2,bp,0.71,5.0,4.7
FIS FREESTYLE SKI WORLD CUP 2025,2024-12-19,BAKURIANI (GEO),Men's Moguls,Results Qualification,MERZ Linus,2533504,GER,43,53.25,16.32,28.6,8.33,1,7op,0.88,5.2,4.4,2,bp,0.71,5.7,5.9
FIS FREESTYLE SKI WORLD CUP 2025,2024-12-19,BAKURIANI (GEO),Men's Moguls,Results Qualification,PASCARELLA Paolo,2534403,SUI,45,40.73,15.04,16.2,9.49,1,bF,0.88,5.0,4.4,2,bp,0.71,7.6,7.5
FIS FREESTYLE SKI WORLD CUP 2025,2025-01-31,VAL ST. COME (CAN),Men's Moguls,Results Final 1,HOLMGREN Emil,2534210,SWE,6,76.7,16.9,44.0,15.8,1,10op,1.05,8.0,7.2,2,7oG,1.01,7.6,7.9
FIS FREESTYLE SKI WORLD CUP 2025,2025-01-31,VAL ST. COME (CAN),Men's Moguls,Results Final 1,PAGE Nick,2533462,USA,11,74.35,17.8,43.4,13.15,1,10op,1.05,6.5,7.0,2,7op,0.88,7.1,6.7
FIS FREESTYLE SKI WORLD CUP 2025,2025-01-31,VAL ST. COME (CAN),Women's Moguls,Results Final 1,GIACCIO Olivia,2532241,USA,2,76.69,14.89,45.0,16.8,1,7oG,1.11,7.8,8.0,2,7op,0.98,8.0,8.4
FIS FREESTYLE SKI WORLD CUP 2025,2024-12-06,IDRE FJÄLL (SWE),Women's Moguls,Results Qualification,LAFFONT Perrine,2531156,FRA,1,78.43,16.47,45.6,16.36,1,7oG,1.11,8.3,8.1,2,bG,0.92,8.0,7.8
FIS FREESTYLE SKI WORLD CUP 2025,2024-12-06,IDRE FJÄLL (SWE),Women's Moguls,Results Qualification,GUSTAFSON Moa,2535767,SWE,23,57.49,14.25,35.5,7.74,1,bp,0.81,6.2,6.0,2,bG,0.92,3.0,3.1
FIS FREESTYLE SKI WORLD CUP 2025,2024-12-06,IDRE FJÄLL (SWE),Women's Moguls,Results Qualification,LUNDHOLM Elis,2534864,SWE,25,56.76,12.92,37.6,6.24,1,lG,0.92,3.1,3.0,2,bp,0.81,4.2,4.3
FIS FREESTYLE SKI WORLD CUP 2025,2024-12-06,IDRE FJÄLL (SWE),Women's Moguls,Results Qualification,MALHERBE Malica,2535457,RSA,31,45.6,12.72,24.7,8.18,1,bG,0.92,4.2,4.1,2,bp,0.81,5.8,5.0
FIS FREESTYLE SKI WORLD CUP 2025,2024-12-06,IDRE FJÄLL (SWE),Women's Moguls,Results Qualification,YANG Ya,2537259,CHN,32,44.98,8.04,26.9,10.04,1,bG,0.92,4.1,4.2,2,bp,0.81,7.5,7.9
FIS FREESTYLE SKI WORLD CUP 2025,2025-01-24,WATERVILLE (USA),Women's Moguls,Results Qualification,CABROL Camille,2530274,FRA,14,64.33,13.64,39.3,11.39,1,bp,0.81,5.8,5.9,2,bG,0.92,7.8,6.7
FIS FREESTYLE SKI WORLD CUP 2025,2025-01-24,WATERVILLE (USA),Women's Moguls,Results Qualification,LI Ruilin,2537198,CHN,33,49.52,11.65,29.4,8.47,1,bp,0.81,6.5,5.0,2,bG,0.92,4.0,4.3
FIS FREESTYLE SKI WORLD CUP 2025,2025-01-24,WATERVILLE (USA),Women's Moguls,Results Qualification,TIMPONE Sofia Carla,2539655,ITA,41,6.88,1.71,0.3,4.87,1,3,0.78,4.0,4.3,2,bT,0.78,2.5,1.7
FIS FREESTYLE SKI WORLD CUP 2025,2025-02-06,DEER VALLEY (USA),Men's Moguls,Results Qualification,MOUILLE Thibaud,2532044,FRA,7,75.3,13.25,47.2,14.85,1,7oG,1.01,7.6,7.7,2,bG,0.82,8.8,8.6
FIS FREESTYLE SKI WORLD CUP 2025,2025-02-06,DEER VALLEY (USA),Men's Moguls,Results Qualification,WALCZYK Dylan,2527085,USA,8,74.57,12.8,49.6,12.17,1,7op,0.88,6.3,6.2,2,lG,0.82,8.1,8.2
FIS FREESTYLE SKI WORLD CUP 2025,2025-02-06,DEER VALLEY (USA),Men's Moguls,Results Qualification,MICKEL Charlie,2537180,USA,13,73.34,13.78,44.2,15.36,1,7oG,1.01,7.8,8.0,2,7op,0.88,8.5,8.3
FIS FREESTYLE SKI WORLD CUP 2025,2025-02-06,DEER VALLEY (USA),Men's Moguls,Results Qualification,KROUPA Matyas,2537792,CZE,15,71.42,13.89,43.0,14.53,1,bG,0.82,8.3,8.2,2,7oG,1.01,7.7,7.7
FIS FREESTYLE SKI WORLD CUP 2025,2025-02-06,DEER VALLEY (USA),Men's Moguls,Results Qualification,NISHIZAWA Taketo,2531352,JPN,23,67.57,14.33,41.6,11.64,1,bF,0.88,6.7,6.6,2,7oG,1.01,5.8,5.7
FIS FREESTYLE SKI WORLD CUP 2025,2025-02-06,DEER VALLEY (USA),Women's Moguls,Results Qualification,RAMSAUER Katharina,2530097,AUT,26,47.03,12.03,24.5,10.5,1,bT,0.78,6.5,6.3,2,bG,0.92,6.1,5.9
FIS FREESTYLE SKI WORLD CUP 2025,2025-02-06,DEER VALLEY (USA),Women's Moguls,Results Qualification,AMRENOVA Ayaulym,2532085,KAZ,32,33.63,8.16,13.3,12.17,1,bp,0.81,5.6,5.5,2,bG,0.92,8.5,8.2
FIS FREESTYLE SKI WORLD CUP 2025,2024-12-19,BAKURIANI (GEO),Men's Moguls,Results Qualification,MOUILLE Thibaud,2532044,FRA,7,75.74,17.23,43.1,15.41,1,10op,1.05,7.4,7.2,2,bG,0.82,9.3,9.6
FIS FREESTYLE SKI WORLD CUP 2025,2024-12-19,BAKURIANI (GEO),Men's Moguls,Results Qualification,DUFRESNE Gabriel,2530240,CAN,13,74.19,16.37,42.1,15.72,1,bF,0.88,8.3,8.5,2,7oG,1.01,8.3,8.2
FIS FREESTYLE SKI WORLD CUP 2025,2024-12-19,BAKURIANI (GEO),Men's Moguls,Results Qualification,JEANNESSON Mateo,2535572,GBR,26,68.52,16.7,39.1,12.72,1,bF,0.88,7.2,6.6,2,7oG,1.01,6.8,6.4
FIS FREESTYLE SKI WORLD CUP 2025,2024-12-19,BAKURIANI (GEO),Men's Moguls,Results Qualification,BUGAKOV Fyodor,2535809,KAZ,38,61.97,15.72,32.4,13.85,1,bF,0.88,8.4,8.2,2,7op,0.88,7.6,7.3
FIS FREESTYLE SKI WORLD CUP 2025,2024-12-19,BAKURIANI (GEO),Men's Moguls,Results Qualification,BELLUCCI Massimo,2530808,ITA,46,38.38,13.62,18.2,6.56,1,7op,0.88,7.7,7.0,2,D,0.41,0.2,0.3
FIS FREESTYLE SKI WORLD CUP 2025,2024-12-06,IDRE FJÄLL (SWE),Women's Moguls,Results Qualification,TOMITAKA Hinako,2532031,JPN,8,65.25,14.03,42.6,8.62,1,bG,0.92,5.2,5.2,2,bp,0.81,4.7,4.8
FIS FREESTYLE SKI WORLD CUP 2025,2024-12-06,IDRE FJÄLL (SWE),Women's Moguls,Results Qualification,YUN Shin-Ee,2537929,KOR,29,46.59,11.07,28.3,7.22,1,bG,0.92,2.3,2.5,2,bp,0.81,6.4,6.0
FIS FREESTYLE SKI WORLD CUP 2025,2024-12-06,IDRE FJÄLL (SWE),Women's Moguls,Results Qualification,NILSSON Nova,2540042,SWE,34,39.84,11.33,21.5,7.01,1,bG,0.92,4.2,4.2,2,bp,0.81,3.8,4.0
FIS FREESTYLE SKI WORLD CUP 2025,2025-01-24,WATERVILLE (USA),Women's Moguls,Results Qualification,JOHNSON Tess,2532270,USA,2,74.78,15.69,44.6,14.49,1,7oG,1.11,6.0,6.2,2,bG,0.92,8.3,8.5
FIS FREESTYLE SKI WORLD CUP 2025,2025-01-24,WATERVILLE (USA),Women's Moguls,Results Qualification,DUAUX Marie,2537443,FRA,28,55.67,11.18,32.2,12.29,1,bG,0.92,6.5,7.2,2,bp,0.81,7.3,7.5
FIS FREESTYLE SKI WORLD CUP 2025,2025-01-24,WATERVILLE (USA),Women's Moguls,Results Qualification,RAMSAUER Katharina,2530097,AUT,29,54.78,14.9,31.7,8.18,1,bT,0.78,6.0,6.5,2,bG,0.92,4.0,3.2
FIS FREESTYLE SKI WORLD CUP 2025,2025-02-06,DEER VALLEY (USA),Men's Moguls,Results Qualification,OLGAARD Robin,2534212,SWE,18,69.79,14.12,41.1,14.57,1,7oG,1.01,7.7,7.5,2,7op,0.88,7.8,7.9
FIS FREESTYLE SKI WORLD CUP 2025,2025-02-06,DEER VALLEY (USA),Women's Moguls,Results Qualification,DAVIS August,2534386,USA,36,24.97,8.46,6.1,10.41,1,bF,0.98,4.2,4.3,2,fG,0.92,7.0,6.6
FIS FREESTYLE SKI WORLD CUP 2025,2024-12-19,BAKURIANI (GEO),Men's Moguls,Results Qualification,MICHEL Asher,2537833,USA,14,74.17,17.14,42.9,14.13,1,bG,0.82,8.0,8.0,2,7oG,1.01,7.4,7.6
FIS FREESTYLE SKI WORLD CUP 2025,2024-12-19,BAKURIANI (GEO),Men's Moguls,Results Qualification,MURATA Yutaro,2530684,JPN,25,68.64,16.52,39.8,12.32,1,bF,0.88,8.2,8.7,2,bp,0.71,6.7,7.1
FIS FREESTYLE SKI WORLD CUP 2025,2024-12-19,BAKURIANI (GEO),Men's Moguls,Results Qualification,AHVENAINEN Akseli,2533687,FIN,33,65.24,19.68,36.3,9.26,1,bF,0.88,6.0,5.3,2,bp,0.71,5.5,6.6
FIS FREESTYLE SKI WORLD CUP 2025,2025-01-31,VAL ST. COME (CAN),Women's Moguls,Results Final 1,SCHWINGHAMMER,2533204,CAN,1,78.66,16.52,45.8,16.34,1,7op,0.98,7.8,8.0,2,bG,0.92,9.2,9.5
FIS FREESTYLE SKI WORLD CUP 2025,2025-01-31,VAL ST. COME (CAN),Women's Moguls,Results Final 1,KAUF Jaelin,2529064,USA,3,75.23,17.76,42.3,15.17,1,7op,0.98,7.6,7.9,2,bG,0.92,8.2,8.3
FIS FREESTYLE SKI WORLD CUP 2025,2024-12-06,IDRE FJÄLL (SWE),Women's Moguls,Results Qualification,CARROLL Avital,2529074,AUT,19,59.47,14.18,36.9,8.39,1,bp,0.81,4.4,4.3,2,bG,0.92,5.2,5.4
FIS FREESTYLE SKI WORLD CUP 2025,2025-01-24,WATERVILLE (USA),Women's Moguls,Results Qualification,KAUF Jaelin,2529064,USA,5,74.02,16.76,44.2,13.06,1,7op,0.98,5.6,6.8,2,bG,0.92,7.0,8.2
FIS FREESTYLE SKI WORLD CUP 2025,2025-01-24,WATERVILLE (USA),Women's Moguls,Results Qualification,ITO Marin,2534824,JPN,16,62.13,14.33,36.4,11.4,1,bG,0.92,5.6,4.7,2,fG,0.92,7.4,7.1
FIS FREESTYLE SKI WORLD CUP 2025,2025-01-24,WATERVILLE (USA),Women's Moguls,Results Qualification,DESMARAIS-GILBERT,2531811,CAN,17,60.76,14.5,35.6,10.66,1,bG,0.92,5.8,6.4,2,bp,0.81,6.5,6.0
FIS FREESTYLE SKI WORLD CUP 2025,2025-01-24,WATERVILLE (USA),Women's Moguls,Results Qualification,LINTON Jessica,2533613,CAN,25,56.52,13.48,32.7,10.34,1,7op,0.98,6.3,5.9,2,bp,0.81,5.5,5.3
FIS FREESTYLE SKI WORLD CUP 2025,2025-02-06,DEER VALLEY (USA),Men's Moguls,Results Qualification,VIEL Julien,2534074,CAN,4,77.29,15.32,48.3,13.67,1,bF,0.88,8.1,8.3,2,7op,0.88,7.7,7.0
FIS FREESTYLE SKI WORLD CUP 2025,2025-02-06,DEER VALLEY (USA),Men's Moguls,Results Qualification,DUBUC Joey,2535858,CAN,20,69.12,15.28,39.9,13.94,1,bF,0.88,7.5,7.5,2,7op,0.88,8.4,8.3
FIS FREESTYLE SKI WORLD CUP 2025,2025-02-06,DEER VALLEY (USA),Men's Moguls,Results Qualification,DUFRESNE Gabriel,2530240,CAN,32,61.22,15.18,34.7,11.34,1,bF,0.88,6.6,6.5,2,7op,0.88,6.3,6.4
FIS FREESTYLE SKI WORLD CUP 2025,2025-02-06,DEER VALLEY (USA),Men's Moguls,Results Qualification,CAYOLLE Tristan,2533776,FRA,41,36.44,13.86,15.7,6.88,1,7op,0.88,7.1,7.1,2,3,0.68,1.0,0.9
FIS FREESTYLE SKI WORLD CUP 2025,2025-02-06,DEER VALLEY (USA),Men's Moguls,Results Qualification,GAJDECKA Marek,2535392,CZE,44,26.93,9.48,6.8,10.65,1,7oG,1.01,6.1,6.0,2,bG,0.82,5.9,5.2
FIS FREESTYLE SKI WORLD CUP 2025,2025-02-06,DEER VALLEY (USA),Women's Moguls,Results Qualification,KAUF Jaelin,2529064,USA,4,71.72,14.91,43.6,13.21,1,bp,0.81,6.9,7.0,2,bG,0.92,8.2,8.3
FIS FREESTYLE SKI WORLD CUP 2025,2024-12-19,BAKURIANI (GEO),Men's Moguls,Results Qualification,VIERELA Severi,2533386,FIN,5,77.52,16.94,44.8,15.78,1,10op,1.05,8.2,8.5,2,7oG,1.01,7.0,6.9
FIS FREESTYLE SKI WORLD CUP 2025,2024-12-19,BAKURIANI (GEO),Men's Moguls,Results Qualification,VAILLANCOURT Elliot,2532513,CAN,22,70.88,17.87,43.6,9.41,1,7op,0.88,5.0,5.5,2,7oG,1.01,4.8,4.7
FIS FREESTYLE SKI WORLD CUP 2025,2024-12-19,BAKURIANI (GEO),Men's Moguls,Results Qualification,VERDAGUER FORN,2535379,ESP,41,56.99,16.05,28.9,12.04,1,7op,0.88,6.2,6.1,2,bG,0.82,8.0,8.2
FIS FREESTYLE SKI WORLD CUP 2025,2025-01-31,VAL ST. COME (CAN),Men's Moguls,Results Final 1,PENTTALA Olli,2528035,FIN,5,78.16,16.35,44.9,16.91,1,10op,1.05,7.8,7.4,2,7oG,1.01,8.8,8.9
FIS FREESTYLE SKI WORLD CUP 2025,2025-01-31,VAL ST. COME (CAN),Men's Moguls,Results Final 1,VAILLANCOURT Elliot,2532513,CAN,15,73.39,13.96,45.2,14.23,1,10op,1.05,6.4,6.3,2,7oG,1.01,7.6,7.4
FIS FREESTYLE SKI WORLD CUP 2025,2025-01-31,VAL ST. COME (CAN),Men's Moguls,Results Final 1,VIERELA Severi,2533386,FIN,16,70.76,16.02,40.6,14.14,1,7oG,1.01,7.2,7.2,2,10op,1.05,6.8,6.3
2025 FIS FREESTYLE SKI NORAM CUP,2025-02-12,DEER VALLEY RESORT (USA),Men's Moguls,QUALIFICATION RUN 1 RESULTS Final 1,HUGHES Riley,2538811,USA,12,67.69,9.44,44.9,13.35,1,7op,0.88,6.9,6.7,2,7oG,1.01,7.1,7.5
2025 FIS FREESTYLE SKI NORAM CUP,2025-02-12,DEER VALLEY RESORT (USA),Men's Moguls,QUALIFICATION RUN 1 RESULTS Qualification,ROBERTS Charlie,2538584,CAN,17,63.62,12.86,40.1,10.66,1,7op,0.88,6.3,6.0,2,bp,0.71,7.6,7.2
2025 FIS FREESTYLE SKI NORAM CUP,2025-02-12,DEER VALLEY RESORT (USA),Men's Moguls,QUALIFICATION RUN 1 RESULTS Qualification,HILL Edward,2537720,AUS,9,68.47,12.83,45.0,10.64,1,bT,0.68,6.1,5.7,2,7op,0.88,7.6,7.5
2025 FIS FREESTYLE SKI NORAM CUP,2025-02-12,DEER VALLEY RESORT (USA),Men's Moguls,QUALIFICATION RUN 1 RESULTS Qualification,AOKI Kai,2540766,JPN,34,34.55,0.17,28.5,5.88,1,TS,0.49,5.8,5.5,2,bp,0.71,4.6,4.2
2025 FIS FREESTYLE SKI NORAM CUP,2025-02-12,DEER VALLEY RESORT (USA),Men's Moguls,QUALIFICATION RUN 1 RESULTS Qualification,BOONE Stephen,2537882,USA,14,65.82,14.1,38.8,12.92,1,7op,0.88,7.0,7.0,2,7oG,1.01,6.4,7.0
2025 FIS FREESTYLE SKI NORAM CUP,2025-03-07,VAL ST COME (CAN),Men's Moguls,QUALIFICATION RUN 1 RESULTS Final 2,CAREY Cole,2537322,CAN,2,73.53,14.17,44.7,14.66,1,bF,0.88,7.8,7.4,2,7oG,1.01,7.8,8.0
2025 FIS FREESTYLE SKI NORAM CUP,2025-02-12,DEER VALLEY RESORT (USA),Women's Moguls,QUALIFICATION RUN 1 RESULTS Final 1,AYAD Anabel,2537580,USA,6,65.47,10.0,43.6,11.87,1,bp,0.81,6.4,6.7,2,bG,0.92,7.0,7.3
2025 FIS FREESTYLE SKI NORAM CUP,2025-02-12,DEER VALLEY RESORT (USA),Women's Moguls,QUALIFICATION RUN 1 RESULTS Qualification,LEWIS Taylor,2535574,USA,24,47.54,7.91,30.1,9.53,1,bG,0.92,5.2,5.5,2,bp,0.81,6.0,5.4
2025 FIS FREESTYLE SKI NORAM CUP,2025-02-12,DEER VALLEY RESORT (USA),Women's Moguls,QUALIFICATION RUN 1 RESULTS Qualification,CLEGG Sina,2538200,CAN,5,60.0,9.33,42.8,7.87,1,bT,0.78,4.6,5.6,2,bG,0.92,4.6,3.9
2025 FIS FREESTYLE SKI NORAM CUP,2025-02-12,DEER VALLEY RESORT (USA),Men's Moguls,QUALIFICATION RUN 1 RESULTS Final 1,JOHNSON Gabriel,2537675,USA,10,69.41,14.19,44.8,10.42,1,7op,0.88,6.1,6.8,2,bp,0.71,6.8,6.6
2025 FIS FREESTYLE SKI NORAM CUP,2025-02-12,DEER VALLEY RESORT (USA),Men's Moguls,QUALIFICATION RUN 1 RESULTS Qualification,ROWLEY Tristan,2535799,AUS,25,57.15,12.01,35.6,9.54,1,bT,0.68,5.4,5.1,2,7op,0.88,6.9,6.7
2025 FIS FREESTYLE SKI NORAM CUP,2025-02-12,DEER VALLEY RESORT (USA),Men's Moguls,QUALIFICATION RUN 1 RESULTS Final 2,DROUIN Xavier,2535639,CAN,3,76.3,12.95,50.3,13.05,1,7op,0.88,7.6,7.8,2,bp,0.71,8.7,9.0
2025 FIS FREESTYLE SKI NORAM CUP,2025-02-12,DEER VALLEY RESORT (USA),Women's Moguls,QUALIFICATION RUN 1 RESULTS Qualification,MIKKELSEN Maya,2534235,CAN,7,58.73,7.78,41.1,9.85,1,bG,0.92,6.0,5.4,2,bp,0.81,6.1,5.3
2025 FIS FREESTYLE SKI NORAM CUP,2025-02-12,DEER VALLEY RESORT (USA),Women's Moguls,QUALIFICATION RUN 1 RESULTS Qualification,KRUGER Eden,2538897,USA,22,48.98,7.32,33.7,7.96,1,bG,0.92,5.4,4.7,2,bp,0.81,4.0,4.2
2025 FIS FREESTYLE SKI NORAM CUP,2025-02-12,DEER VALLEY RESORT (USA),Women's Moguls,QUALIFICATION RUN 1 RESULTS Qualification,HOLUB Mikayla,2538199,CAN,36,17.67,0.87,11.4,5.4,1,S,0.48,3.9,4.3,2,bL,0.81,4.4,4.1
2025 FIS FREESTYLE NORAM CUP,2025-03-01,STRATTON MOUNTAIN RESORT (USA),Women's Moguls,QUALIFICATION RUN 1 RESULTS Final 1,BOSCO Emma,2532927,AUS,15,40.23,10.18,21.1,8.95,1,bG,0.92,4.3,5.0,2,bT,0.78,6.0,6.0
FIS FREESTYLE SKI WORLD CUP 2025,2025-01-31,VAL ST. COME (CAN),Women's Moguls,Results Final 1,MACUGA Alli,2534186,USA,12,66.81,15.32,39.2,12.29,1,bp,0.81,7.8,7.7,2,7op,0.98,6.4,5.9
2025 FIS FREESTYLE SKI NORAM CUP,2025-02-12,DEER VALLEY RESORT (USA),Men's Moguls,QUALIFICATION RUN 1 RESULTS Final 1,SAUVAGEAU Jeremy,2538702,CAN,9,69.5,13.99,44.3,11.21,1,bF,0.88,5.8,6.6,2,7op,0.88,6.7,6.4
2025 FIS FREESTYLE SKI NORAM CUP,2025-02-12,DEER VALLEY RESORT (USA),Men's Moguls,QUALIFICATION RUN 1 RESULTS Final 1,CAREY Cole,2537322,CAN,3,73.51,11.91,48.5,13.1,1,bF,0.88,7.3,7.5,2,7op,0.88,7.2,7.8
2025 FIS FREESTYLE SKI NORAM CUP,2025-02-12,DEER VALLEY RESORT (USA),Men's Moguls,QUALIFICATION RUN 1 RESULTS Qualification,UNGER Quinn,2538999,CAN,24,59.74,9.9,40.5,9.34,1,7op,0.88,6.7,6.4,2,7oG,1.01,3.8,3.3
2025 FIS FREESTYLE SKI NORAM CUP,2025-02-12,DEER VALLEY RESORT (USA),Men's Moguls,QUALIFICATION RUN 1 RESULTS Qualification,HUFF Porter,2538994,USA,18,63.04,11.54,41.4,10.1,1,7op,0.88,6.4,5.9,2,7oG,1.01,5.0,4.3
2025 FIS FREESTYLE SKI NORAM CUP,2025-02-12,DEER VALLEY RESORT (USA),Men's Moguls,QUALIFICATION RUN 1 RESULTS Qualification,LEFEBVRE Emeric,2538858,CAN,37,15.56,10.47,0.3,4.79,1,lG,0.82,5.7,6.0,2,NJ,0.0,0.0,0.0
2025 FIS FREESTYLE SKI NORAM CUP,2025-03-07,VAL ST COME (CAN),Men's Moguls,QUALIFICATION RUN 1 RESULTS Final 2,BEAULIEU Charles,2535304,CAN,4,69.01,15.1,39.5,14.41,1,bF,0.88,8.0,8.0,2,7oG,1.01,7.2,7.4
2025 FIS FREESTYLE SKI NORAM CUP,2025-02-12,DEER VALLEY RESORT (USA),Women's Moguls,QUALIFICATION RUN 1 RESULTS Final 1,DREITLEIN Katie,2538890,USA,7,62.97,9.0,43.7,10.27,1,bT,0.78,6.0,6.2,2,bG,0.92,6.3,5.7
2025 FIS FREESTYLE SKI NORAM CUP,2025-02-12,DEER VALLEY RESORT (USA),Women's Moguls,QUALIFICATION RUN 1 RESULTS Qualification,KARIOTIS Kylie,2534866,USA,1,62.71,9.42,41.8,11.49,1,bG,0.92,6.3,6.2,2,bp,0.81,7.2,7.0
2025 FIS FREESTYLE SKI NORAM CUP,2025-02-12,DEER VALLEY RESORT (USA),Women's Moguls,QUALIFICATION RUN 1 RESULTS Qualification,DAVIS August,2534386,USA,15,52.6,9.86,35.8,6.94,1,bG,0.92,3.4,3.2,2,fG,0.92,4.0,4.5
2025 FIS FREESTYLE SKI NORAM CUP,2025-02-12,DEER VALLEY RESORT (USA),Women's Moguls,QUALIFICATION RUN 1 RESULTS Qualification,SPEIRS Indiana,2535889,AUS,23,48.51,5.27,34.7,8.54,1,S,0.48,6.1,5.4,2,bG,0.92,6.4,6.2
2025 FIS FREESTYLE SKI NORAM CUP,2025-02-12,DEER VALLEY RESORT (USA),Women's Moguls,QUALIFICATION RUN 1 RESULTS Qualification,MATSUDA Lia,2539352,CAN,35,26.1,2.11,16.3,7.69,1,S,0.48,5.5,5.7,2,bG,0.92,5.7,5.2
2025 FIS FREESTYLE SKI NORAM CUP,2025-02-12,DEER VALLEY RESORT (USA),Women's Moguls,QUALIFICATION RUN 1 RESULTS Qualification,LEMNAH Reese,2538300,USA,29,42.77,6.03,30.0,6.74,1,3,0.78,4.4,3.8,2,bT,0.78,4.7,4.4
2025 FIS FREESTYLE NORAM CUP,2025-03-01,STRATTON MOUNTAIN RESORT (USA),Women's Moguls,QUALIFICATION RUN 1 RESULTS Final 1,BOYCHUK Citrine,2539124,CAN,13,64.93,12.93,40.4,11.6,1,bG,0.92,6.3,6.8,2,bp,0.81,6.5,7.3
2025 FIS FREESTYLE NORAM CUP,2025-03-01,STRATTON MOUNTAIN RESORT (USA),Women's Moguls,QUALIFICATION RUN 1 RESULTS Final 1,SLETTENE Skylar,2535377,USA,2,72.96,14.25,46.2,12.51,1,bG,0.92,6.3,7.0,2,bp,0.81,7.8,8.0
2025 FIS FREESTYLE SKI NORAM CUP,2025-02-12,DEER VALLEY RESORT (USA),Men's Moguls,QUALIFICATION RUN 1 RESULTS Final 1,MARCELLINI Dylan,2534089,USA,5,72.57,13.31,45.5,13.76,1,7oG,1.01,7.8,7.8,2,7op,0.88,7.0,6.4
2025 FIS FREESTYLE SKI NORAM CUP,2025-02-12,DEER VALLEY RESORT (USA),Men's Moguls,QUALIFICATION RUN 1 RESULTS Final 1,KUST Jameson,2538096,USA,14,62.71,10.93,40.0,11.78,1,7op,0.88,7.5,7.6,2,10op,1.05,5.2,4.6
2025 FIS FREESTYLE SKI NORAM CUP,2025-02-12,DEER VALLEY RESORT (USA),Men's Moguls,QUALIFICATION RUN 1 RESULTS Qualification,LIVISSIANOS Mac,2535793,AUS,26,57.09,9.49,37.6,10.0,1,7op,0.88,4.8,5.3,2,bp,0.71,7.9,7.8
2025 FIS FREESTYLE SKI NORAM CUP,2025-02-12,DEER VALLEY RESORT (USA),Women's Moguls,QUALIFICATION RUN 1 RESULTS Final 1,MANNS Talia,2539756,AUS,11,59.81,7.66,42.4,9.75,1,3,0.78,5.1,5.7,2,bp,0.81,6.5,7.2
2025 FIS FREESTYLE SKI NORAM CUP,2025-02-12,DEER VALLEY RESORT (USA),Women's Moguls,QUALIFICATION RUN 1 RESULTS Final 1,DWINELL Zoe,2535605,USA,9,61.51,9.06,41.2,11.25,1,bG,0.92,6.2,6.4,2,bp,0.81,7.0,6.5
2025 FIS FREESTYLE SKI NORAM CUP,2025-02-12,DEER VALLEY RESORT (USA),Women's Moguls,QUALIFICATION RUN 1 RESULTS Final 1,KOEHLER Ashley,2534528,CAN,2,68.05,11.5,47.4,9.15,1,bT,0.78,4.1,5.0,2,bG,0.92,6.0,6.2
2025 FIS FREESTYLE SKI NORAM CUP,2025-02-12,DEER VALLEY RESORT (USA),Women's Moguls,QUALIFICATION RUN 1 RESULTS Final 2,KARIOTIS Kylie,2534866,USA,1,68.6,11.04,44.3,13.26,1,bG,0.92,7.8,7.4,2,bp,0.81,8.0,7.5
2025 FIS FREESTYLE SKI NORAM CUP,2025-02-12,DEER VALLEY RESORT (USA),Women's Moguls,QUALIFICATION RUN 1 RESULTS Qualification,KEENAN Ava,2540774,USA,6,58.95,9.3,39.0,10.65,1,bG,0.92,6.2,6.4,2,bp,0.81,6.0,6.0
2025 FIS FREESTYLE NORAM CUP,2025-03-01,STRATTON MOUNTAIN RESORT (USA),Women's Moguls,QUALIFICATION RUN 1 RESULTS Final 1,LAROCHE Florence,2538248,CAN,3,71.77,13.86,45.5,12.41,1,bG,0.92,6.7,7.0,2,bp,0.81,8.0,7.1
2025 FIS FREESTYLE SKI NORAM CUP,2025-02-12,DEER VALLEY RESORT (USA),Men's Moguls,QUALIFICATION RUN 1 RESULTS Qualification,BILLEISEN Peyton,2538057,USA,12,66.5,11.56,45.0,9.94,1,7op,0.88,5.4,5.5,2,bp,0.71,7.1,7.4
2025 FIS FREESTYLE SKI NORAM CUP,2025-02-12,DEER VALLEY RESORT (USA),Women's Moguls,QUALIFICATION RUN 1 RESULTS Final 1,DAVIS August,2534386,USA,8,62.93,10.73,42.7,9.5,1,bF,0.98,4.2,4.7,2,fT,0.78,7.0,6.2
2025 FIS FREESTYLE SKI NORAM CUP,2025-02-12,DEER VALLEY RESORT (USA),Women's Moguls,QUALIFICATION RUN 1 RESULTS Final 1,BOSCO Emma,2532927,AUS,12,59.63,8.03,40.8,10.8,1,bG,0.92,5.7,6.0,2,bL,0.81,6.9,6.5
2025 FIS FREESTYLE SKI NORAM CUP,2025-02-12,DEER VALLEY RESORT (USA),Women's Moguls,QUALIFICATION RUN 1 RESULTS Final 2,AYAD Anabel,2537580,USA,2,68.18,9.39,46.6,12.19,1,bp,0.81,7.5,7.3,2,bG,0.92,6.7,6.8
2025 FIS FREESTYLE SKI NORAM CUP,2025-02-12,DEER VALLEY RESORT (USA),Women's Moguls,QUALIFICATION RUN 1 RESULTS Qualification,CIAGLO Megan,2537409,USA,39,12.62,0.0,5.9,6.72,1,bG,0.92,4.3,5.0,2,S,0.48,5.0,5.2
2025 FIS FREESTYLE SKI NORAM CUP,2025-02-12,DEER VALLEY RESORT (USA),Women's Moguls,QUALIFICATION RUN 1 RESULTS Qualification,DUDA Jessica,2537528,USA,27,44.6,7.78,29.0,7.82,1,3,0.78,4.7,4.7,2,bp,0.81,4.8,5.5
2025 FIS FREESTYLE NORAM CUP,2025-03-01,STRATTON MOUNTAIN RESORT (USA),Women's Moguls,QUALIFICATION RUN 1 RESULTS Final 1,PERSSON Lenna,2538575,USA,10,67.08,12.75,43.1,11.23,1,bG,0.92,6.0,6.9,2,bp,0.81,6.5,6.6
2025 FIS FREESTYLE NORAM CUP,2025-03-01,STRATTON MOUNTAIN RESORT (USA),Women's Moguls,QUALIFICATION RUN 1 RESULTS Final 1,McLARNON Abby,2538430,USA,5,70.4,13.3,44.8,12.3,1,bG,0.92,6.6,7.4,2,bp,0.81,7.5,7.0
2025 FIS FREESTYLE SKI NORAM CUP,2025-02-12,DEER VALLEY RESORT (USA),Men's Moguls,QUALIFICATION RUN 1 RESULTS Qualification,HUGHES Riley,2538811,USA,15,65.78,9.02,45.0,11.76,1,7op,0.88,7.2,7.5,2,7oG,1.01,5.1,5.4
2025 FIS FREESTYLE SKI NORAM CUP,2025-02-12,DEER VALLEY RESORT (USA),Men's Moguls,QUALIFICATION RUN 1 RESULTS Qualification,EGAN Jack,2538063,USA,21,61.12,12.25,40.2,8.67,1,7op,0.88,6.1,5.8,2,bG,0.82,4.3,4.1
2025 FIS FREESTYLE SKI NORAM CUP,2025-02-12,DEER VALLEY RESORT (USA),Men's Moguls,QUALIFICATION RUN 1 RESULTS Qualification,THRUSH Ben,2540030,USA,19,63.03,11.04,42.2,9.79,1,bF,0.88,5.0,5.4,2,bp,0.71,7.1,7.6
2025 FIS FREESTYLE SKI NORAM CUP,2025-02-12,DEER VALLEY RESORT (USA),Women's Moguls,QUALIFICATION RUN 1 RESULTS Final 1,MIKKELSEN Maya,2534235,CAN,3,66.57,10.15,44.5,11.92,1,bG,0.92,7.0,7.4,2,bp,0.81,6.4,6.7
2025 FIS FREESTYLE SKI NORAM CUP,2025-02-12,DEER VALLEY RESORT (USA),Women's Moguls,QUALIFICATION RUN 1 RESULTS Final 2,CLEGG Sina,2538200,CAN,6,64.3,10.96,43.3,10.04,1,bT,0.78,6.7,7.5,2,bG,0.92,4.6,5.2
2025 FIS FREESTYLE SKI NORAM CUP,2025-02-12,DEER VALLEY RESORT (USA),Women's Moguls,QUALIFICATION RUN 1 RESULTS Qualification,RIDGEWAY Quinn,2539394,CAN,40,7.31,0.0,0.3,7.01,1,bG,0.92,5.1,5.3,2,S,0.48,4.9,4.4
2025 FIS FREESTYLE SKI NORAM CUP,2025-02-12,DEER VALLEY RESORT (USA),Women's Moguls,QUALIFICATION RUN 1 RESULTS Qualification,KOEHLER Ashley,2534528,CAN,2,61.71,9.16,44.3,8.25,1,bT,0.78,6.3,5.7,2,bG,0.92,4.4,3.4
FIS FREESTYLE SKI WORLD CUP 2025,2025-01-31,VAL ST. COME (CAN),Women's Moguls,Results Final 1,FUJIKI Hina,2533039,JPN,16,63.61,13.71,37.5,12.4,1,bG,0.92,7.0,6.6,2,bp,0.81,7.4,7.8
2025 FIS FREESTYLE SKI NORAM CUP,2025-02-12,DEER VALLEY RESORT (USA),Men's Moguls,QUALIFICATION RUN 1 RESULTS Qualification,COHEN Jiah,2538079,USA,20,62.19,10.42,40.7,11.07,1,bG,0.82,7.1,6.4,2,7op,0.88,6.8,5.8
2025 FIS FREESTYLE SKI NORAM CUP,2025-02-12,DEER VALLEY RESORT (USA),Men's Moguls,QUALIFICATION RUN 1 RESULTS Qualification,RODMAN Slader,2538073,USA,30,42.51,6.99,27.5,8.02,1,7op,0.88,3.2,3.5,2,bG,0.82,6.4,6.0
2025 FIS FREESTYLE SKI NORAM CUP,2025-02-12,DEER VALLEY RESORT (USA),Men's Moguls,QUALIFICATION RUN 1 RESULTS Qualification,LEWIS Camden,2539248,USA,3,73.81,11.68,48.8,13.33,1,7op,0.88,8.7,8.3,2,bp,0.71,8.3,8.2
2025 FIS FREESTYLE SKI NORAM CUP,2025-03-07,VAL ST COME (CAN),Men's Moguls,QUALIFICATION RUN 1 RESULTS Final 2,MARCELLINI Dylan,2534089,USA,1,79.79,15.6,48.4,15.79,1,7oG,1.01,8.1,8.2,2,7op,0.88,8.6,8.6
2025 FIS FREESTYLE SKI NORAM CUP,2025-02-12,DEER VALLEY RESORT (USA),Women's Moguls,QUALIFICATION RUN 1 RESULTS Final 1,BOYCHUK Jada,2537639,CAN,15,51.45,8.41,35.1,7.94,1,bG,0.92,3.7,4.0,2,bT,0.78,5.7,5.6
2025 FIS FREESTYLE SKI NORAM CUP,2025-02-12,DEER VALLEY RESORT (USA),Women's Moguls,QUALIFICATION RUN 1 RESULTS Qualification,BOYCHUK Jada,2537639,CAN,11,55.43,6.75,38.1,10.58,1,bG,0.92,5.1,5.8,2,bT,0.78,7.0,7.3
2025 FIS FREESTYLE SKI NORAM CUP,2025-02-12,DEER VALLEY RESORT (USA),Men's Moguls,QUALIFICATION RUN 1 RESULTS Final 1,KOEHLER Bradley,2539395,CAN,2,75.23,13.7,48.5,13.03,1,bG,0.82,7.0,7.3,2,lG,0.82,8.7,8.8
2025 FIS FREESTYLE SKI NORAM CUP,2025-02-12,DEER VALLEY RESORT (USA),Men's Moguls,QUALIFICATION RUN 1 RESULTS Qualification,FERREIRA Munayo,2539356,USA,27,56.9,8.23,40.0,8.67,1,bG,0.82,4.0,4.6,2,bp,0.71,7.1,7.4
2025 FIS FREESTYLE SKI NORAM CUP,2025-02-12,DEER VALLEY RESORT (USA),Men's Moguls,QUALIFICATION RUN 1 RESULTS Qualification,PARADIS Louis,2534246,CAN,11,66.58,12.83,42.4,11.35,1,bF,0.88,6.3,7.0,2,bp,0.71,8.0,7.5
2025 FIS FREESTYLE SKI NORAM CUP,2025-02-12,DEER VALLEY RESORT (USA),Women's Moguls,QUALIFICATION RUN 1 RESULTS Final 1,CLEGG Sina,2538200,CAN,1,68.53,10.82,46.4,11.31,1,bT,0.78,6.5,6.6,2,bG,0.92,6.5,7.0
2025 FIS FREESTYLE SKI NORAM CUP,2025-02-12,DEER VALLEY RESORT (USA),Women's Moguls,QUALIFICATION RUN 1 RESULTS Final 1,MACUGA Alli,2534186,USA,10,60.43,11.12,39.1,10.21,1,bp,0.81,6.7,6.8,2,7op,0.98,4.8,4.9
2025 FIS FREESTYLE SKI NORAM CUP,2025-02-12,DEER VALLEY RESORT (USA),Women's Moguls,QUALIFICATION RUN 1 RESULTS Final 2,MIKKELSEN Maya,2534235,CAN,4,66.69,9.39,45.1,12.2,1,bG,0.92,7.0,7.3,2,bp,0.81,7.2,6.7
2025 FIS FREESTYLE SKI NORAM CUP,2025-02-12,DEER VALLEY RESORT (USA),Women's Moguls,QUALIFICATION RUN 1 RESULTS Final 2,KEENAN Ava,2540774,USA,5,64.37,10.96,42.3,11.11,1,bG,0.92,6.4,6.6,2,bp,0.81,6.5,6.2
2025 FIS FREESTYLE SKI NORAM CUP,2025-02-12,DEER VALLEY RESORT (USA),Women's Moguls,QUALIFICATION RUN 1 RESULTS Qualification,LAMONTAGNE Flavie,2538763,CAN,26,46.24,10.37,27.0,8.87,1,bG,0.92,4.8,5.0,2,bp,0.81,5.4,5.4
2025 FIS FREESTYLE SKI NORAM CUP,2025-02-12,DEER VALLEY RESORT (USA),Men's Moguls,QUALIFICATION RUN 1 RESULTS Final 1,BILLEISEN Peyton,2538057,USA,13,66.97,12.2,45.1,9.67,1,7op,0.88,5.1,5.7,2,bp,0.71,7.2,6.7
2025 FIS FREESTYLE SKI NORAM CUP,2025-02-12,DEER VALLEY RESORT (USA),Men's Moguls,QUALIFICATION RUN 1 RESULTS Qualification,JOHNSON Gabriel,2537675,USA,16,64.97,13.6,42.5,8.87,1,7op,0.88,5.0,5.4,2,bp,0.71,6.1,6.0
2025 FIS FREESTYLE SKI NORAM CUP,2025-02-12,DEER VALLEY RESORT (USA),Men's Moguls,QUALIFICATION RUN 1 RESULTS Qualification,KUST Jameson,2538096,USA,6,70.24,10.63,46.3,13.31,1,7op,0.88,7.0,6.2,2,10op,1.05,7.4,6.9
2025 FIS FREESTYLE SKI NORAM CUP,2025-02-12,DEER VALLEY RESORT (USA),Men's Moguls,QUALIFICATION RUN 1 RESULTS Final 2,BOONE Stephen,2537882,USA,6,70.59,14.8,43.0,12.79,1,7op,0.88,7.2,8.0,2,7oG,1.01,6.5,5.6
2025 FIS FREESTYLE SKI NORAM CUP,2025-02-12,DEER VALLEY RESORT (USA),Women's Moguls,QUALIFICATION RUN 1 RESULTS Final 2,KOEHLER Ashley,2534528,CAN,3,67.03,11.86,45.9,9.27,1,bT,0.78,6.4,6.3,2,bG,0.92,5.1,4.3
2025 FIS FREESTYLE SKI NORAM CUP,2025-02-12,DEER VALLEY RESORT (USA),Women's Moguls,QUALIFICATION RUN 1 RESULTS Qualification,BUCKMASTER Alicia,2537763,USA,28,44.53,5.0,34.0,5.53,1,S,0.48,6.1,6.2,2,TS,0.59,4.5,4.3
2025 FIS FREESTYLE SKI NORAM CUP,2025-02-12,DEER VALLEY RESORT (USA),Women's Moguls,QUALIFICATION RUN 1 RESULTS Qualification,DREITLEIN Katie,2538890,USA,8,57.76,8.74,42.7,6.32,1,bT,0.78,5.0,5.2,2,bG,0.92,2.5,2.6
2025 FIS FREESTYLE SKI NORAM CUP,2025-02-12,DEER VALLEY RESORT (USA),Women's Moguls,QUALIFICATION RUN 1 RESULTS Qualification,KEEFE Ruby,2540200,USA,38,13.99,0.0,10.2,3.79,1,bT,0.78,1.1,1.5,2,S,0.48,5.4,6.2
2025 FIS FREESTYLE SKI NORAM CUP,2025-02-12,DEER VALLEY RESORT (USA),Women's Moguls,QUALIFICATION RUN 1 RESULTS Qualification,LINTON Jessica,2533613,CAN,31,39.9,5.16,25.1,9.64,1,bG,0.92,5.1,5.4,2,bp,0.81,6.3,5.6
2025 FIS FREESTYLE NORAM CUP,2025-03-01,STRATTON MOUNTAIN RESORT (USA),Women's Moguls,QUALIFICATION RUN 1 RESULTS Final 1,MACUGA Alli,2534186,USA,8,69.15,12.14,43.7,13.31,1,7op,0.98,6.9,5.9,2,bp,0.81,8.4,9.0
FIS FREESTYLE SKI WORLD CUP 2025,2025-01-31,VAL ST. COME (CAN),Women's Moguls,Results Final 1,TOMITAKA Hinako,2532031,JPN,11,67.44,14.23,41.3,11.91,1,bp,0.81,6.3,6.2,2,7op,0.98,6.9,7.1
2025 FIS FREESTYLE SKI NORAM CUP,2025-02-12,DEER VALLEY RESORT (USA),Men's Moguls,QUALIFICATION RUN 1 RESULTS Final 1,LEWIS Camden,2539248,USA,16,25.94,0.0,16.3,9.64,1,7op,0.88,8.2,8.3,2,S,0.38,7.0,5.6
2025 FIS FREESTYLE SKI NORAM CUP,2025-02-12,DEER VALLEY RESORT (USA),Men's Moguls,QUALIFICATION RUN 1 RESULTS Qualification,CAREY Cole,2537322,CAN,13,66.45,11.59,41.1,13.76,1,bF,0.88,7.4,7.4,2,7op,0.88,8.3,8.2
2025 FIS FREESTYLE SKI NORAM CUP,2025-02-12,DEER VALLEY RESORT (USA),Men's Moguls,QUALIFICATION RUN 1 RESULTS Final 2,BEAULIEU Charles,2535304,CAN,2,77.64,14.37,49.2,14.07,1,bF,0.88,8.7,8.3,2,7op,0.88,7.7,7.3
2025 FIS FREESTYLE SKI NORAM CUP,2025-03-07,VAL ST COME (CAN),Men's Moguls,QUALIFICATION RUN 1 RESULTS Final 2,KOEHLER Bradley,2539395,CAN,6,45.24,13.37,20.0,11.87,1,7op,0.88,7.0,7.6,2,3G,0.82,6.8,6.5
2025 FIS FREESTYLE SKI NORAM CUP,2025-03-07,VAL ST COME (CAN),Men's Moguls,QUALIFICATION RUN 1 RESULTS Final 2,HUFF Porter,2538994,USA,5,68.5,14.08,39.5,14.92,1,7op,0.88,7.5,7.6,2,7oG,1.01,8.2,8.2
2025 FIS FREESTYLE SKI NORAM CUP,2025-02-12,DEER VALLEY RESORT (USA),Women's Moguls,QUALIFICATION RUN 1 RESULTS Final 1,HARRIS Evelyn,2535757,USA,16,38.2,6.35,25.7,6.15,1,bT,0.78,4.1,3.8,2,bG,0.92,3.5,3.2
2025 FIS FREESTYLE SKI NORAM CUP,2025-02-12,DEER VALLEY RESORT (USA),Women's Moguls,QUALIFICATION RUN 1 RESULTS Qualification,WAKIM Kareema,2537719,AUS,20,49.67,4.52,36.2,8.95,1,3,0.78,4.6,5.3,2,bp,0.81,6.4,6.2
2025 FIS FREESTYLE SKI NORAM CUP,2025-02-12,DEER VALLEY RESORT (USA),Women's Moguls,QUALIFICATION RUN 1 RESULTS Qualification,PERNICE Lucy,2535795,AUS,10,55.43,7.2,39.9,8.33,1,bp,0.81,6.1,6.3,2,bG,0.92,3.7,3.5
2025 FIS FREESTYLE SKI NORAM CUP,2025-02-12,DEER VALLEY RESORT (USA),Women's Moguls,QUALIFICATION RUN 1 RESULTS Qualification,RUSSELL Kaya,2537750,USA,37,17.04,0.0,10.3,6.74,1,S,0.48,4.2,4.0,2,3p,0.81,6.3,5.5
2025 FIS FREESTYLE NORAM CUP,2025-03-01,STRATTON MOUNTAIN RESORT (USA),Women's Moguls,QUALIFICATION RUN 1 RESULTS Final 1,KOEHLER Ashley,2534528,CAN,14,63.29,11.98,40.7,10.61,1,bT,0.78,5.5,6.4,2,bG,0.92,6.4,6.6
FIS FREESTYLE SKI WORLD CUP 2025,2025-01-31,VAL ST. COME (CAN),Women's Moguls,Results Final 1,GERKEN SCHOFIELD,2530540,GBR,10,68.03,15.52,41.8,10.71,1,bG,0.92,6.2,6.1,2,bp,0.81,6.0,6.5
FIS FREESTYLE SKI WORLD CUP 2025,2025-01-31,VAL ST. COME (CAN),Women's Moguls,Results Final 1,DESMARAIS-GILBERT,2531811,CAN,14,66.74,14.29,40.0,12.45,1,bG,0.92,6.5,6.4,2,bp,0.81,8.1,8.0
2025 FIS FREESTYLE SKI NORAM CUP,2025-02-12,DEER VALLEY RESORT (USA),Men's Moguls,QUALIFICATION RUN 1 RESULTS Final 1,BOUGIE Jean-,2538309,CAN,7,71.52,10.72,48.1,12.7,1,bF,0.88,7.7,7.4,2,bp,0.71,8.7,8.4
2025 FIS FREESTYLE SKI NORAM CUP,2025-02-12,DEER VALLEY RESORT (USA),Men's Moguls,QUALIFICATION RUN 1 RESULTS Final 1,PARADIS Louis,2534246,CAN,8,71.27,12.3,46.5,12.47,1,bF,0.88,7.2,7.7,2,bp,0.71,8.4,8.3
2025 FIS FREESTYLE SKI NORAM CUP,2025-02-12,DEER VALLEY RESORT (USA),Men's Moguls,QUALIFICATION RUN 1 RESULTS Qualification,DODD Milo,2540078,GBR,31,42.47,6.86,31.3,4.31,1,bT,0.68,4.8,4.6,2,S,0.38,3.4,2.5
2025 FIS FREESTYLE SKI NORAM CUP,2025-02-12,DEER VALLEY RESORT (USA),Women's Moguls,QUALIFICATION RUN 1 RESULTS Final 1,PERNICE Lucy,2535795,AUS,13,58.72,7.15,41.0,10.57,1,bp,0.81,5.5,5.4,2,bG,0.92,6.6,6.8
2025 FIS FREESTYLE SKI NORAM CUP,2025-02-12,DEER VALLEY RESORT (USA),Women's Moguls,QUALIFICATION RUN 1 RESULTS Qualification,SLETTENE Skylar,2535377,USA,17,51.59,3.67,39.1,8.82,1,bT,0.78,4.5,4.8,2,bG,0.92,5.7,5.6
2025 FIS FREESTYLE SKI NORAM CUP,2025-02-12,DEER VALLEY RESORT (USA),Women's Moguls,QUALIFICATION RUN 1 RESULTS Qualification,BOSCO Emma,2532927,AUS,9,57.45,8.4,37.7,11.35,1,bG,0.92,6.4,6.6,2,bL,0.81,6.8,6.5
2025 FIS FREESTYLE SKI NORAM CUP,2025-02-12,DEER VALLEY RESORT (USA),Women's Moguls,QUALIFICATION RUN 1 RESULTS Qualification,TORRES Mahlia,2539971,USA,25,46.54,6.73,32.6,7.21,1,S,0.48,6.0,6.2,2,bp,0.81,5.1,5.5
2025 FIS FREESTYLE SKI NORAM CUP,2025-02-12,DEER VALLEY RESORT (USA),Women's Moguls,QUALIFICATION RUN 1 RESULTS Qualification,LEEDS Kate,2539946,CAN,34,32.21,0.0,26.8,5.41,1,3,0.78,3.2,4.0,2,bT,0.78,3.0,3.7
2025 FIS FREESTYLE SKI NORAM CUP,2025-02-12,DEER VALLEY RESORT (USA),Men's Moguls,QUALIFICATION RUN 1 RESULTS Qualification,SAUVAGEAU Jeremy,2538702,CAN,4,70.6,13.19,44.4,13.01,1,bF,0.88,7.3,7.7,2,7op,0.88,7.4,7.2
2025 FIS FREESTYLE SKI NORAM CUP,2025-02-12,DEER VALLEY RESORT (USA),Men's Moguls,QUALIFICATION RUN 1 RESULTS Qualification,FUGERE Simon,2538852,CAN,36,15.63,0.0,2.4,13.23,1,bF,0.88,7.2,7.8,2,7op,0.88,7.7,7.4
2025 FIS FREESTYLE SKI NORAM CUP,2025-02-12,DEER VALLEY RESORT (USA),Men's Moguls,QUALIFICATION RUN 1 RESULTS Qualification,COVELL Jackson,2539513,USA,28,51.89,10.15,31.4,10.34,1,7op,0.88,5.6,5.8,2,lG,0.82,6.0,7.0
2025 FIS FREESTYLE SKI NORAM CUP,2025-02-12,DEER VALLEY RESORT (USA),Men's Moguls,QUALIFICATION RUN 1 RESULTS Final 2,MARCELLINI Dylan,2534089,USA,1,78.12,12.37,49.9,15.85,1,7oG,1.01,8.2,8.3,2,7op,0.88,8.4,8.7
2025 FIS FREESTYLE SKI NORAM CUP,2025-02-12,DEER VALLEY RESORT (USA),Women's Moguls,QUALIFICATION RUN 1 RESULTS Final 1,GODBOUT Rowanne,2535638,CAN,14,56.52,8.25,40.4,7.87,1,bT,0.78,5.2,5.8,2,bG,0.92,4.0,3.8
2025 FIS FREESTYLE SKI NORAM CUP,2025-02-12,DEER VALLEY RESORT (USA),Women's Moguls,QUALIFICATION RUN 1 RESULTS Qualification,BOYCHUK Citrine,2539124,CAN,18,50.29,7.55,33.7,9.04,1,bG,0.92,4.2,5.0,2,bp,0.81,5.4,6.5
2025 FIS FREESTYLE SKI NORAM CUP,2025-02-12,DEER VALLEY RESORT (USA),Women's Moguls,QUALIFICATION RUN 1 RESULTS Qualification,HARRIS Evelyn,2535757,USA,16,51.65,7.16,36.4,8.09,1,bT,0.78,5.0,4.2,2,bG,0.92,4.6,5.2
2025 FIS FREESTYLE NORAM CUP,2025-03-01,STRATTON MOUNTAIN RESORT (USA),Women's Moguls,QUALIFICATION RUN 1 RESULTS Final 1,MIKKELSEN Maya,2534235,CAN,1,73.12,13.8,46.8,12.52,1,bG,0.92,6.9,6.8,2,bp,0.81,7.9,7.5
FIS FREESTYLE SKI WORLD CUP 2025,2025-01-31,VAL ST. COME (CAN),Women's Moguls,Results Final 1,YANAGIMOTO Rino,2532040,JPN,15,66.04,14.38,38.4,13.26,1,7op,0.98,6.0,5.9,2,7oG,1.11,6.5,6.9
2025 FIS FREESTYLE SKI NORAM CUP,2025-02-12,DEER VALLEY RESORT (USA),Men's Moguls,QUALIFICATION RUN 1 RESULTS Final 1,HILL Edward,2537720,AUS,11,68.14,11.97,47.5,8.67,1,bT,0.68,5.7,6.0,2,7op,0.88,5.1,5.6
2025 FIS FREESTYLE SKI NORAM CUP,2025-02-12,DEER VALLEY RESORT (USA),Men's Moguls,QUALIFICATION RUN 1 RESULTS Final 1,LITTLEFIELD Chase,2538054,USA,15,48.96,11.04,29.3,8.62,1,7op,0.88,7.4,7.2,2,bL,0.71,3.2,3.0
2025 FIS FREESTYLE SKI NORAM CUP,2025-02-12,DEER VALLEY RESORT (USA),Men's Moguls,QUALIFICATION RUN 1 RESULTS Qualification,DROUIN Xavier,2535639,CAN,5,70.38,12.94,45.9,11.54,1,7op,0.88,7.4,6.9,2,bp,0.71,7.2,7.6
2025 FIS FREESTYLE SKI NORAM CUP,2025-02-12,DEER VALLEY RESORT (USA),Men's Moguls,QUALIFICATION RUN 1 RESULTS Qualification,BOUGIE Jean-,2538309,CAN,7,69.83,10.91,46.7,12.22,1,bF,0.88,6.8,7.6,2,bp,0.71,8.2,8.4
2025 FIS FREESTYLE SKI NORAM CUP,2025-02-12,DEER VALLEY RESORT (USA),Men's Moguls,QUALIFICATION RUN 1 RESULTS Qualification,BEAULIEU Charles,2535304,CAN,2,76.14,14.2,48.0,13.94,1,bF,0.88,8.0,7.6,2,7op,0.88,8.5,7.6
2025 FIS FREESTYLE SKI NORAM CUP,2025-02-12,DEER VALLEY RESORT (USA),Men's Moguls,QUALIFICATION RUN 1 RESULTS Final 2,CAREY Cole,2537322,CAN,5,74.93,13.46,47.4,14.07,1,bF,0.88,8.0,7.8,2,7op,0.88,8.2,8.0
2025 FIS FREESTYLE SKI NORAM CUP,2025-02-12,DEER VALLEY RESORT (USA),Men's Moguls,QUALIFICATION RUN 1 RESULTS Final 2,KOEHLER Bradley,2539395,CAN,4,75.43,14.25,48.6,12.58,1,bG,0.82,7.4,6.8,2,lG,0.82,8.0,8.5
2025 FIS FREESTYLE SKI NORAM CUP,2025-02-12,DEER VALLEY RESORT (USA),Women's Moguls,QUALIFICATION RUN 1 RESULTS Final 1,KARIOTIS Kylie,2534866,USA,4,65.9,10.49,44.9,10.51,1,bG,0.92,6.4,6.0,2,bp,0.81,5.9,6.0
2025 FIS FREESTYLE SKI NORAM CUP,2025-02-12,DEER VALLEY RESORT (USA),Women's Moguls,QUALIFICATION RUN 1 RESULTS Qualification,LAROCHE Florence,2538248,CAN,21,49.36,6.11,33.3,9.95,1,bT,0.78,5.2,5.6,2,bG,0.92,6.3,6.2
2025 FIS FREESTYLE NORAM CUP,2025-03-01,STRATTON MOUNTAIN RESORT (USA),Women's Moguls,QUALIFICATION RUN 1 RESULTS Final 1,AYAD Anabel,2537580,USA,4,71.35,14.07,45.7,11.58,1,bG,0.92,5.0,6.1,2,bp,0.81,7.8,8.2
2025 FIS FREESTYLE SKI NORAM CUP,2025-02-12,DEER VALLEY RESORT (USA),Men's Moguls,QUALIFICATION RUN 1 RESULTS Final 1,BOONE Stephen,2537882,USA,6,71.55,13.9,45.4,12.25,1,7op,0.88,7.2,7.6,2,7oG,1.01,5.6,5.8
2025 FIS FREESTYLE SKI NORAM CUP,2025-02-12,DEER VALLEY RESORT (USA),Men's Moguls,QUALIFICATION RUN 1 RESULTS Qualification,LITTLEFIELD Chase,2538054,USA,10,68.11,13.86,43.2,11.05,1,7op,0.88,7.2,6.8,2,bp,0.71,7.1,6.7
2025 FIS FREESTYLE SKI NORAM CUP,2025-02-12,DEER VALLEY RESORT (USA),Men's Moguls,QUALIFICATION RUN 1 RESULTS Qualification,KOEHLER Bradley,2539395,CAN,8,69.19,13.44,44.9,10.85,1,bG,0.82,6.8,6.6,2,lG,0.82,6.7,6.4
2025 FIS FREESTYLE SKI NORAM CUP,2025-02-12,DEER VALLEY RESORT (USA),Men's Moguls,QUALIFICATION RUN 1 RESULTS Qualification,BURNYEAT Brian,2538225,CAN,35,20.04,0.73,11.0,8.31,1,bF,0.88,2.4,2.8,2,bG,0.82,7.0,7.7
2025 FIS FREESTYLE SKI NORAM CUP,2025-02-12,DEER VALLEY RESORT (USA),Women's Moguls,QUALIFICATION RUN 1 RESULTS Qualification,MACUGA Alli,2534186,USA,4,60.58,9.38,41.2,10.0,1,bp,0.81,6.1,6.5,2,7op,0.98,4.5,5.5
2025 FIS FREESTYLE SKI NORAM CUP,2025-02-12,DEER VALLEY RESORT (USA),Women's Moguls,QUALIFICATION RUN 1 RESULTS Qualification,MANNS Talia,2539756,AUS,12,54.28,6.29,39.7,8.29,1,3,0.78,5.6,5.4,2,bp,0.81,4.9,5.0
2025 FIS FREESTYLE SKI NORAM CUP,2025-02-12,DEER VALLEY RESORT (USA),Women's Moguls,QUALIFICATION RUN 1 RESULTS Qualification,COORS Julia,2539505,USA,33,36.56,3.52,26.1,6.94,1,bG,0.92,3.9,3.5,2,bT,0.78,4.9,4.2
2025 FIS FREESTYLE NORAM CUP,2025-03-01,STRATTON MOUNTAIN RESORT (USA),Women's Moguls,QUALIFICATION RUN 1 RESULTS Final 1,COOTE Xanthia,2538150,AUS,6,70.35,13.06,44.4,12.89,1,bG,0.92,6.9,7.6,2,bp,0.81,7.5,7.9
2025 FIS FREESTYLE NORAM CUP,2025-03-01,STRATTON MOUNTAIN RESORT (USA),Women's Moguls,QUALIFICATION RUN 1 RESULTS Final 1,CIAGLO Megan,2537409,USA,16,21.92,0.0,16.7,5.22,1,bG,0.92,5.5,5.6,2,bp,0.81,0.2,0.1
2025 FIS FREESTYLE SKI NORAM CUP,2025-02-12,DEER VALLEY RESORT (USA),Men's Moguls,QUALIFICATION RUN 1 RESULTS Final 1,DROUIN Xavier,2535639,CAN,4,72.99,12.44,49.5,11.05,1,7oG,1.01,4.5,5.6,2,bp,0.71,8.5,8.3
2025 FIS FREESTYLE SKI NORAM CUP,2025-02-12,DEER VALLEY RESORT (USA),Men's Moguls,QUALIFICATION RUN 1 RESULTS Qualification,ALVA Isaac,2537920,USA,29,43.86,10.54,25.8,7.52,1,7op,0.88,2.5,3.6,2,7oG,1.01,5.0,4.6
2025 FIS FREESTYLE SKI NORAM CUP,2025-02-12,DEER VALLEY RESORT (USA),Men's Moguls,QUALIFICATION RUN 1 RESULTS Qualification,CROCKETT Jackson,2534116,USA,22,60.13,12.47,37.3,10.36,1,7op,0.88,6.1,6.0,2,bp,0.71,7.1,7.1
2025 FIS FREESTYLE SKI NORAM CUP,2025-03-07,VAL ST COME (CAN),Men's Moguls,QUALIFICATION RUN 1 RESULTS Final 2,BOUGIE Jean-,2538309,CAN,3,72.52,13.0,45.5,14.02,1,bF,0.88,7.8,7.7,2,7op,0.88,8.2,8.2
2025 FIS FREESTYLE SKI NORAM CUP,2025-02-12,DEER VALLEY RESORT (USA),Women's Moguls,QUALIFICATION RUN 1 RESULTS Qualification,AYAD Anabel,2537580,USA,3,61.29,8.7,40.3,12.29,1,bp,0.81,6.5,6.6,2,bG,0.92,7.7,7.5
2025 FIS FREESTYLE SKI NORAM CUP,2025-02-12,DEER VALLEY RESORT (USA),Women's Moguls,QUALIFICATION RUN 1 RESULTS Qualification,LODGE Lottie,2538154,AUS,19,49.82,8.47,32.8,8.55,1,bT,0.78,6.0,6.4,2,bG,0.92,4.4,3.7
2025 FIS FREESTYLE SKI NORAM CUP,2025-02-12,DEER VALLEY RESORT (USA),Women's Moguls,QUALIFICATION RUN 1 RESULTS Qualification,KALMAKOFF Talance,2539969,CAN,32,38.97,2.79,29.0,7.18,1,S,0.48,4.5,4.7,2,bp,0.81,6.0,6.3
2025 FIS FREESTYLE SKI NORAM CUP,2025-02-12,DEER VALLEY RESORT (USA),Women's Moguls,QUALIFICATION RUN 1 RESULTS Qualification,DWINELL Zoe,2535605,USA,13,53.72,6.91,36.9,9.91,1,bG,0.92,5.6,5.3,2,bp,0.81,6.0,6.1
2025 FIS FREESTYLE SKI NORAM CUP,2025-02-12,DEER VALLEY RESORT (USA),Women's Moguls,QUALIFICATION RUN 1 RESULTS Qualification,GODBOUT Rowanne,2535638,CAN,14,53.26,6.53,39.8,6.93,1,bT,0.78,5.2,5.5,2,bG,0.92,3.0,3.0
2025 FIS FREESTYLE SKI NORAM CUP,2025-02-12,DEER VALLEY RESORT (USA),Women's Moguls,QUALIFICATION RUN 1 RESULTS Qualification,PERSSON Lenna,2538575,USA,30,41.68,7.05,26.7,7.93,1,bT,0.78,4.2,4.6,2,bG,0.92,5.0,4.8
2025 FIS FREESTYLE NORAM CUP,2025-03-01,STRATTON MOUNTAIN RESORT (USA),Women's Moguls,QUALIFICATION RUN 1 RESULTS Final 1,CLEGG Sina,2538200,CAN,7,69.62,13.81,44.2,11.61,1,bG,0.92,6.1,7.0,2,bp,0.81,6.5,7.3
2025 FIS FREESTYLE NORAM CUP,2025-03-01,STRATTON MOUNTAIN RESORT (USA),Women's Moguls,QUALIFICATION RUN 1 RESULTS Final 1,KEEFE Ruby,2540200,USA,11,66.81,13.3,41.8,11.71,1,bG,0.92,6.4,7.2,2,bp,0.81,6.7,6.8
FIS FREESTYLE SKI WORLD CUP 2025,2025-01-31,VAL ST. COME (CAN),Women's Moguls,Results Final 1,JOHNSON Tess,2532270,USA,13,66.76,16.59,36.8,13.37,1,7oG,1.11,5.5,5.1,2,bG,0.92,8.4,7.9
2025 FIS FREESTYLE SKI NORAM CUP,2025-02-12,DEER VALLEY RESORT (USA),Men's Moguls,QUALIFICATION RUN 1 RESULTS Final 1,BEAULIEU Charles,2535304,CAN,1,78.43,14.36,49.6,14.47,1,bF,0.88,7.8,7.9,2,7op,0.88,8.8,8.4
2025 FIS FREESTYLE SKI NORAM CUP,2025-02-12,DEER VALLEY RESORT (USA),Men's Moguls,QUALIFICATION RUN 1 RESULTS Qualification,MARCELLINI Dylan,2534089,USA,1,76.18,12.65,48.1,15.43,1,7oG,1.01,7.7,7.8,2,7op,0.88,8.5,8.8
2025 FIS FREESTYLE SKI NORAM CUP,2025-02-12,DEER VALLEY RESORT (USA),Men's Moguls,QUALIFICATION RUN 1 RESULTS Qualification,SIEFKEN Liam,2538939,USA,23,59.77,10.4,39.2,10.17,1,7op,0.88,6.8,6.5,2,bp,0.71,6.4,5.8
2025 FIS FREESTYLE SKI NORAM CUP,2025-02-12,DEER VALLEY RESORT (USA),Men's Moguls,QUALIFICATION RUN 1 RESULTS Qualification,PARSONS Graden,2539000,CAN,32,41.86,10.66,23.1,8.1,1,bF,0.88,4.2,3.9,2,bp,0.71,6.8,6.0
2025 FIS FREESTYLE SKI NORAM CUP,2025-02-12,DEER VALLEY RESORT (USA),Men's Moguls,QUALIFICATION RUN 1 RESULTS Qualification,DAMORE Trae,2537875,USA,33,36.27,10.1,15.8,10.37,1,bp,0.71,6.5,6.8,2,bG,0.82,6.7,7.1
2025 FIS FREESTYLE SKI NORAM CUP,2025-02-12,DEER VALLEY RESORT (USA),Women's Moguls,QUALIFICATION RUN 1 RESULTS Final 1,KEENAN Ava,2540774,USA,5,65.66,11.51,43.4,10.75,1,bG,0.92,6.0,6.2,2,bp,0.81,6.6,6.1
2025 FIS FREESTYLE NORAM CUP,2025-03-01,STRATTON MOUNTAIN RESORT (USA),Women's Moguls,QUALIFICATION RUN 1 RESULTS Final 1,LINTON Jessica,2533613,CAN,9,69.05,11.94,45.9,11.21,1,bG,0.92,5.9,6.6,2,bp,0.81,7.1,6.4
2025 FIS FREESTYLE NORAM CUP,2025-03-01,STRATTON MOUNTAIN RESORT (USA),Women's Moguls,QUALIFICATION RUN 1 RESULTS Qualification,SLETTENE Skylar,2535377,USA,8,67.66,12.09,42.4,13.17,1,bG,0.92,6.5,7.1,2,bp,0.81,8.7,8.4
2025 FIS FREESTYLE NORAM CUP,2025-03-01,STRATTON MOUNTAIN RESORT (USA),Women's Moguls,QUALIFICATION RUN 1 RESULTS Qualification,DICKEY Kenadie,2539675,USA,31,49.34,7.7,34.3,7.34,1,S,0.48,5.6,6.8,2,bp,0.81,4.8,6.0
2025 FIS FREESTYLE NORAM CUP,2025-03-01,STRATTON MOUNTAIN RESORT (USA),Women's Moguls,QUALIFICATION RUN 1 RESULTS Qualification,LINTON Jessica,2533613,CAN,5,68.82,12.38,45.7,10.74,1,bG,0.92,6.0,6.8,2,bp,0.81,6.5,5.5
2025 FIS FREESTYLE NORAM CUP,2025-03-01,STRATTON MOUNTAIN RESORT (USA),Women's Moguls,QUALIFICATION RUN 1 RESULTS Qualification,COORS Julia,2539505,USA,26,58.7,10.42,37.8,10.48,1,bp,0.81,4.9,6.0,2,bG,0.92,6.2,7.0
2025 FIS FREESTYLE NORAM CUP,2025-03-01,STRATTON MOUNTAIN RESORT (USA),Men's Moguls,QUALIFICATION RUN 1 RESULTS Qualification,FUGERE Simon,2538852,CAN,10,73.25,14.99,48.5,9.76,1,bF,0.88,4.9,4.2,2,7op,0.88,6.1,7.0
2025 FIS FREESTYLE NORAM CUP,2025-03-01,STRATTON MOUNTAIN RESORT (USA),Men's Moguls,QUALIFICATION RUN 1 RESULTS Qualification,HILL Edward,2537720,AUS,52,24.93,8.32,9.4,7.21,1,bF,0.88,8.7,7.7,2,NJ,0.0,0.0,0.0
2025 FIS FREESTYLE SKI NORAM CUP,2025-03-07,VAL ST COME (CAN),Men's Moguls,QUALIFICATION RUN 1 RESULTS Final 1,EGAN Jack,2538063,USA,12,67.67,14.06,41.3,12.31,1,7op,0.88,6.8,7.5,2,bG,0.82,7.5,7.2
2025 FIS FREESTYLE SKI NORAM CUP,2025-03-07,VAL ST COME (CAN),Men's Moguls,QUALIFICATION RUN 1 RESULTS Qualification,HILL Edward,2537720,AUS,19,65.37,12.64,40.2,12.53,1,bF,0.88,8.0,7.8,2,7op,0.88,6.2,6.5
2025 FIS FREESTYLE SKI NORAM CUP,2025-03-07,VAL ST COME (CAN),Men's Moguls,QUALIFICATION RUN 1 RESULTS Qualification,BURNYEAT Brian,2538225,CAN,30,60.46,13.09,34.4,12.97,1,bF,0.88,7.8,7.5,2,7op,0.88,7.2,7.0
2025 FIS FREESTYLE SKI NORAM CUP,2025-03-07,VAL ST COME (CAN),Men's Moguls,QUALIFICATION RUN 1 RESULTS Qualification,GENDRON Nate,2538060,USA,11,69.51,15.56,43.0,10.95,1,bF,0.88,6.5,6.8,2,7op,0.88,6.0,5.6
2025 FIS FREESTYLE SKI NORAM CUP,2025-03-07,VAL ST COME (CAN),Men's Moguls,QUALIFICATION RUN 1 RESULTS Qualification,LATULIPPE Charles,2538782,CAN,42,37.75,10.93,13.1,13.72,1,bF,0.88,7.5,7.5,2,7op,0.88,8.2,8.0
2025 FIS FREESTYLE SKI NORAM CUP,2025-03-07,VAL ST COME (CAN),Men's Moguls,QUALIFICATION RUN 1 RESULTS Qualification,ROWLEY Tristan,2535799,AUS,25,62.63,12.91,36.3,13.42,1,7oG,1.01,7.0,7.3,2,7op,0.88,7.1,7.0
2024 FIS FREESTYLE NORAM CUP,2024-02-07,DEER VALLEY RESORT (USA),Women's Moguls,QUALIFICATION RUN 1 RESULTS Final 1,AYAD Anabel,2537580,USA,14,33.83,10.08,16.7,7.05,1,bG,0.92,1.7,2.3,2,bp,0.81,6.8,6.1
2024 FIS FREESTYLE NORAM CUP,2024-02-07,DEER VALLEY RESORT (USA),Women's Moguls,QUALIFICATION RUN 1 RESULTS Final 1,DAVIS August,2534386,USA,10,62.64,14.23,36.3,12.11,1,bL,0.81,6.1,6.1,2,fG,0.92,7.9,7.7
2024 FIS FREESTYLE NORAM CUP,2024-02-07,DEER VALLEY RESORT (USA),Women's Moguls,QUALIFICATION RUN 1 RESULTS Final 2,LINTON Jessica,2533613,CAN,2,65.2,14.75,39.5,10.95,1,bG,0.92,5.9,6.4,2,bp,0.81,6.4,6.7
2024 FIS FREESTYLE NORAM CUP,2024-02-07,DEER VALLEY RESORT (USA),Women's Moguls,QUALIFICATION RUN 1 RESULTS Final 2,MAURAIS Olivia,2538814,USA,5,53.79,13.47,28.8,11.52,1,bp,0.81,6.2,5.8,2,bG,0.92,7.1,7.4
2024 FIS FREESTYLE NORAM CUP,2024-02-07,DEER VALLEY RESORT (USA),Women's Moguls,QUALIFICATION RUN 1 RESULTS Qualification,PERNICE Lucy,2535795,AUS,10,56.23,9.12,36.1,11.01,1,bp,0.81,7.7,7.7,2,bG,0.92,4.8,5.6
2025 FIS FREESTYLE NORAM CUP,2025-03-01,STRATTON MOUNTAIN RESORT (USA),Women's Moguls,QUALIFICATION RUN 1 RESULTS Qualification,KRUGER Eden,2538897,USA,20,63.49,13.04,40.9,9.55,1,bG,0.92,6.3,6.3,2,bp,0.81,4.4,4.9
2025 FIS FREESTYLE NORAM CUP,2025-03-01,STRATTON MOUNTAIN RESORT (USA),Women's Moguls,QUALIFICATION RUN 1 RESULTS Qualification,AUGER-HAMELIN,2538696,CAN,24,60.39,10.17,37.0,13.22,1,bG,0.92,6.6,7.9,2,bp,0.81,8.4,7.8
2025 FIS FREESTYLE NORAM CUP,2025-03-01,STRATTON MOUNTAIN RESORT (USA),Men's Moguls,QUALIFICATION RUN 1 RESULTS Final 1,LITTLEFIELD Chase,2538054,USA,14,71.2,13.17,44.4,13.63,1,7oG,1.01,7.9,8.4,2,7op,0.88,6.4,5.9
2025 FIS FREESTYLE NORAM CUP,2025-03-01,STRATTON MOUNTAIN RESORT (USA),Men's Moguls,QUALIFICATION RUN 1 RESULTS Final 1,BEAULIEU Charles,2535304,CAN,2,80.36,13.75,50.1,16.51,1,7oG,1.01,7.9,8.7,2,10op,1.05,7.5,8.0
2025 FIS FREESTYLE NORAM CUP,2025-03-01,STRATTON MOUNTAIN RESORT (USA),Men's Moguls,QUALIFICATION RUN 1 RESULTS Qualification,GENDRON Nate,2538060,USA,14,72.31,14.05,44.5,13.76,1,7oG,1.01,7.0,7.8,2,7op,0.88,7.5,6.8
2025 FIS FREESTYLE NORAM CUP,2025-03-01,STRATTON MOUNTAIN RESORT (USA),Men's Moguls,QUALIFICATION RUN 1 RESULTS Qualification,TOBEY Gavin,2535388,USA,26,68.6,15.39,42.3,10.91,1,7op,0.88,6.8,7.0,2,7oG,1.01,4.9,4.7
2025 FIS FREESTYLE NORAM CUP,2025-03-01,STRATTON MOUNTAIN RESORT (USA),Men's Moguls,QUALIFICATION RUN 1 RESULTS Qualification,COOPER Owen,2539013,CAN,45,53.5,13.59,27.6,12.31,1,7oG,1.01,7.6,6.4,2,bp,0.71,7.0,7.8
2025 FIS FREESTYLE NORAM CUP,2025-03-01,STRATTON MOUNTAIN RESORT (USA),Men's Moguls,QUALIFICATION RUN 1 RESULTS Qualification,WARGNIEZ Alexandre,2539362,FRA,46,50.94,9.9,34.3,6.74,1,lG,0.82,3.8,4.0,2,bp,0.71,4.9,5.1
2025 FIS FREESTYLE NORAM CUP,2025-03-01,STRATTON MOUNTAIN RESORT (USA),Men's Moguls,QUALIFICATION RUN 1 RESULTS Qualification,PARSONS Graden,2539000,CAN,39,63.4,12.14,37.5,13.76,1,bF,0.88,8.0,7.8,2,7op,0.88,7.8,7.7
2025 FIS FREESTYLE NORAM CUP,2025-03-01,STRATTON MOUNTAIN RESORT (USA),Men's Moguls,QUALIFICATION RUN 1 RESULTS Qualification,BAVARO Gaetano,2538310,USA,27,68.51,12.85,45.0,10.66,1,7op,0.88,5.0,4.8,2,lG,0.82,8.2,7.3
2025 FIS FREESTYLE SKI NORAM CUP,2025-02-22,APEX MOUNTAIN (CAN),Men's Moguls,OVERALL RESULTS - - Partial,COHEN Jiah,2538079,USA,35,61.6,14.23,36.3,11.07,1,bG,0.82,7.9,8.3,2,7oG,1.01,4.8,4.0
2025 FIS FREESTYLE SKI NORAM CUP,2025-02-22,APEX MOUNTAIN (CAN),Men's Moguls,OVERALL RESULTS - - Partial,LIVISSIANOS Mac,2535793,AUS,31,65.21,11.17,41.2,12.84,1,bF,0.88,7.7,7.4,2,7op,0.88,7.3,6.8
2025 FIS FREESTYLE SKI NORAM CUP,2025-03-07,VAL ST COME (CAN),Men's Moguls,QUALIFICATION RUN 1 RESULTS Final 1,FUGERE Simon,2538852,CAN,8,69.49,12.6,44.8,12.09,1,bF,0.88,6.4,7.0,2,7op,0.88,6.8,7.3
2025 FIS FREESTYLE SKI NORAM CUP,2025-03-07,VAL ST COME (CAN),Men's Moguls,QUALIFICATION RUN 1 RESULTS Final 1,BOUGIE Jean-,2538309,CAN,5,70.47,13.01,44.8,12.66,1,bF,0.88,7.6,7.6,2,7op,0.88,6.8,6.8
2025 FIS FREESTYLE SKI NORAM CUP,2025-03-07,VAL ST COME (CAN),Men's Moguls,QUALIFICATION RUN 1 RESULTS Qualification,DAY Sawyer,2537715,CAN,8,70.78,12.81,45.0,12.97,1,7op,0.88,7.2,7.2,2,bG,0.82,8.0,8.2
2025 FIS FREESTYLE SKI NORAM CUP,2025-03-07,VAL ST COME (CAN),Men's Moguls,QUALIFICATION RUN 1 RESULTS Qualification,McMANUS Darren,2539302,CAN,35,56.48,11.17,34.1,11.21,1,bp,0.71,7.0,7.5,2,7op,0.88,6.8,7.0
2025 FIS FREESTYLE SKI NORAM CUP,2025-03-07,VAL ST COME (CAN),Men's Moguls,QUALIFICATION RUN 1 RESULTS Qualification,EGAN Jack,2538063,USA,14,67.63,14.64,41.6,11.39,1,7op,0.88,6.5,7.0,2,bG,0.82,6.8,6.5
2025 FIS FREESTYLE SKI NORAM CUP,2025-03-07,VAL ST COME (CAN),Men's Moguls,QUALIFICATION RUN 1 RESULTS Qualification,BARTZIOKAS Justin,2539086,CAN,34,56.7,13.05,34.4,9.25,1,bF,0.88,4.0,3.8,2,bG,0.82,7.2,7.0
2025 FIS FREESTYLE SKI NORAM CUP,2025-03-07,VAL ST COME (CAN),Men's Moguls,QUALIFICATION RUN 1 RESULTS Qualification,CAREY Cole,2537322,CAN,2,74.96,14.32,46.3,14.34,1,bF,0.88,7.0,7.0,2,7oG,1.01,8.0,8.2
2024 FIS FREESTYLE NORAM CUP,2024-02-07,DEER VALLEY RESORT (USA),Women's Moguls,QUALIFICATION RUN 1 RESULTS Final 1,PERNICE Lucy,2535795,AUS,7,64.13,12.15,39.1,12.88,1,bp,0.81,6.9,6.8,2,7op,0.98,7.4,7.6
2024 FIS FREESTYLE NORAM CUP,2024-02-07,DEER VALLEY RESORT (USA),Women's Moguls,QUALIFICATION RUN 1 RESULTS Final 1,McLARNON Abby,2538430,USA,8,63.9,14.25,39.3,10.35,1,bG,0.92,6.7,6.4,2,bp,0.81,5.4,5.3
2024 FIS FREESTYLE NORAM CUP,2024-02-07,DEER VALLEY RESORT (USA),Women's Moguls,QUALIFICATION RUN 1 RESULTS Final 1,BOYCHUK Citrine,2539124,CAN,11,59.52,11.8,39.6,8.12,1,S,0.48,4.9,5.0,2,bp,0.81,6.8,7.4
2024 FIS FREESTYLE NORAM CUP,2024-02-07,DEER VALLEY RESORT (USA),Women's Moguls,QUALIFICATION RUN 1 RESULTS Qualification,DUDA Jessica,2537528,USA,20,49.0,9.2,31.2,8.6,1,3,0.78,2.9,3.6,2,bp,0.81,7.8,7.2
2024 FIS FREESTYLE NORAM CUP,2024-02-07,DEER VALLEY RESORT (USA),Women's Moguls,QUALIFICATION RUN 1 RESULTS Qualification,COORS Julia,2539505,USA,26,43.07,8.53,26.5,8.04,1,bG,0.92,5.1,5.0,2,bp,0.81,4.3,4.1
2024 FIS FREESTYLE NORAM CUP,2024-02-07,DEER VALLEY RESORT (USA),Women's Moguls,QUALIFICATION RUN 1 RESULTS Qualification,RIDGEWAY Quinn,2539394,CAN,38,7.43,1.55,0.3,5.58,1,bT,0.78,4.0,3.5,2,S,0.48,5.1,6.0
2024 FIS FREESTYLE NORAM CUP,2024-02-07,DEER VALLEY RESORT (USA),Women's Moguls,QUALIFICATION RUN 1 RESULTS Qualification,BOOTH Mckenna,2537766,USA,28,42.73,8.82,26.5,7.41,1,bT,0.78,5.2,5.7,2,bG,0.92,3.6,3.3
2025 FIS FREESTYLE NORAM CUP,2025-03-01,STRATTON MOUNTAIN RESORT (USA),Women's Moguls,QUALIFICATION RUN 1 RESULTS Final 2,McLARNON Abby,2538430,USA,5,67.83,12.26,43.2,12.37,1,bG,0.92,6.2,6.2,2,bp,0.81,7.8,8.7
2025 FIS FREESTYLE NORAM CUP,2025-03-01,STRATTON MOUNTAIN RESORT (USA),Women's Moguls,QUALIFICATION RUN 1 RESULTS Final 2,LAROCHE Florence,2538248,CAN,1,72.06,13.01,45.7,13.35,1,bG,0.92,7.3,7.3,2,bp,0.81,8.3,8.1
2025 FIS FREESTYLE NORAM CUP,2025-03-01,STRATTON MOUNTAIN RESORT (USA),Women's Moguls,QUALIFICATION RUN 1 RESULTS Qualification,RUSSELL Kaya,2537750,USA,33,45.89,12.39,25.0,8.5,1,bp,0.81,4.2,5.6,2,3p,0.81,5.2,6.0
2025 FIS FREESTYLE NORAM CUP,2025-03-01,STRATTON MOUNTAIN RESORT (USA),Women's Moguls,QUALIFICATION RUN 1 RESULTS Qualification,JOHNSON Victoria,2539742,USA,25,60.31,12.58,38.2,9.53,1,bG,0.92,4.7,6.0,2,bp,0.81,5.6,5.8
2025 FIS FREESTYLE NORAM CUP,2025-03-01,STRATTON MOUNTAIN RESORT (USA),Women's Moguls,QUALIFICATION RUN 1 RESULTS Qualification,LAMONTAGNE Flavie,2538763,CAN,36,34.65,6.99,19.7,7.96,1,bG,0.92,2.3,2.6,2,bp,0.81,7.1,7.0
2025 FIS FREESTYLE NORAM CUP,2025-03-01,STRATTON MOUNTAIN RESORT (USA),Women's Moguls,QUALIFICATION RUN 1 RESULTS Qualification,PERNICE Lucy,2535795,AUS,30,49.66,12.23,27.4,10.03,1,bT,0.78,7.7,8.0,2,bG,0.92,4.5,4.0
2025 FIS FREESTYLE NORAM CUP,2025-03-01,STRATTON MOUNTAIN RESORT (USA),Men's Moguls,QUALIFICATION RUN 1 RESULTS Final 1,MARCELLINI Dylan,2534089,USA,8,76.89,13.74,47.9,15.25,1,7oG,1.01,7.6,7.9,2,7op,0.88,8.3,8.6
2025 FIS FREESTYLE NORAM CUP,2025-03-01,STRATTON MOUNTAIN RESORT (USA),Men's Moguls,QUALIFICATION RUN 1 RESULTS Final 1,SAUVAGEAU Jeremy,2538702,CAN,9,75.52,13.6,47.5,14.42,1,10op,1.05,7.6,6.8,2,7op,0.88,7.8,7.8
2025 FIS FREESTYLE NORAM CUP,2025-03-01,STRATTON MOUNTAIN RESORT (USA),Men's Moguls,QUALIFICATION RUN 1 RESULTS Final 2,FUGERE Simon,2538852,CAN,6,59.01,16.73,29.4,12.88,1,bF,0.88,8.1,7.1,2,7op,0.88,6.9,7.2
2025 FIS FREESTYLE NORAM CUP,2025-03-01,STRATTON MOUNTAIN RESORT (USA),Men's Moguls,QUALIFICATION RUN 1 RESULTS Qualification,DROUIN Xavier,2535639,CAN,53,13.45,5.43,0.4,7.62,1,7op,0.88,1.5,1.6,2,7oG,1.01,6.2,6.2
2025 FIS FREESTYLE SKI NORAM CUP,2025-02-22,APEX MOUNTAIN (CAN),Men's Moguls,OVERALL RESULTS - - Partial,PARADIS Louis,2534246,CAN,8,77.07,13.76,49.9,13.41,1,bF,0.88,7.0,6.2,2,7op,0.88,9.0,8.3
2025 FIS FREESTYLE SKI NORAM CUP,2025-02-22,APEX MOUNTAIN (CAN),Men's Moguls,OVERALL RESULTS - - Partial,BOUGIE Jean-,2538309,CAN,7,78.1,13.52,48.9,15.68,1,bF,0.88,8.5,8.8,2,7oG,1.01,7.9,8.1
2025 FIS FREESTYLE SKI NORAM CUP,2025-02-22,APEX MOUNTAIN (CAN),Men's Moguls,OVERALL RESULTS - - Partial,CAREY Cole,2537322,CAN,4,78.78,15.04,51.3,12.44,1,bF,0.88,7.0,6.9,2,7op,0.88,7.7,6.7
2025 FIS FREESTYLE SKI NORAM CUP,2025-03-07,VAL ST COME (CAN),Men's Moguls,QUALIFICATION RUN 1 RESULTS Qualification,UNGER Quinn,2538999,CAN,15,66.76,15.5,39.7,11.56,1,7oG,1.01,6.5,6.5,2,bp,0.71,6.8,7.3
2025 FIS FREESTYLE SKI NORAM CUP,2025-03-07,VAL ST COME (CAN),Men's Moguls,QUALIFICATION RUN 1 RESULTS Qualification,HUGHES Riley,2538811,USA,23,63.26,15.21,36.1,11.95,1,7oG,1.01,6.0,6.8,2,bG,0.82,6.2,7.2
2025 FIS FREESTYLE SKI NORAM CUP,2025-03-07,VAL ST COME (CAN),Men's Moguls,QUALIFICATION RUN 1 RESULTS Qualification,KOEHLER Bradley,2539395,CAN,10,70.55,14.94,41.7,13.91,1,7op,0.88,7.8,8.0,2,7oG,1.01,6.8,7.0
2024 FIS FREESTYLE NORAM CUP,2024-02-07,DEER VALLEY RESORT (USA),Women's Moguls,QUALIFICATION RUN 1 RESULTS Final 1,KARIOTIS Kylie,2534866,USA,2,68.52,16.02,41.6,10.9,1,bG,0.92,6.6,6.1,2,bp,0.81,6.4,6.1
2024 FIS FREESTYLE NORAM CUP,2024-02-07,DEER VALLEY RESORT (USA),Women's Moguls,QUALIFICATION RUN 1 RESULTS Qualification,HOGG Kasey,2534251,USA,1,72.7,13.58,46.2,12.92,1,bp,0.81,6.9,7.3,2,bG,0.92,7.6,8.0
2024 FIS FREESTYLE NORAM CUP,2024-02-07,DEER VALLEY RESORT (USA),Women's Moguls,QUALIFICATION RUN 1 RESULTS Qualification,MAURAIS Olivia,2538814,USA,9,57.61,10.59,36.5,10.52,1,bp,0.81,6.4,5.4,2,bG,0.92,6.3,6.2
2024 FIS FREESTYLE NORAM CUP,2024-02-07,DEER VALLEY RESORT (USA),Men's Moguls,QUALIFICATION RUN 1 RESULTS Final 1,BEAULIEU Charles,2535304,CAN,5,75.07,16.06,45.2,13.81,1,bF,0.88,8.4,8.2,2,7op,0.88,7.3,7.5
2024 FIS FREESTYLE NORAM CUP,2024-02-07,DEER VALLEY RESORT (USA),Men's Moguls,QUALIFICATION RUN 1 RESULTS Final 1,BOUGIE Jean-,2538309,CAN,7,72.35,15.11,45.5,11.74,1,bF,0.88,7.4,8.2,2,7op,0.88,5.8,5.3
2025 FIS FREESTYLE NORAM CUP,2025-03-01,STRATTON MOUNTAIN RESORT (USA),Women's Moguls,QUALIFICATION RUN 1 RESULTS Qualification,KNIGHT Murphy Jane,2539893,USA,23,60.51,10.81,39.6,10.1,1,bG,0.92,5.0,5.8,2,bp,0.81,6.0,6.7
2025 FIS FREESTYLE NORAM CUP,2025-03-01,STRATTON MOUNTAIN RESORT (USA),Men's Moguls,QUALIFICATION RUN 1 RESULTS Final 1,KOEHLER Bradley,2539395,CAN,1,81.61,15.65,50.3,15.66,1,7op,0.88,7.6,8.4,2,7oG,1.01,8.2,8.9
2025 FIS FREESTYLE NORAM CUP,2025-03-01,STRATTON MOUNTAIN RESORT (USA),Men's Moguls,QUALIFICATION RUN 1 RESULTS Qualification,COVELL Jackson,2539513,USA,23,69.21,12.85,44.8,11.56,1,7op,0.88,6.4,6.3,2,lG,0.82,6.7,7.9
2025 FIS FREESTYLE NORAM CUP,2025-03-01,STRATTON MOUNTAIN RESORT (USA),Men's Moguls,QUALIFICATION RUN 1 RESULTS Qualification,DAMORE Trae,2537875,USA,24,69.13,13.57,43.4,12.16,1,7oG,1.01,6.0,5.6,2,bG,0.82,7.4,8.0
2025 FIS FREESTYLE NORAM CUP,2025-03-01,STRATTON MOUNTAIN RESORT (USA),Men's Moguls,QUALIFICATION RUN 1 RESULTS Qualification,EGAN Jack,2538063,USA,25,68.68,13.56,42.0,13.12,1,7oG,1.01,6.8,6.4,2,7op,0.88,7.4,7.3
2025 FIS FREESTYLE NORAM CUP,2025-03-01,STRATTON MOUNTAIN RESORT (USA),Men's Moguls,QUALIFICATION RUN 1 RESULTS Qualification,PARADIS Louis,2534246,CAN,19,70.73,12.65,44.5,13.58,1,bF,0.88,8.1,7.7,2,7op,0.88,8.0,7.1
2025 FIS FREESTYLE NORAM CUP,2025-03-01,STRATTON MOUNTAIN RESORT (USA),Men's Moguls,QUALIFICATION RUN 1 RESULTS Qualification,ORGELDINGER Jon,2539200,USA,48,48.93,11.19,26.9,10.84,1,bF,0.88,6.7,5.8,2,7oG,1.01,4.9,5.7
2025 FIS FREESTYLE SKI NORAM CUP,2025-02-22,APEX MOUNTAIN (CAN),Men's Moguls,OVERALL RESULTS - - Partial,KOEHLER Bradley,2539395,CAN,15,73.8,13.96,46.8,13.04,1,7op,0.88,7.9,7.3,2,7oG,1.01,6.0,6.6
2025 FIS FREESTYLE SKI NORAM CUP,2025-02-22,APEX MOUNTAIN (CAN),Men's Moguls,OVERALL RESULTS - - Partial,JOHNSON Gabriel,2537675,USA,25,69.74,14.38,44.1,11.26,1,7oG,1.01,6.3,5.2,2,bp,0.71,7.9,7.5
2025 FIS FREESTYLE SKI NORAM CUP,2025-02-22,APEX MOUNTAIN (CAN),Men's Moguls,OVERALL RESULTS - - Partial,HOMANS Jack,2540086,USA,34,61.83,10.31,40.6,10.92,1,bG,0.82,6.2,6.5,2,7op,0.88,5.9,7.1
2025 FIS FREESTYLE SKI NORAM CUP,2025-03-07,VAL ST COME (CAN),Men's Moguls,QUALIFICATION RUN 1 RESULTS Final 1,BEAULIEU Charles,2535304,CAN,2,73.48,15.9,43.6,13.98,1,bF,0.88,7.8,7.6,2,7op,0.88,8.0,8.4
2025 FIS FREESTYLE SKI NORAM CUP,2025-03-07,VAL ST COME (CAN),Men's Moguls,QUALIFICATION RUN 1 RESULTS Qualification,BOUGIE Louis-,2538855,CAN,21,64.76,14.51,38.9,11.35,1,bp,0.71,6.8,7.3,2,bG,0.82,7.5,8.0
2025 FIS FREESTYLE SKI NORAM CUP,2025-03-07,VAL ST COME (CAN),Men's Moguls,QUALIFICATION RUN 1 RESULTS Qualification,CLARK Mason,2537640,USA,41,37.77,13.09,13.7,10.98,1,7op,0.88,5.9,6.5,2,bG,0.82,6.7,6.8
2024 FIS FREESTYLE NORAM CUP,2024-02-07,DEER VALLEY RESORT (USA),Women's Moguls,QUALIFICATION RUN 1 RESULTS Qualification,LAROCHE Florence,2538248,CAN,16,52.63,10.6,30.2,11.83,1,bG,0.92,5.9,6.3,2,bp,0.81,7.9,7.5
2024 FIS FREESTYLE NORAM CUP,2024-02-07,DEER VALLEY RESORT (USA),Women's Moguls,QUALIFICATION RUN 1 RESULTS Qualification,LINTON Jessica,2533613,CAN,7,61.43,11.44,37.4,12.59,1,bG,0.92,6.4,7.0,2,bp,0.81,7.8,8.1
2024 FIS FREESTYLE NORAM CUP,2024-02-07,DEER VALLEY RESORT (USA),Women's Moguls,QUALIFICATION RUN 1 RESULTS Qualification,SLETTENE Skylar,2535377,USA,12,55.78,9.35,34.9,11.53,1,bG,0.92,5.9,6.6,2,bp,0.81,7.0,7.3
2024 FIS FREESTYLE NORAM CUP,2024-02-07,DEER VALLEY RESORT (USA),Men's Moguls,QUALIFICATION RUN 1 RESULTS Final 1,TAM Ryan,2535542,USA,14,66.53,15.46,39.8,11.27,1,7op,0.88,7.4,6.5,2,lG,0.82,6.4,6.2
2025 FIS FREESTYLE NORAM CUP,2025-03-01,STRATTON MOUNTAIN RESORT (USA),Women's Moguls,QUALIFICATION RUN 1 RESULTS Qualification,KOEHLER Ashley,2534528,CAN,4,69.96,12.68,44.4,12.88,1,bT,0.78,7.5,6.8,2,bG,0.92,7.9,8.0
2025 FIS FREESTYLE NORAM CUP,2025-03-01,STRATTON MOUNTAIN RESORT (USA),Men's Moguls,QUALIFICATION RUN 1 RESULTS Final 1,LIVISSIANOS Mac,2535793,AUS,15,68.81,12.64,44.1,12.07,1,7op,0.88,7.0,7.7,2,bp,0.71,7.5,8.3
2025 FIS FREESTYLE NORAM CUP,2025-03-01,STRATTON MOUNTAIN RESORT (USA),Men's Moguls,QUALIFICATION RUN 1 RESULTS Final 2,KOEHLER Bradley,2539395,CAN,1,81.9,15.74,51.2,14.96,1,7op,0.88,7.8,8.2,2,7oG,1.01,7.7,8.0
2025 FIS FREESTYLE NORAM CUP,2025-03-01,STRATTON MOUNTAIN RESORT (USA),Men's Moguls,QUALIFICATION RUN 1 RESULTS Qualification,BEAULIEU Charles,2535304,CAN,3,77.32,13.66,48.7,14.96,1,7op,0.88,7.6,6.8,2,7oG,1.01,8.3,8.8
2025 FIS FREESTYLE NORAM CUP,2025-03-01,STRATTON MOUNTAIN RESORT (USA),Men's Moguls,QUALIFICATION RUN 1 RESULTS Qualification,LITTLEFIELD Chase,2538054,USA,15,72.13,14.66,43.6,13.87,1,7oG,1.01,7.9,8.0,2,7op,0.88,7.0,6.3
2025 FIS FREESTYLE NORAM CUP,2025-03-01,STRATTON MOUNTAIN RESORT (USA),Men's Moguls,QUALIFICATION RUN 1 RESULTS Qualification,UNGER Quinn,2538999,CAN,28,68.3,12.58,44.5,11.22,1,7oG,1.01,6.0,4.9,2,7op,0.88,7.0,6.0
2025 FIS FREESTYLE SKI NORAM CUP,2025-03-07,VAL ST COME (CAN),Men's Moguls,QUALIFICATION RUN 1 RESULTS Qualification,FERREIRA Munayo,2539356,USA,36,55.71,11.41,33.3,11.0,1,bG,0.82,7.0,7.5,2,7op,0.88,5.2,6.3
2025 FIS FREESTYLE SKI NORAM CUP,2025-03-07,VAL ST COME (CAN),Men's Moguls,QUALIFICATION RUN 1 RESULTS Qualification,BEAULIEU Charles,2535304,CAN,4,73.01,13.04,45.5,14.47,1,bF,0.88,8.3,8.0,2,7op,0.88,8.1,8.5
2024 FIS FREESTYLE NORAM CUP,2024-02-07,DEER VALLEY RESORT (USA),Women's Moguls,QUALIFICATION RUN 1 RESULTS Qualification,CLEGG Sina,2538200,CAN,17,51.62,10.5,31.5,9.62,1,bT,0.78,5.2,5.1,2,bG,0.92,6.1,6.1
2024 FIS FREESTYLE NORAM CUP,2024-02-07,DEER VALLEY RESORT (USA),Women's Moguls,QUALIFICATION RUN 1 RESULTS Qualification,POWELL Isabel,2538815,USA,19,49.64,9.25,29.7,10.69,1,bp,0.81,5.3,5.1,2,bG,0.92,6.8,7.3
2024 FIS FREESTYLE NORAM CUP,2024-02-07,DEER VALLEY RESORT (USA),Women's Moguls,QUALIFICATION RUN 1 RESULTS Qualification,LAMONTAGNE Flavie,2538763,CAN,22,46.36,10.28,28.8,7.28,1,bG,0.92,4.8,4.0,2,bL,0.81,4.2,3.8
2024 FIS FREESTYLE NORAM CUP,2024-02-07,DEER VALLEY RESORT (USA),Women's Moguls,QUALIFICATION RUN 1 RESULTS Qualification,SCHEID Nora,2537948,USA,39,2.43,0.0,0.3,2.13,1,S,0.48,4.2,4.7,2,NJ,0.0,0.0,0.0
2024 FIS FREESTYLE NORAM CUP,2024-02-07,DEER VALLEY RESORT (USA),Women's Moguls,QUALIFICATION RUN 1 RESULTS Qualification,DWINELL Zoe,2535605,USA,15,52.87,10.76,32.4,9.71,1,bF,0.98,5.3,4.7,2,bp,0.81,6.1,5.8
2025 FIS FREESTYLE NORAM CUP,2025-03-01,STRATTON MOUNTAIN RESORT (USA),Women's Moguls,QUALIFICATION RUN 1 RESULTS Qualification,STEVENSON Maddie,2537949,USA,37,31.33,6.76,17.9,6.67,1,bG,0.92,2.0,1.5,2,bp,0.81,6.0,6.5
2025 FIS FREESTYLE NORAM CUP,2025-03-01,STRATTON MOUNTAIN RESORT (USA),Women's Moguls,QUALIFICATION RUN 1 RESULTS Qualification,ROGAN Breyer,2538941,USA,34,45.78,10.14,25.1,10.54,1,bG,0.92,7.0,6.6,2,bp,0.81,5.0,5.6
2025 FIS FREESTYLE NORAM CUP,2025-03-01,STRATTON MOUNTAIN RESORT (USA),Women's Moguls,QUALIFICATION RUN 1 RESULTS Qualification,ROY Anne-Laure,2538791,CAN,40,19.95,5.84,8.6,5.51,1,bT,0.78,2.0,1.3,2,bG,0.92,4.8,4.4
2025 FIS FREESTYLE NORAM CUP,2025-03-01,STRATTON MOUNTAIN RESORT (USA),Men's Moguls,QUALIFICATION RUN 1 RESULTS Final 1,SAUVE Mavrick,2538593,CAN,11,74.41,12.49,48.2,13.72,1,bF,0.88,8.2,7.6,2,7op,0.88,7.5,7.9
2025 FIS FREESTYLE NORAM CUP,2025-03-01,STRATTON MOUNTAIN RESORT (USA),Men's Moguls,QUALIFICATION RUN 1 RESULTS Final 1,ROWLEY Tristan,2535799,AUS,13,73.7,11.54,47.5,14.66,1,7op,0.88,6.7,6.8,2,7oG,1.01,8.5,8.8
2025 FIS FREESTYLE NORAM CUP,2025-03-01,STRATTON MOUNTAIN RESORT (USA),Men's Moguls,QUALIFICATION RUN 1 RESULTS Qualification,FERREIRA Munayo,2539356,USA,36,64.56,11.98,43.0,9.58,1,7op,0.88,5.0,4.7,2,bp,0.71,7.2,7.8
2025 FIS FREESTYLE NORAM CUP,2025-03-01,STRATTON MOUNTAIN RESORT (USA),Men's Moguls,QUALIFICATION RUN 1 RESULTS Qualification,JOHNSON Gabriel,2537675,USA,22,69.42,15.33,42.5,11.59,1,7oG,1.01,6.2,7.0,2,bp,0.71,7.5,6.4
2025 FIS FREESTYLE SKI NORAM CUP,2025-02-22,APEX MOUNTAIN (CAN),Men's Moguls,OVERALL RESULTS - - Partial,BOONE Stephen,2537882,USA,22,71.75,13.97,44.1,13.68,1,7op,0.88,6.8,6.2,2,7oG,1.01,7.9,7.9
2025 FIS FREESTYLE SKI NORAM CUP,2025-02-22,APEX MOUNTAIN (CAN),Men's Moguls,OVERALL RESULTS - - Partial,BOUGIE Louis-,2538855,CAN,12,74.87,14.15,48.6,12.12,1,bF,0.88,6.2,5.9,2,bG,0.82,8.6,8.0
2025 FIS FREESTYLE SKI NORAM CUP,2025-02-22,APEX MOUNTAIN (CAN),Men's Moguls,OVERALL RESULTS - - Partial,BEAULIEU Charles,2535304,CAN,14,74.18,14.03,44.6,15.55,1,7oG,1.01,8.4,8.2,2,7op,0.88,8.0,8.3
2025 FIS FREESTYLE SKI NORAM CUP,2025-03-07,VAL ST COME (CAN),Men's Moguls,QUALIFICATION RUN 1 RESULTS Qualification,BAVARO Gaetano,2538310,USA,38,50.68,12.43,27.4,10.85,1,7op,0.88,5.2,5.5,2,lG,0.82,7.5,7.5
2025 FIS FREESTYLE SKI NORAM CUP,2025-03-07,VAL ST COME (CAN),Men's Moguls,QUALIFICATION RUN 1 RESULTS Qualification,BOUGIE Jean-,2538309,CAN,7,71.42,13.45,45.7,12.27,1,bF,0.88,7.5,7.4,2,7op,0.88,6.5,6.5
2025 FIS FREESTYLE SKI NORAM CUP,2025-03-07,VAL ST COME (CAN),Men's Moguls,QUALIFICATION RUN 1 RESULTS Qualification,KUST Jameson,2538096,USA,32,59.86,12.95,34.2,12.71,1,bF,0.88,7.5,7.2,2,7op,0.88,7.2,7.0
2024 FIS FREESTYLE NORAM CUP,2024-02-07,DEER VALLEY RESORT (USA),Women's Moguls,QUALIFICATION RUN 1 RESULTS Final 1,WILSON Charlotte,2535796,AUS,13,35.25,9.74,14.9,10.61,1,bT,0.78,4.9,5.6,2,bG,0.92,6.8,7.4
2024 FIS FREESTYLE NORAM CUP,2024-02-07,DEER VALLEY RESORT (USA),Women's Moguls,QUALIFICATION RUN 1 RESULTS Final 2,CHAPDELAINE Reese,2535616,USA,4,63.93,14.31,39.3,10.32,1,bG,0.92,6.2,5.6,2,bp,0.81,6.0,6.1
2024 FIS FREESTYLE NORAM CUP,2024-02-07,DEER VALLEY RESORT (USA),Women's Moguls,QUALIFICATION RUN 1 RESULTS Qualification,DAVIS August,2534386,USA,14,53.98,11.94,33.3,8.74,1,bL,0.81,5.8,5.1,2,fp,0.81,5.1,5.6
2024 FIS FREESTYLE NORAM CUP,2024-02-07,DEER VALLEY RESORT (USA),Women's Moguls,QUALIFICATION RUN 1 RESULTS Qualification,SATKIEWICZ Mia,2539495,USA,25,45.23,8.03,30.1,7.1,1,S,0.48,5.9,6.0,2,bp,0.81,5.4,5.1
2024 FIS FREESTYLE NORAM CUP,2024-02-07,DEER VALLEY RESORT (USA),Women's Moguls,QUALIFICATION RUN 1 RESULTS Qualification,RUSSELL Kaya,2537750,USA,23,46.3,11.33,29.5,5.47,1,3,0.78,3.8,3.6,2,bp,0.81,3.1,3.3
2024 FIS FREESTYLE NORAM CUP,2024-02-07,DEER VALLEY RESORT (USA),Men's Moguls,QUALIFICATION RUN 1 RESULTS Final 1,PETRONE Jack,2535642,USA,13,69.71,17.27,41.5,10.94,1,bG,0.82,7.1,6.5,2,7op,0.88,6.5,5.7
2025 FIS FREESTYLE NORAM CUP,2025-03-01,STRATTON MOUNTAIN RESORT (USA),Women's Moguls,QUALIFICATION RUN 1 RESULTS Qualification,WAKIM Kareema,2537719,AUS,39,23.79,11.6,2.0,10.19,1,bT,0.78,7.3,8.6,2,bG,0.92,4.7,4.0
2025 FIS FREESTYLE NORAM CUP,2025-03-01,STRATTON MOUNTAIN RESORT (USA),Women's Moguls,QUALIFICATION RUN 1 RESULTS Qualification,COOPER Annika,2538298,CAN,29,55.56,9.39,35.9,10.27,1,bG,0.92,5.5,6.1,2,bp,0.81,6.4,5.8
2025 FIS FREESTYLE NORAM CUP,2025-03-01,STRATTON MOUNTAIN RESORT (USA),Women's Moguls,QUALIFICATION RUN 1 RESULTS Qualification,BOYLE Claire,2539249,USA,38,29.0,8.31,16.4,4.29,1,bG,0.92,3.8,2.9,2,bp,0.81,2.0,1.0
2025 FIS FREESTYLE NORAM CUP,2025-03-01,STRATTON MOUNTAIN RESORT (USA),Women's Moguls,QUALIFICATION RUN 1 RESULTS Qualification,KEEFE Ruby,2540200,USA,15,65.7,12.31,42.6,10.79,1,bG,0.92,6.5,5.8,2,bp,0.81,6.6,6.1
2025 FIS FREESTYLE NORAM CUP,2025-03-01,STRATTON MOUNTAIN RESORT (USA),Men's Moguls,QUALIFICATION RUN 1 RESULTS Final 2,COHEN Jiah,2538079,USA,5,78.9,13.47,49.6,15.83,1,7op,0.88,8.0,7.9,2,7oG,1.01,8.4,9.1
2025 FIS FREESTYLE NORAM CUP,2025-03-01,STRATTON MOUNTAIN RESORT (USA),Men's Moguls,QUALIFICATION RUN 1 RESULTS Qualification,HUGHES Riley,2538811,USA,35,65.15,13.27,39.8,12.08,1,7op,0.88,6.4,7.1,2,bG,0.82,7.4,7.6
2025 FIS FREESTYLE SKI NORAM CUP,2025-02-22,APEX MOUNTAIN (CAN),Men's Moguls,OVERALL RESULTS - - Partial,ALVA Isaac,2537920,USA,33,62.9,13.06,40.1,9.74,1,10op,1.05,5.0,4.9,2,7oG,1.01,5.0,4.0
2025 FIS FREESTYLE SKI NORAM CUP,2025-02-22,APEX MOUNTAIN (CAN),Men's Moguls,OVERALL RESULTS - - Partial,KUST Jameson,2538096,USA,21,71.76,13.72,46.7,11.34,1,bF,0.88,7.1,6.3,2,7op,0.88,6.0,6.4
2025 FIS FREESTYLE SKI NORAM CUP,2025-02-22,APEX MOUNTAIN (CAN),Men's Moguls,OVERALL RESULTS - - Partial,BARTZIOKAS Justin,2539086,CAN,27,68.9,12.46,44.8,11.64,1,bF,0.88,6.3,6.3,2,bG,0.82,7.7,7.2
2025 FIS FREESTYLE SKI NORAM CUP,2025-02-22,APEX MOUNTAIN (CAN),Men's Moguls,OVERALL RESULTS - - Partial,McMANUS Darren,2539302,CAN,38,23.02,13.64,1.6,7.78,1,bp,0.71,8.2,7.8,2,7op,0.88,2.8,2.0
2025 FIS FREESTYLE SKI NORAM CUP,2025-03-07,VAL ST COME (CAN),Men's Moguls,QUALIFICATION RUN 1 RESULTS Final 1,CAREY Cole,2537322,CAN,3,72.5,14.64,44.0,13.86,1,bF,0.88,7.3,7.0,2,7oG,1.01,7.5,7.5
2025 FIS FREESTYLE SKI NORAM CUP,2025-03-07,VAL ST COME (CAN),Men's Moguls,QUALIFICATION RUN 1 RESULTS Final 1,DROUIN Xavier,2535639,CAN,7,69.63,13.12,44.5,12.01,1,7op,0.88,6.2,6.2,2,7oG,1.01,6.2,6.8
2025 FIS FREESTYLE SKI NORAM CUP,2025-03-07,VAL ST COME (CAN),Men's Moguls,QUALIFICATION RUN 1 RESULTS Qualification,BOONE Stephen,2537882,USA,45,24.01,7.97,1.3,14.74,1,7oG,1.01,7.5,7.5,2,7op,0.88,8.3,8.0
2024 FIS FREESTYLE NORAM CUP,2024-02-07,DEER VALLEY RESORT (USA),Women's Moguls,QUALIFICATION RUN 1 RESULTS Qualification,KRUGER Eden,2538897,USA,27,42.87,8.65,26.5,7.72,1,bG,0.92,4.9,4.5,2,bp,0.81,4.2,4.2
2024 FIS FREESTYLE NORAM CUP,2024-02-07,DEER VALLEY RESORT (USA),Women's Moguls,QUALIFICATION RUN 1 RESULTS Qualification,BOYCHUK Citrine,2539124,CAN,11,55.84,9.79,36.3,9.75,1,S,0.48,6.6,7.1,2,bp,0.81,8.1,7.9
2025 FIS FREESTYLE NORAM CUP,2025-03-01,STRATTON MOUNTAIN RESORT (USA),Women's Moguls,QUALIFICATION RUN 1 RESULTS Qualification,HARRIS Evelyn,2535757,USA,42,11.27,2.88,3.7,4.69,1,bG,0.92,1.5,1.0,2,S,0.48,7.2,7.6
2025 FIS FREESTYLE NORAM CUP,2025-03-01,STRATTON MOUNTAIN RESORT (USA),Men's Moguls,QUALIFICATION RUN 1 RESULTS Final 1,GENDRON Nate,2538060,USA,16,45.55,12.29,24.5,8.76,1,7oG,1.01,6.1,6.3,2,7op,0.88,2.1,3.6
2025 FIS FREESTYLE NORAM CUP,2025-03-01,STRATTON MOUNTAIN RESORT (USA),Men's Moguls,QUALIFICATION RUN 1 RESULTS Final 1,CROCKETT Jackson,2534116,USA,3,79.88,14.61,50.4,14.87,1,7oG,1.01,7.6,8.1,2,7op,0.88,7.6,8.2
2025 FIS FREESTYLE NORAM CUP,2025-03-01,STRATTON MOUNTAIN RESORT (USA),Men's Moguls,QUALIFICATION RUN 1 RESULTS Qualification,BOUGIE Louis-,2538855,CAN,49,42.44,11.52,24.4,6.52,1,bF,0.88,1.5,1.6,2,bG,0.82,5.8,6.8
2025 FIS FREESTYLE NORAM CUP,2025-03-01,STRATTON MOUNTAIN RESORT (USA),Men's Moguls,QUALIFICATION RUN 1 RESULTS Qualification,MARCELLINI Dylan,2534089,USA,5,77.13,14.49,47.9,14.74,1,7oG,1.01,7.6,8.1,2,7op,0.88,7.5,8.0
2025 FIS FREESTYLE NORAM CUP,2025-03-01,STRATTON MOUNTAIN RESORT (USA),Men's Moguls,QUALIFICATION RUN 1 RESULTS Qualification,BILLEISEN Peyton,2538057,USA,29,67.44,13.83,41.4,12.21,1,7oG,1.01,7.2,6.8,2,7op,0.88,5.7,6.0
2025 FIS FREESTYLE SKI NORAM CUP,2025-02-22,APEX MOUNTAIN (CAN),Men's Moguls,OVERALL RESULTS - - Partial,MARCELLINI Dylan,2534089,USA,6,78.69,15.46,50.6,12.63,1,7oG,1.01,7.0,7.4,2,7op,0.88,6.6,5.6
2025 FIS FREESTYLE SKI NORAM CUP,2025-02-22,APEX MOUNTAIN (CAN),Men's Moguls,OVERALL RESULTS - - Partial,LEWIS Camden,2539248,USA,9,77.0,14.03,48.9,14.07,1,7oG,1.01,7.8,7.1,2,bG,0.82,8.3,7.7
2025 FIS FREESTYLE SKI NORAM CUP,2025-03-07,VAL ST COME (CAN),Men's Moguls,QUALIFICATION RUN 1 RESULTS Qualification,RODMAN Slader,2538073,USA,44,27.28,8.75,9.3,9.23,1,7op,0.88,7.0,7.3,2,bG,0.82,3.4,3.8
2025 FIS FREESTYLE SKI NORAM CUP,2025-03-07,VAL ST COME (CAN),Men's Moguls,QUALIFICATION RUN 1 RESULTS Qualification,PARADIS Louis,2534246,CAN,12,69.36,14.29,42.1,12.97,1,bF,0.88,6.8,7.7,2,7op,0.88,7.5,7.5
2025 FIS FREESTYLE SKI NORAM CUP,2025-03-07,VAL ST COME (CAN),Men's Moguls,QUALIFICATION RUN 1 RESULTS Qualification,BILLEISEN Peyton,2538057,USA,24,62.69,14.82,34.7,13.17,1,7oG,1.01,6.4,7.5,2,7op,0.88,6.8,7.2
2025 FIS FREESTYLE SKI NORAM CUP,2025-03-07,VAL ST COME (CAN),Men's Moguls,QUALIFICATION RUN 1 RESULTS Qualification,SAUVAGEAU Jeremy,2538702,CAN,18,65.63,13.85,39.9,11.88,1,bdF,1.05,6.0,6.0,2,7op,0.88,6.2,6.5
2025 FIS FREESTYLE SKI NORAM CUP,2025-03-07,VAL ST COME (CAN),Men's Moguls,QUALIFICATION RUN 1 RESULTS Qualification,THRUSH Ben,2540030,USA,29,60.92,14.5,34.9,11.52,1,bF,0.88,6.7,7.0,2,7op,0.88,6.0,6.5
2025 FIS FREESTYLE SKI NORAM CUP,2025-03-07,VAL ST COME (CAN),Men's Moguls,QUALIFICATION RUN 1 RESULTS Qualification,SMITH Michael,2539300,CAN,43,31.25,7.64,13.5,10.11,1,7op,0.88,6.5,6.8,2,bp,0.71,6.0,6.0
2024 FIS FREESTYLE NORAM CUP,2024-02-07,DEER VALLEY RESORT (USA),Women's Moguls,QUALIFICATION RUN 1 RESULTS Final 1,MAURAIS Olivia,2538814,USA,3,68.12,13.5,42.5,12.12,1,bp,0.81,6.8,6.8,2,bG,0.92,7.1,7.3
2024 FIS FREESTYLE NORAM CUP,2024-02-07,DEER VALLEY RESORT (USA),Women's Moguls,QUALIFICATION RUN 1 RESULTS Qualification,WILSON Charlotte,2535796,AUS,13,55.04,10.82,36.0,8.22,1,S,0.48,5.0,5.7,2,bG,0.92,6.0,6.3
2024 FIS FREESTYLE NORAM CUP,2024-02-07,DEER VALLEY RESORT (USA),Women's Moguls,QUALIFICATION RUN 1 RESULTS Qualification,CIAGLO Megan,2537409,USA,37,9.61,1.88,1.2,6.53,1,bG,0.92,4.1,3.8,2,S,0.48,6.1,6.0
2025 FIS FREESTYLE NORAM CUP,2025-03-01,STRATTON MOUNTAIN RESORT (USA),Women's Moguls,QUALIFICATION RUN 1 RESULTS Qualification,SEVERE Rianna,2537782,USA,44,5.69,3.01,0.3,2.38,1,bT,0.78,1.0,1.0,2,S,0.48,2.8,3.9
2025 FIS FREESTYLE NORAM CUP,2025-03-01,STRATTON MOUNTAIN RESORT (USA),Men's Moguls,QUALIFICATION RUN 1 RESULTS Final 2,HUFF Porter,2538994,USA,3,80.09,16.57,48.3,15.22,1,7op,0.88,7.4,8.5,2,7oG,1.01,8.4,7.9
2025 FIS FREESTYLE NORAM CUP,2025-03-01,STRATTON MOUNTAIN RESORT (USA),Men's Moguls,QUALIFICATION RUN 1 RESULTS Qualification,ROWLEY Tristan,2535799,AUS,12,72.84,13.15,44.6,15.09,1,7op,0.88,7.4,8.1,2,7oG,1.01,8.2,8.2
2025 FIS FREESTYLE NORAM CUP,2025-03-01,STRATTON MOUNTAIN RESORT (USA),Men's Moguls,QUALIFICATION RUN 1 RESULTS Qualification,BURNYEAT Brian,2538225,CAN,42,61.68,12.01,36.7,12.97,1,bF,0.88,7.6,7.9,2,7op,0.88,7.0,7.0
2025 FIS FREESTYLE SKI NORAM CUP,2025-02-22,APEX MOUNTAIN (CAN),Men's Moguls,OVERALL RESULTS - - Partial,SIEFKEN Liam,2538939,USA,23,71.17,14.03,46.0,11.14,1,bG,0.82,7.0,7.3,2,bp,0.71,7.2,7.7
2025 FIS FREESTYLE SKI NORAM CUP,2025-03-07,VAL ST COME (CAN),Men's Moguls,QUALIFICATION RUN 1 RESULTS Final 1,MARCELLINI Dylan,2534089,USA,1,76.93,14.82,46.8,15.31,1,7oG,1.01,7.9,7.8,2,7op,0.88,8.4,8.4
2025 FIS FREESTYLE SKI NORAM CUP,2025-03-07,VAL ST COME (CAN),Men's Moguls,QUALIFICATION RUN 1 RESULTS Final 1,KOEHLER Bradley,2539395,CAN,4,70.73,12.77,43.7,14.26,1,7op,0.88,7.6,7.4,2,7oG,1.01,7.6,7.6
2025 FIS FREESTYLE SKI NORAM CUP,2025-03-07,VAL ST COME (CAN),Men's Moguls,QUALIFICATION RUN 1 RESULTS Qualification,DROUIN Xavier,2535639,CAN,3,74.53,13.24,47.9,13.39,1,7op,0.88,6.2,7.5,2,7oG,1.01,6.8,7.8
2025 FIS FREESTYLE SKI NORAM CUP,2025-03-07,VAL ST COME (CAN),Men's Moguls,QUALIFICATION RUN 1 RESULTS Qualification,ROY Jeremie,2535640,CAN,37,51.91,14.91,25.5,11.5,1,7op,0.88,5.8,6.0,2,7oG,1.01,6.2,6.3
2024 FIS FREESTYLE NORAM CUP,2024-02-07,DEER VALLEY RESORT (USA),Women's Moguls,QUALIFICATION RUN 1 RESULTS Final 1,SLETTENE Skylar,2535377,USA,9,63.85,13.35,38.9,11.6,1,bG,0.92,6.1,6.2,2,bp,0.81,7.2,7.5
2024 FIS FREESTYLE NORAM CUP,2024-02-07,DEER VALLEY RESORT (USA),Women's Moguls,QUALIFICATION RUN 1 RESULTS Final 1,DWINELL Zoe,2535605,USA,12,57.47,12.75,33.5,11.22,1,bF,0.98,5.8,5.3,2,bp,0.81,7.3,7.0
2024 FIS FREESTYLE NORAM CUP,2024-02-07,DEER VALLEY RESORT (USA),Women's Moguls,QUALIFICATION RUN 1 RESULTS Qualification,CHAPDELAINE Reese,2535616,USA,6,61.9,12.34,38.0,11.56,1,bG,0.92,6.9,6.2,2,bp,0.81,6.8,6.9
2024 FIS FREESTYLE NORAM CUP,2024-02-07,DEER VALLEY RESORT (USA),Women's Moguls,QUALIFICATION RUN 1 RESULTS Qualification,GODBOUT Rowanne,2535638,CAN,29,42.17,4.62,27.0,10.55,1,bT,0.78,6.1,5.4,2,bG,0.92,6.7,6.5
2025 FIS FREESTYLE NORAM CUP,2025-03-01,STRATTON MOUNTAIN RESORT (USA),Women's Moguls,QUALIFICATION RUN 1 RESULTS Qualification,BOSCO Emma,2532927,AUS,7,67.86,12.68,42.5,12.68,1,bG,0.92,6.2,7.3,2,bL,0.81,7.9,8.1
2025 FIS FREESTYLE NORAM CUP,2025-03-01,STRATTON MOUNTAIN RESORT (USA),Women's Moguls,QUALIFICATION RUN 1 RESULTS Qualification,TORRES Mahlia,2539971,USA,19,63.77,12.55,43.8,7.42,1,S,0.48,6.0,6.9,2,bp,0.81,5.4,5.3
2025 FIS FREESTYLE NORAM CUP,2025-03-01,STRATTON MOUNTAIN RESORT (USA),Women's Moguls,QUALIFICATION RUN 1 RESULTS Qualification,LAROCHE Florence,2538248,CAN,1,72.35,14.01,44.9,13.44,1,bG,0.92,7.0,7.8,2,bp,0.81,8.4,8.0
2025 FIS FREESTYLE NORAM CUP,2025-03-01,STRATTON MOUNTAIN RESORT (USA),Women's Moguls,QUALIFICATION RUN 1 RESULTS Qualification,LEMNAH Reese,2538300,USA,27,58.6,11.19,38.6,8.81,1,3,0.78,5.0,6.0,2,bT,0.78,5.4,6.2
2025 FIS FREESTYLE NORAM CUP,2025-03-01,STRATTON MOUNTAIN RESORT (USA),Women's Moguls,QUALIFICATION RUN 1 RESULTS Qualification,MICHAUD Dory,2537578,USA,43,8.98,0.82,1.6,6.56,1,bp,0.81,4.7,6.0,2,S,0.48,4.4,4.9
2025 FIS FREESTYLE NORAM CUP,2025-03-01,STRATTON MOUNTAIN RESORT (USA),Men's Moguls,QUALIFICATION RUN 1 RESULTS Final 1,COHEN Jiah,2538079,USA,5,78.52,14.26,49.1,15.16,1,7op,0.88,7.7,8.3,2,7oG,1.01,8.1,8.0
2025 FIS FREESTYLE NORAM CUP,2025-03-01,STRATTON MOUNTAIN RESORT (USA),Men's Moguls,QUALIFICATION RUN 1 RESULTS Final 1,FUGERE Simon,2538852,CAN,6,78.06,15.75,49.7,12.61,1,bF,0.88,6.9,6.1,2,7op,0.88,7.6,8.1
2025 FIS FREESTYLE NORAM CUP,2025-03-01,STRATTON MOUNTAIN RESORT (USA),Men's Moguls,QUALIFICATION RUN 1 RESULTS Qualification,DOOLEY Thomas,2537599,IRL,34,65.27,11.24,43.3,10.73,1,bT,0.68,7.6,8.4,2,3,0.68,7.1,8.5
2025 FIS FREESTYLE NORAM CUP,2025-03-01,STRATTON MOUNTAIN RESORT (USA),Men's Moguls,QUALIFICATION RUN 1 RESULTS Qualification,HUFF Porter,2538994,USA,9,73.65,14.79,44.5,14.36,1,7op,0.88,8.0,8.0,2,7oG,1.01,7.5,7.0
2025 FIS FREESTYLE NORAM CUP,2025-03-01,STRATTON MOUNTAIN RESORT (USA),Men's Moguls,QUALIFICATION RUN 1 RESULTS Qualification,BOONE Stephen,2537882,USA,11,72.9,15.09,44.1,13.71,1,7op,0.88,7.0,8.0,2,7oG,1.01,7.2,6.9
2025 FIS FREESTYLE NORAM CUP,2025-03-01,STRATTON MOUNTAIN RESORT (USA),Men's Moguls,QUALIFICATION RUN 1 RESULTS Qualification,SAUVAGEAU Jeremy,2538702,CAN,2,77.49,13.47,50.4,13.62,1,bdF,1.05,6.0,6.8,2,7op,0.88,7.9,7.8
2025 FIS FREESTYLE NORAM CUP,2025-03-01,STRATTON MOUNTAIN RESORT (USA),Men's Moguls,QUALIFICATION RUN 1 RESULTS Qualification,CAREY Cole,2537322,CAN,7,76.44,15.23,46.7,14.51,1,bF,0.88,8.8,8.2,2,7op,0.88,8.1,7.9
2025 FIS FREESTYLE SKI NORAM CUP,2025-02-22,APEX MOUNTAIN (CAN),Men's Moguls,OVERALL RESULTS - - Partial,ROWLEY Tristan,2535799,AUS,10,76.89,13.13,47.7,16.06,1,bF,0.88,8.2,8.6,2,7oG,1.01,8.3,8.9
2025 FIS FREESTYLE SKI NORAM CUP,2025-02-22,APEX MOUNTAIN (CAN),Men's Moguls,OVERALL RESULTS - - Partial,HUGHES Riley,2538811,USA,24,70.27,13.42,44.8,12.05,1,7op,0.88,5.5,4.8,2,7oG,1.01,8.0,6.9
2025 FIS FREESTYLE SKI NORAM CUP,2025-03-07,VAL ST COME (CAN),Men's Moguls,QUALIFICATION RUN 1 RESULTS Final 1,HUFF Porter,2538994,USA,6,70.18,14.29,40.8,15.09,1,7op,0.88,7.8,7.7,2,7oG,1.01,8.1,8.3
2025 FIS FREESTYLE SKI NORAM CUP,2025-03-07,VAL ST COME (CAN),Men's Moguls,QUALIFICATION RUN 1 RESULTS Final 1,CROCKETT Jackson,2534116,USA,9,68.51,15.25,37.6,15.66,1,7oG,1.01,8.2,8.0,2,7op,0.88,8.5,8.5
2025 FIS FREESTYLE SKI NORAM CUP,2025-03-07,VAL ST COME (CAN),Men's Moguls,QUALIFICATION RUN 1 RESULTS Final 1,UNGER Quinn,2538999,CAN,11,67.74,12.77,41.5,13.47,1,7oG,1.01,7.5,7.8,2,bp,0.71,8.0,8.2
2024 FIS FREESTYLE NORAM CUP,2024-02-07,DEER VALLEY RESORT (USA),Women's Moguls,QUALIFICATION RUN 1 RESULTS Final 1,HOGG Kasey,2534251,USA,6,65.68,13.91,39.4,12.37,1,bp,0.81,6.4,6.1,2,bG,0.92,8.2,7.7
2024 FIS FREESTYLE NORAM CUP,2024-02-07,DEER VALLEY RESORT (USA),Women's Moguls,QUALIFICATION RUN 1 RESULTS Qualification,DREITLEIN Katie,2538890,USA,36,26.34,6.74,11.9,7.7,1,3,0.78,4.1,5.5,2,bp,0.81,4.8,5.0
2024 FIS FREESTYLE NORAM CUP,2024-02-07,DEER VALLEY RESORT (USA),Women's Moguls,QUALIFICATION RUN 1 RESULTS Qualification,MONT Isabel,2538812,USA,21,47.49,8.42,32.5,6.57,1,bT,0.78,3.9,3.0,2,bp,0.81,4.3,5.3
2024 FIS FREESTYLE NORAM CUP,2024-02-07,DEER VALLEY RESORT (USA),Women's Moguls,QUALIFICATION RUN 1 RESULTS Qualification,LODGE Lottie,2538154,AUS,18,50.96,11.1,32.5,7.36,1,S,0.48,5.0,5.2,2,bG,0.92,5.8,4.9
2024 FIS FREESTYLE NORAM CUP,2024-02-07,DEER VALLEY RESORT (USA),Women's Moguls,QUALIFICATION RUN 1 RESULTS Qualification,BABCOCK Tillie,2537846,USA,30,41.92,8.94,24.2,8.78,1,bp,0.81,4.4,4.7,2,fT,0.78,6.4,6.7
2025 FIS FREESTYLE NORAM CUP,2025-03-01,STRATTON MOUNTAIN RESORT (USA),Women's Moguls,QUALIFICATION RUN 1 RESULTS Final 1,GODBOUT Rowanne,2535638,CAN,12,65.96,11.79,42.2,11.97,1,bp,0.81,5.4,6.7,2,bG,0.92,7.6,7.8
2025 FIS FREESTYLE NORAM CUP,2025-03-01,STRATTON MOUNTAIN RESORT (USA),Women's Moguls,QUALIFICATION RUN 1 RESULTS Qualification,CIAGLO Megan,2537409,USA,13,66.09,12.86,40.8,12.43,1,bG,0.92,7.0,7.0,2,bp,0.81,8.0,6.8
2025 FIS FREESTYLE NORAM CUP,2025-03-01,STRATTON MOUNTAIN RESORT (USA),Women's Moguls,QUALIFICATION RUN 1 RESULTS Qualification,BOYCHUK Citrine,2539124,CAN,14,65.83,12.34,40.6,12.89,1,bG,0.92,5.9,6.4,2,bp,0.81,8.9,9.0
2025 FIS FREESTYLE NORAM CUP,2025-03-01,STRATTON MOUNTAIN RESORT (USA),Women's Moguls,QUALIFICATION RUN 1 RESULTS Qualification,DUDA Jessica,2537528,USA,22,62.04,13.65,37.2,11.19,1,bG,0.92,5.7,6.5,2,bp,0.81,7.1,6.7
2025 FIS FREESTYLE NORAM CUP,2025-03-01,STRATTON MOUNTAIN RESORT (USA),Women's Moguls,QUALIFICATION RUN 1 RESULTS Qualification,AYAD Anabel,2537580,USA,6,68.74,13.47,43.0,12.27,1,bG,0.92,6.7,6.7,2,bp,0.81,7.5,7.6
2025 FIS FREESTYLE NORAM CUP,2025-03-01,STRATTON MOUNTAIN RESORT (USA),Women's Moguls,QUALIFICATION RUN 1 RESULTS Qualification,MIKKELSEN Maya,2534235,CAN,10,67.02,12.83,42.5,11.69,1,bG,0.92,5.8,5.9,2,bp,0.81,7.6,8.0
2025 FIS FREESTYLE NORAM CUP,2025-03-01,STRATTON MOUNTAIN RESORT (USA),Men's Moguls,QUALIFICATION RUN 1 RESULTS Final 1,HUFF Porter,2538994,USA,4,79.25,15.78,49.2,14.27,1,7op,0.88,7.7,8.0,2,7oG,1.01,7.6,7.0
2025 FIS FREESTYLE NORAM CUP,2025-03-01,STRATTON MOUNTAIN RESORT (USA),Men's Moguls,QUALIFICATION RUN 1 RESULTS Final 2,CROCKETT Jackson,2534116,USA,4,79.04,15.0,49.1,14.94,1,7oG,1.01,7.5,7.9,2,7op,0.88,8.0,8.3
2025 FIS FREESTYLE NORAM CUP,2025-03-01,STRATTON MOUNTAIN RESORT (USA),Men's Moguls,QUALIFICATION RUN 1 RESULTS Qualification,DAY Sawyer,2537715,CAN,33,65.91,12.79,42.1,11.02,1,7op,0.88,5.1,5.9,2,bG,0.82,7.3,7.8
2025 FIS FREESTYLE NORAM CUP,2025-03-01,STRATTON MOUNTAIN RESORT (USA),Men's Moguls,QUALIFICATION RUN 1 RESULTS Qualification,KOEHLER Bradley,2539395,CAN,8,74.47,15.5,44.5,14.47,1,7op,0.88,7.2,7.0,2,7oG,1.01,7.8,8.5
2025 FIS FREESTYLE NORAM CUP,2025-03-01,STRATTON MOUNTAIN RESORT (USA),Men's Moguls,QUALIFICATION RUN 1 RESULTS Qualification,DUFOUR Alexis,2539666,CAN,37,64.35,12.65,40.8,10.9,1,bF,0.88,4.9,4.9,2,bG,0.82,8.2,7.9
2025 FIS FREESTYLE NORAM CUP,2025-03-01,STRATTON MOUNTAIN RESORT (USA),Men's Moguls,QUALIFICATION RUN 1 RESULTS Qualification,LIVISSIANOS Mac,2535793,AUS,16,72.09,13.53,47.7,10.86,1,7op,0.88,6.6,6.1,2,bp,0.71,7.3,7.6
2025 FIS FREESTYLE NORAM CUP,2025-03-01,STRATTON MOUNTAIN RESORT (USA),Men's Moguls,QUALIFICATION RUN 1 RESULTS Qualification,LATULIPPE Charles,2538782,CAN,50,29.63,7.76,14.9,6.97,1,bF,0.88,7.0,7.6,2,7oG,1.01,1.0,0.1
2025 FIS FREESTYLE NORAM CUP,2025-03-01,STRATTON MOUNTAIN RESORT (USA),Men's Moguls,QUALIFICATION RUN 1 RESULTS Qualification,LEFEBVRE Emeric,2538858,CAN,38,64.03,12.37,40.8,10.86,1,bF,0.88,6.5,7.3,2,7oG,1.01,4.5,5.0
2025 FIS FREESTYLE SKI NORAM CUP,2025-02-22,APEX MOUNTAIN (CAN),Men's Moguls,OVERALL RESULTS - - Partial,UNGER Quinn,2538999,CAN,20,72.12,13.99,45.6,12.53,1,7op,0.88,7.0,6.8,2,7oG,1.01,7.1,5.7
2025 FIS FREESTYLE SKI NORAM CUP,2025-02-22,APEX MOUNTAIN (CAN),Men's Moguls,OVERALL RESULTS - - Partial,HUFF Porter,2538994,USA,1,79.36,15.23,49.4,14.73,1,7op,0.88,7.9,7.0,2,7oG,1.01,7.8,8.4
2025 FIS FREESTYLE SKI NORAM CUP,2025-02-22,APEX MOUNTAIN (CAN),Men's Moguls,OVERALL RESULTS - - Partial,CROCKETT Jackson,2534116,USA,5,78.7,14.92,48.6,15.18,1,10op,1.05,7.3,7.8,2,7op,0.88,8.3,8.2
2024 FIS FREESTYLE NORAM CUP,2024-02-07,DEER VALLEY RESORT (USA),Women's Moguls,QUALIFICATION RUN 1 RESULTS Final 1,LAROCHE Florence,2538248,CAN,15,27.16,11.83,3.7,11.63,1,bG,0.92,6.1,6.6,2,bp,0.81,7.2,7.1
2024 FIS FREESTYLE NORAM CUP,2024-02-07,DEER VALLEY RESORT (USA),Women's Moguls,QUALIFICATION RUN 1 RESULTS Qualification,BUCKMASTER Alicia,2537763,USA,33,37.33,10.4,17.2,9.73,1,bp,0.81,6.0,5.2,2,bG,0.92,5.7,5.6
2025 FIS FREESTYLE NORAM CUP,2025-03-01,STRATTON MOUNTAIN RESORT (USA),Women's Moguls,QUALIFICATION RUN 1 RESULTS Qualification,CLEGG Sina,2538200,CAN,9,67.33,13.57,41.6,12.16,1,bG,0.92,6.8,7.6,2,bp,0.81,7.5,6.2
2025 FIS FREESTYLE NORAM CUP,2025-03-01,STRATTON MOUNTAIN RESORT (USA),Women's Moguls,QUALIFICATION RUN 1 RESULTS Qualification,GODBOUT Rowanne,2535638,CAN,11,66.29,11.5,41.2,13.59,1,bp,0.81,6.9,6.6,2,bG,0.92,8.9,8.8
2025 FIS FREESTYLE NORAM CUP,2025-03-01,STRATTON MOUNTAIN RESORT (USA),Women's Moguls,QUALIFICATION RUN 1 RESULTS Qualification,COOTE Xanthia,2538150,AUS,3,70.1,12.73,45.7,11.67,1,bG,0.92,5.2,6.2,2,bp,0.81,8.3,7.6
2025 FIS FREESTYLE NORAM CUP,2025-03-01,STRATTON MOUNTAIN RESORT (USA),Men's Moguls,QUALIFICATION RUN 1 RESULTS Qualification,COHEN Jiah,2538079,USA,6,76.53,14.14,48.2,14.19,1,7op,0.88,7.0,7.7,2,7oG,1.01,7.2,8.1
2025 FIS FREESTYLE NORAM CUP,2025-03-01,STRATTON MOUNTAIN RESORT (USA),Men's Moguls,QUALIFICATION RUN 1 RESULTS Qualification,BOUGIE Jean-,2538309,CAN,17,71.94,12.29,45.1,14.55,1,bF,0.88,8.6,8.9,2,7op,0.88,8.0,7.6
2025 FIS FREESTYLE NORAM CUP,2025-03-01,STRATTON MOUNTAIN RESORT (USA),Men's Moguls,QUALIFICATION RUN 1 RESULTS Qualification,LEWIS Camden,2539248,USA,13,72.62,13.01,45.1,14.51,1,7oG,1.01,7.4,8.6,2,bG,0.82,7.7,8.0
2025 FIS FREESTYLE NORAM CUP,2025-03-01,STRATTON MOUNTAIN RESORT (USA),Men's Moguls,QUALIFICATION RUN 1 RESULTS Qualification,ROY Jeremie,2535640,CAN,40,63.01,11.1,38.5,13.41,1,7op,0.88,7.0,7.1,2,7oG,1.01,6.7,7.6
2025 FIS FREESTYLE SKI NORAM CUP,2025-03-07,VAL ST COME (CAN),Men's Moguls,QUALIFICATION RUN 1 RESULTS Qualification,TOBEY Gavin,2535388,USA,6,71.82,16.29,43.1,12.43,1,7op,0.88,6.2,6.7,2,bG,0.82,8.1,8.4
2025 FIS FREESTYLE SKI NORAM CUP,2025-03-07,VAL ST COME (CAN),Men's Moguls,QUALIFICATION RUN 1 RESULTS Qualification,SAUVE Mavrick,2538593,CAN,17,65.99,12.33,39.8,13.86,1,bF,0.88,8.0,7.5,2,7op,0.88,8.0,8.0
2025 FIS FREESTYLE SKI NORAM CUP,2025-03-07,VAL ST COME (CAN),Men's Moguls,QUALIFICATION RUN 1 RESULTS Qualification,JOHNSON Gabriel,2537675,USA,33,58.76,16.75,30.1,11.91,1,7oG,1.01,7.6,6.8,2,bp,0.71,6.8,6.3
2024 FIS FREESTYLE NORAM CUP,2024-02-07,DEER VALLEY RESORT (USA),Women's Moguls,QUALIFICATION RUN 1 RESULTS Final 1,LINTON Jessica,2533613,CAN,5,66.91,14.28,40.6,12.03,1,bG,0.92,8.0,7.6,2,bp,0.81,6.2,5.8
2024 FIS FREESTYLE NORAM CUP,2024-02-07,DEER VALLEY RESORT (USA),Women's Moguls,QUALIFICATION RUN 1 RESULTS Qualification,WAKIM Kareema,2537719,AUS,24,45.47,8.33,29.3,7.84,1,S,0.48,4.4,4.4,2,bT,0.78,7.3,7.4
2025 FIS FREESTYLE NORAM CUP,2025-03-01,STRATTON MOUNTAIN RESORT (USA),Women's Moguls,QUALIFICATION RUN 1 RESULTS Final 2,COOTE Xanthia,2538150,AUS,6,42.8,11.93,24.0,6.87,1,bG,0.92,6.8,7.1,2,S,0.48,1.0,1.0
2025 FIS FREESTYLE NORAM CUP,2025-03-01,STRATTON MOUNTAIN RESORT (USA),Women's Moguls,QUALIFICATION RUN 1 RESULTS Qualification,LOEWEN Aria,2539353,CAN,32,47.59,8.77,29.3,9.52,1,bG,0.92,5.2,4.7,2,bp,0.81,6.4,5.9
2025 FIS FREESTYLE NORAM CUP,2025-03-01,STRATTON MOUNTAIN RESORT (USA),Women's Moguls,QUALIFICATION RUN 1 RESULTS Qualification,MACUGA Alli,2534186,USA,2,71.14,14.72,44.5,11.92,1,7op,0.98,6.4,5.8,2,bp,0.81,7.9,6.8
2025 FIS FREESTYLE NORAM CUP,2025-03-01,STRATTON MOUNTAIN RESORT (USA),Men's Moguls,QUALIFICATION RUN 1 RESULTS Qualification,CLARK Mason,2537640,USA,47,49.63,15.89,26.2,7.54,1,bG,0.82,6.0,7.0,2,lG,0.82,3.2,2.2
2025 FIS FREESTYLE NORAM CUP,2025-03-01,STRATTON MOUNTAIN RESORT (USA),Men's Moguls,QUALIFICATION RUN 1 RESULTS Qualification,THRUSH Ben,2540030,USA,51,25.43,5.62,14.8,5.01,1,bF,0.88,0.5,0.5,2,bp,0.71,7.0,5.9
2025 FIS FREESTYLE NORAM CUP,2025-03-01,STRATTON MOUNTAIN RESORT (USA),Men's Moguls,QUALIFICATION RUN 1 RESULTS Qualification,BLANCHARD Elwan,2539667,CAN,21,70.4,13.74,45.6,11.06,1,7op,0.88,6.8,6.8,2,bG,0.82,6.0,6.4
2025 FIS FREESTYLE NORAM CUP,2025-03-01,STRATTON MOUNTAIN RESORT (USA),Men's Moguls,QUALIFICATION RUN 1 RESULTS Qualification,KUST Jameson,2538096,USA,43,57.26,13.71,31.9,11.65,1,bF,0.88,6.4,6.4,2,7op,0.88,6.7,7.0
2025 FIS FREESTYLE SKI NORAM CUP,2025-03-07,VAL ST COME (CAN),Men's Moguls,QUALIFICATION RUN 1 RESULTS Final 1,DAY Sawyer,2537715,CAN,14,65.57,11.12,40.7,13.75,1,7op,0.88,8.1,7.9,2,bG,0.82,8.2,8.2
2025 FIS FREESTYLE SKI NORAM CUP,2025-03-07,VAL ST COME (CAN),Men's Moguls,QUALIFICATION RUN 1 RESULTS Qualification,PARSONS Graden,2539000,CAN,26,62.24,13.35,37.5,11.39,1,bF,0.88,7.0,7.4,2,7op,0.88,5.2,6.3
2025 FIS FREESTYLE SKI NORAM CUP,2025-03-07,VAL ST COME (CAN),Men's Moguls,QUALIFICATION RUN 1 RESULTS Qualification,LIVISSIANOS Mac,2535793,AUS,27,61.36,12.55,37.2,11.61,1,bF,0.88,7.0,7.4,2,7op,0.88,6.0,6.0
2024 FIS FREESTYLE NORAM CUP,2024-02-07,DEER VALLEY RESORT (USA),Women's Moguls,QUALIFICATION RUN 1 RESULTS Final 1,MIKKELSEN Maya,2534235,CAN,1,71.84,14.8,44.3,12.74,1,bG,0.92,8.2,7.9,2,bp,0.81,6.4,6.8
2024 FIS FREESTYLE NORAM CUP,2024-02-07,DEER VALLEY RESORT (USA),Women's Moguls,QUALIFICATION RUN 1 RESULTS Qualification,UNG Danielle,2538315,CAN,31,38.85,5.94,28.9,4.01,1,S,0.48,4.2,4.7,2,TS,0.59,3.1,3.3
2024 FIS FREESTYLE NORAM CUP,2024-02-07,DEER VALLEY RESORT (USA),Women's Moguls,QUALIFICATION RUN 1 RESULTS Qualification,KOEHLER Ashley,2534528,CAN,32,38.53,9.23,20.3,9.0,1,bT,0.78,5.1,5.5,2,bG,0.92,5.0,5.6
2024 FIS FREESTYLE NORAM CUP,2024-02-07,DEER VALLEY RESORT (USA),Women's Moguls,QUALIFICATION RUN 1 RESULTS Qualification,BOSCO Emma,2532927,AUS,2,62.64,11.82,39.4,11.42,1,bG,0.92,6.7,6.6,2,bL,0.81,6.0,7.1
2024 FIS FREESTYLE NORAM CUP,2024-02-07,DEER VALLEY RESORT (USA),Women's Moguls,QUALIFICATION RUN 1 RESULTS Qualification,AYAD Anabel,2537580,USA,3,62.58,11.49,39.7,11.39,1,bG,0.92,6.8,6.8,2,bp,0.81,6.5,6.2
2024 FIS FREESTYLE NORAM CUP,2024-02-07,DEER VALLEY RESORT (USA),Men's Moguls,QUALIFICATION RUN 1 RESULTS Final 1,CORDELL Sam,2532530,CAN,4,76.32,13.75,48.0,14.57,1,7oG,1.01,7.4,7.1,2,bG,0.82,9.0,8.7
2025 FIS FREESTYLE NORAM CUP,2025-03-01,STRATTON MOUNTAIN RESORT (USA),Women's Moguls,QUALIFICATION RUN 1 RESULTS Final 2,MIKKELSEN Maya,2534235,CAN,2,71.9,13.55,46.0,12.35,1,bG,0.92,6.7,6.8,2,bp,0.81,7.9,7.3
2025 FIS FREESTYLE NORAM CUP,2025-03-01,STRATTON MOUNTAIN RESORT (USA),Women's Moguls,QUALIFICATION RUN 1 RESULTS Final 2,SLETTENE Skylar,2535377,USA,3,70.03,14.31,43.0,12.72,1,bG,0.92,6.8,6.8,2,bp,0.81,7.9,8.1
2025 FIS FREESTYLE NORAM CUP,2025-03-01,STRATTON MOUNTAIN RESORT (USA),Women's Moguls,QUALIFICATION RUN 1 RESULTS Qualification,BOYCHUK Jada,2537639,CAN,41,18.19,0.0,11.8,6.39,1,bG,0.92,5.8,6.5,2,bT,0.78,1.2,0.7
2025 FIS FREESTYLE NORAM CUP,2025-03-01,STRATTON MOUNTAIN RESORT (USA),Women's Moguls,QUALIFICATION RUN 1 RESULTS Qualification,FOREST Raphaelle,2539684,CAN,28,55.99,11.37,34.9,9.72,1,bL,0.81,6.0,5.7,2,fT,0.78,6.8,6.0
2025 FIS FREESTYLE NORAM CUP,2025-03-01,STRATTON MOUNTAIN RESORT (USA),Women's Moguls,QUALIFICATION RUN 1 RESULTS Qualification,SATKIEWICZ Mia,2539495,USA,18,63.98,11.87,40.6,11.51,1,bG,0.92,6.9,6.6,2,bp,0.81,7.0,6.1
2025 FIS FREESTYLE NORAM CUP,2025-03-01,STRATTON MOUNTAIN RESORT (USA),Men's Moguls,QUALIFICATION RUN 1 RESULTS Final 1,BOONE Stephen,2537882,USA,10,75.35,13.38,48.4,13.57,1,7op,0.88,6.9,6.4,2,7oG,1.01,7.4,7.9
2025 FIS FREESTYLE NORAM CUP,2025-03-01,STRATTON MOUNTAIN RESORT (USA),Men's Moguls,QUALIFICATION RUN 1 RESULTS Final 1,CAREY Cole,2537322,CAN,7,76.91,13.21,49.1,14.6,1,bF,0.88,8.5,8.8,2,7op,0.88,7.7,8.2
2025 FIS FREESTYLE NORAM CUP,2025-03-01,STRATTON MOUNTAIN RESORT (USA),Men's Moguls,QUALIFICATION RUN 1 RESULTS Final 1,LEWIS Camden,2539248,USA,12,73.82,14.4,45.9,13.52,1,7oG,1.01,6.1,6.4,2,bG,0.82,8.6,9.0
2025 FIS FREESTYLE NORAM CUP,2025-03-01,STRATTON MOUNTAIN RESORT (USA),Men's Moguls,QUALIFICATION RUN 1 RESULTS Qualification,SAUVE Mavrick,2538593,CAN,4,77.29,13.12,48.7,15.47,1,bF,0.88,8.9,8.6,2,7op,0.88,8.6,9.1
2025 FIS FREESTYLE NORAM CUP,2025-03-01,STRATTON MOUNTAIN RESORT (USA),Men's Moguls,QUALIFICATION RUN 1 RESULTS Qualification,TURGEON Alexy,2539678,CAN,20,70.5,14.19,44.0,12.31,1,bF,0.88,8.0,7.6,2,7op,0.88,6.4,6.0
2025 FIS FREESTYLE NORAM CUP,2025-03-01,STRATTON MOUNTAIN RESORT (USA),Men's Moguls,QUALIFICATION RUN 1 RESULTS Qualification,ALVA Isaac,2537920,USA,30,67.31,12.37,45.9,9.04,1,bT,0.68,5.8,7.1,2,7op,0.88,6.0,4.6
2025 FIS FREESTYLE NORAM CUP,2025-03-01,STRATTON MOUNTAIN RESORT (USA),Men's Moguls,QUALIFICATION RUN 1 RESULTS Qualification,BARTZIOKAS Justin,2539086,CAN,44,57.22,11.15,39.7,6.37,1,bF,0.88,5.2,4.6,2,bT,0.68,3.5,2.6
2025 FIS FREESTYLE SKI NORAM CUP,2025-02-22,APEX MOUNTAIN (CAN),Men's Moguls,OVERALL RESULTS - - Partial,DROUIN Xavier,2535639,CAN,11,75.75,13.91,48.9,12.94,1,7op,0.88,6.9,6.8,2,7oG,1.01,6.7,7.0
2025 FIS FREESTYLE SKI NORAM CUP,2025-02-22,APEX MOUNTAIN (CAN),Men's Moguls,OVERALL RESULTS - - Partial,LATULIPPE Charles,2538782,CAN,29,68.09,13.43,43.8,10.86,1,bF,0.88,6.9,6.8,2,7op,0.88,6.0,5.0
2025 FIS FREESTYLE SKI NORAM CUP,2025-02-22,APEX MOUNTAIN (CAN),Men's Moguls,OVERALL RESULTS - - Partial,THRUSH Ben,2540030,USA,16,73.36,13.4,47.3,12.66,1,bF,0.88,7.0,7.6,2,7op,0.88,7.2,7.0
2025 FIS FREESTYLE SKI NORAM CUP,2025-03-07,VAL ST COME (CAN),Men's Moguls,QUALIFICATION RUN 1 RESULTS Final 1,PARADIS Louis,2534246,CAN,13,66.42,12.06,42.4,11.96,1,bF,0.88,6.4,7.2,2,7op,0.88,6.8,6.8
2025 FIS FREESTYLE SKI NORAM CUP,2025-03-07,VAL ST COME (CAN),Men's Moguls,QUALIFICATION RUN 1 RESULTS Qualification,MICKEL Freddie,2537221,USA,20,64.89,14.13,38.0,12.76,1,7oG,1.01,6.2,6.0,2,7op,0.88,7.5,7.5
2025 FIS FREESTYLE SKI NORAM CUP,2025-03-07,VAL ST COME (CAN),Men's Moguls,QUALIFICATION RUN 1 RESULTS Qualification,DUFOUR Alexis,2539666,CAN,16,66.57,13.68,41.0,11.89,1,bF,0.88,7.5,8.0,2,bp,0.71,7.0,7.3
2025 FIS FREESTYLE SKI NORAM CUP,2025-03-07,VAL ST COME (CAN),Men's Moguls,QUALIFICATION RUN 1 RESULTS Qualification,DOOLEY Thomas,2537599,IRL,40,38.05,10.29,22.9,4.86,1,3,0.68,7.3,7.0,2,NJ,0.0,0.0,0.0
2024 FIS FREESTYLE NORAM CUP,2024-02-07,DEER VALLEY RESORT (USA),Women's Moguls,QUALIFICATION RUN 1 RESULTS Qualification,PEDERSON Emily,2538892,USA,34,34.86,6.33,22.1,6.43,1,3,0.78,3.9,4.2,2,bp,0.81,4.2,3.9
2024 FIS FREESTYLE NORAM CUP,2024-02-07,DEER VALLEY RESORT (USA),Men's Moguls,QUALIFICATION RUN 1 RESULTS Final 1,MICKEL Charlie,2537180,USA,3,77.01,14.17,48.2,14.64,1,7oG,1.01,8.4,7.9,2,7op,0.88,7.4,7.2
2025 FIS FREESTYLE NORAM CUP,2025-03-01,STRATTON MOUNTAIN RESORT (USA),Women's Moguls,QUALIFICATION RUN 1 RESULTS Qualification,DREITLEIN Katie,2538890,USA,35,43.34,11.3,22.0,10.04,1,bT,0.78,6.5,7.0,2,bG,0.92,5.3,5.1
2025 FIS FREESTYLE NORAM CUP,2025-03-01,STRATTON MOUNTAIN RESORT (USA),Women's Moguls,QUALIFICATION RUN 1 RESULTS Qualification,SPEIRS Indiana,2535889,AUS,17,64.18,10.52,41.9,11.76,1,bp,0.81,5.1,5.9,2,bG,0.92,8.0,7.9
2025 FIS FREESTYLE NORAM CUP,2025-03-01,STRATTON MOUNTAIN RESORT (USA),Women's Moguls,QUALIFICATION RUN 1 RESULTS Qualification,McLARNON Abby,2538430,USA,12,66.22,11.92,42.1,12.2,1,bG,0.92,6.5,7.0,2,bp,0.81,7.5,7.3
2025 FIS FREESTYLE NORAM CUP,2025-03-01,STRATTON MOUNTAIN RESORT (USA),Men's Moguls,QUALIFICATION RUN 1 RESULTS Final 2,BEAULIEU Charles,2535304,CAN,2,81.56,14.29,50.4,16.87,1,7oG,1.01,8.2,8.9,2,10op,1.05,7.8,7.9
2025 FIS FREESTYLE NORAM CUP,2025-03-01,STRATTON MOUNTAIN RESORT (USA),Men's Moguls,QUALIFICATION RUN 1 RESULTS Qualification,SIEFKEN Liam,2538939,USA,31,67.23,13.24,43.6,10.39,1,bG,0.82,6.7,8.0,2,bp,0.71,6.0,6.3
2025 FIS FREESTYLE NORAM CUP,2025-03-01,STRATTON MOUNTAIN RESORT (USA),Men's Moguls,QUALIFICATION RUN 1 RESULTS Qualification,RODMAN Slader,2538073,USA,32,66.46,12.38,41.0,13.08,1,7op,0.88,6.8,7.0,2,bG,0.82,8.5,8.6
2025 FIS FREESTYLE NORAM CUP,2025-03-01,STRATTON MOUNTAIN RESORT (USA),Men's Moguls,QUALIFICATION RUN 1 RESULTS Qualification,ROBERTS Charlie,2538584,CAN,18,71.85,14.25,44.7,12.9,1,7op,0.88,7.7,7.6,2,bp,0.71,9.0,8.4
2025 FIS FREESTYLE SKI NORAM CUP,2025-02-22,APEX MOUNTAIN (CAN),Men's Moguls,OVERALL RESULTS - - Partial,GENDRON Nate,2538060,USA,3,78.96,15.19,49.4,14.37,1,7op,0.88,7.9,7.8,2,7oG,1.01,7.7,7.1
2025 FIS FREESTYLE SKI NORAM CUP,2025-02-22,APEX MOUNTAIN (CAN),Men's Moguls,OVERALL RESULTS - - Partial,HILL Edward,2537720,AUS,36,45.17,12.64,23.5,9.03,1,bF,0.88,7.9,7.8,2,3p,0.71,2.9,3.1
2025 FIS FREESTYLE SKI NORAM CUP,2025-02-22,APEX MOUNTAIN (CAN),Men's Moguls,OVERALL RESULTS - - Partial,EGAN Jack,2538063,USA,13,74.56,15.64,46.4,12.52,1,7oG,1.01,7.0,7.9,2,bp,0.71,6.3,7.8
2025 FIS FREESTYLE SKI NORAM CUP,2025-03-07,VAL ST COME (CAN),Men's Moguls,QUALIFICATION RUN 1 RESULTS Final 1,DUFOUR Alexis,2539666,CAN,10,67.91,13.97,40.7,13.24,1,bF,0.88,7.8,7.5,2,bG,0.82,8.1,7.8
2025 FIS FREESTYLE SKI NORAM CUP,2025-03-07,VAL ST COME (CAN),Men's Moguls,QUALIFICATION RUN 1 RESULTS Qualification,MARCELLINI Dylan,2534089,USA,1,76.51,15.82,46.4,14.29,1,7oG,1.01,7.0,7.8,2,7op,0.88,7.5,8.0
2025 FIS FREESTYLE SKI NORAM CUP,2025-03-07,VAL ST COME (CAN),Men's Moguls,QUALIFICATION RUN 1 RESULTS Qualification,TURGEON Alexy,2539678,CAN,22,63.42,14.12,37.6,11.7,1,bF,0.88,7.0,7.0,2,7op,0.88,6.2,6.4
2025 FIS FREESTYLE SKI NORAM CUP,2025-03-07,VAL ST COME (CAN),Men's Moguls,QUALIFICATION RUN 1 RESULTS Qualification,HUFF Porter,2538994,USA,5,71.95,14.1,44.9,12.95,1,7op,0.88,5.5,6.5,2,7oG,1.01,7.4,7.8
2025 FIS FREESTYLE SKI NORAM CUP,2025-03-07,VAL ST COME (CAN),Men's Moguls,QUALIFICATION RUN 1 RESULTS Qualification,ROBERTS Charlie,2538584,CAN,31,60.39,14.98,34.1,11.31,1,7op,0.88,6.3,7.0,2,bp,0.71,7.2,8.2
2025 FIS FREESTYLE SKI NORAM CUP,2025-03-07,VAL ST COME (CAN),Men's Moguls,QUALIFICATION RUN 1 RESULTS Qualification,CROCKETT Jackson,2534116,USA,9,70.77,16.35,39.7,14.72,1,7oG,1.01,7.4,7.4,2,7op,0.88,8.1,8.4
2024 FIS FREESTYLE NORAM CUP,2024-02-07,DEER VALLEY RESORT (USA),Women's Moguls,QUALIFICATION RUN 1 RESULTS Final 1,CHAPDELAINE Reese,2535616,USA,4,67.24,14.19,42.0,11.05,1,bG,0.92,6.0,5.8,2,bp,0.81,6.8,7.1
2024 FIS FREESTYLE NORAM CUP,2024-02-07,DEER VALLEY RESORT (USA),Women's Moguls,QUALIFICATION RUN 1 RESULTS Final 2,KARIOTIS Kylie,2534866,USA,6,32.15,13.02,8.8,10.33,1,bG,0.92,6.6,6.2,2,bp,0.81,5.9,5.1
2024 FIS FREESTYLE NORAM CUP,2024-02-07,DEER VALLEY RESORT (USA),Women's Moguls,QUALIFICATION RUN 1 RESULTS Qualification,KARIOTIS Kylie,2534866,USA,5,62.0,12.91,40.2,8.89,1,bG,0.92,6.4,6.1,2,bp,0.81,3.9,3.9
2024 FIS FREESTYLE NORAM CUP,2024-02-07,DEER VALLEY RESORT (USA),Men's Moguls,QUALIFICATION RUN 1 RESULTS Final 1,MARLEY Garrett,2533394,USA,10,70.34,14.87,41.9,13.57,1,bG,0.82,7.4,7.7,2,7op,0.88,8.3,8.5
2025 FIS FREESTYLE NORAM CUP,2025-03-01,STRATTON MOUNTAIN RESORT (USA),Women's Moguls,QUALIFICATION RUN 1 RESULTS Final 2,AYAD Anabel,2537580,USA,4,68.9,13.36,43.3,12.24,1,bG,0.92,6.9,6.7,2,bp,0.81,7.0,7.8
2025 FIS FREESTYLE NORAM CUP,2025-03-01,STRATTON MOUNTAIN RESORT (USA),Women's Moguls,QUALIFICATION RUN 1 RESULTS Qualification,LEWIS Taylor,2535574,USA,21,62.37,13.6,39.8,8.97,1,bG,0.92,4.0,3.9,2,bp,0.81,7.0,6.2
2025 FIS FREESTYLE NORAM CUP,2025-03-01,STRATTON MOUNTAIN RESORT (USA),Women's Moguls,QUALIFICATION RUN 1 RESULTS Qualification,PERSSON Lenna,2538575,USA,16,65.37,11.98,43.2,10.19,1,bG,0.92,5.1,5.8,2,bp,0.81,6.8,6.0
2025 FIS FREESTYLE NORAM CUP,2025-03-01,STRATTON MOUNTAIN RESORT (USA),Men's Moguls,QUALIFICATION RUN 1 RESULTS Qualification,CROCKETT Jackson,2534116,USA,1,79.37,15.21,49.4,14.76,1,7oG,1.01,7.9,6.9,2,7op,0.88,8.3,8.3
2025 FIS FREESTYLE NORAM CUP,2025-03-01,STRATTON MOUNTAIN RESORT (USA),Men's Moguls,QUALIFICATION RUN 1 RESULTS Qualification,McMANUS Darren,2539302,CAN,41,62.66,11.8,39.5,11.36,1,bp,0.71,7.0,7.8,2,7op,0.88,6.8,7.1
2025 FIS FREESTYLE SKI NORAM CUP,2025-02-22,APEX MOUNTAIN (CAN),Men's Moguls,OVERALL RESULTS - - Partial,TOBEY Gavin,2535388,USA,2,79.26,14.87,49.4,14.99,1,7op,0.88,7.7,7.0,2,7oG,1.01,8.4,8.5
2025 FIS FREESTYLE SKI NORAM CUP,2025-02-22,APEX MOUNTAIN (CAN),Men's Moguls,OVERALL RESULTS - - Partial,FERREIRA Munayo,2539356,USA,30,67.86,12.26,45.4,10.2,1,bG,0.82,7.7,6.9,2,7op,0.88,5.3,4.3
2025 FIS FREESTYLE SKI NORAM CUP,2025-02-22,APEX MOUNTAIN (CAN),Men's Moguls,OVERALL RESULTS - - Partial,BILLEISEN Peyton,2538057,USA,19,72.88,13.01,47.3,12.57,1,7oG,1.01,6.9,5.9,2,7op,0.88,7.0,6.9
2025 FIS FREESTYLE SKI NORAM CUP,2025-02-22,APEX MOUNTAIN (CAN),Men's Moguls,OVERALL RESULTS - - Partial,HOWEY Matthew,2538442,USA,37,23.46,0.45,15.0,8.01,1,bG,0.82,2.9,2.5,2,7op,0.88,6.7,6.5
2025 FIS FREESTYLE SKI NORAM CUP,2025-02-22,APEX MOUNTAIN (CAN),Men's Moguls,OVERALL RESULTS - - Partial,LEFEBVRE Emeric,2538858,CAN,32,63.59,13.04,38.9,11.65,1,bF,0.88,8.0,7.3,2,7op,0.88,6.1,5.1
2025 FIS FREESTYLE SKI NORAM CUP,2025-02-22,APEX MOUNTAIN (CAN),Men's Moguls,OVERALL RESULTS - - Partial,DAY Sawyer,2537715,CAN,28,68.21,12.49,43.5,12.22,1,7oG,1.01,7.0,6.5,2,7op,0.88,6.1,6.2
2025 FIS FREESTYLE SKI NORAM CUP,2025-02-22,APEX MOUNTAIN (CAN),Men's Moguls,OVERALL RESULTS - - Partial,SAUVAGEAU Jeremy,2538702,CAN,18,73.16,13.76,46.3,13.1,1,bF,0.88,7.2,7.8,2,7op,0.88,7.1,7.7
2025 FIS FREESTYLE SKI NORAM CUP,2025-02-22,APEX MOUNTAIN (CAN),Men's Moguls,OVERALL RESULTS - - Partial,COVELL Jackson,2539513,USA,17,73.22,12.76,46.0,14.46,1,7oG,1.01,7.6,7.5,2,lG,0.82,8.3,8.4
2025 FIS FREESTYLE SKI NORAM CUP,2025-02-22,APEX MOUNTAIN (CAN),Men's Moguls,OVERALL RESULTS - - Partial,BAVARO Gaetano,2538310,USA,26,69.69,12.32,46.1,11.27,1,7op,0.88,6.9,6.9,2,lG,0.82,6.4,6.3
2025 FIS FREESTYLE SKI NORAM CUP,2025-03-07,VAL ST COME (CAN),Men's Moguls,QUALIFICATION RUN 1 RESULTS Qualification,COOPER Owen,2539013,CAN,39,44.54,12.43,19.4,12.71,1,7oG,1.01,7.8,7.7,2,bp,0.71,7.0,6.8
2025 FIS FREESTYLE SKI NORAM CUP,2025-03-07,VAL ST COME (CAN),Men's Moguls,QUALIFICATION RUN 1 RESULTS Qualification,COVELL Jackson,2539513,USA,28,60.93,13.66,34.2,13.07,1,7op,0.88,7.4,7.4,2,lG,0.82,8.0,8.0
2025 FIS FREESTYLE SKI NORAM CUP,2025-03-07,VAL ST COME (CAN),Men's Moguls,QUALIFICATION RUN 1 RESULTS Qualification,FUGERE Simon,2538852,CAN,13,67.71,14.4,41.7,11.61,1,bF,0.88,7.0,7.4,2,7op,0.88,6.0,6.0
2024 FIS FREESTYLE NORAM CUP,2024-02-07,DEER VALLEY RESORT (USA),Women's Moguls,QUALIFICATION RUN 1 RESULTS Final 2,HOGG Kasey,2534251,USA,1,72.07,15.64,43.5,12.93,1,bp,0.81,7.1,6.8,2,bG,0.92,8.4,7.5
2024 FIS FREESTYLE NORAM CUP,2024-02-07,DEER VALLEY RESORT (USA),Women's Moguls,QUALIFICATION RUN 1 RESULTS Final 2,MIKKELSEN Maya,2534235,CAN,3,65.07,14.95,38.8,11.32,1,bG,0.92,5.8,6.5,2,bp,0.81,6.8,7.2
2024 FIS FREESTYLE NORAM CUP,2024-02-07,DEER VALLEY RESORT (USA),Women's Moguls,QUALIFICATION RUN 1 RESULTS Qualification,MATSUDA Lia,2539352,CAN,35,34.08,4.24,23.2,6.64,1,S,0.48,3.6,3.8,2,bG,0.92,5.4,5.2
2024 FIS FREESTYLE NORAM CUP,2024-02-07,DEER VALLEY RESORT (USA),Women's Moguls,QUALIFICATION RUN 1 RESULTS Qualification,MIKKELSEN Maya,2534235,CAN,4,62.39,12.07,38.8,11.52,1,bG,0.92,5.5,6.1,2,bp,0.81,7.7,7.6
2024 FIS FREESTYLE NORAM CUP,2024-02-07,DEER VALLEY RESORT (USA),Women's Moguls,QUALIFICATION RUN 1 RESULTS Qualification,McLARNON Abby,2538430,USA,8,60.31,10.27,39.3,10.74,1,bG,0.92,5.9,5.5,2,bp,0.81,6.5,7.1
2024 FIS FREESTYLE NORAM CUP,2024-02-07,DEER VALLEY RESORT (USA),Men's Moguls,QUALIFICATION RUN 1 RESULTS Final 1,GENDRON Nate,2538060,USA,11,70.06,14.84,43.0,12.22,1,bF,0.88,5.8,6.5,2,7oG,1.01,7.2,6.3
2024 FIS FREESTYLE NORAM CUP,2024-02-07,DEER VALLEY RESORT (USA),Men's Moguls,QUALIFICATION RUN 1 RESULTS Final 1,DUBUC Joey,2535858,CAN,6,73.57,15.64,44.7,13.23,1,bF,0.88,7.2,6.7,2,7op,0.88,8.0,8.2
2024 FIS FREESTYLE NORAM CUP,2024-02-07,DEER VALLEY RESORT (USA),Men's Moguls,QUALIFICATION RUN 1 RESULTS Final 1,LOGAN Oliver,2534330,AUS,12,69.86,18.53,39.3,12.03,1,bF,0.88,8.4,8.3,2,bp,0.71,7.0,6.2
2024 FIS FREESTYLE NORAM CUP,2024-02-07,DEER VALLEY RESORT (USA),Men's Moguls,QUALIFICATION RUN 1 RESULTS Qualification,DAWSON Quinn,2535306,CAN,10,69.47,15.51,40.9,13.06,1,7op,0.88,8.4,8.3,2,bp,0.71,8.1,8.0
2024 FIS FREESTYLE NORAM CUP,2024-02-07,DEER VALLEY RESORT (USA),Men's Moguls,QUALIFICATION RUN 1 RESULTS Qualification,LUCA Alexander,2538236,CAN,49,15.59,3.23,4.6,7.76,1,7op,0.88,2.8,3.4,2,bp,0.71,7.2,7.0
2024 FIS FREESTYLE NORAM CUP,2024-02-07,DEER VALLEY RESORT (USA),Men's Moguls,QUALIFICATION RUN 1 RESULTS Qualification,EGAN Jack,2538063,USA,34,56.89,13.8,34.9,8.19,1,7op,0.88,4.9,4.7,2,bp,0.71,5.9,5.3
2024 FIS FREESTYLE NORAM CUP FINALS,2024-03-01,"STRATTON, VT (USA)",Women's Moguls,QUALIFICATION RUN 1 RESULTS Final 1,KOEHLER Ashley,2534528,CAN,4,74.98,16.08,47.6,11.3,1,bG,0.92,7.3,6.1,2,bT,0.78,6.8,6.4
2024 FIS FREESTYLE NORAM CUP FINALS,2024-03-01,"STRATTON, VT (USA)",Women's Moguls,QUALIFICATION RUN 1 RESULTS Final 2,KARIOTIS Kylie,2534866,USA,4,77.05,15.94,49.3,11.81,1,bG,0.92,6.6,6.5,2,bp,0.81,7.2,7.1
2024 FIS FREESTYLE NORAM CUP FINALS,2024-03-01,"STRATTON, VT (USA)",Women's Moguls,QUALIFICATION RUN 1 RESULTS Qualification,LAMONTAGNE Flavie,2538763,CAN,11,65.45,14.24,42.0,9.21,1,bG,0.92,5.5,5.8,2,bT,0.78,5.3,5.0
2024 FIS FREESTYLE NORAM CUP FINALS,2024-03-01,"STRATTON, VT (USA)",Women's Moguls,QUALIFICATION RUN 1 RESULTS Qualification,RUSSELL Kaya,2537750,USA,29,51.55,12.78,32.9,5.87,1,3,0.78,4.3,4.3,2,S,0.48,5.5,5.0
2024 FIS FREESTYLE NORAM CUP FINALS,2024-03-01,"STRATTON, VT (USA)",Women's Moguls,QUALIFICATION RUN 1 RESULTS Qualification,DUDA Jessica,2537528,USA,18,63.15,14.49,39.0,9.66,1,bG,0.92,5.2,5.6,2,bL,0.81,5.6,6.0
2024 FIS FREESTYLE NORAM CUP FINALS,2024-03-01,"STRATTON, VT (USA)",Men's Moguls,QUALIFICATION RUN 1 RESULTS Final 1,GOODISON Samuel,2534451,CAN,3,83.78,17.2,53.8,12.78,1,bF,0.88,7.9,8.0,2,bp,0.71,8.1,8.2
2024 FIS FREESTYLE NORAM CUP FINALS,2024-03-01,"STRATTON, VT (USA)",Men's Moguls,QUALIFICATION RUN 1 RESULTS Final 2,GOODISON Samuel,2534451,CAN,2,85.18,15.53,53.9,15.75,1,bF,0.88,8.5,8.6,2,7oG,1.01,8.1,8.2
2024 FIS FREESTYLE NORAM CUP FINALS,2024-03-01,"STRATTON, VT (USA)",Men's Moguls,QUALIFICATION RUN 1 RESULTS Final 2,HUFF Porter,2538994,USA,6,50.0,13.51,22.4,14.09,1,7oG,1.01,8.3,8.3,2,bp,0.71,8.0,8.1
2024 FIS FREESTYLE NORAM CUP FINALS,2024-03-01,"STRATTON, VT (USA)",Men's Moguls,QUALIFICATION RUN 1 RESULTS Qualification,TATAR-BROWN,2537574,USA,42,65.35,15.41,38.3,11.64,1,10op,1.05,6.2,6.1,2,7op,0.88,5.8,6.0
2024 FIS FREESTYLE NORAM CUP FINALS,2024-03-01,"STRATTON, VT (USA)",Men's Moguls,QUALIFICATION RUN 1 RESULTS Qualification,KUST Jameson,2538096,USA,48,42.67,11.77,21.4,9.5,1,bdF,1.05,7.8,8.0,2,7oG,1.01,1.0,1.4
2024 FIS FREESTYLE NORAM CUP FINALS,2024-03-01,"STRATTON, VT (USA)",Men's Moguls,QUALIFICATION RUN 1 RESULTS Qualification,LEWIS Camden,2539248,USA,11,74.97,15.98,46.0,12.99,1,lG,0.82,8.2,8.0,2,bG,0.82,7.6,7.9
2024 FIS FREESTYLE NORAM CUP FINALS,2024-03-01,"STRATTON, VT (USA)",Men's Moguls,QUALIFICATION RUN 1 RESULTS Qualification,PETRONE Jack,2535642,USA,38,66.32,16.12,37.4,12.8,1,7oG,1.01,6.2,6.8,2,7op,0.88,7.2,7.0
2024 FIS FREESTYLE NORAM CUP FINALS,2024-03-01,"STRATTON, VT (USA)",Men's Moguls,QUALIFICATION RUN 1 RESULTS Qualification,PANELLI Hunter,2539246,USA,47,47.71,10.76,27.1,9.85,1,bF,0.88,6.5,6.0,2,7op,0.88,5.0,4.9
2024 FIS FREESTYLE NORAM CUP,2024-02-12,APEX MOUNTAIN RESORT (CAN),Men's Moguls,QUALIFICATION RUN 1 RESULTS Final 1,DUBUC Joey,2535858,CAN,14,77.91,15.03,50.0,12.88,1,bF,0.88,7.9,8.1,2,7op,0.88,7.2,6.1
2024 FIS FREESTYLE NORAM CUP,2024-02-12,APEX MOUNTAIN RESORT (CAN),Men's Moguls,QUALIFICATION RUN 1 RESULTS Qualification,TOBEY Gavin,2535388,USA,34,70.58,13.87,46.6,10.11,1,7oG,1.01,4.0,4.0,2,bp,0.71,8.0,9.1
2024 FIS FREESTYLE NORAM CUP,2024-02-12,APEX MOUNTAIN RESORT (CAN),Men's Moguls,QUALIFICATION RUN 1 RESULTS Qualification,CROCKETT Jackson,2534116,USA,16,77.81,13.2,50.3,14.31,1,bF,0.88,7.0,8.2,2,7oG,1.01,7.1,8.0
2024 FIS FREESTYLE NORAM CUP,2024-02-12,APEX MOUNTAIN RESORT (CAN),Men's Moguls,QUALIFICATION RUN 1 RESULTS Qualification,LUCAS Nash,2534751,USA,6,80.18,15.92,50.5,13.76,1,bF,0.88,8.3,8.0,2,7op,0.88,7.6,7.4
2024 FIS FREESTYLE NORAM CUP,2024-02-12,APEX MOUNTAIN RESORT (CAN),Men's Moguls,QUALIFICATION RUN 1 RESULTS Qualification,BEAUREGARD Ian,2533390,USA,30,72.04,15.22,45.0,11.82,1,7oG,1.01,6.6,6.5,2,bp,0.71,7.7,7.0
2024 FIS FREESTYLE NORAM CUP,2024-02-12,APEX MOUNTAIN RESORT (CAN),Women's Moguls,QUALIFICATION RUN 1 RESULTS Final 1,AYAD Anabel,2537580,USA,10,70.14,14.52,44.7,10.92,1,bF,0.98,5.0,4.9,2,bp,0.81,7.8,7.2
2024 FIS FREESTYLE NORAM CUP,2024-02-12,APEX MOUNTAIN RESORT (CAN),Women's Moguls,QUALIFICATION RUN 1 RESULTS Final 1,HOGG Kasey,2534251,USA,1,81.79,16.86,49.9,15.03,1,bp,0.81,8.0,8.1,2,bG,0.92,9.0,9.5
2024 FIS FREESTYLE NORAM CUP,2024-02-12,APEX MOUNTAIN RESORT (CAN),Women's Moguls,QUALIFICATION RUN 1 RESULTS Final 1,KARIOTIS Kylie,2534866,USA,6,73.65,16.02,46.0,11.63,1,bG,0.92,7.4,7.7,2,bp,0.81,6.6,5.0
2024 FIS FREESTYLE NORAM CUP,2024-02-12,APEX MOUNTAIN RESORT (CAN),Women's Moguls,QUALIFICATION RUN 1 RESULTS Final 1,MIKKELSEN Maya,2534235,CAN,4,74.83,15.71,45.6,13.52,1,bG,0.92,7.9,7.7,2,bp,0.81,7.9,7.8
2024 FIS FREESTYLE NORAM CUP,2024-02-12,APEX MOUNTAIN RESORT (CAN),Women's Moguls,QUALIFICATION RUN 1 RESULTS Qualification,COORS Julia,2539505,USA,32,58.28,12.74,36.7,8.84,1,bp,0.81,4.0,4.8,2,bG,0.92,5.7,5.8
2024 FIS FREESTYLE NORAM CUP,2024-02-12,APEX MOUNTAIN RESORT (CAN),Women's Moguls,QUALIFICATION RUN 1 RESULTS Qualification,DOOLEY Claire,2535435,IRL,29,59.47,12.4,34.6,12.47,1,3,0.78,8.8,8.9,2,bT,0.78,7.0,7.3
2024 FIS FREESTYLE NORAM CUP,2024-02-12,APEX MOUNTAIN RESORT (CAN),Women's Moguls,QUALIFICATION RUN 1 RESULTS Qualification,COOTE Xanthia,2538150,AUS,27,61.55,15.29,32.5,13.76,1,3,0.78,8.2,9.0,2,bT,0.78,8.6,9.5
2024 FIS FREESTYLE NORAM CUP MOGULS,2024-02-24,VAL S TCOME (CAN),Men's Moguls,QUALIFICATION RUN 1 RESULTS Final 1,DUBUC Joey,2535858,CAN,2,76.53,13.08,51.8,11.65,1,bF,0.88,6.9,7.0,2,7op,0.88,6.6,6.0
2024 FIS FREESTYLE NORAM CUP MOGULS,2024-02-24,VAL S TCOME (CAN),Men's Moguls,QUALIFICATION RUN 1 RESULTS Final 1,PORTELLO Ryan,2530702,CAN,3,76.52,13.36,51.1,12.06,1,bF,0.88,6.0,6.8,2,bG,0.82,7.9,7.8
2024 FIS FREESTYLE NORAM CUP MOGULS,2024-02-24,VAL S TCOME (CAN),Men's Moguls,QUALIFICATION RUN 1 RESULTS Final 1,CROCKETT Jackson,2534116,USA,7,74.26,13.45,48.7,12.11,1,7op,0.88,6.4,6.8,2,7oG,1.01,6.0,6.5
2024 FIS FREESTYLE NORAM CUP MOGULS,2024-02-24,VAL S TCOME (CAN),Men's Moguls,QUALIFICATION RUN 1 RESULTS Final 1,BEAUREGARD Ian,2533390,USA,10,69.54,12.78,46.5,10.26,1,bp,0.71,5.9,5.7,2,7op,0.88,6.7,7.3
2024 FIS FREESTYLE NORAM CUP MOGULS,2024-02-24,VAL S TCOME (CAN),Men's Moguls,QUALIFICATION RUN 1 RESULTS Qualification,DUBUC Joey,2535858,CAN,3,74.99,13.44,50.2,11.35,1,bF,0.88,8.0,7.0,2,7op,0.88,5.9,4.9
2024 FIS FREESTYLE NORAM CUP MOGULS,2024-02-24,VAL S TCOME (CAN),Men's Moguls,QUALIFICATION RUN 1 RESULTS Qualification,LUCAS Nash,2534751,USA,9,72.12,13.6,45.5,13.02,1,bF,0.88,7.3,6.7,2,7oG,1.01,6.4,7.2
2024 FIS FREESTYLE NORAM CUP MOGULS,2024-02-24,VAL S TCOME (CAN),Men's Moguls,QUALIFICATION RUN 1 RESULTS Qualification,TATAR-BROWN,2537574,USA,48,47.37,8.66,27.7,11.01,1,bF,0.88,6.0,5.5,2,7oG,1.01,5.8,6.0
2024 FIS FREESTYLE NORAM CUP MOGULS,2024-02-24,VAL S TCOME (CAN),Men's Moguls,QUALIFICATION RUN 1 RESULTS Qualification,MICKEL Charlie,2537180,USA,1,77.31,14.21,49.3,13.8,1,7op,0.88,7.7,6.7,2,7oG,1.01,7.1,7.7
2024 FIS FREESTYLE NORAM CUP MOGULS,2024-02-24,VAL S TCOME (CAN),Women's Moguls,QUALIFICATION RUN 1 RESULTS Final 1,LAROCHE Florence,2538248,CAN,8,62.36,12.18,39.8,10.38,1,bp,0.81,5.0,6.0,2,bG,0.92,6.9,6.0
2024 FIS FREESTYLE NORAM CUP MOGULS,2024-02-24,VAL S TCOME (CAN),Women's Moguls,QUALIFICATION RUN 1 RESULTS Qualification,LINTON Jessica,2533613,CAN,1,65.35,10.14,43.4,11.81,1,bG,0.92,6.3,6.9,2,bp,0.81,7.4,6.8
2024 FIS FREESTYLE NORAM CUP MOGULS,2024-02-24,VAL S TCOME (CAN),Women's Moguls,QUALIFICATION RUN 1 RESULTS Qualification,CLEGG Sina,2538200,CAN,21,43.45,11.38,25.3,6.77,1,bG,0.92,2.0,2.0,2,bp,0.81,5.9,6.3
2024 FIS FREESTYLE NORAM CUP MOGULS,2024-02-24,VAL S TCOME (CAN),Women's Moguls,QUALIFICATION RUN 1 RESULTS Qualification,GODBOUT Rowanne,2535638,CAN,19,44.62,7.84,27.2,9.58,1,bT,0.78,5.9,5.0,2,bG,0.92,5.8,5.8
FIS FREESTYLE SKI WORLD CUP 2026,2026-01-09,VAL ST. COME (CAN),Men's Moguls,Results Qualification,HORISHIMA Ikuma,2529645,JPN,2,83.0,18.41,49.4,15.19,1,bF,0.88,8.1,8.2,2,10op,1.05,7.7,7.6
FIS FREESTYLE SKI WORLD CUP 2026,2026-01-09,VAL ST. COME (CAN),Men's Moguls,Results Qualification,FUJIMURA Ikkei,2538302,JPN,18,73.34,16.65,44.7,11.99,1,7op,0.88,7.0,6.9,2,10op,1.05,5.5,5.7
FIS FREESTYLE SKI WORLD CUP 2026,2026-01-09,VAL ST. COME (CAN),Men's Moguls,Results Qualification,KROUPA Matyas,2537792,CZE,29,69.11,16.13,40.7,12.28,1,bG,0.82,7.9,7.8,2,7oG,1.01,5.8,5.8
FIS FREESTYLE SKI WORLD CUP 2026,2026-01-09,VAL ST. COME (CAN),Men's Moguls,Results Qualification,VERDAGUER FORN,2537082,ESP,37,66.22,15.91,39.1,11.21,1,bG,0.82,7.5,7.2,2,7op,0.88,6.0,5.8
FIS FREESTYLE SKI WORLD CUP 2026,2026-01-09,VAL ST. COME (CAN),Men's Moguls,Results Qualification,LONG Hao,2540052,CHN,39,62.59,14.89,38.1,9.6,1,bF,0.88,6.0,5.9,2,bp,0.71,6.2,6.1
FIS FREESTYLE SKI WORLD CUP 2026,2026-01-09,VAL ST. COME (CAN),Men's Moguls,Results Qualification,GOODISON Samuel,2534451,CAN,42,59.59,15.06,29.7,14.83,1,bF,0.88,8.0,7.6,2,7oG,1.01,8.0,7.8
FIS FREESTYLE SKI WORLD CUP 2026,2025-12-07,RUKA (FIN),Men's Moguls,Results Qualification,GRAHAM Matt,2441426,AUS,3,77.67,15.49,47.8,14.38,1,bF,0.88,8.2,7.9,2,7op,0.88,8.4,8.2
FIS FREESTYLE SKI WORLD CUP 2026,2025-12-07,RUKA (FIN),Men's Moguls,Results Qualification,PENTTALA Olli,2528035,FIN,12,72.71,15.83,41.5,15.38,1,10op,1.05,7.0,7.2,2,7oG,1.01,8.0,7.7
FIS FREESTYLE SKI WORLD CUP 2026,2025-12-07,RUKA (FIN),Men's Moguls,Results Qualification,MICKEL Charlie,2537180,USA,17,71.07,15.12,43.6,12.35,1,7oG,1.01,7.4,6.7,2,7op,0.88,6.4,5.5
FIS FREESTYLE SKI WORLD CUP 2026,2025-12-07,RUKA (FIN),Men's Moguls,Results Qualification,SHIMAKAWA Takuya,2530672,JPN,24,69.49,15.0,42.0,12.49,1,bG,0.82,8.3,8.4,2,7oG,1.01,6.0,5.2
FIS FREESTYLE SKI WORLD CUP 2026,2025-12-07,RUKA (FIN),Men's Moguls,Results Qualification,de VILLAUCOURT,2535561,FRA,29,68.04,14.05,39.9,14.09,1,7oG,1.01,7.2,7.2,2,10op,1.05,6.6,6.4
FIS FREESTYLE SKI WORLD CUP 2026,2025-12-08,RUKA (FIN),Women's Moguls,Results Qualification,HOGG Kasey,2534251,USA,9,66.95,13.6,41.9,11.45,1,bG,0.92,5.9,7.4,2,bp,0.81,6.3,6.9
FIS FREESTYLE SKI WORLD CUP 2026,2025-12-08,RUKA (FIN),Women's Moguls,Results Qualification,GUSTAFSON Moa,2535767,SWE,22,56.6,12.75,34.4,9.45,1,bG,0.92,5.5,5.2,2,bp,0.81,5.3,5.9
2024 FIS FREESTYLE NORAM CUP,2024-02-07,DEER VALLEY RESORT (USA),Men's Moguls,QUALIFICATION RUN 1 RESULTS Final 1,DAWSON Quinn,2535306,CAN,1,78.65,17.06,48.3,13.29,1,7op,0.88,8.4,7.7,2,bp,0.71,9.0,8.5
2024 FIS FREESTYLE NORAM CUP,2024-02-07,DEER VALLEY RESORT (USA),Men's Moguls,QUALIFICATION RUN 1 RESULTS Qualification,MICKEL Freddie,2537221,USA,42,46.1,12.71,23.2,10.19,1,7oG,1.01,8.6,8.2,2,7op,0.88,2.4,1.5
2024 FIS FREESTYLE NORAM CUP,2024-02-07,DEER VALLEY RESORT (USA),Men's Moguls,QUALIFICATION RUN 1 RESULTS Qualification,LOGAN Oliver,2534330,AUS,7,71.15,13.09,45.4,12.66,1,bF,0.88,7.7,7.5,2,7op,0.88,7.0,6.6
2024 FIS FREESTYLE NORAM CUP,2024-02-07,DEER VALLEY RESORT (USA),Men's Moguls,QUALIFICATION RUN 1 RESULTS Qualification,PANELLI Hunter,2539246,USA,43,42.21,11.25,24.0,6.96,1,bp,0.71,3.8,3.7,2,7op,0.88,4.7,5.1
2024 FIS FREESTYLE NORAM CUP,2024-02-07,DEER VALLEY RESORT (USA),Men's Moguls,QUALIFICATION RUN 1 RESULTS Qualification,BAVARO Gaetano,2538310,USA,44,40.68,8.2,26.4,6.08,1,7op,0.88,2.6,2.3,2,bp,0.71,5.4,5.7
2024 FIS FREESTYLE NORAM CUP FINALS,2024-03-01,"STRATTON, VT (USA)",Women's Moguls,QUALIFICATION RUN 1 RESULTS Qualification,MAURAIS Olivia,2538814,USA,14,64.13,14.14,38.5,11.49,1,bp,0.81,7.2,7.0,2,bG,0.92,6.3,6.2
2024 FIS FREESTYLE NORAM CUP FINALS,2024-03-01,"STRATTON, VT (USA)",Women's Moguls,QUALIFICATION RUN 1 RESULTS Qualification,WAKIM Kareema,2537719,AUS,12,65.06,13.52,41.4,10.14,1,bG,0.92,5.6,5.7,2,bT,0.78,6.3,6.4
2024 FIS FREESTYLE NORAM CUP FINALS,2024-03-01,"STRATTON, VT (USA)",Women's Moguls,QUALIFICATION RUN 1 RESULTS Qualification,COOTE Xanthia,2538150,AUS,39,28.51,8.25,9.2,11.06,1,bG,0.92,6.1,6.6,2,bp,0.81,6.5,6.4
2024 FIS FREESTYLE NORAM CUP FINALS,2024-03-01,"STRATTON, VT (USA)",Women's Moguls,QUALIFICATION RUN 1 RESULTS Qualification,UNG Danielle,2538315,CAN,40,24.93,7.86,11.7,5.37,1,bT,0.78,4.3,4.4,2,S,0.48,4.2,4.1
2024 FIS FREESTYLE NORAM CUP FINALS,2024-03-01,"STRATTON, VT (USA)",Men's Moguls,QUALIFICATION RUN 1 RESULTS Final 1,CORDELL Sam,2532530,CAN,7,81.13,13.95,52.2,14.98,1,7oG,1.01,8.0,8.2,2,bG,0.82,8.1,8.5
2024 FIS FREESTYLE NORAM CUP FINALS,2024-03-01,"STRATTON, VT (USA)",Men's Moguls,QUALIFICATION RUN 1 RESULTS Final 1,BOUGIE Jean-,2538309,CAN,10,78.53,14.12,49.9,14.51,1,bF,0.88,8.1,8.4,2,7op,0.88,8.2,8.3
2024 FIS FREESTYLE NORAM CUP FINALS,2024-03-01,"STRATTON, VT (USA)",Men's Moguls,QUALIFICATION RUN 1 RESULTS Final 1,RODMAN Slader,2538073,USA,15,77.29,15.02,48.1,14.17,1,7oG,1.01,7.2,7.8,2,bG,0.82,8.0,8.1
2024 FIS FREESTYLE NORAM CUP FINALS,2024-03-01,"STRATTON, VT (USA)",Men's Moguls,QUALIFICATION RUN 1 RESULTS Qualification,CAREY Cole,2537322,CAN,7,77.28,15.76,46.2,15.32,1,bF,0.88,8.4,8.2,2,7oG,1.01,8.2,7.7
2024 FIS FREESTYLE NORAM CUP FINALS,2024-03-01,"STRATTON, VT (USA)",Men's Moguls,QUALIFICATION RUN 1 RESULTS Qualification,MICKEL Charlie,2537180,USA,1,80.98,15.87,50.3,14.81,1,7oG,1.01,8.1,8.0,2,7op,0.88,7.4,7.8
2024 FIS FREESTYLE NORAM CUP FINALS,2024-03-01,"STRATTON, VT (USA)",Men's Moguls,QUALIFICATION RUN 1 RESULTS Qualification,LUCAS Nash,2534751,USA,45,56.94,14.3,28.9,13.74,1,bF,0.88,8.1,8.0,2,7oG,1.01,6.3,6.9
2024 FIS FREESTYLE NORAM CUP,2024-02-12,APEX MOUNTAIN RESORT (CAN),Men's Moguls,QUALIFICATION RUN 1 RESULTS Qualification,DAY Sawyer,2537715,CAN,37,68.88,11.74,45.6,11.54,1,7oG,1.01,5.2,5.0,2,bG,0.82,7.7,7.9
2024 FIS FREESTYLE NORAM CUP,2024-02-12,APEX MOUNTAIN RESORT (CAN),Men's Moguls,QUALIFICATION RUN 1 RESULTS Qualification,MURPHY George,2534254,AUS,23,74.49,12.94,47.3,14.25,1,7oG,1.01,7.8,7.8,2,7op,0.88,8.0,6.5
2024 FIS FREESTYLE NORAM CUP,2024-02-12,APEX MOUNTAIN RESORT (CAN),Women's Moguls,QUALIFICATION RUN 1 RESULTS Qualification,BUCKMASTER Alicia,2537763,USA,9,71.0,15.64,39.5,15.86,1,bG,0.92,8.9,8.0,2,lG,0.92,8.8,8.8
2024 FIS FREESTYLE NORAM CUP,2024-02-12,APEX MOUNTAIN RESORT (CAN),Women's Moguls,QUALIFICATION RUN 1 RESULTS Qualification,AUGER-HAMELIN,2538696,CAN,11,70.54,14.52,42.0,14.02,1,bp,0.81,7.8,8.1,2,bG,0.92,8.6,7.9
2024 FIS FREESTYLE NORAM CUP,2024-02-12,APEX MOUNTAIN RESORT (CAN),Women's Moguls,QUALIFICATION RUN 1 RESULTS Qualification,KRUGER Eden,2538897,USA,23,65.58,13.93,40.0,11.65,1,bG,0.92,6.0,7.3,2,bp,0.81,6.8,6.9
2024 FIS FREESTYLE NORAM CUP,2024-02-12,APEX MOUNTAIN RESORT (CAN),Women's Moguls,QUALIFICATION RUN 1 RESULTS Qualification,LAMONTAGNE Flavie,2538763,CAN,20,66.23,14.54,41.2,10.49,1,bG,0.92,6.1,5.8,2,bT,0.78,5.8,7.1
2024 FIS FREESTYLE NORAM CUP,2024-02-12,APEX MOUNTAIN RESORT (CAN),Women's Moguls,QUALIFICATION RUN 1 RESULTS Qualification,BOYLE Claire,2539249,USA,44,48.86,11.06,30.6,7.2,1,3,0.78,4.8,4.7,2,bT,0.78,4.7,4.3
2024 FIS FREESTYLE NORAM CUP MOGULS,2024-02-24,VAL S TCOME (CAN),Men's Moguls,QUALIFICATION RUN 1 RESULTS Final 1,DAY Sawyer,2537715,CAN,12,68.15,11.41,45.1,11.64,1,7op,0.88,6.8,5.8,2,bG,0.82,7.6,7.3
2024 FIS FREESTYLE NORAM CUP MOGULS,2024-02-24,VAL S TCOME (CAN),Men's Moguls,QUALIFICATION RUN 1 RESULTS Qualification,BURNYEAT Brian,2538225,CAN,46,49.02,10.3,29.4,9.32,1,bF,0.88,6.4,6.9,2,7op,0.88,3.9,4.0
FIS FREESTYLE SKI WORLD CUP 2026,2026-01-09,VAL ST. COME (CAN),Men's Moguls,Results Final,PAGE Nick,2533462,USA,3,80.96,16.14,48.4,16.42,1,7oG,1.01,8.1,8.2,2,10op,1.05,7.8,7.8
FIS FREESTYLE SKI WORLD CUP 2026,2026-01-09,VAL ST. COME (CAN),Men's Moguls,Results Final,MOUILLE Thibaud,2532044,FRA,9,78.7,15.95,46.7,16.05,1,7oG,1.01,7.8,7.8,2,10op,1.05,7.7,7.9
FIS FREESTYLE SKI WORLD CUP 2026,2026-01-09,VAL ST. COME (CAN),Men's Moguls,Results Final,STEGFELDT Rasmus,2531923,SWE,14,71.82,19.33,42.9,9.59,1,bF,0.88,7.8,7.9,2,bL,0.71,3.8,3.8
FIS FREESTYLE SKI WORLD CUP 2026,2026-01-09,VAL ST. COME (CAN),Men's Moguls,Results Final,HORISHIMA Ikuma,2529645,JPN,15,61.63,19.02,31.1,11.51,1,bdF,1.05,6.2,6.2,2,14op,1.22,4.1,4.1
FIS FREESTYLE SKI WORLD CUP 2026,2026-01-09,VAL ST. COME (CAN),Men's Moguls,Results Qualification,CHALIFOUX Louis-,2534234,CAN,26,70.17,15.89,41.0,13.28,1,bF,0.88,7.4,7.3,2,7op,0.88,7.8,7.7
FIS FREESTYLE SKI WORLD CUP 2026,2025-12-07,RUKA (FIN),Women's Moguls,Results Qualification,ANTHONY Jakara,2530720,AUS,3,71.57,16.37,41.0,14.2,1,7oG,1.11,7.1,7.2,2,bp,0.81,7.6,7.9
FIS FREESTYLE SKI WORLD CUP 2026,2025-12-07,RUKA (FIN),Women's Moguls,Results Qualification,SCHWINGHAMMER,2533204,CAN,6,68.35,14.2,45.4,8.75,1,7op,0.98,5.8,5.6,2,bG,0.92,3.5,3.4
FIS FREESTYLE SKI WORLD CUP 2026,2025-12-07,RUKA (FIN),Women's Moguls,Results Qualification,NAKAO Haruka,2533488,JPN,18,61.67,12.28,37.8,11.59,1,lG,0.92,5.9,6.0,2,7op,0.98,6.4,6.1
FIS FREESTYLE SKI WORLD CUP 2026,2025-12-07,RUKA (FIN),Women's Moguls,Results Qualification,CABROL Camille,2530274,FRA,22,58.36,11.33,38.2,8.83,1,bp,0.81,4.8,5.0,2,bG,0.92,5.3,5.3
FIS FREESTYLE SKI WORLD CUP 2026,2025-12-07,RUKA (FIN),Women's Moguls,Results Qualification,BOSCO Emma,2532927,AUS,25,57.57,11.64,35.9,10.03,1,bG,0.92,5.0,5.3,2,bL,0.81,6.8,6.3
FIS FREESTYLE SKI WORLD CUP 2026,2025-12-07,RUKA (FIN),Men's Moguls,Results Final 1,WALLBERG Walter,2532001,SWE,2,77.71,17.13,45.2,15.38,1,bdF,1.05,7.4,7.3,2,7oG,1.01,7.7,7.5
FIS FREESTYLE SKI WORLD CUP 2026,2025-12-08,RUKA (FIN),Women's Moguls,Results Qualification,IHARA Haruka,2531368,JPN,7,68.64,14.31,42.4,11.93,1,bG,0.92,6.1,6.3,2,bp,0.81,7.4,8.0
FIS FREESTYLE SKI WORLD CUP 2026,2025-12-08,RUKA (FIN),Women's Moguls,Results Qualification,SCHWINGHAMMER,2533204,CAN,10,66.02,13.5,42.2,10.32,1,7op,0.98,5.6,5.9,2,bp,0.81,5.6,6.0
FIS FREESTYLE SKI WORLD CUP 2026,2025-12-08,RUKA (FIN),Women's Moguls,Results Qualification,GORODKO,2535385,KAZ,11,65.8,15.57,40.0,10.23,1,7op,0.98,4.1,3.1,2,bG,0.92,7.5,7.1
2024 FIS FREESTYLE NORAM CUP,2024-02-07,DEER VALLEY RESORT (USA),Men's Moguls,QUALIFICATION RUN 1 RESULTS Final 2,DUBUC Joey,2535858,CAN,6,73.01,15.09,45.3,12.62,1,bF,0.88,7.8,7.0,2,7op,0.88,7.2,6.7
2024 FIS FREESTYLE NORAM CUP FINALS,2024-03-01,"STRATTON, VT (USA)",Women's Moguls,QUALIFICATION RUN 1 RESULTS Final 1,LAROCHE Florence,2538248,CAN,5,74.21,14.72,46.7,12.79,1,7op,0.98,7.4,6.9,2,bp,0.81,7.2,7.1
2024 FIS FREESTYLE NORAM CUP FINALS,2024-03-01,"STRATTON, VT (USA)",Women's Moguls,QUALIFICATION RUN 1 RESULTS Final 2,HOGG Kasey,2534251,USA,1,80.06,16.33,51.4,12.33,1,bp,0.81,6.8,7.1,2,bG,0.92,7.3,7.3
2024 FIS FREESTYLE NORAM CUP FINALS,2024-03-01,"STRATTON, VT (USA)",Women's Moguls,QUALIFICATION RUN 1 RESULTS Qualification,BEAULIEU Maelle,2538819,CAN,28,53.12,11.0,33.8,8.32,1,bG,0.92,4.4,4.2,2,bp,0.81,5.4,5.4
2024 FIS FREESTYLE NORAM CUP FINALS,2024-03-01,"STRATTON, VT (USA)",Men's Moguls,QUALIFICATION RUN 1 RESULTS Final 2,DUBUC Joey,2535858,CAN,5,82.59,15.19,53.3,14.1,1,7op,0.88,8.3,8.2,2,bG,0.82,8.1,8.6
2024 FIS FREESTYLE NORAM CUP,2024-02-12,APEX MOUNTAIN RESORT (CAN),Men's Moguls,QUALIFICATION RUN 1 RESULTS Qualification,LOGAN Oliver,2534330,AUS,8,79.35,14.82,49.8,14.73,1,bF,0.88,8.4,9.3,2,7op,0.88,7.8,8.0
2024 FIS FREESTYLE NORAM CUP,2024-02-12,APEX MOUNTAIN RESORT (CAN),Men's Moguls,QUALIFICATION RUN 1 RESULTS Qualification,SAUVAGEAU Jeremy,2538702,CAN,38,68.27,14.03,43.9,10.34,1,bdF,1.05,4.9,5.0,2,7op,0.88,5.7,6.0
2024 FIS FREESTYLE NORAM CUP,2024-02-12,APEX MOUNTAIN RESORT (CAN),Men's Moguls,QUALIFICATION RUN 1 RESULTS Qualification,MICHEL Asher,2537833,USA,2,83.64,16.15,52.7,14.79,1,7op,0.88,8.6,9.3,2,bG,0.82,8.2,8.7
2024 FIS FREESTYLE NORAM CUP,2024-02-12,APEX MOUNTAIN RESORT (CAN),Men's Moguls,QUALIFICATION RUN 1 RESULTS Qualification,CAREY Cole,2537322,CAN,11,78.62,15.42,48.4,14.8,1,bF,0.88,8.1,8.0,2,7oG,1.01,7.5,7.8
2024 FIS FREESTYLE NORAM CUP,2024-02-12,APEX MOUNTAIN RESORT (CAN),Women's Moguls,QUALIFICATION RUN 1 RESULTS Final 1,KOEHLER Ashley,2534528,CAN,5,73.94,15.88,46.3,11.76,1,bT,0.78,7.5,6.5,2,bG,0.92,7.7,6.0
2024 FIS FREESTYLE NORAM CUP,2024-02-12,APEX MOUNTAIN RESORT (CAN),Women's Moguls,QUALIFICATION RUN 1 RESULTS Qualification,POWELL Isabel,2538815,USA,25,64.63,12.98,40.6,11.05,1,bT,0.78,4.6,5.0,2,bG,0.92,7.6,8.3
2024 FIS FREESTYLE NORAM CUP MOGULS,2024-02-24,VAL S TCOME (CAN),Men's Moguls,QUALIFICATION RUN 1 RESULTS Final 1,DROUIN Xavier,2535639,CAN,11,68.52,11.51,46.5,10.51,1,7op,0.88,5.0,5.0,2,7oG,1.01,6.1,6.0
2024 FIS FREESTYLE NORAM CUP MOGULS,2024-02-24,VAL S TCOME (CAN),Men's Moguls,QUALIFICATION RUN 1 RESULTS Final 2,BEAULIEU Charles,2535304,CAN,2,79.18,15.64,51.5,12.04,1,bF,0.88,6.9,7.1,2,7op,0.88,6.7,6.7
2024 FIS FREESTYLE NORAM CUP MOGULS,2024-02-24,VAL S TCOME (CAN),Men's Moguls,QUALIFICATION RUN 1 RESULTS Qualification,BEAULIEU Charles,2535304,CAN,16,67.13,16.83,41.4,8.9,1,bF,0.88,7.8,7.7,2,bp,0.71,2.9,3.0
2024 FIS FREESTYLE NORAM CUP MOGULS,2024-02-24,VAL S TCOME (CAN),Men's Moguls,QUALIFICATION RUN 1 RESULTS Qualification,CORDELL Sam,2532530,CAN,7,72.49,12.13,47.9,12.46,1,7op,0.88,6.9,6.8,2,bG,0.82,8.0,7.7
2024 FIS FREESTYLE NORAM CUP MOGULS,2024-02-24,VAL S TCOME (CAN),Women's Moguls,QUALIFICATION RUN 1 RESULTS Final 1,SHAFFER Lulu,2531871,USA,5,63.27,9.33,44.0,9.94,1,bG,0.92,5.5,6.0,2,bp,0.81,6.2,5.3
2024 FIS FREESTYLE NORAM CUP MOGULS,2024-02-24,VAL S TCOME (CAN),Women's Moguls,QUALIFICATION RUN 1 RESULTS Qualification,POWELL Isabel,2538815,USA,11,55.69,6.46,40.2,9.03,1,bT,0.78,5.8,5.0,2,bG,0.92,5.7,4.8
2024 FIS FREESTYLE NORAM CUP MOGULS,2024-02-24,VAL S TCOME (CAN),Women's Moguls,QUALIFICATION RUN 1 RESULTS Qualification,MAURAIS Olivia,2538814,USA,12,54.72,8.48,37.1,9.14,1,bp,0.81,5.1,4.1,2,bG,0.92,5.9,5.9
FIS FREESTYLE SKI WORLD CUP 2026,2026-01-09,VAL ST. COME (CAN),Men's Moguls,Results Qualification,GRAHAM Matt,2441426,AUS,5,81.22,17.6,48.9,14.72,1,bF,0.88,7.7,8.0,2,10op,1.05,7.4,7.5
FIS FREESTYLE SKI WORLD CUP 2026,2026-01-09,VAL ST. COME (CAN),Men's Moguls,Results Qualification,PENTTALA Olli,2528035,FIN,30,68.95,16.5,40.0,12.45,1,10op,1.05,5.8,5.9,2,7oG,1.01,6.3,6.2
FIS FREESTYLE SKI WORLD CUP 2026,2026-01-09,VAL ST. COME (CAN),Men's Moguls,Results Qualification,RUSSAKOV Semyon,2537324,KAZ,47,33.87,11.34,9.8,12.73,1,bdF,1.05,6.0,7.0,2,7oG,1.01,6.1,5.6
FIS FREESTYLE SKI WORLD CUP 2026,2025-12-07,RUKA (FIN),Women's Moguls,Results Qualification,JOHNSON Tess,2532270,USA,1,72.94,16.33,44.4,12.21,1,7oG,1.11,5.5,5.5,2,bG,0.92,6.8,6.5
FIS FREESTYLE SKI WORLD CUP 2026,2025-12-07,RUKA (FIN),Women's Moguls,Results Qualification,LUNDHOLM Elis,2534864,SWE,21,58.73,13.62,35.3,9.81,1,lG,0.92,5.8,5.7,2,bp,0.81,5.9,5.3
FIS FREESTYLE SKI WORLD CUP 2026,2025-12-07,RUKA (FIN),Women's Moguls,Results Final 1,MACUGA Alli,2534186,USA,12,66.62,15.79,38.8,12.03,1,bG,0.92,6.2,6.5,2,bp,0.81,7.8,7.5
FIS FREESTYLE SKI WORLD CUP 2026,2025-12-07,RUKA (FIN),Women's Moguls,Results Final 1,FUJIKI Hina,2533039,JPN,14,61.67,14.75,37.2,9.72,1,bG,0.92,5.5,5.7,2,bp,0.81,5.6,5.7
FIS FREESTYLE SKI WORLD CUP 2026,2025-12-07,RUKA (FIN),Men's Moguls,Results Qualification,JUNG Daeyoon,2534856,KOR,8,74.92,16.18,43.0,15.74,1,10oG,1.2,7.3,7.5,2,7op,0.88,8.0,7.6
FIS FREESTYLE SKI WORLD CUP 2026,2025-12-07,RUKA (FIN),Men's Moguls,Results Qualification,STEGFELDT Rasmus,2531923,SWE,16,71.7,18.36,41.2,12.14,1,bF,0.88,7.2,7.0,2,lG,0.82,7.6,6.8
FIS FREESTYLE SKI WORLD CUP 2026,2025-12-07,RUKA (FIN),Men's Moguls,Results Qualification,GAY Paul Andrea,2538751,FRA,31,67.59,14.26,40.4,12.93,1,7oG,1.01,6.9,7.3,2,10op,1.05,5.9,5.1
FIS FREESTYLE SKI WORLD CUP 2026,2025-12-07,RUKA (FIN),Men's Moguls,Results Qualification,WANG Renda,2537252,CHN,36,64.44,13.89,38.1,12.45,1,bF,0.88,6.0,6.2,2,10op,1.05,7.0,6.5
FIS FREESTYLE SKI WORLD CUP 2026,2025-12-08,RUKA (FIN),Women's Moguls,Results Qualification,FUJIKI Hina,2533039,JPN,13,65.08,11.97,39.7,13.41,1,bG,0.92,7.8,8.0,2,bp,0.81,7.4,7.8
FIS FREESTYLE SKI WORLD CUP 2026,2025-12-08,RUKA (FIN),Women's Moguls,Results Qualification,FEKLISTOVA Yuliya,2539209,KAZ,31,42.94,8.75,27.1,7.09,1,bp,0.81,3.3,4.0,2,bG,0.92,4.7,4.3
2024 FIS FREESTYLE NORAM CUP,2024-02-07,DEER VALLEY RESORT (USA),Men's Moguls,QUALIFICATION RUN 1 RESULTS Qualification,BOYLE Wyatt,2538441,USA,36,54.55,14.37,30.1,10.08,1,7oG,1.01,6.4,5.4,2,7op,0.88,5.1,4.3
2024 FIS FREESTYLE NORAM CUP,2024-02-07,DEER VALLEY RESORT (USA),Men's Moguls,QUALIFICATION RUN 1 RESULTS Qualification,ROY Jeremie,2535640,CAN,38,50.43,12.53,30.9,7.0,1,bG,0.82,5.9,4.0,2,7op,0.88,3.2,3.5
2024 FIS FREESTYLE NORAM CUP,2024-02-07,DEER VALLEY RESORT (USA),Men's Moguls,QUALIFICATION RUN 1 RESULTS Qualification,SAUVE Mavrick,2538593,CAN,48,15.89,1.19,8.6,6.1,1,lG,0.82,6.2,5.7,2,7op,0.88,1.8,1.0
2024 FIS FREESTYLE NORAM CUP,2024-02-07,DEER VALLEY RESORT (USA),Men's Moguls,QUALIFICATION RUN 1 RESULTS Qualification,BEAULIEU Charles,2535304,CAN,2,75.6,14.94,46.9,13.76,1,bF,0.88,7.4,7.5,2,7op,0.88,8.2,8.2
2024 FIS FREESTYLE NORAM CUP,2024-02-07,DEER VALLEY RESORT (USA),Men's Moguls,QUALIFICATION RUN 1 RESULTS Qualification,GRYSPEERDT,2537768,CAN,46,22.66,8.05,9.0,5.61,1,bG,0.82,7.0,6.7,2,NJ,0.0,0.0,0.0
2024 FIS FREESTYLE NORAM CUP,2024-02-07,DEER VALLEY RESORT (USA),Men's Moguls,QUALIFICATION RUN 1 RESULTS Qualification,BEAUREGARD Ian,2533390,USA,23,63.54,15.33,39.3,8.91,1,bG,0.82,7.0,6.1,2,bp,0.71,5.1,4.9
2024 FIS FREESTYLE NORAM CUP,2024-02-07,DEER VALLEY RESORT (USA),Men's Moguls,QUALIFICATION RUN 1 RESULTS Qualification,LUCAS Nash,2534751,USA,19,66.47,14.32,39.3,12.85,1,bF,0.88,7.6,7.4,2,7oG,1.01,6.3,6.1
2024 FIS FREESTYLE NORAM CUP FINALS,2024-03-01,"STRATTON, VT (USA)",Women's Moguls,QUALIFICATION RUN 1 RESULTS Final 1,MAURAIS Olivia,2538814,USA,9,71.39,15.35,44.2,11.84,1,bp,0.81,7.3,7.2,2,bG,0.92,6.8,6.2
2024 FIS FREESTYLE NORAM CUP FINALS,2024-03-01,"STRATTON, VT (USA)",Women's Moguls,QUALIFICATION RUN 1 RESULTS Final 1,WAKIM Kareema,2537719,AUS,12,68.41,14.27,42.4,11.74,1,bG,0.92,6.9,6.6,2,bT,0.78,7.2,7.0
2024 FIS FREESTYLE NORAM CUP FINALS,2024-03-01,"STRATTON, VT (USA)",Women's Moguls,QUALIFICATION RUN 1 RESULTS Final 2,MIKKELSEN Maya,2534235,CAN,2,79.72,15.77,51.7,12.25,1,bG,0.92,6.5,7.3,2,bp,0.81,7.0,7.6
2024 FIS FREESTYLE NORAM CUP FINALS,2024-03-01,"STRATTON, VT (USA)",Women's Moguls,QUALIFICATION RUN 1 RESULTS Qualification,BABCOCK Tillie,2537846,USA,36,42.07,11.67,19.9,10.5,1,bp,0.81,7.2,7.0,2,fT,0.78,6.0,6.2
2024 FIS FREESTYLE NORAM CUP FINALS,2024-03-01,"STRATTON, VT (USA)",Women's Moguls,QUALIFICATION RUN 1 RESULTS Qualification,WILSON Charlotte,2535796,AUS,15,63.99,14.18,37.0,12.81,1,bG,0.92,7.4,7.8,2,bp,0.81,7.2,7.2
2024 FIS FREESTYLE NORAM CUP FINALS,2024-03-01,"STRATTON, VT (USA)",Men's Moguls,QUALIFICATION RUN 1 RESULTS Final 1,MICKEL Charlie,2537180,USA,1,85.19,15.18,54.1,15.91,1,7oG,1.01,8.2,8.6,2,7op,0.88,8.4,8.5
2024 FIS FREESTYLE NORAM CUP FINALS,2024-03-01,"STRATTON, VT (USA)",Men's Moguls,QUALIFICATION RUN 1 RESULTS Final 1,LEWIS Camden,2539248,USA,8,80.92,16.01,50.3,14.61,1,7oG,1.01,7.8,8.0,2,bG,0.82,8.1,8.1
2024 FIS FREESTYLE NORAM CUP FINALS,2024-03-01,"STRATTON, VT (USA)",Men's Moguls,QUALIFICATION RUN 1 RESULTS Qualification,GRYSPEERDT,2537768,CAN,35,68.17,14.32,39.6,14.25,1,10op,1.05,7.3,7.2,2,7op,0.88,7.7,7.4
2024 FIS FREESTYLE NORAM CUP FINALS,2024-03-01,"STRATTON, VT (USA)",Men's Moguls,QUALIFICATION RUN 1 RESULTS Qualification,ROWLEY Tristan,2535799,AUS,43,63.53,14.22,39.3,10.01,1,7op,0.88,6.8,6.8,2,7oG,1.01,4.2,3.8
2024 FIS FREESTYLE NORAM CUP FINALS,2024-03-01,"STRATTON, VT (USA)",Men's Moguls,QUALIFICATION RUN 1 RESULTS Qualification,PARADIS Louis,2534246,CAN,10,75.91,14.72,46.3,14.89,1,7oG,1.01,8.2,7.8,2,7op,0.88,7.5,8.0
2024 FIS FREESTYLE NORAM CUP FINALS,2024-03-01,"STRATTON, VT (USA)",Men's Moguls,QUALIFICATION RUN 1 RESULTS Qualification,EGAN Jack,2538063,USA,30,69.6,15.7,40.7,13.2,1,7oG,1.01,7.3,7.0,2,7op,0.88,6.7,6.9
2024 FIS FREESTYLE NORAM CUP,2024-02-12,APEX MOUNTAIN RESORT (CAN),Men's Moguls,QUALIFICATION RUN 1 RESULTS Final 2,GOODISON Samuel,2534451,CAN,6,77.48,15.68,49.0,12.8,1,bF,0.88,8.6,8.0,2,7oG,1.01,5.1,5.8
2024 FIS FREESTYLE NORAM CUP,2024-02-12,APEX MOUNTAIN RESORT (CAN),Men's Moguls,QUALIFICATION RUN 1 RESULTS Qualification,LITTLEFIELD Chase,2538054,USA,58,33.21,18.32,7.7,7.19,1,7op,0.88,7.0,7.2,2,S,0.38,2.5,2.5
2024 FIS FREESTYLE NORAM CUP,2024-02-12,APEX MOUNTAIN RESORT (CAN),Men's Moguls,QUALIFICATION RUN 1 RESULTS Qualification,BOUGIE Jean-,2538309,CAN,10,78.63,13.96,51.3,13.37,1,bF,0.88,8.3,7.5,2,7op,0.88,7.6,7.0
2024 FIS FREESTYLE NORAM CUP,2024-02-12,APEX MOUNTAIN RESORT (CAN),Men's Moguls,QUALIFICATION RUN 1 RESULTS Qualification,BURNYEAT Brian,2538225,CAN,39,67.5,13.07,42.8,11.63,1,bF,0.88,6.9,7.7,2,bp,0.71,7.8,6.9
2024 FIS FREESTYLE NORAM CUP,2024-02-12,APEX MOUNTAIN RESORT (CAN),Men's Moguls,QUALIFICATION RUN 1 RESULTS Qualification,PARADIS Louis,2534246,CAN,21,75.37,15.06,47.6,12.71,1,7oG,1.01,6.2,6.0,2,7op,0.88,7.9,7.0
2024 FIS FREESTYLE NORAM CUP,2024-02-12,APEX MOUNTAIN RESORT (CAN),Women's Moguls,QUALIFICATION RUN 1 RESULTS Final 1,AUGER-HAMELIN,2538696,CAN,15,67.1,15.06,41.2,10.84,1,bp,0.81,6.3,5.6,2,bG,0.92,7.0,6.1
2024 FIS FREESTYLE NORAM CUP,2024-02-12,APEX MOUNTAIN RESORT (CAN),Women's Moguls,QUALIFICATION RUN 1 RESULTS Final 2,KOEHLER Ashley,2534528,CAN,3,75.5,16.08,46.4,13.02,1,bT,0.78,7.8,7.7,2,bG,0.92,7.9,7.3
2024 FIS FREESTYLE NORAM CUP,2024-02-12,APEX MOUNTAIN RESORT (CAN),Women's Moguls,QUALIFICATION RUN 1 RESULTS Qualification,BOSCO Emma,2532927,AUS,24,65.3,14.05,39.0,12.25,1,bG,0.92,7.2,7.3,2,bL,0.81,7.0,6.8
2024 FIS FREESTYLE NORAM CUP,2024-02-12,APEX MOUNTAIN RESORT (CAN),Women's Moguls,QUALIFICATION RUN 1 RESULTS Qualification,HOLUB Mikayla,2538199,CAN,46,38.5,10.23,20.7,7.57,1,bG,0.92,3.9,3.7,2,bp,0.81,4.9,5.2
2024 FIS FREESTYLE NORAM CUP,2024-02-12,APEX MOUNTAIN RESORT (CAN),Women's Moguls,QUALIFICATION RUN 1 RESULTS Qualification,BOOTH Mckenna,2537766,USA,34,55.68,11.7,36.4,7.58,1,bT,0.78,5.2,5.3,2,bG,0.92,3.8,3.8
2024 FIS FREESTYLE NORAM CUP,2024-02-12,APEX MOUNTAIN RESORT (CAN),Women's Moguls,QUALIFICATION RUN 1 RESULTS Qualification,KOEHLER Ashley,2534528,CAN,2,75.96,15.81,46.3,13.85,1,bT,0.78,8.2,8.0,2,bG,0.92,8.1,8.3
2024 FIS FREESTYLE NORAM CUP,2024-02-12,APEX MOUNTAIN RESORT (CAN),Women's Moguls,QUALIFICATION RUN 1 RESULTS Qualification,HOGG Kasey,2534251,USA,1,77.97,16.57,49.8,11.6,1,bp,0.81,6.2,6.1,2,bG,0.92,7.4,7.0
2024 FIS FREESTYLE NORAM CUP,2024-02-12,APEX MOUNTAIN RESORT (CAN),Women's Moguls,QUALIFICATION RUN 1 RESULTS Qualification,LODGE Lottie,2538154,AUS,12,70.4,15.71,40.8,13.89,1,bT,0.78,6.5,7.3,2,bG,0.92,9.0,9.5
2024 FIS FREESTYLE NORAM CUP MOGULS,2024-02-24,VAL S TCOME (CAN),Men's Moguls,QUALIFICATION RUN 1 RESULTS Final 1,MYSKO Alex,2535235,CAN,14,33.13,7.22,14.6,11.31,1,bF,0.88,5.1,6.0,2,bG,0.82,8.3,7.4
2024 FIS FREESTYLE NORAM CUP MOGULS,2024-02-24,VAL S TCOME (CAN),Men's Moguls,QUALIFICATION RUN 1 RESULTS Final 2,DUBUC Joey,2535858,CAN,4,78.38,13.15,53.1,12.13,1,bF,0.88,7.9,7.5,2,7op,0.88,6.6,5.6
2024 FIS FREESTYLE NORAM CUP MOGULS,2024-02-24,VAL S TCOME (CAN),Men's Moguls,QUALIFICATION RUN 1 RESULTS Qualification,HUFF Porter,2538994,USA,8,72.31,15.88,45.2,11.23,1,7op,0.88,6.8,7.2,2,bp,0.71,7.0,7.3
2024 FIS FREESTYLE NORAM CUP MOGULS,2024-02-24,VAL S TCOME (CAN),Men's Moguls,QUALIFICATION RUN 1 RESULTS Qualification,BERTRAND Felix,2533563,CAN,30,63.7,10.83,41.9,10.97,1,bF,0.88,5.6,6.3,2,bG,0.82,7.0,7.0
2024 FIS FREESTYLE NORAM CUP MOGULS,2024-02-24,VAL S TCOME (CAN),Men's Moguls,QUALIFICATION RUN 1 RESULTS Qualification,MARLEY Garrett,2533394,USA,31,62.23,13.8,35.9,12.53,1,bG,0.82,7.4,7.3,2,7op,0.88,7.0,7.8
2024 FIS FREESTYLE NORAM CUP MOGULS,2024-02-24,VAL S TCOME (CAN),Men's Moguls,QUALIFICATION RUN 1 RESULTS Qualification,BEAUREGARD Ian,2533390,USA,14,68.03,14.27,43.2,10.56,1,bp,0.71,6.6,6.2,2,7op,0.88,6.8,6.9
2024 FIS FREESTYLE NORAM CUP MOGULS,2024-02-24,VAL S TCOME (CAN),Women's Moguls,QUALIFICATION RUN 1 RESULTS Final 2,MIKKELSEN Maya,2534235,CAN,2,69.04,11.58,46.8,10.66,1,bG,0.92,5.4,6.0,2,bp,0.81,6.9,6.5
2024 FIS FREESTYLE NORAM CUP MOGULS,2024-02-24,VAL S TCOME (CAN),Women's Moguls,QUALIFICATION RUN 1 RESULTS Qualification,SLETTENE Skylar,2535377,USA,7,57.61,8.53,39.3,9.78,1,bp,0.81,5.4,5.6,2,bG,0.92,5.8,5.8
2024 FIS FREESTYLE NORAM CUP MOGULS,2024-02-24,VAL S TCOME (CAN),Women's Moguls,QUALIFICATION RUN 1 RESULTS Qualification,MATSUDA Lia,2539352,CAN,30,30.51,5.46,18.2,6.85,1,S,0.48,4.8,4.8,2,bG,0.92,4.9,5.0
2024 FIS FREESTYLE NORAM CUP MOGULS,2024-02-24,VAL S TCOME (CAN),Women's Moguls,QUALIFICATION RUN 1 RESULTS Qualification,COOPER Annika,2538298,CAN,33,16.68,4.95,7.5,4.23,1,S,0.48,3.0,3.0,2,bp,0.81,3.9,3.0
FIS FREESTYLE SKI WORLD CUP 2026,2026-01-09,VAL ST. COME (CAN),Men's Moguls,Results Final,WENDLER Landon,2534140,USA,8,79.36,17.04,48.6,13.72,1,7op,0.88,7.5,7.5,2,7oG,1.01,7.1,7.0
FIS FREESTYLE SKI WORLD CUP 2026,2026-01-09,VAL ST. COME (CAN),Men's Moguls,Results Qualification,WEESE Nicolas,2535693,GER,41,59.59,14.93,36.9,7.76,1,7op,0.88,4.2,4.4,2,7oG,1.01,4.0,3.9
FIS FREESTYLE SKI WORLD CUP 2026,2026-01-09,VAL ST. COME (CAN),Men's Moguls,Results Qualification,BUZZI Enea,2533002,SUI,48,30.92,13.65,10.6,6.67,1,7oG,1.01,6.4,6.1,2,10op,1.05,0.2,0.5
FIS FREESTYLE SKI WORLD CUP 2026,2025-12-07,RUKA (FIN),Women's Moguls,Results Qualification,WILSON Charlotte,2535796,AUS,15,62.71,15.24,36.0,11.47,1,bT,0.78,5.5,5.3,2,bG,0.92,8.0,7.8
FIS FREESTYLE SKI WORLD CUP 2026,2025-12-07,RUKA (FIN),Women's Moguls,Results Qualification,BERTRAND Lise,2538642,FRA,32,39.89,8.91,25.7,5.28,1,bG,0.92,1.8,2.3,2,bp,0.81,4.3,4.1
FIS FREESTYLE SKI WORLD CUP 2026,2025-12-07,RUKA (FIN),Women's Moguls,Results Qualification,GUSTAFSON Moa,2535767,SWE,43,27.71,9.29,13.2,5.22,1,bp,0.81,3.3,3.0,2,bp,0.81,3.4,3.2
FIS FREESTYLE SKI WORLD CUP 2026,2025-12-07,RUKA (FIN),Women's Moguls,Results Final 1,LAFFONT Perrine,2531156,FRA,1,78.63,16.36,46.5,15.77,1,7op,0.98,7.3,7.8,2,7oG,1.11,7.5,7.6
FIS FREESTYLE SKI WORLD CUP 2026,2025-12-07,RUKA (FIN),Men's Moguls,Results Qualification,KINGSBURY Mikael,2484937,CAN,4,77.27,16.82,46.6,13.85,1,bF,0.88,8.2,8.3,2,7op,0.88,7.7,7.3
FIS FREESTYLE SKI WORLD CUP 2026,2025-12-07,RUKA (FIN),Men's Moguls,Results Qualification,CONEDERA Martino,2532502,SUI,45,19.28,9.98,4.0,5.3,1,10op,1.05,5.0,5.1,2,NJ,0.0,0.0,0.0
FIS FREESTYLE SKI WORLD CUP 2026,2025-12-07,RUKA (FIN),Men's Moguls,Results Final 1,KOLMAKOV Pavel,2528846,KAZ,14,46.54,13.77,18.4,14.37,1,bdF,1.05,6.9,6.9,2,10op,1.05,6.7,6.9
FIS FREESTYLE SKI WORLD CUP 2026,2025-12-08,RUKA (FIN),Women's Moguls,Results Qualification,ANTHONY Jakara,2530720,AUS,3,71.68,15.62,43.4,12.66,1,7oG,1.11,6.6,6.6,2,bp,0.81,6.5,6.7
FIS FREESTYLE SKI WORLD CUP 2026,2025-12-08,RUKA (FIN),Women's Moguls,Results Qualification,WILSON Charlotte,2535796,AUS,12,65.55,12.82,42.0,10.73,1,bT,0.78,5.3,4.9,2,bG,0.92,7.6,7.1
FIS FREESTYLE SKI WORLD CUP 2026,2025-12-08,RUKA (FIN),Women's Moguls,Results Qualification,BERTRAND Lise,2538642,FRA,29,44.17,9.5,27.8,6.87,1,bG,0.92,3.4,3.2,2,bp,0.81,4.5,5.0
FIS FREESTYLE SKI WORLD CUP 2026,2025-12-08,RUKA (FIN),Women's Moguls,Results Qualification,NILSSON Nova,2540042,SWE,30,44.07,8.81,27.7,7.56,1,bG,0.92,4.2,3.8,2,bp,0.81,4.5,5.1
2024 FIS FREESTYLE NORAM CUP,2024-02-07,DEER VALLEY RESORT (USA),Men's Moguls,QUALIFICATION RUN 1 RESULTS Final 1,PORTELLO Ryan,2530702,CAN,15,63.46,17.01,39.0,7.45,1,bF,0.88,5.6,5.6,2,lG,0.82,3.4,2.8
2024 FIS FREESTYLE NORAM CUP,2024-02-07,DEER VALLEY RESORT (USA),Men's Moguls,QUALIFICATION RUN 1 RESULTS Qualification,CROCKETT Jackson,2534116,USA,29,60.09,13.54,34.2,12.35,1,7op,0.88,6.0,5.5,2,10op,1.05,7.2,6.7
2024 FIS FREESTYLE NORAM CUP,2024-02-07,DEER VALLEY RESORT (USA),Men's Moguls,QUALIFICATION RUN 1 RESULTS Qualification,LIVISSIANOS Mac,2535793,AUS,37,54.54,11.56,35.3,7.68,1,bT,0.68,4.9,6.2,2,7op,0.88,4.6,4.3
2024 FIS FREESTYLE NORAM CUP FINALS,2024-03-01,"STRATTON, VT (USA)",Women's Moguls,QUALIFICATION RUN 1 RESULTS Final 1,LINTON Jessica,2533613,CAN,7,71.75,14.41,46.1,11.24,1,bG,0.92,6.1,6.2,2,bp,0.81,6.7,7.1
2024 FIS FREESTYLE NORAM CUP FINALS,2024-03-01,"STRATTON, VT (USA)",Women's Moguls,QUALIFICATION RUN 1 RESULTS Final 1,DWINELL Zoe,2535605,USA,8,71.63,13.92,45.1,12.61,1,bF,0.98,7.5,7.1,2,bp,0.81,6.8,6.7
2024 FIS FREESTYLE NORAM CUP FINALS,2024-03-01,"STRATTON, VT (USA)",Women's Moguls,QUALIFICATION RUN 1 RESULTS Final 1,HOGG Kasey,2534251,USA,2,77.18,15.94,47.8,13.44,1,bp,0.81,7.6,7.8,2,bG,0.92,7.8,7.9
2024 FIS FREESTYLE NORAM CUP FINALS,2024-03-01,"STRATTON, VT (USA)",Women's Moguls,QUALIFICATION RUN 1 RESULTS Final 2,LAROCHE Florence,2538248,CAN,6,76.5,16.17,48.3,12.03,1,7op,0.98,6.5,6.4,2,bp,0.81,7.1,7.0
2024 FIS FREESTYLE NORAM CUP FINALS,2024-03-01,"STRATTON, VT (USA)",Women's Moguls,QUALIFICATION RUN 1 RESULTS Qualification,STEVENSON Maddie,2537949,USA,31,50.31,9.34,33.5,7.47,1,bT,0.78,5.3,6.0,2,TS,0.59,5.4,5.0
2024 FIS FREESTYLE NORAM CUP FINALS,2024-03-01,"STRATTON, VT (USA)",Women's Moguls,QUALIFICATION RUN 1 RESULTS Qualification,LINTON Jessica,2533613,CAN,10,66.44,13.14,42.3,11.0,1,bG,0.92,6.1,6.3,2,bp,0.81,7.0,6.1
2024 FIS FREESTYLE NORAM CUP FINALS,2024-03-01,"STRATTON, VT (USA)",Men's Moguls,QUALIFICATION RUN 1 RESULTS Final 1,DUBUC Joey,2535858,CAN,6,81.22,14.65,52.7,13.87,1,7op,0.88,8.1,7.8,2,bG,0.82,8.4,8.4
2024 FIS FREESTYLE NORAM CUP FINALS,2024-03-01,"STRATTON, VT (USA)",Men's Moguls,QUALIFICATION RUN 1 RESULTS Qualification,TRUE Jackson,2537563,USA,28,69.72,13.87,42.3,13.55,1,7oG,1.01,7.2,7.8,2,7op,0.88,6.6,7.0
2024 FIS FREESTYLE NORAM CUP FINALS,2024-03-01,"STRATTON, VT (USA)",Men's Moguls,QUALIFICATION RUN 1 RESULTS Qualification,MICHEL Asher,2537833,USA,12,74.73,15.35,46.0,13.38,1,7op,0.88,7.6,7.2,2,bG,0.82,8.4,8.4
2024 FIS FREESTYLE NORAM CUP FINALS,2024-03-01,"STRATTON, VT (USA)",Men's Moguls,QUALIFICATION RUN 1 RESULTS Qualification,BEAULIEU Charles,2535304,CAN,2,80.44,16.47,48.5,15.47,1,7oG,1.01,7.9,8.3,2,7op,0.88,8.2,8.4
2024 FIS FREESTYLE NORAM CUP FINALS,2024-03-01,"STRATTON, VT (USA)",Men's Moguls,QUALIFICATION RUN 1 RESULTS Qualification,MYSKO Alex,2535235,CAN,27,70.16,14.27,42.1,13.79,1,bF,0.88,7.8,8.1,2,bG,0.82,8.2,8.4
2024 FIS FREESTYLE NORAM CUP,2024-02-12,APEX MOUNTAIN RESORT (CAN),Men's Moguls,QUALIFICATION RUN 1 RESULTS Final 2,CORDELL Sam,2532530,CAN,3,82.8,15.79,50.6,16.41,1,7oG,1.01,9.1,8.8,2,bG,0.82,9.0,9.0
2024 FIS FREESTYLE NORAM CUP,2024-02-12,APEX MOUNTAIN RESORT (CAN),Men's Moguls,QUALIFICATION RUN 1 RESULTS Qualification,BOONE Stephen,2537882,USA,32,71.8,13.75,44.5,13.55,1,7op,0.88,8.4,8.3,2,7oG,1.01,6.2,6.1
2024 FIS FREESTYLE NORAM CUP,2024-02-12,APEX MOUNTAIN RESORT (CAN),Men's Moguls,QUALIFICATION RUN 1 RESULTS Qualification,BEAULIEU Charles,2535304,CAN,7,79.81,15.67,51.7,12.44,1,bF,0.88,7.1,6.0,2,7op,0.88,8.2,7.0
2024 FIS FREESTYLE NORAM CUP,2024-02-12,APEX MOUNTAIN RESORT (CAN),Men's Moguls,QUALIFICATION RUN 1 RESULTS Qualification,HILL Edward,2537720,AUS,25,72.99,13.99,46.0,13.0,1,bG,0.82,7.9,8.6,2,7op,0.88,6.9,7.3
2024 FIS FREESTYLE NORAM CUP,2024-02-12,APEX MOUNTAIN RESORT (CAN),Men's Moguls,QUALIFICATION RUN 1 RESULTS Qualification,BERTRAND Felix,2533563,CAN,31,71.88,12.78,45.4,13.7,1,7oG,1.01,7.0,7.0,2,bG,0.82,7.8,8.4
2024 FIS FREESTYLE NORAM CUP,2024-02-12,APEX MOUNTAIN RESORT (CAN),Women's Moguls,QUALIFICATION RUN 1 RESULTS Final 1,LINTON Jessica,2533613,CAN,2,75.2,14.89,47.2,13.11,1,bG,0.92,7.0,6.3,2,bp,0.81,8.9,8.4
2024 FIS FREESTYLE NORAM CUP,2024-02-12,APEX MOUNTAIN RESORT (CAN),Women's Moguls,QUALIFICATION RUN 1 RESULTS Final 1,MAURAIS Olivia,2538814,USA,14,67.26,14.35,43.5,9.41,1,7op,0.98,3.5,3.7,2,bG,0.92,6.8,6.0
2024 FIS FREESTYLE NORAM CUP MOGULS,2024-02-24,VAL S TCOME (CAN),Men's Moguls,QUALIFICATION RUN 1 RESULTS Qualification,PETRONE Jack,2535642,USA,25,65.37,13.47,41.4,10.5,1,7oG,1.01,4.6,4.8,2,7op,0.88,6.1,7.0
2024 FIS FREESTYLE NORAM CUP MOGULS,2024-02-24,VAL S TCOME (CAN),Men's Moguls,QUALIFICATION RUN 1 RESULTS Qualification,SAUVE Mavrick,2538593,CAN,54,25.08,6.49,6.6,11.99,1,lG,0.82,6.8,6.9,2,7op,0.88,7.0,7.5
2024 FIS FREESTYLE NORAM CUP MOGULS,2024-02-24,VAL S TCOME (CAN),Women's Moguls,QUALIFICATION RUN 1 RESULTS Qualification,PEDERSON Emily,2538892,USA,26,34.87,2.48,27.7,4.69,1,3,0.78,2.9,2.5,2,S,0.48,5.3,5.5
2024 FIS FREESTYLE NORAM CUP MOGULS,2024-02-24,VAL S TCOME (CAN),Women's Moguls,QUALIFICATION RUN 1 RESULTS Qualification,HOLUB Mikayla,2538199,CAN,27,32.39,5.26,22.2,4.93,1,S,0.48,5.2,4.8,2,bT,0.78,3.5,3.0
FIS FREESTYLE SKI WORLD CUP 2026,2026-01-09,VAL ST. COME (CAN),Men's Moguls,Results Qualification,KINGSBURY Mikael,2484937,CAN,3,81.51,15.89,48.2,17.42,1,bdF,1.05,8.0,8.1,2,10op,1.05,8.5,8.6
FIS FREESTYLE SKI WORLD CUP 2026,2026-01-09,VAL ST. COME (CAN),Men's Moguls,Results Qualification,GAY Paul Andrea,2538751,FRA,23,71.39,15.17,44.2,12.02,1,7op,0.88,6.2,6.1,2,10op,1.05,5.8,6.8
FIS FREESTYLE SKI WORLD CUP 2026,2026-01-09,VAL ST. COME (CAN),Men's Moguls,Results Qualification,de VILLAUCOURT,2535561,FRA,35,67.11,15.86,38.5,12.75,1,7op,0.88,6.5,7.0,2,7oG,1.01,6.8,6.7
FIS FREESTYLE SKI WORLD CUP 2026,2026-01-09,VAL ST. COME (CAN),Men's Moguls,Results Qualification,LEE Yoonseung,2537625,KOR,38,65.51,17.46,37.5,10.55,1,bF,0.88,6.4,6.3,2,7op,0.88,5.6,5.7
FIS FREESTYLE SKI WORLD CUP 2026,2026-01-09,VAL ST. COME (CAN),Men's Moguls,Results Qualification,AHVENAINEN Akseli,2533687,FIN,51,28.77,9.12,12.7,6.95,1,bF,0.88,8.0,7.8,2,NJ,0.0,0.0,0.0
FIS FREESTYLE SKI WORLD CUP 2026,2025-12-07,RUKA (FIN),Women's Moguls,Results Qualification,DUAUX Marie,2537443,FRA,39,32.82,13.17,12.4,7.25,1,bF,0.98,7.5,7.3,2,NJ,0.0,0.0,0.0
FIS FREESTYLE SKI WORLD CUP 2026,2025-12-07,RUKA (FIN),Women's Moguls,Results Final 1,SCHWINGHAMMER,2533204,CAN,4,74.29,14.99,44.9,14.4,1,7op,0.98,7.0,7.1,2,bG,0.92,8.2,8.1
FIS FREESTYLE SKI WORLD CUP 2026,2025-12-07,RUKA (FIN),Men's Moguls,Results Qualification,KOLMAKOV Pavel,2528846,KAZ,9,73.94,16.87,44.1,12.97,1,bF,0.88,8.4,8.2,2,7op,0.88,6.4,6.5
FIS FREESTYLE SKI WORLD CUP 2026,2025-12-07,RUKA (FIN),Men's Moguls,Results Qualification,AHVENAINEN Akseli,2533687,FIN,11,73.14,14.39,43.5,15.25,1,bF,0.88,7.5,8.0,2,7oG,1.01,8.3,8.4
FIS FREESTYLE SKI WORLD CUP 2026,2025-12-07,RUKA (FIN),Men's Moguls,Results Qualification,LEE Yoonseung,2537625,KOR,32,66.99,17.37,38.2,11.42,1,bF,0.88,7.6,7.9,2,bp,0.71,6.4,6.6
FIS FREESTYLE SKI WORLD CUP 2026,2025-12-07,RUKA (FIN),Men's Moguls,Results Qualification,WEESE Nicolas,2535693,GER,41,57.11,13.08,33.9,10.13,1,7op,0.88,5.8,6.0,2,7oG,1.01,5.0,4.8
FIS FREESTYLE SKI WORLD CUP 2026,2025-12-07,RUKA (FIN),Men's Moguls,Results Final 2,GRAHAM Matt,2441426,AUS,4,79.13,16.79,47.6,14.74,1,bF,0.88,8.3,8.4,2,10op,1.05,7.2,6.9
FIS FREESTYLE SKI WORLD CUP 2026,2025-12-08,RUKA (FIN),Women's Moguls,Results Qualification,GIACCIO Olivia,2532241,USA,1,72.38,14.12,45.2,13.06,1,7oG,1.11,5.4,6.5,2,7op,0.98,6.4,6.8
FIS FREESTYLE SKI WORLD CUP 2026,2025-12-08,RUKA (FIN),Women's Moguls,Results Qualification,LUNDHOLM Elis,2534864,SWE,18,59.18,11.6,37.5,10.08,1,lG,0.92,4.5,6.7,2,bp,0.81,5.3,6.9
FIS FREESTYLE SKI WORLD CUP 2026,2025-12-08,RUKA (FIN),Women's Moguls,Results Qualification,AMRENOVA Ayaulym,2532085,KAZ,26,45.85,10.23,22.3,13.32,1,bG,0.92,7.4,7.1,2,7op,0.98,7.1,6.5
2024 FIS FREESTYLE NORAM CUP,2024-02-07,DEER VALLEY RESORT (USA),Men's Moguls,QUALIFICATION RUN 1 RESULTS Qualification,TATAR-BROWN,2537574,USA,27,60.87,10.9,37.1,12.87,1,7op,0.88,7.8,7.5,2,10op,1.05,6.0,5.7
2024 FIS FREESTYLE NORAM CUP,2024-02-07,DEER VALLEY RESORT (USA),Men's Moguls,QUALIFICATION RUN 1 RESULTS Qualification,GENDRON Nate,2538060,USA,12,69.23,14.9,39.7,14.63,1,bF,0.88,7.3,6.7,2,7oG,1.01,8.6,8.2
2024 FIS FREESTYLE NORAM CUP,2024-02-07,DEER VALLEY RESORT (USA),Men's Moguls,QUALIFICATION RUN 1 RESULTS Qualification,MICHEL Asher,2537833,USA,6,73.58,15.32,45.9,12.36,1,bG,0.82,7.9,8.0,2,7op,0.88,6.8,6.5
2024 FIS FREESTYLE NORAM CUP FINALS,2024-03-01,"STRATTON, VT (USA)",Women's Moguls,QUALIFICATION RUN 1 RESULTS Final 2,KOEHLER Ashley,2534528,CAN,3,78.91,16.72,50.3,11.89,1,bG,0.92,6.5,6.5,2,bL,0.81,7.4,7.2
2024 FIS FREESTYLE NORAM CUP FINALS,2024-03-01,"STRATTON, VT (USA)",Women's Moguls,QUALIFICATION RUN 1 RESULTS Qualification,SLETTENE Skylar,2535377,USA,9,67.3,14.38,42.1,10.82,1,bG,0.92,5.4,6.0,2,bp,0.81,6.8,7.0
2024 FIS FREESTYLE NORAM CUP FINALS,2024-03-01,"STRATTON, VT (USA)",Women's Moguls,QUALIFICATION RUN 1 RESULTS Qualification,MATSUDA Lia,2539352,CAN,38,39.7,9.01,24.6,6.09,1,TS,0.59,3.6,3.5,2,bp,0.81,5.0,4.9
2024 FIS FREESTYLE NORAM CUP FINALS,2024-03-01,"STRATTON, VT (USA)",Women's Moguls,QUALIFICATION RUN 1 RESULTS Qualification,CIAGLO Megan,2537409,USA,41,11.06,5.43,0.3,5.33,1,bG,0.92,5.8,5.8,2,NJ,0.0,0.0,0.0
2024 FIS FREESTYLE NORAM CUP FINALS,2024-03-01,"STRATTON, VT (USA)",Women's Moguls,QUALIFICATION RUN 1 RESULTS Qualification,KOEHLER Ashley,2534528,CAN,5,69.44,14.89,44.8,9.75,1,bG,0.92,5.1,5.3,2,bL,0.81,6.4,5.9
2024 FIS FREESTYLE NORAM CUP FINALS,2024-03-01,"STRATTON, VT (USA)",Women's Moguls,QUALIFICATION RUN 1 RESULTS Qualification,DICKEY Kenadie,2539675,USA,34,44.7,8.0,30.0,6.7,1,3,0.78,4.8,4.0,2,bp,0.81,4.2,3.9
2024 FIS FREESTYLE NORAM CUP FINALS,2024-03-01,"STRATTON, VT (USA)",Men's Moguls,QUALIFICATION RUN 1 RESULTS Qualification,MARLEY Garrett,2533394,USA,49,31.88,15.15,8.7,8.03,1,10op,1.05,7.6,7.7,2,NJ,0.0,0.0,0.0
2024 FIS FREESTYLE NORAM CUP FINALS,2024-03-01,"STRATTON, VT (USA)",Men's Moguls,QUALIFICATION RUN 1 RESULTS Qualification,TOBEY Gavin,2535388,USA,13,74.05,14.35,44.8,14.9,1,7oG,1.01,8.1,8.0,2,7op,0.88,7.7,7.7
2024 FIS FREESTYLE NORAM CUP,2024-02-12,APEX MOUNTAIN RESORT (CAN),Men's Moguls,QUALIFICATION RUN 1 RESULTS Final 1,CAREY Cole,2537322,CAN,16,37.46,13.4,17.2,6.86,1,bF,0.88,7.7,7.9,2,NJ,0.0,0.0,0.0
2024 FIS FREESTYLE NORAM CUP,2024-02-12,APEX MOUNTAIN RESORT (CAN),Men's Moguls,QUALIFICATION RUN 1 RESULTS Final 1,PORTELLO Ryan,2530702,CAN,7,81.58,16.31,51.4,13.87,1,bF,0.88,7.8,8.1,2,bG,0.82,8.3,8.5
2024 FIS FREESTYLE NORAM CUP,2024-02-12,APEX MOUNTAIN RESORT (CAN),Men's Moguls,QUALIFICATION RUN 1 RESULTS Final 1,DAWSON Quinn,2535306,CAN,1,88.94,16.77,56.1,16.07,1,7oG,1.01,9.7,9.5,2,bp,0.71,9.2,8.8
2024 FIS FREESTYLE NORAM CUP,2024-02-12,APEX MOUNTAIN RESORT (CAN),Men's Moguls,QUALIFICATION RUN 1 RESULTS Final 2,LOGAN Oliver,2534330,AUS,4,80.93,15.15,51.4,14.38,1,bF,0.88,7.8,7.9,2,7op,0.88,8.4,8.6
2024 FIS FREESTYLE NORAM CUP,2024-02-12,APEX MOUNTAIN RESORT (CAN),Men's Moguls,QUALIFICATION RUN 1 RESULTS Qualification,ROBERTS Charlie,2538584,CAN,42,66.89,13.3,42.5,11.09,1,7op,0.88,6.5,6.7,2,bG,0.82,6.4,6.5
2024 FIS FREESTYLE NORAM CUP,2024-02-12,APEX MOUNTAIN RESORT (CAN),Men's Moguls,QUALIFICATION RUN 1 RESULTS Qualification,SMITH Jack,2540071,USA,49,64.2,11.42,44.3,8.48,1,bF,0.88,4.2,5.5,2,7op,0.88,4.6,5.0
2024 FIS FREESTYLE NORAM CUP,2024-02-12,APEX MOUNTAIN RESORT (CAN),Women's Moguls,QUALIFICATION RUN 1 RESULTS Qualification,PERNICE Lucy,2535795,AUS,16,69.68,13.67,41.8,14.21,1,bF,0.98,7.3,8.0,2,bp,0.81,8.1,8.5
2024 FIS FREESTYLE NORAM CUP,2024-02-12,APEX MOUNTAIN RESORT (CAN),Women's Moguls,QUALIFICATION RUN 1 RESULTS Qualification,AYAD Anabel,2537580,USA,7,72.62,15.64,45.7,11.28,1,bG,0.92,5.9,4.3,2,bp,0.81,8.0,8.3
2024 FIS FREESTYLE NORAM CUP,2024-02-12,APEX MOUNTAIN RESORT (CAN),Women's Moguls,QUALIFICATION RUN 1 RESULTS Qualification,PAPKE Makayla,2538797,USA,47,37.75,11.01,18.8,7.94,1,bG,0.92,3.9,3.8,2,bL,0.81,5.9,5.0
2024 FIS FREESTYLE NORAM CUP MOGULS,2024-02-24,VAL S TCOME (CAN),Men's Moguls,QUALIFICATION RUN 1 RESULTS Final 2,PORTELLO Ryan,2530702,CAN,3,78.49,13.76,53.1,11.63,1,bF,0.88,6.5,6.9,2,bG,0.82,7.5,6.5
2024 FIS FREESTYLE NORAM CUP MOGULS,2024-02-24,VAL S TCOME (CAN),Men's Moguls,QUALIFICATION RUN 1 RESULTS Qualification,TAM Ryan,2535542,USA,13,68.23,11.78,44.7,11.75,1,7op,0.88,6.4,6.9,2,lG,0.82,7.4,7.0
2024 FIS FREESTYLE NORAM CUP MOGULS,2024-02-24,VAL S TCOME (CAN),Men's Moguls,QUALIFICATION RUN 1 RESULTS Qualification,GRYSPEERDT,2537768,CAN,57,16.7,5.07,7.2,4.43,1,bG,0.82,0.9,0.2,2,7oG,1.01,3.9,4.0
2024 FIS FREESTYLE NORAM CUP MOGULS,2024-02-24,VAL S TCOME (CAN),Men's Moguls,QUALIFICATION RUN 1 RESULTS Qualification,TRUE Jackson,2537563,USA,21,65.86,11.32,44.5,10.04,1,bF,0.88,5.8,5.9,2,7oG,1.01,5.1,4.6
2024 FIS FREESTYLE NORAM CUP MOGULS,2024-02-24,VAL S TCOME (CAN),Men's Moguls,QUALIFICATION RUN 1 RESULTS Qualification,LUCA Alexander,2538236,CAN,50,41.98,12.1,23.0,6.88,1,bF,0.88,4.0,4.0,2,bp,0.71,4.7,4.8
2024 FIS FREESTYLE NORAM CUP MOGULS,2024-02-24,VAL S TCOME (CAN),Men's Moguls,QUALIFICATION RUN 1 RESULTS Qualification,CAREY Cole,2537322,CAN,52,30.22,7.52,12.3,10.4,1,bF,0.88,7.4,7.3,2,bp,0.71,5.3,5.8
2024 FIS FREESTYLE NORAM CUP MOGULS,2024-02-24,VAL S TCOME (CAN),Women's Moguls,QUALIFICATION RUN 1 RESULTS Final 1,LINTON Jessica,2533613,CAN,1,68.22,11.93,44.7,11.59,1,bG,0.92,5.6,5.0,2,bp,0.81,8.4,8.2
2024 FIS FREESTYLE NORAM CUP MOGULS,2024-02-24,VAL S TCOME (CAN),Women's Moguls,QUALIFICATION RUN 1 RESULTS Final 1,MIKKELSEN Maya,2534235,CAN,2,67.83,10.56,47.7,9.57,1,bG,0.92,5.8,5.0,2,bp,0.81,5.5,5.9
2024 FIS FREESTYLE NORAM CUP MOGULS,2024-02-24,VAL S TCOME (CAN),Women's Moguls,QUALIFICATION RUN 1 RESULTS Final 1,KOEHLER Ashley,2534528,CAN,4,63.84,12.59,42.7,8.55,1,bT,0.78,5.4,6.3,2,bG,0.92,4.4,4.3
2024 FIS FREESTYLE NORAM CUP MOGULS,2024-02-24,VAL S TCOME (CAN),Women's Moguls,QUALIFICATION RUN 1 RESULTS Qualification,RIDGEWAY Quinn,2539394,CAN,25,35.14,7.5,20.9,6.74,1,S,0.48,5.0,5.9,2,bp,0.81,5.2,5.0
2024 FIS FREESTYLE NORAM CUP MOGULS,2024-02-24,VAL S TCOME (CAN),Women's Moguls,QUALIFICATION RUN 1 RESULTS Qualification,RUSSELL Kaya,2537750,USA,20,43.77,6.17,30.7,6.9,1,S,0.48,6.3,6.1,2,3,0.78,5.1,5.0
FIS FREESTYLE SKI WORLD CUP 2026,2026-01-09,VAL ST. COME (CAN),Men's Moguls,Results Qualification,MICKEL Charlie,2537180,USA,8,78.09,16.29,47.0,14.8,1,7oG,1.01,8.3,8.3,2,7op,0.88,7.2,7.4
FIS FREESTYLE SKI WORLD CUP 2026,2026-01-09,VAL ST. COME (CAN),Men's Moguls,Results Qualification,STEGFELDT Rasmus,2531923,SWE,10,76.87,18.57,46.0,12.3,1,bF,0.88,7.0,6.9,2,bG,0.82,7.6,7.5
FIS FREESTYLE SKI WORLD CUP 2026,2025-12-07,RUKA (FIN),Women's Moguls,Results Qualification,FUJIKI Hina,2533039,JPN,14,63.45,16.53,38.3,8.62,1,bG,0.92,6.1,5.8,2,bp,0.81,3.8,4.0
FIS FREESTYLE SKI WORLD CUP 2026,2025-12-07,RUKA (FIN),Women's Moguls,Results Qualification,MIKKELSEN Maya,2534235,CAN,19,60.9,13.22,37.4,10.28,1,bG,0.92,6.0,5.9,2,bp,0.81,5.9,6.0
FIS FREESTYLE SKI WORLD CUP 2026,2025-12-07,RUKA (FIN),Women's Moguls,Results Qualification,YANG Ya,2537259,CHN,30,42.69,8.41,26.7,7.58,1,bp,0.81,5.0,4.9,2,7op,0.98,3.8,3.5
FIS FREESTYLE SKI WORLD CUP 2026,2025-12-07,RUKA (FIN),Women's Moguls,Results Final 1,LEMLEY Elizabeth,2537762,USA,6,71.17,16.05,41.7,13.42,1,lG,0.92,7.4,7.2,2,7op,0.98,6.9,6.8
FIS FREESTYLE SKI WORLD CUP 2026,2025-12-07,RUKA (FIN),Women's Moguls,Results Final 1,CARROLL Avital,2529074,AUT,13,64.21,17.19,36.6,10.42,1,7oG,1.11,5.3,5.1,2,bp,0.81,6.1,5.4
FIS FREESTYLE SKI WORLD CUP 2026,2025-12-07,RUKA (FIN),Women's Moguls,Results Final 2,JOHNSON Tess,2532270,USA,1,78.86,16.69,46.5,15.67,1,7oG,1.11,7.2,7.3,2,bG,0.92,8.4,8.2
FIS FREESTYLE SKI WORLD CUP 2026,2025-12-07,RUKA (FIN),Men's Moguls,Results Qualification,HORISHIMA Ikuma,2529645,JPN,5,76.93,15.35,47.0,14.58,1,bF,0.88,8.3,8.5,2,10op,1.05,7.0,6.7
FIS FREESTYLE SKI WORLD CUP 2026,2025-12-07,RUKA (FIN),Men's Moguls,Results Qualification,NAKAHARA Osuke,2539132,JPN,10,73.43,16.78,43.0,13.65,1,bF,0.88,7.0,7.7,2,10op,1.05,6.8,6.9
FIS FREESTYLE SKI WORLD CUP 2026,2025-12-07,RUKA (FIN),Men's Moguls,Results Qualification,WOODS Cooper,2532161,AUS,13,72.68,16.52,42.7,13.46,1,bF,0.88,8.5,7.9,2,7op,0.88,7.3,6.9
FIS FREESTYLE SKI WORLD CUP 2026,2025-12-07,RUKA (FIN),Men's Moguls,Results Qualification,MURPHY George,2534254,AUS,20,69.99,17.33,41.8,10.86,1,7op,0.88,6.8,7.0,2,bp,0.71,7.0,6.5
FIS FREESTYLE SKI WORLD CUP 2026,2025-12-07,RUKA (FIN),Men's Moguls,Results Qualification,OLGAARD Robin,2534212,SWE,22,69.88,14.65,40.9,14.33,1,7oG,1.01,7.4,7.5,2,7op,0.88,7.8,7.7
FIS FREESTYLE SKI WORLD CUP 2026,2025-12-07,RUKA (FIN),Men's Moguls,Results Qualification,VIEL Julien,2534074,CAN,28,68.44,14.34,41.7,12.4,1,bF,0.88,7.0,7.5,2,7op,0.88,6.7,7.0
FIS FREESTYLE SKI WORLD CUP 2026,2025-12-07,RUKA (FIN),Men's Moguls,Results Qualification,CROZET Leo,2538029,FRA,43,33.86,9.11,11.0,13.75,1,7oG,1.01,6.8,6.3,2,10oG,1.2,6.2,5.7
FIS FREESTYLE SKI WORLD CUP 2026,2025-12-07,RUKA (FIN),Men's Moguls,Results Final 1,PENTTALA Olli,2528035,FIN,6,75.74,15.87,42.9,16.97,1,10op,1.05,8.1,7.7,2,7oG,1.01,8.7,8.5
FIS FREESTYLE SKI WORLD CUP 2026,2025-12-07,RUKA (FIN),Men's Moguls,Results Final 1,CAVET Benjamin,2530514,FRA,7,75.3,14.71,45.3,15.29,1,bF,0.88,8.5,8.0,2,10op,1.05,7.9,7.4
FIS FREESTYLE SKI WORLD CUP 2026,2025-12-08,RUKA (FIN),Women's Moguls,Results Qualification,KAUF Jaelin,2529064,USA,4,71.29,15.26,45.1,10.93,1,bp,0.81,5.3,6.5,2,bG,0.92,6.7,6.7
FIS FREESTYLE SKI WORLD CUP 2026,2025-12-08,RUKA (FIN),Women's Moguls,Results Qualification,TAGUCHI Yuma,2537043,JPN,8,67.45,11.88,41.1,14.47,1,bG,0.92,6.7,7.2,2,7op,0.98,8.4,8.1
FIS FREESTYLE SKI WORLD CUP 2026,2025-12-08,RUKA (FIN),Women's Moguls,Results Qualification,CABROL Camille,2530274,FRA,14,63.41,11.72,41.9,9.79,1,bp,0.81,4.3,4.8,2,bG,0.92,6.9,6.4
2024 FIS FREESTYLE NORAM CUP,2024-02-07,DEER VALLEY RESORT (USA),Men's Moguls,QUALIFICATION RUN 1 RESULTS Qualification,TRUE Jackson,2537563,USA,47,20.08,0.0,11.1,8.98,1,bF,0.88,1.6,1.4,2,7oG,1.01,7.3,7.9
2024 FIS FREESTYLE NORAM CUP,2024-02-07,DEER VALLEY RESORT (USA),Men's Moguls,QUALIFICATION RUN 1 RESULTS Qualification,CAREY Cole,2537322,CAN,15,67.09,14.52,39.9,12.67,1,bF,0.88,5.3,6.2,2,7oG,1.01,7.7,7.4
2024 FIS FREESTYLE NORAM CUP,2024-02-07,DEER VALLEY RESORT (USA),Men's Moguls,QUALIFICATION RUN 1 RESULTS Qualification,LEFEBVRE Emeric,2538858,CAN,32,58.03,10.86,37.2,9.97,1,bp,0.71,7.4,6.5,2,bG,0.82,6.2,6.1
2024 FIS FREESTYLE NORAM CUP,2024-02-07,DEER VALLEY RESORT (USA),Men's Moguls,QUALIFICATION RUN 1 RESULTS Qualification,SAUVAGEAU Jeremy,2538702,CAN,39,50.01,13.11,28.9,8.0,1,bp,0.71,4.8,4.5,2,7op,0.88,5.2,5.5
2024 FIS FREESTYLE NORAM CUP FINALS,2024-03-01,"STRATTON, VT (USA)",Women's Moguls,QUALIFICATION RUN 1 RESULTS Final 1,LAMONTAGNE Flavie,2538763,CAN,16,27.7,14.64,7.5,5.56,1,bG,0.92,6.1,6.0,2,NJ,0.0,0.0,0.0
2024 FIS FREESTYLE NORAM CUP FINALS,2024-03-01,"STRATTON, VT (USA)",Women's Moguls,QUALIFICATION RUN 1 RESULTS Final 1,MIKKELSEN Maya,2534235,CAN,1,77.95,16.32,48.4,13.23,1,bG,0.92,7.7,7.8,2,bp,0.81,7.4,7.7
2024 FIS FREESTYLE NORAM CUP FINALS,2024-03-01,"STRATTON, VT (USA)",Women's Moguls,QUALIFICATION RUN 1 RESULTS Qualification,LAROCHE Florence,2538248,CAN,4,71.09,15.08,44.5,11.51,1,7op,0.98,6.4,6.2,2,bp,0.81,6.8,6.4
2024 FIS FREESTYLE NORAM CUP FINALS,2024-03-01,"STRATTON, VT (USA)",Women's Moguls,QUALIFICATION RUN 1 RESULTS Qualification,BUCKMASTER Alicia,2537763,USA,16,63.63,13.28,40.1,10.25,1,bG,0.92,5.7,5.6,2,bp,0.81,6.2,6.3
2024 FIS FREESTYLE NORAM CUP FINALS,2024-03-01,"STRATTON, VT (USA)",Women's Moguls,QUALIFICATION RUN 1 RESULTS Qualification,CLEGG Sina,2538200,CAN,24,57.67,13.94,38.1,5.63,1,S,0.48,4.0,3.8,2,bp,0.81,4.9,4.4
2024 FIS FREESTYLE NORAM CUP FINALS,2024-03-01,"STRATTON, VT (USA)",Women's Moguls,QUALIFICATION RUN 1 RESULTS Qualification,GODBOUT Rowanne,2535638,CAN,21,60.53,13.61,38.1,8.82,1,bG,0.92,3.3,4.2,2,bp,0.81,6.8,6.5
2024 FIS FREESTYLE NORAM CUP FINALS,2024-03-01,"STRATTON, VT (USA)",Men's Moguls,QUALIFICATION RUN 1 RESULTS Qualification,CROSBIE Daniel,2537583,USA,50,29.56,11.94,12.4,5.22,1,7op,0.88,3.6,3.7,2,bp,0.71,2.8,2.9
2024 FIS FREESTYLE NORAM CUP,2024-02-12,APEX MOUNTAIN RESORT (CAN),Men's Moguls,QUALIFICATION RUN 1 RESULTS Final 1,CORDELL Sam,2532530,CAN,5,84.53,15.82,52.2,16.51,1,7oG,1.01,8.9,8.8,2,bG,0.82,9.0,9.5
2024 FIS FREESTYLE NORAM CUP,2024-02-12,APEX MOUNTAIN RESORT (CAN),Men's Moguls,QUALIFICATION RUN 1 RESULTS Final 1,CROCKETT Jackson,2534116,USA,15,75.12,13.47,46.6,15.05,1,bF,0.88,8.1,8.0,2,7oG,1.01,7.7,8.1
2024 FIS FREESTYLE NORAM CUP,2024-02-12,APEX MOUNTAIN RESORT (CAN),Men's Moguls,QUALIFICATION RUN 1 RESULTS Qualification,WARGNIEZ Alexandre,2539362,FRA,54,54.05,11.44,34.9,7.71,1,bG,0.82,5.4,4.5,2,bp,0.71,5.3,5.0
2024 FIS FREESTYLE NORAM CUP,2024-02-12,APEX MOUNTAIN RESORT (CAN),Men's Moguls,QUALIFICATION RUN 1 RESULTS Qualification,TATAR-BROWN,2537574,USA,35,70.54,13.09,44.9,12.55,1,bF,0.88,4.9,5.4,2,7oG,1.01,7.9,8.0
2024 FIS FREESTYLE NORAM CUP,2024-02-12,APEX MOUNTAIN RESORT (CAN),Men's Moguls,QUALIFICATION RUN 1 RESULTS Qualification,LIVISSIANOS Mac,2535793,AUS,26,72.75,12.33,47.7,12.72,1,bT,0.68,8.9,9.5,2,7op,0.88,7.4,7.3
2024 FIS FREESTYLE NORAM CUP,2024-02-12,APEX MOUNTAIN RESORT (CAN),Men's Moguls,QUALIFICATION RUN 1 RESULTS Qualification,MASON Shawn,2537718,CAN,47,64.78,12.18,42.3,10.3,1,bL,0.71,6.4,6.7,2,bG,0.82,6.5,7.3
2024 FIS FREESTYLE NORAM CUP,2024-02-12,APEX MOUNTAIN RESORT (CAN),Men's Moguls,QUALIFICATION RUN 1 RESULTS Qualification,UNGER Quinn,2538999,CAN,48,64.64,13.24,39.5,11.9,1,7oG,1.01,6.2,5.8,2,7op,0.88,6.8,6.5
2024 FIS FREESTYLE NORAM CUP,2024-02-12,APEX MOUNTAIN RESORT (CAN),Women's Moguls,QUALIFICATION RUN 1 RESULTS Final 1,CLEGG Sina,2538200,CAN,13,68.06,15.11,43.6,9.35,1,bF,0.98,6.2,6.3,2,bT,0.78,4.2,4.1
2024 FIS FREESTYLE NORAM CUP,2024-02-12,APEX MOUNTAIN RESORT (CAN),Women's Moguls,QUALIFICATION RUN 1 RESULTS Final 1,BOYCHUK Citrine,2539124,CAN,16,62.83,15.64,38.0,9.19,1,bG,0.92,5.3,5.0,2,bp,0.81,5.0,6.0
2024 FIS FREESTYLE NORAM CUP,2024-02-12,APEX MOUNTAIN RESORT (CAN),Women's Moguls,QUALIFICATION RUN 1 RESULTS Qualification,MATSUDA Lia,2539352,CAN,45,47.73,11.0,23.1,13.63,1,bp,0.81,7.4,7.2,2,bG,0.92,8.1,8.7
2024 FIS FREESTYLE NORAM CUP,2024-02-12,APEX MOUNTAIN RESORT (CAN),Women's Moguls,QUALIFICATION RUN 1 RESULTS Qualification,DREITLEIN Katie,2538890,USA,36,55.28,12.26,33.8,9.22,1,3,0.78,5.8,5.2,2,bp,0.81,5.9,6.3
2024 FIS FREESTYLE NORAM CUP,2024-02-12,APEX MOUNTAIN RESORT (CAN),Women's Moguls,QUALIFICATION RUN 1 RESULTS Qualification,SCHEID Nora,2537948,USA,37,54.97,12.84,32.0,10.13,1,bp,0.81,6.8,7.0,2,bG,0.92,5.0,4.9
2024 FIS FREESTYLE NORAM CUP,2024-02-12,APEX MOUNTAIN RESORT (CAN),Women's Moguls,QUALIFICATION RUN 1 RESULTS Qualification,RUSSELL Kaya,2537750,USA,31,58.69,15.17,35.8,7.72,1,S,0.48,6.5,7.0,2,3,0.78,5.5,6.0
2024 FIS FREESTYLE NORAM CUP MOGULS,2024-02-24,VAL S TCOME (CAN),Men's Moguls,QUALIFICATION RUN 1 RESULTS Qualification,DAWSON Quinn,2535306,CAN,5,73.97,15.92,48.1,9.95,1,7op,0.88,6.9,5.9,2,bp,0.71,6.3,5.9
2024 FIS FREESTYLE NORAM CUP MOGULS,2024-02-24,VAL S TCOME (CAN),Men's Moguls,QUALIFICATION RUN 1 RESULTS Qualification,EGAN Jack,2538063,USA,22,65.66,15.82,39.8,10.04,1,7op,0.88,5.9,6.3,2,bp,0.71,6.4,6.8
2024 FIS FREESTYLE NORAM CUP MOGULS,2024-02-24,VAL S TCOME (CAN),Men's Moguls,QUALIFICATION RUN 1 RESULTS Qualification,LIVISSIANOS Mac,2535793,AUS,33,62.08,10.24,40.1,11.74,1,bT,0.68,8.0,7.0,2,7op,0.88,7.9,7.2
2024 FIS FREESTYLE NORAM CUP MOGULS,2024-02-24,VAL S TCOME (CAN),Men's Moguls,QUALIFICATION RUN 1 RESULTS Qualification,LEFEBVRE Emeric,2538858,CAN,29,63.77,14.47,39.8,9.5,1,7op,0.88,5.0,4.5,2,lG,0.82,6.7,6.3
2024 FIS FREESTYLE NORAM CUP MOGULS,2024-02-24,VAL S TCOME (CAN),Men's Moguls,QUALIFICATION RUN 1 RESULTS Qualification,BLANCHARD Elwan,2539667,CAN,40,56.46,13.72,33.1,9.64,1,bp,0.71,6.8,6.3,2,bG,0.82,6.2,6.0
2024 FIS FREESTYLE NORAM CUP MOGULS,2024-02-24,VAL S TCOME (CAN),Women's Moguls,QUALIFICATION RUN 1 RESULTS Final 2,LINTON Jessica,2533613,CAN,1,73.11,11.51,50.0,11.6,1,bG,0.92,6.8,7.0,2,bp,0.81,6.5,6.5
2024 FIS FREESTYLE NORAM CUP MOGULS,2024-02-24,VAL S TCOME (CAN),Women's Moguls,QUALIFICATION RUN 1 RESULTS Qualification,LAROCHE Florence,2538248,CAN,14,52.17,11.46,31.4,9.31,1,bp,0.81,3.1,4.0,2,bG,0.92,6.9,7.1
2024 FIS FREESTYLE NORAM CUP MOGULS,2024-02-24,VAL S TCOME (CAN),Women's Moguls,QUALIFICATION RUN 1 RESULTS Qualification,MIKKELSEN Maya,2534235,CAN,2,62.67,9.53,44.0,9.14,1,bG,0.92,5.2,5.0,2,bp,0.81,6.0,5.0
FIS FREESTYLE SKI WORLD CUP 2026,2026-01-09,VAL ST. COME (CAN),Men's Moguls,Results Qualification,CONEDERA Martino,2532502,SUI,44,50.09,13.94,25.7,10.45,1,10op,1.05,3.8,3.8,2,7oG,1.01,6.5,6.3
FIS FREESTYLE SKI WORLD CUP 2026,2025-12-07,RUKA (FIN),Women's Moguls,Results Qualification,GIACCIO Olivia,2532241,USA,8,67.32,15.16,39.7,12.46,1,7oG,1.11,5.9,5.8,2,7op,0.98,6.2,6.0
FIS FREESTYLE SKI WORLD CUP 2026,2025-12-07,RUKA (FIN),Women's Moguls,Results Qualification,BROWN Berkley,2531523,CAN,23,58.26,13.54,36.3,8.42,1,bT,0.78,4.8,4.9,2,bG,0.92,5.0,5.1
FIS FREESTYLE SKI WORLD CUP 2026,2025-12-07,RUKA (FIN),Women's Moguls,Results Qualification,WANG Sibo,2540053,CHN,42,29.95,2.94,20.7,6.31,1,S,0.48,5.4,5.6,2,bp,0.81,4.6,4.5
FIS FREESTYLE SKI WORLD CUP 2026,2025-12-07,RUKA (FIN),Women's Moguls,Results Qualification,TAGUCHI Yuma,2537043,JPN,45,19.82,7.06,1.2,11.56,1,bG,0.92,6.3,6.5,2,7op,0.98,5.9,5.7
FIS FREESTYLE SKI WORLD CUP 2026,2025-12-07,RUKA (FIN),Men's Moguls,Results Qualification,VIERELA Severi,2533386,FIN,6,76.21,16.59,43.3,16.32,1,7oG,1.01,7.7,8.0,2,10op,1.05,7.9,8.1
FIS FREESTYLE SKI WORLD CUP 2026,2025-12-07,RUKA (FIN),Men's Moguls,Results Qualification,CHALIFOUX Louis-,2534234,CAN,30,67.87,15.6,39.7,12.57,1,bF,0.88,6.7,6.5,2,7op,0.88,7.8,7.6
FIS FREESTYLE SKI WORLD CUP 2026,2025-12-07,RUKA (FIN),Men's Moguls,Results Qualification,YEMELYANOV Maxim,2535387,KAZ,34,64.87,14.91,38.9,11.06,1,bF,0.88,5.8,6.0,2,10op,1.05,5.7,5.5
FIS FREESTYLE SKI WORLD CUP 2026,2025-12-07,RUKA (FIN),Men's Moguls,Results Qualification,MOUILLE Thibaud,2532044,FRA,35,64.72,17.87,34.2,12.65,1,10op,1.05,7.3,7.0,2,bp,0.71,7.5,7.0
FIS FREESTYLE SKI WORLD CUP 2026,2025-12-07,RUKA (FIN),Men's Moguls,Results Qualification,RONKAINEN Matias,2539451,FIN,42,34.47,11.27,13.2,10.0,1,7op,0.88,5.5,5.2,2,10op,1.05,5.0,5.1
FIS FREESTYLE SKI WORLD CUP 2026,2025-12-07,RUKA (FIN),Men's Moguls,Results Final 1,VIERELA Severi,2533386,FIN,13,59.38,17.08,29.6,12.7,1,10op,1.05,7.2,6.9,2,7oG,1.01,5.2,5.3
FIS FREESTYLE SKI WORLD CUP 2026,2025-12-08,RUKA (FIN),Women's Moguls,Results Qualification,JOHNSON Tess,2532270,USA,2,71.91,14.64,44.3,12.97,1,7oG,1.11,4.8,5.0,2,bG,0.92,8.0,8.4
FIS FREESTYLE SKI WORLD CUP 2026,2025-12-08,RUKA (FIN),Women's Moguls,Results Qualification,MIKKELSEN Maya,2534235,CAN,19,58.4,11.1,37.1,10.2,1,bG,0.92,5.8,6.0,2,bp,0.81,5.6,6.2
FIS FREESTYLE SKI WORLD CUP 2026,2025-12-08,RUKA (FIN),Women's Moguls,Results Qualification,BOSCO Emma,2532927,AUS,20,58.25,11.59,37.9,8.76,1,bG,0.92,3.8,3.4,2,bL,0.81,6.8,6.7
FIS FREESTYLE SKI WORLD CUP 2026,2025-12-08,RUKA (FIN),Women's Moguls,Results Qualification,DESMARAIS-GILBERT,2531811,CAN,21,58.19,12.26,35.4,10.53,1,bG,0.92,4.3,4.8,2,bp,0.81,8.0,7.7
FIS FREESTYLE SKI WORLD CUP 2026,2025-12-08,RUKA (FIN),Women's Moguls,Results Qualification,DOOLEY Claire,2535435,IRL,27,44.67,8.21,28.9,7.56,1,bG,0.92,3.6,3.7,2,bL,0.81,4.7,5.7
FIS FREESTYLE SKI WORLD CUP 2026,2025-12-08,RUKA (FIN),Women's Moguls,Results Qualification,KISIL Yuliana,2538191,UKR,28,44.34,6.03,31.0,7.31,1,S,0.48,6.4,7.4,2,bp,0.81,5.3,4.6
2024 FIS FREESTYLE NORAM CUP,2024-02-07,DEER VALLEY RESORT (USA),Men's Moguls,QUALIFICATION RUN 1 RESULTS Qualification,PARADIS Louis,2534246,CAN,18,66.72,13.27,40.3,13.15,1,7op,0.88,7.0,6.5,2,7oG,1.01,7.4,6.9
2024 FIS FREESTYLE NORAM CUP FINALS,2024-03-01,"STRATTON, VT (USA)",Women's Moguls,QUALIFICATION RUN 1 RESULTS Final 1,WILSON Charlotte,2535796,AUS,10,70.27,14.38,44.1,11.79,1,bG,0.92,6.6,6.9,2,bp,0.81,6.8,7.0
2024 FIS FREESTYLE NORAM CUP FINALS,2024-03-01,"STRATTON, VT (USA)",Women's Moguls,QUALIFICATION RUN 1 RESULTS Final 2,CHAPDELAINE Reese,2535616,USA,5,76.72,16.55,49.7,10.47,1,bG,0.92,5.8,5.8,2,bp,0.81,6.3,6.4
2024 FIS FREESTYLE NORAM CUP FINALS,2024-03-01,"STRATTON, VT (USA)",Women's Moguls,QUALIFICATION RUN 1 RESULTS Qualification,CHAPDELAINE Reese,2535616,USA,6,69.25,15.94,43.3,10.01,1,bG,0.92,6.2,5.2,2,bp,0.81,5.8,6.0
2024 FIS FREESTYLE NORAM CUP FINALS,2024-03-01,"STRATTON, VT (USA)",Men's Moguls,QUALIFICATION RUN 1 RESULTS Qualification,KOEHLER Bradley,2539395,CAN,17,72.63,14.7,47.9,10.03,1,7oG,1.01,7.1,7.0,2,bG,0.82,3.6,3.5
2024 FIS FREESTYLE NORAM CUP FINALS,2024-03-01,"STRATTON, VT (USA)",Men's Moguls,QUALIFICATION RUN 1 RESULTS Qualification,ROY Jeremie,2535640,CAN,31,69.54,13.45,43.3,12.79,1,7op,0.88,7.2,6.8,2,bG,0.82,8.2,8.0
2024 FIS FREESTYLE NORAM CUP FINALS,2024-03-01,"STRATTON, VT (USA)",Men's Moguls,QUALIFICATION RUN 1 RESULTS Qualification,LIVISSIANOS Mac,2535793,AUS,46,56.5,13.01,29.8,13.69,1,bT,0.68,8.6,8.4,2,7oG,1.01,7.8,7.9
2024 FIS FREESTYLE NORAM CUP,2024-02-12,APEX MOUNTAIN RESORT (CAN),Men's Moguls,QUALIFICATION RUN 1 RESULTS Final 2,BEAULIEU Charles,2535304,CAN,1,84.59,16.83,51.9,15.86,1,bF,0.88,8.8,8.0,2,7oG,1.01,8.9,7.9
2024 FIS FREESTYLE NORAM CUP,2024-02-12,APEX MOUNTAIN RESORT (CAN),Men's Moguls,QUALIFICATION RUN 1 RESULTS Qualification,MICKEL Freddie,2537221,USA,55,52.16,12.7,29.4,10.06,1,bG,0.82,5.1,6.3,2,7oG,1.01,4.9,5.8
2024 FIS FREESTYLE NORAM CUP,2024-02-12,APEX MOUNTAIN RESORT (CAN),Men's Moguls,QUALIFICATION RUN 1 RESULTS Qualification,ROWLEY Tristan,2535799,AUS,29,72.13,12.94,43.2,15.99,1,7op,0.88,7.1,8.5,2,7oG,1.01,8.9,9.2
2024 FIS FREESTYLE NORAM CUP,2024-02-12,APEX MOUNTAIN RESORT (CAN),Women's Moguls,QUALIFICATION RUN 1 RESULTS Final 1,PERNICE Lucy,2535795,AUS,11,68.97,15.06,39.6,14.31,1,bF,0.98,7.7,8.3,2,bp,0.81,7.8,8.2
2024 FIS FREESTYLE NORAM CUP,2024-02-12,APEX MOUNTAIN RESORT (CAN),Women's Moguls,QUALIFICATION RUN 1 RESULTS Qualification,McLARNON Abby,2538430,USA,8,71.05,15.27,42.3,13.48,1,bG,0.92,8.0,6.0,2,bp,0.81,8.1,9.3
2024 FIS FREESTYLE NORAM CUP,2024-02-12,APEX MOUNTAIN RESORT (CAN),Women's Moguls,QUALIFICATION RUN 1 RESULTS Qualification,MAURAIS Olivia,2538814,USA,10,70.75,13.84,45.1,11.81,1,bp,0.81,7.0,6.4,2,bG,0.92,7.3,6.6
2024 FIS FREESTYLE NORAM CUP,2024-02-12,APEX MOUNTAIN RESORT (CAN),Women's Moguls,QUALIFICATION RUN 1 RESULTS Qualification,COOPER Annika,2538298,CAN,35,55.56,13.73,31.2,10.63,1,bG,0.92,6.0,6.3,2,bp,0.81,5.6,6.7
2024 FIS FREESTYLE NORAM CUP MOGULS,2024-02-24,VAL S TCOME (CAN),Men's Moguls,QUALIFICATION RUN 1 RESULTS Qualification,KUST Jameson,2538096,USA,19,66.42,13.04,41.8,11.58,1,bF,0.88,6.6,6.9,2,7oG,1.01,5.9,5.3
2024 FIS FREESTYLE NORAM CUP MOGULS,2024-02-24,VAL S TCOME (CAN),Men's Moguls,QUALIFICATION RUN 1 RESULTS Qualification,BOBYN George,2536762,CAN,42,55.47,11.02,33.6,10.85,1,7op,0.88,6.3,5.7,2,bG,0.82,6.6,7.0
2024 FIS FREESTYLE NORAM CUP MOGULS,2024-02-24,VAL S TCOME (CAN),Men's Moguls,QUALIFICATION RUN 1 RESULTS Qualification,WARGNIEZ Alexandre,2539362,FRA,44,52.25,9.57,35.1,7.58,1,bG,0.82,3.9,3.8,2,bp,0.71,5.8,6.7
2024 FIS FREESTYLE NORAM CUP MOGULS,2024-02-24,VAL S TCOME (CAN),Men's Moguls,QUALIFICATION RUN 1 RESULTS Qualification,CROSBIE Daniel,2537583,USA,51,32.97,13.23,15.5,4.24,1,7op,0.88,2.9,3.7,2,bp,0.71,1.8,2.0
2024 FIS FREESTYLE NORAM CUP MOGULS,2024-02-24,VAL S TCOME (CAN),Men's Moguls,QUALIFICATION RUN 1 RESULTS Qualification,MICKEL Freddie,2537221,USA,34,61.95,10.08,42.1,9.77,1,bG,0.82,6.1,6.3,2,7oG,1.01,5.0,4.3
2024 FIS FREESTYLE NORAM CUP MOGULS,2024-02-24,VAL S TCOME (CAN),Women's Moguls,QUALIFICATION RUN 1 RESULTS Final 1,WAKIM Kareema,2537719,AUS,13,56.38,10.45,35.6,10.33,1,3,0.78,6.3,6.8,2,bT,0.78,6.4,7.0
2024 FIS FREESTYLE NORAM CUP MOGULS,2024-02-24,VAL S TCOME (CAN),Women's Moguls,QUALIFICATION RUN 1 RESULTS Final 1,CHAPDELAINE Reese,2535616,USA,10,61.17,13.61,39.3,8.26,1,bG,0.92,3.9,3.5,2,bp,0.81,6.0,6.0
2024 FIS FREESTYLE NORAM CUP MOGULS,2024-02-24,VAL S TCOME (CAN),Women's Moguls,QUALIFICATION RUN 1 RESULTS Qualification,CHAPDELAINE Reese,2535616,USA,8,57.38,13.37,35.9,8.11,1,bG,0.92,4.7,3.8,2,bp,0.81,5.4,5.0
2024 FIS FREESTYLE NORAM CUP MOGULS,2024-02-24,VAL S TCOME (CAN),Women's Moguls,QUALIFICATION RUN 1 RESULTS Qualification,McLARNON Abby,2538430,USA,35,12.29,0.0,4.3,7.99,1,bG,0.92,6.0,5.8,2,S,0.48,5.7,5.0
2024 FIS FREESTYLE NORAM CUP MOGULS,2024-02-24,VAL S TCOME (CAN),Women's Moguls,QUALIFICATION RUN 1 RESULTS Qualification,BABCOCK Tillie,2537846,USA,39,5.73,0.0,5.4,0.33,1,S,0.48,1.0,0.4,2,NJ,0.0,0.0,0.0
2024 FIS FREESTYLE NORAM CUP MOGULS,2024-02-24,VAL S TCOME (CAN),Women's Moguls,QUALIFICATION RUN 1 RESULTS Qualification,DUDA Jessica,2537528,USA,13,53.25,11.84,32.2,9.21,1,bG,0.92,4.8,3.8,2,bL,0.81,6.0,7.0
FIS FREESTYLE SKI WORLD CUP 2026,2026-01-09,VAL ST. COME (CAN),Men's Moguls,Results Final,KINGSBURY Mikael,2484937,CAN,1,85.83,17.54,51.6,16.69,1,bdF,1.05,7.9,7.9,2,10op,1.05,8.0,8.0
FIS FREESTYLE SKI WORLD CUP 2026,2026-01-09,VAL ST. COME (CAN),Men's Moguls,Results Final,MICHEL Asher,2537833,USA,12,75.04,17.22,44.5,13.32,1,7oG,1.01,7.3,7.0,2,bG,0.82,7.5,7.4
FIS FREESTYLE SKI WORLD CUP 2026,2026-01-09,VAL ST. COME (CAN),Men's Moguls,Results Qualification,WALLBERG Walter,2532001,SWE,4,81.42,18.05,48.3,15.07,1,bF,0.88,8.2,8.4,2,7oG,1.01,7.6,7.8
FIS FREESTYLE SKI WORLD CUP 2026,2026-01-09,VAL ST. COME (CAN),Men's Moguls,Results Qualification,CORDELL Sam,2532530,CAN,25,70.37,14.9,43.0,12.47,1,7oG,1.01,5.6,5.8,2,bG,0.82,8.2,8.2
FIS FREESTYLE SKI WORLD CUP 2026,2025-12-07,RUKA (FIN),Women's Moguls,Results Qualification,DESMARAIS-GILBERT,2531811,CAN,28,46.69,10.98,26.0,9.71,1,bG,0.92,5.0,5.3,2,bp,0.81,6.2,6.1
FIS FREESTYLE SKI WORLD CUP 2026,2025-12-07,RUKA (FIN),Women's Moguls,Results Qualification,YUN Shin-Ee,2537929,KOR,46,15.84,2.42,5.1,8.32,1,bp,0.81,5.0,4.9,2,bG,0.92,4.8,4.6
FIS FREESTYLE SKI WORLD CUP 2026,2025-12-07,RUKA (FIN),Women's Moguls,Results Final 1,GIACCIO Olivia,2532241,USA,5,71.64,16.73,41.6,13.31,1,7oG,1.11,5.2,5.2,2,7op,0.98,7.8,7.6
FIS FREESTYLE SKI WORLD CUP 2026,2025-12-07,RUKA (FIN),Men's Moguls,Results Qualification,HARVEY Jackson,2534735,AUS,19,70.1,13.89,45.4,10.81,1,bF,0.88,6.7,6.8,2,7op,0.88,5.8,5.3
FIS FREESTYLE SKI WORLD CUP 2026,2025-12-07,RUKA (FIN),Men's Moguls,Results Qualification,CORDELL Sam,2532530,CAN,27,68.53,13.37,41.4,13.76,1,7oG,1.01,7.6,7.3,2,7op,0.88,7.2,7.0
FIS FREESTYLE SKI WORLD CUP 2026,2025-12-07,RUKA (FIN),Men's Moguls,Results Final 2,WALLBERG Walter,2532001,SWE,2,82.47,17.64,47.8,17.03,1,bdF,1.05,8.1,8.2,2,7oG,1.01,8.5,8.3
FIS FREESTYLE SKI WORLD CUP 2026,2025-12-08,RUKA (FIN),Women's Moguls,Results Qualification,MACUGA Alli,2534186,USA,16,62.57,13.66,38.3,10.61,1,bG,0.92,6.2,7.2,2,bp,0.81,5.5,5.5
FIS FREESTYLE SKI WORLD CUP 2026,2025-12-08,RUKA (FIN),Women's Moguls,Results Qualification,MERZ Annika,2535327,GER,25,46.91,11.3,28.3,7.31,1,lG,0.92,3.9,3.5,2,7op,0.98,4.2,3.8
FIS FREESTYLE SKI WORLD CUP 2026,2025-12-08,RUKA (FIN),Women's Moguls,Results Qualification,GALYSHEVA Yuliya,2484307,KAZ,32,41.58,9.5,20.5,11.58,1,bG,0.92,6.1,5.8,2,fG,0.92,6.3,7.0
2024 FIS FREESTYLE NORAM CUP,2024-02-07,DEER VALLEY RESORT (USA),Men's Moguls,QUALIFICATION RUN 1 RESULTS Final 1,GOODISON Samuel,2534451,CAN,2,77.28,15.37,48.3,13.61,1,bF,0.88,8.7,8.7,2,bp,0.71,8.6,8.2
2024 FIS FREESTYLE NORAM CUP,2024-02-07,DEER VALLEY RESORT (USA),Men's Moguls,QUALIFICATION RUN 1 RESULTS Final 1,HUFF Porter,2538994,USA,16,6.63,0.0,0.3,6.33,1,7op,0.88,6.7,7.7,2,NJ,0.0,0.0,0.0
2024 FIS FREESTYLE NORAM CUP,2024-02-07,DEER VALLEY RESORT (USA),Men's Moguls,QUALIFICATION RUN 1 RESULTS Qualification,BOUGIE Jean-,2538309,CAN,1,75.73,12.48,48.7,14.55,1,bF,0.88,8.1,8.1,2,7op,0.88,8.6,8.3
2024 FIS FREESTYLE NORAM CUP,2024-02-07,DEER VALLEY RESORT (USA),Men's Moguls,QUALIFICATION RUN 1 RESULTS Qualification,HUFF Porter,2538994,USA,4,73.88,14.84,47.1,11.94,1,7op,0.88,7.1,6.9,2,bp,0.71,8.3,8.0
2024 FIS FREESTYLE NORAM CUP,2024-02-07,DEER VALLEY RESORT (USA),Men's Moguls,QUALIFICATION RUN 1 RESULTS Qualification,MURPHY George,2534254,AUS,21,65.23,16.35,35.8,13.08,1,7oG,1.01,6.4,6.9,2,7op,0.88,7.4,7.1
2024 FIS FREESTYLE NORAM CUP,2024-02-07,DEER VALLEY RESORT (USA),Men's Moguls,QUALIFICATION RUN 1 RESULTS Qualification,BOONE Stephen,2537882,USA,31,58.8,13.84,33.6,11.36,1,7op,0.88,7.5,6.8,2,bp,0.71,7.7,6.6
2024 FIS FREESTYLE NORAM CUP,2024-02-07,DEER VALLEY RESORT (USA),Men's Moguls,QUALIFICATION RUN 1 RESULTS Qualification,CORDELL Sam,2532530,CAN,5,73.6,14.1,46.7,12.8,1,7op,0.88,7.0,7.2,2,bG,0.82,8.0,8.0
2024 FIS FREESTYLE NORAM CUP FINALS,2024-03-01,"STRATTON, VT (USA)",Women's Moguls,QUALIFICATION RUN 1 RESULTS Final 1,McLARNON Abby,2538430,USA,14,63.51,14.62,38.1,10.79,1,bG,0.92,6.2,6.0,2,bp,0.81,6.4,6.4
2024 FIS FREESTYLE NORAM CUP FINALS,2024-03-01,"STRATTON, VT (USA)",Women's Moguls,QUALIFICATION RUN 1 RESULTS Qualification,KRUGER Eden,2538897,USA,13,64.43,12.02,41.3,11.11,1,bG,0.92,6.6,6.8,2,bT,0.78,6.3,6.4
2024 FIS FREESTYLE NORAM CUP FINALS,2024-03-01,"STRATTON, VT (USA)",Women's Moguls,QUALIFICATION RUN 1 RESULTS Qualification,DWINELL Zoe,2535605,USA,8,68.11,13.4,42.3,12.41,1,bF,0.98,7.2,7.0,2,bp,0.81,6.7,6.8
2024 FIS FREESTYLE NORAM CUP FINALS,2024-03-01,"STRATTON, VT (USA)",Men's Moguls,QUALIFICATION RUN 1 RESULTS Final 1,HUFF Porter,2538994,USA,4,83.63,16.77,52.5,14.36,1,7oG,1.01,8.3,8.2,2,bp,0.71,8.5,8.5
2024 FIS FREESTYLE NORAM CUP FINALS,2024-03-01,"STRATTON, VT (USA)",Men's Moguls,QUALIFICATION RUN 1 RESULTS Final 1,DROUIN Xavier,2535639,CAN,14,77.59,13.88,49.5,14.21,1,7oG,1.01,6.6,7.8,2,7op,0.88,7.8,8.0
2024 FIS FREESTYLE NORAM CUP FINALS,2024-03-01,"STRATTON, VT (USA)",Men's Moguls,QUALIFICATION RUN 1 RESULTS Final 1,SAUVAGEAU Jeremy,2538702,CAN,11,78.44,13.13,49.9,15.41,1,bdF,1.05,8.2,8.0,2,7op,0.88,7.8,7.9
2024 FIS FREESTYLE NORAM CUP FINALS,2024-03-01,"STRATTON, VT (USA)",Men's Moguls,QUALIFICATION RUN 1 RESULTS Final 2,BEAULIEU Charles,2535304,CAN,3,85.09,16.46,52.9,15.73,1,7oG,1.01,8.4,8.4,2,7op,0.88,8.2,8.3
2024 FIS FREESTYLE NORAM CUP FINALS,2024-03-01,"STRATTON, VT (USA)",Men's Moguls,QUALIFICATION RUN 1 RESULTS Qualification,CROCKETT Jackson,2534116,USA,21,71.99,15.06,46.5,10.43,1,7op,0.88,7.5,7.5,2,7oG,1.01,3.8,3.8
2024 FIS FREESTYLE NORAM CUP FINALS,2024-03-01,"STRATTON, VT (USA)",Men's Moguls,QUALIFICATION RUN 1 RESULTS Qualification,DROUIN Xavier,2535639,CAN,14,73.84,14.45,44.9,14.49,1,7oG,1.01,8.1,7.8,2,7op,0.88,7.7,7.0
2024 FIS FREESTYLE NORAM CUP FINALS,2024-03-01,"STRATTON, VT (USA)",Men's Moguls,QUALIFICATION RUN 1 RESULTS Qualification,LEFEBVRE Emeric,2538858,CAN,22,71.91,16.49,41.7,13.72,1,bF,0.88,7.9,8.2,2,bG,0.82,8.2,8.0
2024 FIS FREESTYLE NORAM CUP,2024-02-12,APEX MOUNTAIN RESORT (CAN),Men's Moguls,QUALIFICATION RUN 1 RESULTS Final 1,LOGAN Oliver,2534330,AUS,6,82.62,14.95,52.5,15.17,1,bF,0.88,7.8,8.0,2,7op,0.88,9.1,9.6
2024 FIS FREESTYLE NORAM CUP,2024-02-12,APEX MOUNTAIN RESORT (CAN),Men's Moguls,QUALIFICATION RUN 1 RESULTS Final 2,DAWSON Quinn,2535306,CAN,5,80.77,17.0,52.6,11.17,1,7op,0.88,5.2,5.7,2,bp,0.71,9.4,8.6
2024 FIS FREESTYLE NORAM CUP,2024-02-12,APEX MOUNTAIN RESORT (CAN),Men's Moguls,QUALIFICATION RUN 1 RESULTS Qualification,LUCA Alexander,2538236,CAN,57,38.64,11.57,23.4,3.67,1,bF,0.88,3.9,4.0,2,3,0.68,0.4,0.2
2024 FIS FREESTYLE NORAM CUP,2024-02-12,APEX MOUNTAIN RESORT (CAN),Men's Moguls,QUALIFICATION RUN 1 RESULTS Qualification,BARTZIOKAS Justin,2539086,CAN,40,67.48,11.72,43.1,12.66,1,bG,0.82,7.8,7.0,2,3oG,0.82,8.1,8.0
2024 FIS FREESTYLE NORAM CUP,2024-02-12,APEX MOUNTAIN RESORT (CAN),Women's Moguls,QUALIFICATION RUN 1 RESULTS Final 2,KARIOTIS Kylie,2534866,USA,4,75.3,16.1,46.2,13.0,1,bG,0.92,7.4,6.8,2,bp,0.81,8.0,8.0
2024 FIS FREESTYLE NORAM CUP,2024-02-12,APEX MOUNTAIN RESORT (CAN),Women's Moguls,QUALIFICATION RUN 1 RESULTS Qualification,ELLIOT Chelsea,2538314,CAN,41,52.57,15.21,29.1,8.26,1,bG,0.92,4.6,5.0,2,bp,0.81,4.2,5.3
2024 FIS FREESTYLE NORAM CUP,2024-02-12,APEX MOUNTAIN RESORT (CAN),Women's Moguls,QUALIFICATION RUN 1 RESULTS Qualification,CIAGLO Megan,2537409,USA,40,53.13,13.88,29.8,9.45,1,bG,0.92,5.7,5.9,2,bp,0.81,4.8,5.4
2024 FIS FREESTYLE NORAM CUP,2024-02-12,APEX MOUNTAIN RESORT (CAN),Women's Moguls,QUALIFICATION RUN 1 RESULTS Qualification,CARR Cali,2538479,GBR,13,69.84,14.7,43.3,11.84,1,bG,0.92,7.2,7.3,2,bp,0.81,6.7,6.1
2024 FIS FREESTYLE NORAM CUP,2024-02-12,APEX MOUNTAIN RESORT (CAN),Women's Moguls,QUALIFICATION RUN 1 RESULTS Qualification,BOYCHUK Citrine,2539124,CAN,14,69.69,15.63,44.6,9.46,1,bG,0.92,3.9,2.6,2,bp,0.81,8.0,8.0
2024 FIS FREESTYLE NORAM CUP MOGULS,2024-02-24,VAL S TCOME (CAN),Men's Moguls,QUALIFICATION RUN 1 RESULTS Final 2,MICKEL Charlie,2537180,USA,1,82.55,14.19,54.0,14.36,1,7op,0.88,6.9,6.7,2,7oG,1.01,8.1,8.5
2024 FIS FREESTYLE NORAM CUP MOGULS,2024-02-24,VAL S TCOME (CAN),Men's Moguls,QUALIFICATION RUN 1 RESULTS Qualification,BOONE Stephen,2537882,USA,28,63.86,14.98,39.3,9.58,1,7op,0.88,6.1,5.7,2,bp,0.71,6.4,6.0
2024 FIS FREESTYLE NORAM CUP MOGULS,2024-02-24,VAL S TCOME (CAN),Men's Moguls,QUALIFICATION RUN 1 RESULTS Qualification,DAY Sawyer,2537715,CAN,15,67.32,11.97,43.7,11.65,1,7op,0.88,5.9,5.5,2,bG,0.82,8.4,7.8
2024 FIS FREESTYLE NORAM CUP MOGULS,2024-02-24,VAL S TCOME (CAN),Men's Moguls,QUALIFICATION RUN 1 RESULTS Qualification,MYSKO Alex,2535235,CAN,12,68.44,11.49,44.8,12.15,1,bF,0.88,6.9,6.0,2,bG,0.82,8.3,7.5
2024 FIS FREESTYLE NORAM CUP MOGULS,2024-02-24,VAL S TCOME (CAN),Women's Moguls,QUALIFICATION RUN 1 RESULTS Final 1,BOSCO Emma,2532927,AUS,6,63.17,11.15,41.4,10.62,1,bG,0.92,5.6,5.0,2,bL,0.81,6.9,7.3
2024 FIS FREESTYLE NORAM CUP MOGULS,2024-02-24,VAL S TCOME (CAN),Women's Moguls,QUALIFICATION RUN 1 RESULTS Final 1,POWELL Isabel,2538815,USA,7,62.54,8.63,43.4,10.51,1,bT,0.78,6.2,6.5,2,bG,0.92,5.8,6.3
2024 FIS FREESTYLE NORAM CUP MOGULS,2024-02-24,VAL S TCOME (CAN),Women's Moguls,QUALIFICATION RUN 1 RESULTS Qualification,WAKIM Kareema,2537719,AUS,9,56.25,15.5,30.9,9.85,1,3,0.78,6.3,6.1,2,bT,0.78,6.1,6.8
2024 FIS FREESTYLE NORAM CUP MOGULS,2024-02-24,VAL S TCOME (CAN),Women's Moguls,QUALIFICATION RUN 1 RESULTS Qualification,ROY Anne-Laure,2538791,CAN,32,26.01,0.15,21.4,4.46,1,S,0.48,3.9,4.1,2,bp,0.81,2.8,3.5
2024 FIS FREESTYLE NORAM CUP MOGULS,2024-02-24,VAL S TCOME (CAN),Women's Moguls,QUALIFICATION RUN 1 RESULTS Qualification,BOOTH Mckenna,2537766,USA,18,44.73,7.28,31.1,6.35,1,S,0.48,5.0,5.0,2,bG,0.92,4.1,4.5
2024 FIS FREESTYLE NORAM CUP MOGULS,2024-02-24,VAL S TCOME (CAN),Women's Moguls,QUALIFICATION RUN 1 RESULTS Qualification,KNIGHT Murphy Jane,2539893,USA,29,30.68,1.26,22.7,6.72,1,S,0.48,5.0,5.0,2,bp,0.81,4.9,5.8
FIS FREESTYLE SKI WORLD CUP 2026,2026-01-09,VAL ST. COME (CAN),Men's Moguls,Results Qualification,MICHEL Asher,2537833,USA,13,75.18,16.5,45.1,13.58,1,7oG,1.01,7.5,7.8,2,bG,0.82,7.1,7.2
FIS FREESTYLE SKI WORLD CUP 2026,2026-01-09,VAL ST. COME (CAN),Men's Moguls,Results Qualification,MURPHY George,2534254,AUS,19,73.32,15.86,45.0,12.46,1,bG,0.82,7.8,7.8,2,7op,0.88,6.8,7.0
FIS FREESTYLE SKI WORLD CUP 2026,2026-01-09,VAL ST. COME (CAN),Men's Moguls,Results Qualification,KARJALAINEN,2534001,FIN,24,71.33,16.53,44.4,10.4,1,7op,0.88,6.1,6.2,2,bG,0.82,6.1,6.1
FIS FREESTYLE SKI WORLD CUP 2026,2025-12-07,RUKA (FIN),Women's Moguls,Results Qualification,ITO Marin,2534824,JPN,11,65.62,13.68,42.7,9.24,1,bG,0.92,5.9,7.0,2,fG,0.92,3.5,3.7
FIS FREESTYLE SKI WORLD CUP 2026,2025-12-07,RUKA (FIN),Women's Moguls,Results Qualification,CARROLL Avital,2529074,AUT,12,65.61,15.62,39.1,10.89,1,bG,0.92,7.3,7.5,2,bp,0.81,5.0,5.1
FIS FREESTYLE SKI WORLD CUP 2026,2025-12-07,RUKA (FIN),Women's Moguls,Results Qualification,NILSSON Nova,2540042,SWE,27,48.61,10.81,31.1,6.7,1,bG,0.92,3.6,3.5,2,bp,0.81,4.4,4.1
FIS FREESTYLE SKI WORLD CUP 2026,2025-12-07,RUKA (FIN),Women's Moguls,Results Qualification,MALHERBE Malica,2535457,RSA,37,37.22,4.78,24.1,8.34,1,bG,0.92,4.8,5.0,2,bp,0.81,4.7,4.8
FIS FREESTYLE SKI WORLD CUP 2026,2025-12-07,RUKA (FIN),Women's Moguls,Results Final 2,LAFFONT Perrine,2531156,FRA,2,77.43,16.87,47.2,13.36,1,7op,0.98,7.4,7.2,2,7oG,1.11,5.7,5.5
FIS FREESTYLE SKI WORLD CUP 2026,2025-12-07,RUKA (FIN),Men's Moguls,Results Qualification,GRAVENFORS Filip,2534858,SWE,7,75.19,18.88,44.2,12.11,1,bF,0.88,8.0,8.4,2,bp,0.71,7.1,6.7
FIS FREESTYLE SKI WORLD CUP 2026,2025-12-07,RUKA (FIN),Men's Moguls,Results Qualification,CAVET Benjamin,2530514,FRA,14,72.63,15.98,44.1,12.55,1,bF,0.88,7.4,7.6,2,bp,0.71,8.5,8.3
FIS FREESTYLE SKI WORLD CUP 2026,2025-12-07,RUKA (FIN),Men's Moguls,Results Qualification,MICHEL Asher,2537833,USA,25,69.32,15.86,40.0,13.46,1,7oG,1.01,7.2,7.7,2,bG,0.82,6.9,7.6
FIS FREESTYLE SKI WORLD CUP 2026,2025-12-07,RUKA (FIN),Men's Moguls,Results Qualification,GAJDECKA Marek,2535392,CZE,38,63.21,14.98,37.9,10.33,1,7oG,1.01,5.8,6.0,2,bG,0.82,5.4,5.3
FIS FREESTYLE SKI WORLD CUP 2026,2025-12-07,RUKA (FIN),Men's Moguls,Results Qualification,KAISLA Aleksi,2534056,FIN,39,62.52,14.34,37.2,10.98,1,bF,0.88,6.3,6.1,2,lG,0.82,7.4,6.1
2024 FIS FREESTYLE NORAM CUP,2024-02-07,DEER VALLEY RESORT (USA),Men's Moguls,QUALIFICATION RUN 1 RESULTS Qualification,BOBYN George,2536762,CAN,30,59.15,10.53,38.2,10.42,1,7op,0.88,4.9,5.1,2,lG,0.82,7.2,7.5
2024 FIS FREESTYLE NORAM CUP,2024-02-07,DEER VALLEY RESORT (USA),Men's Moguls,QUALIFICATION RUN 1 RESULTS Qualification,BURNYEAT Brian,2538225,CAN,33,56.99,12.76,35.0,9.23,1,bF,0.88,6.2,6.0,2,bp,0.71,5.8,5.1
2024 FIS FREESTYLE NORAM CUP,2024-02-07,DEER VALLEY RESORT (USA),Men's Moguls,QUALIFICATION RUN 1 RESULTS Qualification,PORTELLO Ryan,2530702,CAN,13,67.89,14.4,42.7,10.79,1,bF,0.88,5.7,5.9,2,lG,0.82,7.1,6.8
2024 FIS FREESTYLE NORAM CUP FINALS,2024-03-01,"STRATTON, VT (USA)",Women's Moguls,QUALIFICATION RUN 1 RESULTS Final 1,BUCKMASTER Alicia,2537763,USA,15,61.05,13.34,38.2,9.51,1,lG,0.92,4.2,4.9,2,bG,0.92,5.8,5.8
2024 FIS FREESTYLE NORAM CUP FINALS,2024-03-01,"STRATTON, VT (USA)",Women's Moguls,QUALIFICATION RUN 1 RESULTS Qualification,AYAD Anabel,2537580,USA,23,58.32,12.98,37.8,7.54,1,bG,0.92,3.4,3.6,2,bp,0.81,5.8,4.9
2024 FIS FREESTYLE NORAM CUP FINALS,2024-03-01,"STRATTON, VT (USA)",Women's Moguls,QUALIFICATION RUN 1 RESULTS Qualification,PERNICE Lucy,2535795,AUS,20,61.36,13.8,37.7,9.86,1,bF,0.98,4.3,4.2,2,bp,0.81,7.3,6.8
2024 FIS FREESTYLE NORAM CUP FINALS,2024-03-01,"STRATTON, VT (USA)",Men's Moguls,QUALIFICATION RUN 1 RESULTS Final 1,CAREY Cole,2537322,CAN,16,61.28,15.81,30.2,15.27,1,7op,0.88,7.9,8.0,2,7oG,1.01,8.2,8.2
2024 FIS FREESTYLE NORAM CUP FINALS,2024-03-01,"STRATTON, VT (USA)",Men's Moguls,QUALIFICATION RUN 1 RESULTS Qualification,PARSONS Graden,2539000,CAN,33,69.04,14.25,41.9,12.89,1,bF,0.88,8.2,8.3,2,bp,0.71,7.9,8.0
2024 FIS FREESTYLE NORAM CUP FINALS,2024-03-01,"STRATTON, VT (USA)",Men's Moguls,QUALIFICATION RUN 1 RESULTS Qualification,BOUGIE Jean-,2538309,CAN,8,76.89,14.76,47.1,15.03,1,bF,0.88,8.8,9.1,2,7op,0.88,8.1,8.2
2024 FIS FREESTYLE NORAM CUP FINALS,2024-03-01,"STRATTON, VT (USA)",Men's Moguls,QUALIFICATION RUN 1 RESULTS Qualification,COVELL Jackson,2539513,USA,23,71.78,13.51,46.7,11.57,1,7op,0.88,6.8,6.7,2,bp,0.71,8.2,7.7
2024 FIS FREESTYLE NORAM CUP,2024-02-12,APEX MOUNTAIN RESORT (CAN),Men's Moguls,QUALIFICATION RUN 1 RESULTS Final 1,MICHEL Asher,2537833,USA,4,85.6,16.93,53.3,15.37,1,7op,0.88,8.7,9.4,2,bG,0.82,9.4,8.7
2024 FIS FREESTYLE NORAM CUP,2024-02-12,APEX MOUNTAIN RESORT (CAN),Men's Moguls,QUALIFICATION RUN 1 RESULTS Final 1,GENDRON Nate,2538060,USA,9,81.04,15.31,50.5,15.23,1,10op,1.05,8.0,7.7,2,7op,0.88,8.3,7.6
2024 FIS FREESTYLE NORAM CUP,2024-02-12,APEX MOUNTAIN RESORT (CAN),Men's Moguls,QUALIFICATION RUN 1 RESULTS Qualification,RODMAN Slader,2538073,USA,53,56.64,13.77,32.0,10.87,1,7op,0.88,6.6,6.3,2,bG,0.82,7.7,5.0
2024 FIS FREESTYLE NORAM CUP,2024-02-12,APEX MOUNTAIN RESORT (CAN),Men's Moguls,QUALIFICATION RUN 1 RESULTS Qualification,BOUCHER Frederic,2535636,CAN,33,70.73,13.0,45.8,11.93,1,bF,0.88,6.6,7.0,2,7oG,1.01,6.6,5.2
2024 FIS FREESTYLE NORAM CUP,2024-02-12,APEX MOUNTAIN RESORT (CAN),Men's Moguls,QUALIFICATION RUN 1 RESULTS Qualification,PARSONS Graden,2539000,CAN,46,65.33,12.6,42.4,10.33,1,bF,0.88,5.9,6.0,2,7op,0.88,5.8,5.8
2024 FIS FREESTYLE NORAM CUP,2024-02-12,APEX MOUNTAIN RESORT (CAN),Men's Moguls,QUALIFICATION RUN 1 RESULTS Qualification,MAGA Joshua,2534293,CAN,17,77.52,14.43,48.4,14.69,1,10op,1.05,6.4,6.3,2,7oG,1.01,7.9,8.0
2024 FIS FREESTYLE NORAM CUP,2024-02-12,APEX MOUNTAIN RESORT (CAN),Women's Moguls,QUALIFICATION RUN 1 RESULTS Final 1,CARR Cali,2538479,GBR,12,68.65,15.14,43.1,10.41,1,bG,0.92,6.4,5.7,2,bp,0.81,6.3,5.7
2024 FIS FREESTYLE NORAM CUP,2024-02-12,APEX MOUNTAIN RESORT (CAN),Women's Moguls,QUALIFICATION RUN 1 RESULTS Qualification,CHAPDELAINE Reese,2535616,USA,18,68.32,16.11,42.2,10.01,1,bG,0.92,4.6,4.6,2,bp,0.81,6.8,7.5
2024 FIS FREESTYLE NORAM CUP MOGULS,2024-02-24,VAL S TCOME (CAN),Men's Moguls,QUALIFICATION RUN 1 RESULTS Qualification,DROUIN Xavier,2535639,CAN,2,75.78,12.39,49.4,13.99,1,7op,0.88,6.9,6.9,2,7oG,1.01,7.9,7.8
2024 FIS FREESTYLE NORAM CUP MOGULS,2024-02-24,VAL S TCOME (CAN),Men's Moguls,QUALIFICATION RUN 1 RESULTS Qualification,KOEHLER Bradley,2539395,CAN,37,60.9,12.41,39.5,8.99,1,bG,0.82,6.8,7.0,2,7op,0.88,3.9,3.7
2024 FIS FREESTYLE NORAM CUP MOGULS,2024-02-24,VAL S TCOME (CAN),Men's Moguls,QUALIFICATION RUN 1 RESULTS Qualification,ROY Jeremie,2535640,CAN,49,46.74,10.87,25.9,9.97,1,bG,0.82,6.8,6.8,2,7op,0.88,5.0,5.0
2024 FIS FREESTYLE NORAM CUP MOGULS,2024-02-24,VAL S TCOME (CAN),Men's Moguls,QUALIFICATION RUN 1 RESULTS Qualification,UNGER Quinn,2538999,CAN,38,60.23,14.82,33.5,11.91,1,7oG,1.01,6.9,6.8,2,bp,0.71,6.8,7.3
2024 FIS FREESTYLE NORAM CUP MOGULS,2024-02-24,VAL S TCOME (CAN),Women's Moguls,QUALIFICATION RUN 1 RESULTS Final 1,SLETTENE Skylar,2535377,USA,11,60.4,7.06,44.2,9.14,1,bp,0.81,5.9,5.0,2,bG,0.92,5.0,5.3
2024 FIS FREESTYLE NORAM CUP MOGULS,2024-02-24,VAL S TCOME (CAN),Women's Moguls,QUALIFICATION RUN 1 RESULTS Final 1,DUDA Jessica,2537528,USA,9,61.5,12.8,41.9,6.8,1,bG,0.92,5.0,4.5,2,bL,0.81,3.0,3.0
2024 FIS FREESTYLE NORAM CUP MOGULS,2024-02-24,VAL S TCOME (CAN),Women's Moguls,QUALIFICATION RUN 1 RESULTS Final 1,WILSON Charlotte,2535796,AUS,16,46.81,8.24,29.2,9.37,1,S,0.48,6.0,6.8,2,bG,0.92,7.0,6.7
2024 FIS FREESTYLE NORAM CUP MOGULS,2024-02-24,VAL S TCOME (CAN),Women's Moguls,QUALIFICATION RUN 1 RESULTS Qualification,UNG Danielle,2538315,CAN,38,8.01,0.0,5.1,2.91,1,S,0.48,5.3,5.0,2,TS,0.59,1.0,0.5
2024 FIS FREESTYLE NORAM CUP MOGULS,2024-02-24,VAL S TCOME (CAN),Women's Moguls,QUALIFICATION RUN 1 RESULTS Qualification,KOEHLER Ashley,2534528,CAN,6,57.78,13.37,36.3,8.11,1,bT,0.78,4.8,4.0,2,bG,0.92,5.4,4.8
FIS FREESTYLE SKI WORLD CUP 2026,2026-01-09,VAL ST. COME (CAN),Men's Moguls,Results Qualification,VIEL Julien,2534074,CAN,6,80.03,17.37,48.4,14.26,1,bF,0.88,7.4,7.0,2,10op,1.05,7.6,7.5
FIS FREESTYLE SKI WORLD CUP 2026,2026-01-09,VAL ST. COME (CAN),Men's Moguls,Results Qualification,PAGE Nick,2533462,USA,14,74.94,16.49,44.9,13.55,1,7oG,1.01,6.0,6.5,2,10op,1.05,6.8,7.0
FIS FREESTYLE SKI WORLD CUP 2026,2026-01-09,VAL ST. COME (CAN),Men's Moguls,Results Qualification,NISHIZAWA Taketo,2531352,JPN,32,68.54,15.59,39.5,13.45,1,bF,0.88,7.2,6.3,2,7oG,1.01,7.5,7.4
FIS FREESTYLE SKI WORLD CUP 2026,2026-01-09,VAL ST. COME (CAN),Men's Moguls,Results Qualification,WANG Renda,2537252,CHN,43,53.3,16.9,28.5,7.9,1,bF,0.88,5.8,5.8,2,bp,0.71,4.0,3.9
FIS FREESTYLE SKI WORLD CUP 2026,2025-12-07,RUKA (FIN),Women's Moguls,Results Qualification,GALYSHEVA Yuliya,2484307,KAZ,17,62.23,14.65,38.8,8.78,1,bG,0.92,3.5,3.4,2,fG,0.92,6.2,6.0
FIS FREESTYLE SKI WORLD CUP 2026,2025-12-07,RUKA (FIN),Women's Moguls,Results Qualification,KARIOTIS Kylie,2534866,USA,24,57.76,13.74,33.2,10.82,1,bG,0.92,6.3,6.5,2,bp,0.81,6.2,6.0
FIS FREESTYLE SKI WORLD CUP 2026,2025-12-07,RUKA (FIN),Women's Moguls,Results Qualification,WEESE Hanna,2532819,GER,31,40.48,11.75,21.6,7.13,1,7op,0.98,5.7,5.3,2,S,0.48,3.8,3.5
FIS FREESTYLE SKI WORLD CUP 2026,2025-12-07,RUKA (FIN),Women's Moguls,Results Qualification,BIERENS Pien,2534372,NED,40,32.43,7.65,17.2,7.58,1,bp,0.81,3.8,3.7,2,lG,0.92,5.0,4.9
FIS FREESTYLE SKI WORLD CUP 2026,2025-12-07,RUKA (FIN),Women's Moguls,Results Qualification,KISIL Yuliana,2538191,UKR,41,31.6,6.68,20.2,4.72,1,S,0.48,5.8,5.3,2,bp,0.81,2.5,2.6
FIS FREESTYLE SKI WORLD CUP 2026,2025-12-07,RUKA (FIN),Men's Moguls,Results Qualification,WALLBERG Walter,2532001,SWE,1,78.89,16.85,46.8,15.24,1,bF,0.88,7.6,7.9,2,7oG,1.01,8.4,8.3
FIS FREESTYLE SKI WORLD CUP 2026,2025-12-07,RUKA (FIN),Men's Moguls,Results Final 1,WOODS Cooper,2532161,AUS,9,75.19,17.41,42.9,14.88,1,bdF,1.05,8.0,7.7,2,7op,0.88,7.9,7.2
FIS FREESTYLE SKI WORLD CUP 2026,2025-12-07,RUKA (FIN),Men's Moguls,Results Final 1,NAKAHARA Osuke,2539132,JPN,10,69.7,16.84,39.9,12.96,1,bdF,1.05,5.6,5.0,2,10op,1.05,7.1,7.0
FIS FREESTYLE SKI WORLD CUP 2026,2025-12-07,RUKA (FIN),Men's Moguls,Results Final 2,JUNG Daeyoon,2534856,KOR,5,46.09,12.04,26.4,7.65,1,10oG,1.2,2.6,2.0,2,bp,0.71,7.0,6.8
FIS FREESTYLE SKI WORLD CUP 2026,2025-12-08,RUKA (FIN),Women's Moguls,Results Qualification,CARROLL Avital,2529074,AUT,6,69.15,14.79,43.0,11.36,1,bG,0.92,7.8,8.2,2,bp,0.81,4.7,5.2
FIS FREESTYLE SKI WORLD CUP 2026,2025-12-08,RUKA (FIN),Women's Moguls,Results Qualification,BROWN Berkley,2531523,CAN,15,63.07,11.79,41.2,10.08,1,bT,0.78,4.6,5.6,2,bG,0.92,6.4,6.9
2024 FIS FREESTYLE NORAM CUP,2024-02-07,DEER VALLEY RESORT (USA),Men's Moguls,QUALIFICATION RUN 1 RESULTS Final 2,CORDELL Sam,2532530,CAN,5,73.86,13.72,46.9,13.24,1,7oG,1.01,7.4,7.4,2,bG,0.82,6.9,7.2
2024 FIS FREESTYLE NORAM CUP,2024-02-07,DEER VALLEY RESORT (USA),Men's Moguls,QUALIFICATION RUN 1 RESULTS Final 2,BEAULIEU Charles,2535304,CAN,4,74.1,15.49,43.4,15.21,1,bF,0.88,8.7,8.2,2,7op,0.88,8.8,8.9
2024 FIS FREESTYLE NORAM CUP,2024-02-07,DEER VALLEY RESORT (USA),Men's Moguls,QUALIFICATION RUN 1 RESULTS Qualification,TOBEY Gavin,2535388,USA,22,64.57,13.21,39.3,12.06,1,7oG,1.01,6.9,6.3,2,7op,0.88,6.2,6.1
2024 FIS FREESTYLE NORAM CUP,2024-02-07,DEER VALLEY RESORT (USA),Men's Moguls,QUALIFICATION RUN 1 RESULTS Qualification,ROWLEY Tristan,2535799,AUS,50,10.72,0.8,0.3,9.62,1,7oG,1.01,5.0,4.4,2,7op,0.88,5.6,5.5
2024 FIS FREESTYLE NORAM CUP,2024-02-07,DEER VALLEY RESORT (USA),Men's Moguls,QUALIFICATION RUN 1 RESULTS Qualification,CROSBIE Daniel,2537583,USA,45,38.78,13.96,20.4,4.42,1,bp,0.71,2.0,2.3,2,7op,0.88,3.1,3.5
2024 FIS FREESTYLE NORAM CUP FINALS,2024-03-01,"STRATTON, VT (USA)",Women's Moguls,QUALIFICATION RUN 1 RESULTS Final 1,SLETTENE Skylar,2535377,USA,11,69.92,13.84,45.4,10.68,1,7op,0.98,5.5,5.9,2,bp,0.81,6.3,6.3
2024 FIS FREESTYLE NORAM CUP FINALS,2024-03-01,"STRATTON, VT (USA)",Women's Moguls,QUALIFICATION RUN 1 RESULTS Qualification,BOOTH Mckenna,2537766,USA,27,53.41,12.24,32.9,8.27,1,bT,0.78,5.5,5.7,2,bG,0.92,3.8,4.7
2024 FIS FREESTYLE NORAM CUP FINALS,2024-03-01,"STRATTON, VT (USA)",Women's Moguls,QUALIFICATION RUN 1 RESULTS Qualification,MIKKELSEN Maya,2534235,CAN,1,73.94,16.24,46.2,11.5,1,bG,0.92,6.3,6.4,2,bp,0.81,7.0,7.0
2024 FIS FREESTYLE NORAM CUP FINALS,2024-03-01,"STRATTON, VT (USA)",Women's Moguls,QUALIFICATION RUN 1 RESULTS Qualification,BOSCO Emma,2532927,AUS,17,63.35,13.52,38.4,11.43,1,bF,0.98,6.2,6.4,2,bL,0.81,6.8,6.2
2024 FIS FREESTYLE NORAM CUP FINALS,2024-03-01,"STRATTON, VT (USA)",Women's Moguls,QUALIFICATION RUN 1 RESULTS Qualification,MANGANELLO,2539591,USA,37,42.01,11.05,25.7,5.26,1,TT,0.59,4.1,4.2,2,S,0.48,6.1,5.7
2024 FIS FREESTYLE NORAM CUP FINALS,2024-03-01,"STRATTON, VT (USA)",Men's Moguls,QUALIFICATION RUN 1 RESULTS Final 1,BEAULIEU Charles,2535304,CAN,2,84.49,16.06,53.0,15.43,1,7oG,1.01,8.0,8.1,2,7op,0.88,8.3,8.3
2024 FIS FREESTYLE NORAM CUP FINALS,2024-03-01,"STRATTON, VT (USA)",Men's Moguls,QUALIFICATION RUN 1 RESULTS Qualification,BARTZIOKAS Justin,2539086,CAN,36,67.22,12.99,42.8,11.43,1,lG,0.82,6.3,6.2,2,bG,0.82,7.6,7.8
2024 FIS FREESTYLE NORAM CUP FINALS,2024-03-01,"STRATTON, VT (USA)",Men's Moguls,QUALIFICATION RUN 1 RESULTS Qualification,BOUCHER Frederic,2535636,CAN,19,72.15,15.56,42.9,13.69,1,7oG,1.01,7.7,7.5,2,7op,0.88,6.8,6.9
2024 FIS FREESTYLE NORAM CUP FINALS,2024-03-01,"STRATTON, VT (USA)",Men's Moguls,QUALIFICATION RUN 1 RESULTS Qualification,HILL Edward,2537720,AUS,41,65.88,15.9,39.0,10.98,1,bG,0.82,8.2,8.3,2,7op,0.88,4.6,5.0
2024 FIS FREESTYLE NORAM CUP,2024-02-12,APEX MOUNTAIN RESORT (CAN),Men's Moguls,QUALIFICATION RUN 1 RESULTS Final 1,HUFF Porter,2538994,USA,11,79.71,16.55,50.0,13.16,1,7op,0.88,8.6,8.1,2,bp,0.71,8.4,8.0
2024 FIS FREESTYLE NORAM CUP,2024-02-12,APEX MOUNTAIN RESORT (CAN),Men's Moguls,QUALIFICATION RUN 1 RESULTS Final 1,PETRONE Jack,2535642,USA,13,78.71,16.41,46.0,16.3,1,7oG,1.01,8.3,8.4,2,7op,0.88,8.8,9.1
2024 FIS FREESTYLE NORAM CUP,2024-02-12,APEX MOUNTAIN RESORT (CAN),Men's Moguls,QUALIFICATION RUN 1 RESULTS Final 1,BEAULIEU Charles,2535304,CAN,2,86.29,17.17,52.0,17.12,1,bF,0.88,8.1,8.1,2,7oG,1.01,10.0,10.0
2024 FIS FREESTYLE NORAM CUP,2024-02-12,APEX MOUNTAIN RESORT (CAN),Men's Moguls,QUALIFICATION RUN 1 RESULTS Qualification,MYSKO Alex,2535235,CAN,27,72.35,15.44,42.7,14.21,1,bdF,1.05,6.8,6.3,2,bG,0.82,8.9,9.0
2024 FIS FREESTYLE NORAM CUP,2024-02-12,APEX MOUNTAIN RESORT (CAN),Men's Moguls,QUALIFICATION RUN 1 RESULTS Qualification,EGAN Jack,2538063,USA,19,76.32,15.94,48.5,11.88,1,7op,0.88,7.2,7.8,2,bp,0.71,7.9,7.0
2024 FIS FREESTYLE NORAM CUP,2024-02-12,APEX MOUNTAIN RESORT (CAN),Men's Moguls,QUALIFICATION RUN 1 RESULTS Qualification,KUST Jameson,2538096,USA,24,74.32,14.71,44.5,15.11,1,bF,0.88,7.7,6.6,2,7oG,1.01,8.7,8.8
2024 FIS FREESTYLE NORAM CUP,2024-02-12,APEX MOUNTAIN RESORT (CAN),Men's Moguls,QUALIFICATION RUN 1 RESULTS Qualification,DUBUC Joey,2535858,CAN,14,78.46,13.7,50.6,14.16,1,bF,0.88,7.7,7.8,2,7op,0.88,8.2,8.5
2024 FIS FREESTYLE NORAM CUP,2024-02-12,APEX MOUNTAIN RESORT (CAN),Men's Moguls,QUALIFICATION RUN 1 RESULTS Qualification,PETRONE Jack,2535642,USA,15,78.04,14.69,48.1,15.25,1,7oG,1.01,8.7,8.0,2,7op,0.88,7.5,8.0
2024 FIS FREESTYLE NORAM CUP,2024-02-12,APEX MOUNTAIN RESORT (CAN),Women's Moguls,QUALIFICATION RUN 1 RESULTS Qualification,WILSON Charlotte,2535796,AUS,33,58.05,14.67,34.8,8.58,1,bT,0.78,4.1,4.0,2,bG,0.92,6.0,5.8
2024 FIS FREESTYLE NORAM CUP,2024-02-12,APEX MOUNTAIN RESORT (CAN),Women's Moguls,QUALIFICATION RUN 1 RESULTS Qualification,WAKIM Kareema,2537719,AUS,26,64.46,12.48,39.2,12.78,1,3,0.78,7.9,8.8,2,bT,0.78,7.9,8.2
2024 FIS FREESTYLE NORAM CUP,2024-02-12,APEX MOUNTAIN RESORT (CAN),Women's Moguls,QUALIFICATION RUN 1 RESULTS Qualification,GODBOUT Rowanne,2535638,CAN,30,59.16,13.74,33.3,12.12,1,bG,0.92,6.8,6.0,2,bP,0.78,8.1,7.9
2024 FIS FREESTYLE NORAM CUP MOGULS,2024-02-24,VAL S TCOME (CAN),Men's Moguls,QUALIFICATION RUN 1 RESULTS Qualification,MAGA Joshua,2534293,CAN,36,60.94,13.69,34.7,12.55,1,7op,0.88,6.3,6.3,2,7oG,1.01,6.6,7.3
2024 FIS FREESTYLE NORAM CUP MOGULS,2024-02-24,VAL S TCOME (CAN),Men's Moguls,QUALIFICATION RUN 1 RESULTS Qualification,COVELL Jackson,2539513,USA,35,61.15,14.01,39.8,7.34,1,bp,0.71,6.0,5.0,2,lG,0.82,4.1,4.3
2024 FIS FREESTYLE NORAM CUP MOGULS,2024-02-24,VAL S TCOME (CAN),Men's Moguls,QUALIFICATION RUN 1 RESULTS Qualification,TOBEY Gavin,2535388,USA,41,55.81,11.32,35.9,8.59,1,7op,0.88,6.9,6.0,2,7oG,1.01,2.9,2.9
2024 FIS FREESTYLE NORAM CUP MOGULS,2024-02-24,VAL S TCOME (CAN),Men's Moguls,QUALIFICATION RUN 1 RESULTS Qualification,GILBERT Benoit,2535656,CAN,26,65.31,11.49,42.3,11.52,1,bF,0.88,7.9,7.5,2,7op,0.88,5.3,5.5
2024 FIS FREESTYLE NORAM CUP MOGULS,2024-02-24,VAL S TCOME (CAN),Men's Moguls,QUALIFICATION RUN 1 RESULTS Qualification,LITTLEFIELD Chase,2538054,USA,39,56.67,14.58,34.9,7.19,1,7op,0.88,5.1,4.9,2,bp,0.71,3.9,4.0
2024 FIS FREESTYLE NORAM CUP MOGULS,2024-02-24,VAL S TCOME (CAN),Women's Moguls,QUALIFICATION RUN 1 RESULTS Final 1,PERNICE Lucy,2535795,AUS,15,49.17,8.29,33.0,7.88,1,bT,0.78,4.0,4.2,2,bG,0.92,5.3,4.9
FIS FREESTYLE SKI WORLD CUP 2026,2026-01-09,VAL ST. COME (CAN),Men's Moguls,Results Final,WALCZYK Dylan,2527085,USA,4,80.94,18.14,50.6,12.2,1,bG,0.82,7.9,7.5,2,7op,0.88,6.9,6.5
FIS FREESTYLE SKI WORLD CUP 2026,2026-01-09,VAL ST. COME (CAN),Men's Moguls,Results Qualification,WENDLER Landon,2534140,USA,9,76.9,17.06,45.3,14.54,1,7op,0.88,7.5,7.2,2,7oG,1.01,8.0,8.0
FIS FREESTYLE SKI WORLD CUP 2026,2026-01-09,VAL ST. COME (CAN),Men's Moguls,Results Qualification,KOLMAKOV Pavel,2528846,KAZ,28,69.27,17.37,41.2,10.7,1,bF,0.88,7.4,7.0,2,bp,0.71,6.1,6.2
FIS FREESTYLE SKI WORLD CUP 2026,2026-01-09,VAL ST. COME (CAN),Men's Moguls,Results Qualification,CAVET Benjamin,2530514,FRA,45,48.27,16.37,24.8,7.1,1,bF,0.88,3.0,2.9,2,bp,0.71,6.4,6.3
FIS FREESTYLE SKI WORLD CUP 2026,2025-12-07,RUKA (FIN),Women's Moguls,Results Qualification,MA Zhuoni,2533012,CHN,33,39.71,7.93,25.1,6.68,1,bG,0.92,4.2,4.0,2,bp,0.81,3.7,3.5
FIS FREESTYLE SKI WORLD CUP 2026,2025-12-07,RUKA (FIN),Women's Moguls,Results Qualification,MERZ Annika,2535327,GER,34,39.65,9.72,19.5,10.43,1,bG,0.92,5.6,5.6,2,7op,0.98,5.2,5.6
FIS FREESTYLE SKI WORLD CUP 2026,2025-12-07,RUKA (FIN),Women's Moguls,Results Qualification,DOOLEY Claire,2535435,IRL,44,24.74,7.5,10.5,6.74,1,bG,0.92,3.3,3.2,2,bL,0.81,4.8,4.5
FIS FREESTYLE SKI WORLD CUP 2026,2025-12-07,RUKA (FIN),Women's Moguls,Results Qualification,TIMPONE Sofia Carla,2539655,ITA,48,2.7,0.0,0.3,2.4,1,bT,0.78,1.8,1.9,2,S,0.48,2.0,2.0
FIS FREESTYLE SKI WORLD CUP 2026,2025-12-07,RUKA (FIN),Women's Moguls,Results Final 1,ANTHONY Jakara,2530720,AUS,2,77.35,16.85,45.9,14.6,1,7oG,1.11,7.0,7.2,2,bp,0.81,8.6,8.0
FIS FREESTYLE SKI WORLD CUP 2026,2025-12-07,RUKA (FIN),Women's Moguls,Results Final 1,GORODKO,2535385,KAZ,7,70.35,16.62,40.8,12.93,1,7op,0.98,5.7,5.4,2,bG,0.92,8.1,8.2
FIS FREESTYLE SKI WORLD CUP 2026,2025-12-07,RUKA (FIN),Women's Moguls,Results Final 1,TOMITAKA Hinako,2532031,JPN,8,69.33,14.57,42.1,12.66,1,7oG,1.11,5.7,6.0,2,7op,0.98,6.6,6.0
FIS FREESTYLE SKI WORLD CUP 2026,2025-12-07,RUKA (FIN),Women's Moguls,Results Final 1,ITO Marin,2534824,JPN,9,69.21,14.75,42.1,12.36,1,bG,0.92,5.8,5.6,2,fG,0.92,7.8,7.7
FIS FREESTYLE SKI WORLD CUP 2026,2025-12-07,RUKA (FIN),Women's Moguls,Results Final 2,GIACCIO Olivia,2532241,USA,3,74.35,17.78,41.1,15.47,1,7oG,1.11,7.3,7.7,2,7op,0.98,7.3,7.3
FIS FREESTYLE SKI WORLD CUP 2026,2025-12-07,RUKA (FIN),Men's Moguls,Results Qualification,DUFRESNE Gabriel,2530240,CAN,21,69.99,15.55,41.0,13.44,1,bF,0.88,7.4,7.8,2,7oG,1.01,6.6,6.8
FIS FREESTYLE SKI WORLD CUP 2026,2025-12-07,RUKA (FIN),Men's Moguls,Results Qualification,KROUPA Matyas,2537792,CZE,33,66.26,15.26,40.8,10.2,1,bG,0.82,7.9,7.9,2,7op,0.88,4.4,4.1
FIS FREESTYLE SKI WORLD CUP 2026,2025-12-07,RUKA (FIN),Men's Moguls,Results Qualification,DUBUC Joey,2535858,CAN,40,62.27,17.24,35.6,9.43,1,bF,0.88,6.8,6.5,2,bp,0.71,5.3,4.8
FIS FREESTYLE SKI WORLD CUP 2026,2025-12-07,RUKA (FIN),Men's Moguls,Results Final 1,STEGFELDT Rasmus,2531923,SWE,12,62.72,17.11,33.7,11.91,1,bF,0.88,8.3,7.9,2,lG,0.82,5.8,5.9
FIS FREESTYLE SKI WORLD CUP 2026,2025-12-07,RUKA (FIN),Men's Moguls,Results Final 2,PAGE Nick,2533462,USA,3,79.62,16.61,47.3,15.71,1,7op,0.88,8.1,7.6,2,10op,1.05,8.9,7.9
FIS FREESTYLE SKI WORLD CUP 2026,2025-12-08,RUKA (FIN),Women's Moguls,Results Qualification,KARIOTIS Kylie,2534866,USA,17,62.05,12.06,39.6,10.39,1,bG,0.92,6.0,5.5,2,bp,0.81,6.2,6.4
2024 FIS FREESTYLE NORAM CUP,2024-02-07,DEER VALLEY RESORT (USA),Men's Moguls,QUALIFICATION RUN 1 RESULTS Final 2,GOODISON Samuel,2534451,CAN,2,78.77,16.41,48.2,14.16,1,bF,0.88,8.5,8.3,2,7op,0.88,7.8,7.6
2024 FIS FREESTYLE NORAM CUP,2024-02-07,DEER VALLEY RESORT (USA),Men's Moguls,QUALIFICATION RUN 1 RESULTS Qualification,GOODISON Samuel,2534451,CAN,16,67.01,17.59,40.0,9.42,1,bF,0.88,8.2,7.9,2,bp,0.71,3.6,3.0
2024 FIS FREESTYLE NORAM CUP,2024-02-07,DEER VALLEY RESORT (USA),Men's Moguls,QUALIFICATION RUN 1 RESULTS Qualification,MAGA Joshua,2534293,CAN,25,62.83,15.31,36.5,11.02,1,7op,0.88,5.2,6.9,2,7oG,1.01,5.8,5.5
2024 FIS FREESTYLE NORAM CUP,2024-02-07,DEER VALLEY RESORT (USA),Men's Moguls,QUALIFICATION RUN 1 RESULTS Qualification,HILL Edward,2537720,AUS,17,66.84,12.71,43.4,10.73,1,bG,0.82,6.1,5.4,2,7op,0.88,6.6,7.1
2024 FIS FREESTYLE NORAM CUP FINALS,2024-03-01,"STRATTON, VT (USA)",Women's Moguls,QUALIFICATION RUN 1 RESULTS Qualification,HOGG Kasey,2534251,USA,2,72.18,14.97,46.0,11.21,1,bp,0.81,6.3,6.4,2,bG,0.92,6.5,6.7
2024 FIS FREESTYLE NORAM CUP FINALS,2024-03-01,"STRATTON, VT (USA)",Women's Moguls,QUALIFICATION RUN 1 RESULTS Qualification,HOLUB Mikayla,2538199,CAN,33,44.73,10.0,27.1,7.63,1,bG,0.92,4.7,4.7,2,bT,0.78,4.3,4.2
2024 FIS FREESTYLE NORAM CUP FINALS,2024-03-01,"STRATTON, VT (USA)",Men's Moguls,QUALIFICATION RUN 1 RESULTS Final 2,MICKEL Charlie,2537180,USA,1,85.74,14.72,55.1,15.92,1,7oG,1.01,8.5,8.5,2,7op,0.88,8.3,8.4
2024 FIS FREESTYLE NORAM CUP FINALS,2024-03-01,"STRATTON, VT (USA)",Men's Moguls,QUALIFICATION RUN 1 RESULTS Qualification,SAUVAGEAU Jeremy,2538702,CAN,9,76.08,14.07,46.7,15.31,1,bdF,1.05,8.2,7.9,2,7op,0.88,7.8,7.8
2024 FIS FREESTYLE NORAM CUP,2024-02-12,APEX MOUNTAIN RESORT (CAN),Men's Moguls,QUALIFICATION RUN 1 RESULTS Final 1,BOUGIE Jean-,2538309,CAN,10,80.27,15.46,50.8,14.01,1,bF,0.88,8.9,9.0,2,bp,0.71,8.4,8.9
2024 FIS FREESTYLE NORAM CUP,2024-02-12,APEX MOUNTAIN RESORT (CAN),Men's Moguls,QUALIFICATION RUN 1 RESULTS Final 1,MICKEL Charlie,2537180,USA,12,79.11,15.11,50.9,13.1,1,10op,1.05,5.6,6.0,2,7oG,1.01,6.6,7.3
2024 FIS FREESTYLE NORAM CUP,2024-02-12,APEX MOUNTAIN RESORT (CAN),Men's Moguls,QUALIFICATION RUN 1 RESULTS Final 1,LUCAS Nash,2534751,USA,8,81.48,16.32,51.0,14.16,1,bF,0.88,8.6,8.6,2,7op,0.88,7.0,8.0
2024 FIS FREESTYLE NORAM CUP,2024-02-12,APEX MOUNTAIN RESORT (CAN),Men's Moguls,QUALIFICATION RUN 1 RESULTS Final 2,MICHEL Asher,2537833,USA,2,84.18,17.04,52.1,15.04,1,7op,0.88,8.7,9.2,2,bG,0.82,8.5,9.0
2024 FIS FREESTYLE NORAM CUP,2024-02-12,APEX MOUNTAIN RESORT (CAN),Men's Moguls,QUALIFICATION RUN 1 RESULTS Qualification,CORDELL Sam,2532530,CAN,9,79.14,14.88,49.8,14.46,1,7oG,1.01,7.0,7.7,2,bG,0.82,8.4,8.8
2024 FIS FREESTYLE NORAM CUP,2024-02-12,APEX MOUNTAIN RESORT (CAN),Men's Moguls,QUALIFICATION RUN 1 RESULTS Qualification,LEFEBVRE Emeric,2538858,CAN,50,63.13,13.52,36.9,12.71,1,bF,0.88,7.9,8.0,2,10op,1.05,5.2,5.7
2024 FIS FREESTYLE NORAM CUP,2024-02-12,APEX MOUNTAIN RESORT (CAN),Men's Moguls,QUALIFICATION RUN 1 RESULTS Qualification,KOSINSKI Oliver,2538433,USA,41,67.25,14.09,42.0,11.16,1,7op,0.88,4.9,5.2,2,bG,0.82,8.4,8.0
2024 FIS FREESTYLE NORAM CUP,2024-02-12,APEX MOUNTAIN RESORT (CAN),Men's Moguls,QUALIFICATION RUN 1 RESULTS Qualification,DAWSON Quinn,2535306,CAN,1,83.84,15.85,54.3,13.69,1,7op,0.88,8.7,8.0,2,bp,0.71,9.4,8.5
2024 FIS FREESTYLE NORAM CUP,2024-02-12,APEX MOUNTAIN RESORT (CAN),Men's Moguls,QUALIFICATION RUN 1 RESULTS Qualification,MICKEL Charlie,2537180,USA,4,81.61,14.12,52.0,15.49,1,7op,0.88,8.9,9.0,2,7oG,1.01,7.9,7.2
2024 FIS FREESTYLE NORAM CUP,2024-02-12,APEX MOUNTAIN RESORT (CAN),Men's Moguls,QUALIFICATION RUN 1 RESULTS Qualification,PORTELLO Ryan,2530702,CAN,12,78.6,15.68,48.8,14.12,1,bF,0.88,7.8,8.0,2,bG,0.82,9.5,8.0
2024 FIS FREESTYLE NORAM CUP,2024-02-12,APEX MOUNTAIN RESORT (CAN),Women's Moguls,QUALIFICATION RUN 1 RESULTS Final 1,LODGE Lottie,2538154,AUS,3,74.98,14.79,45.7,14.49,1,bT,0.78,8.0,8.3,2,bG,0.92,8.7,9.0
2024 FIS FREESTYLE NORAM CUP,2024-02-12,APEX MOUNTAIN RESORT (CAN),Women's Moguls,QUALIFICATION RUN 1 RESULTS Final 2,LODGE Lottie,2538154,AUS,6,71.87,15.43,42.1,14.34,1,bT,0.78,7.7,7.5,2,bG,0.92,8.8,9.5
2024 FIS FREESTYLE NORAM CUP,2024-02-12,APEX MOUNTAIN RESORT (CAN),Women's Moguls,QUALIFICATION RUN 1 RESULTS Qualification,BEAULIEU Maelle,2538819,CAN,39,54.27,13.36,29.5,11.41,1,bG,0.92,6.2,7.1,2,bp,0.81,6.8,6.3
2024 FIS FREESTYLE NORAM CUP MOGULS,2024-02-24,VAL S TCOME (CAN),Men's Moguls,QUALIFICATION RUN 1 RESULTS Final 1,HUFF Porter,2538994,USA,6,74.76,15.68,49.3,9.78,1,7op,0.88,5.8,6.3,2,bp,0.71,6.8,5.8
2024 FIS FREESTYLE NORAM CUP MOGULS,2024-02-24,VAL S TCOME (CAN),Men's Moguls,QUALIFICATION RUN 1 RESULTS Final 1,TAM Ryan,2535542,USA,15,27.21,5.15,16.0,6.06,1,7op,0.88,5.9,5.5,2,S,0.38,3.0,2.5
2024 FIS FREESTYLE NORAM CUP MOGULS,2024-02-24,VAL S TCOME (CAN),Men's Moguls,QUALIFICATION RUN 1 RESULTS Qualification,PARADIS Louis,2534246,CAN,24,65.44,12.09,41.5,11.85,1,7op,0.88,6.6,6.7,2,7oG,1.01,6.2,5.7
2024 FIS FREESTYLE NORAM CUP MOGULS,2024-02-24,VAL S TCOME (CAN),Men's Moguls,QUALIFICATION RUN 1 RESULTS Qualification,BAVARO Gaetano,2538310,USA,43,53.6,8.47,36.2,8.93,1,bp,0.71,5.7,6.2,2,bG,0.82,5.7,5.8
2024 FIS FREESTYLE NORAM CUP MOGULS,2024-02-24,VAL S TCOME (CAN),Men's Moguls,QUALIFICATION RUN 1 RESULTS Qualification,MASON Shawn,2537718,CAN,55,23.83,0.0,18.1,5.73,1,bL,0.71,0.2,0.5,2,bG,0.82,6.5,6.9
2024 FIS FREESTYLE NORAM CUP MOGULS,2024-02-24,VAL S TCOME (CAN),Men's Moguls,QUALIFICATION RUN 1 RESULTS Qualification,GOODISON Samuel,2534451,CAN,17,67.05,16.46,41.7,8.89,1,bF,0.88,7.7,6.4,2,bp,0.71,3.9,3.7
2024 FIS FREESTYLE NORAM CUP MOGULS,2024-02-24,VAL S TCOME (CAN),Men's Moguls,QUALIFICATION RUN 1 RESULTS Qualification,ROWLEY Tristan,2535799,AUS,27,65.05,11.9,41.9,11.25,1,7op,0.88,7.0,6.3,2,7oG,1.01,5.7,5.0
FIS FREESTYLE SKI WORLD CUP 2026,2026-01-09,VAL ST. COME (CAN),Men's Moguls,Results Qualification,HIRAYAMA Shota,2531908,JPN,12,76.42,17.06,46.6,12.76,1,bF,0.88,7.5,6.9,2,bG,0.82,7.8,7.9
FIS FREESTYLE SKI WORLD CUP 2026,2026-01-09,VAL ST. COME (CAN),Men's Moguls,Results Qualification,VIERELA Severi,2533386,FIN,27,69.82,18.2,39.5,12.12,1,7oG,1.01,7.8,7.9,2,10op,1.05,4.0,4.0
FIS FREESTYLE SKI WORLD CUP 2026,2025-12-07,RUKA (FIN),Women's Moguls,Results Qualification,GORODKO,2535385,KAZ,9,67.11,16.26,39.5,11.35,1,7op,0.98,6.3,6.1,2,bG,0.92,5.8,5.7
FIS FREESTYLE SKI WORLD CUP 2026,2025-12-07,RUKA (FIN),Women's Moguls,Results Qualification,LINTON Jessica,2533613,CAN,13,63.71,15.15,39.9,8.66,1,bG,0.92,4.9,4.7,2,bp,0.81,5.4,5.1
FIS FREESTYLE SKI WORLD CUP 2026,2025-12-07,RUKA (FIN),Women's Moguls,Results Qualification,FEKLISTOVA Yuliya,2539209,KAZ,29,45.03,9.05,27.3,8.68,1,bp,0.81,4.7,4.5,2,bG,0.92,5.0,5.8
FIS FREESTYLE SKI WORLD CUP 2026,2025-12-07,RUKA (FIN),Women's Moguls,Results Qualification,YANG Dandan,2540821,CHN,47,3.49,0.0,0.3,3.19,1,bT,0.78,4.3,3.9,2,NJ,0.0,0.0,0.0
FIS FREESTYLE SKI WORLD CUP 2026,2025-12-07,RUKA (FIN),Men's Moguls,Results Qualification,WALCZYK Dylan,2527085,USA,23,69.64,14.35,43.1,12.19,1,7oG,1.01,7.2,6.4,2,bG,0.82,7.0,6.0
FIS FREESTYLE SKI WORLD CUP 2026,2025-12-07,RUKA (FIN),Men's Moguls,Results Qualification,ORGELDINGER Jon,2539200,GER,44,27.17,9.72,8.0,9.45,1,7oG,1.01,7.0,7.1,2,7op,0.88,2.8,2.5
FIS FREESTYLE SKI WORLD CUP 2026,2025-12-07,RUKA (FIN),Men's Moguls,Results Qualification,BUZZI Enea,2533002,SUI,47,12.71,7.67,1.1,3.94,1,10op,1.05,1.5,1.7,2,7oG,1.01,2.0,2.5
2024 FIS FREESTYLE NORAM CUP,2024-02-07,DEER VALLEY RESORT (USA),Men's Moguls,QUALIFICATION RUN 1 RESULTS Qualification,DAY Sawyer,2537715,CAN,26,61.43,10.38,40.3,10.75,1,7op,0.88,5.1,5.3,2,bG,0.82,7.7,7.4
2024 FIS FREESTYLE NORAM CUP,2024-02-07,DEER VALLEY RESORT (USA),Men's Moguls,QUALIFICATION RUN 1 RESULTS Qualification,DROUIN Xavier,2535639,CAN,28,60.36,13.15,35.8,11.41,1,7oG,1.01,6.3,5.7,2,7op,0.88,6.1,6.1
2024 FIS FREESTYLE NORAM CUP FINALS,2024-03-01,"STRATTON, VT (USA)",Women's Moguls,QUALIFICATION RUN 1 RESULTS Qualification,RIDGEWAY Quinn,2539394,CAN,25,55.96,13.87,32.3,9.79,1,bG,0.92,5.5,5.6,2,bp,0.81,5.8,5.8
2024 FIS FREESTYLE NORAM CUP FINALS,2024-03-01,"STRATTON, VT (USA)",Women's Moguls,QUALIFICATION RUN 1 RESULTS Qualification,DAVIS August,2534386,USA,19,62.84,13.32,38.8,10.72,1,bT,0.78,6.1,6.2,2,fG,0.92,6.4,6.5
2024 FIS FREESTYLE NORAM CUP FINALS,2024-03-01,"STRATTON, VT (USA)",Women's Moguls,QUALIFICATION RUN 1 RESULTS Qualification,SCHEID Nora,2537948,USA,42,4.66,0.0,0.3,4.36,1,bT,0.78,5.7,5.5,2,NJ,0.0,0.0,0.0
2024 FIS FREESTYLE NORAM CUP FINALS,2024-03-01,"STRATTON, VT (USA)",Women's Moguls,QUALIFICATION RUN 1 RESULTS Qualification,KARIOTIS Kylie,2534866,USA,3,72.01,15.63,44.9,11.48,1,bG,0.92,6.2,6.1,2,bp,0.81,7.3,7.1
2024 FIS FREESTYLE NORAM CUP FINALS,2024-03-01,"STRATTON, VT (USA)",Men's Moguls,QUALIFICATION RUN 1 RESULTS Qualification,CORDELL Sam,2532530,CAN,4,78.76,14.18,49.6,14.98,1,7oG,1.01,8.2,8.0,2,bG,0.82,8.4,8.2
2024 FIS FREESTYLE NORAM CUP FINALS,2024-03-01,"STRATTON, VT (USA)",Men's Moguls,QUALIFICATION RUN 1 RESULTS Qualification,TAM Ryan,2535542,USA,15,73.55,14.45,44.4,14.7,1,7oG,1.01,7.9,8.0,2,bG,0.82,8.1,8.2
2024 FIS FREESTYLE NORAM CUP FINALS,2024-03-01,"STRATTON, VT (USA)",Men's Moguls,QUALIFICATION RUN 1 RESULTS Qualification,RODMAN Slader,2538073,USA,16,72.86,14.16,44.7,14.0,1,7oG,1.01,7.1,7.4,2,bG,0.82,8.3,8.0
2024 FIS FREESTYLE NORAM CUP FINALS,2024-03-01,"STRATTON, VT (USA)",Men's Moguls,QUALIFICATION RUN 1 RESULTS Qualification,DUBUC Joey,2535858,CAN,5,78.04,15.47,49.3,13.27,1,7op,0.88,7.8,7.0,2,bG,0.82,8.3,8.2
2024 FIS FREESTYLE NORAM CUP FINALS,2024-03-01,"STRATTON, VT (USA)",Men's Moguls,QUALIFICATION RUN 1 RESULTS Qualification,DAWSON Quinn,2535306,CAN,39,66.12,14.32,42.7,9.1,1,7oG,1.01,3.8,3.7,2,bp,0.71,7.2,7.8
2024 FIS FREESTYLE NORAM CUP,2024-02-12,APEX MOUNTAIN RESORT (CAN),Men's Moguls,QUALIFICATION RUN 1 RESULTS Qualification,GOODISON Samuel,2534451,CAN,3,83.0,14.73,53.1,15.17,1,bF,0.88,9.2,9.0,2,7op,0.88,7.9,8.4
2024 FIS FREESTYLE NORAM CUP,2024-02-12,APEX MOUNTAIN RESORT (CAN),Men's Moguls,QUALIFICATION RUN 1 RESULTS Qualification,GENDRON Nate,2538060,USA,5,81.04,15.26,48.9,16.88,1,10op,1.05,8.1,8.0,2,7oG,1.01,8.4,8.3
2024 FIS FREESTYLE NORAM CUP,2024-02-12,APEX MOUNTAIN RESORT (CAN),Women's Moguls,QUALIFICATION RUN 1 RESULTS Final 1,SHAFFER Lulu,2531871,USA,9,70.88,16.42,41.2,13.26,1,bG,0.92,8.0,7.3,2,bp,0.81,7.7,7.7
2024 FIS FREESTYLE NORAM CUP,2024-02-12,APEX MOUNTAIN RESORT (CAN),Women's Moguls,QUALIFICATION RUN 1 RESULTS Final 2,MIKKELSEN Maya,2534235,CAN,5,74.25,15.84,45.4,13.01,1,bG,0.92,6.7,7.7,2,bp,0.81,7.5,8.3
2024 FIS FREESTYLE NORAM CUP,2024-02-12,APEX MOUNTAIN RESORT (CAN),Women's Moguls,QUALIFICATION RUN 1 RESULTS Final 2,LINTON Jessica,2533613,CAN,2,78.29,15.59,48.4,14.3,1,bG,0.92,8.4,8.0,2,bp,0.81,8.2,8.5
2024 FIS FREESTYLE NORAM CUP,2024-02-12,APEX MOUNTAIN RESORT (CAN),Women's Moguls,QUALIFICATION RUN 1 RESULTS Qualification,CLEGG Sina,2538200,CAN,5,73.1,15.91,45.2,11.99,1,bF,0.98,6.9,6.6,2,bp,0.81,6.3,7.0
2024 FIS FREESTYLE NORAM CUP,2024-02-12,APEX MOUNTAIN RESORT (CAN),Women's Moguls,QUALIFICATION RUN 1 RESULTS Qualification,SHAFFER Lulu,2531871,USA,15,69.69,15.18,41.3,13.21,1,bG,0.92,7.4,7.0,2,bp,0.81,7.9,8.4
2024 FIS FREESTYLE NORAM CUP,2024-02-12,APEX MOUNTAIN RESORT (CAN),Women's Moguls,QUALIFICATION RUN 1 RESULTS Qualification,SLETTENE Skylar,2535377,USA,19,68.08,15.02,41.7,11.36,1,bG,0.92,5.8,5.9,2,bp,0.81,7.0,7.8
2024 FIS FREESTYLE NORAM CUP,2024-02-12,APEX MOUNTAIN RESORT (CAN),Women's Moguls,QUALIFICATION RUN 1 RESULTS Qualification,BABCOCK Tillie,2537846,USA,42,52.45,14.23,28.9,9.32,1,bp,0.81,4.2,4.0,2,fT,0.78,7.8,7.6
2024 FIS FREESTYLE NORAM CUP,2024-02-12,APEX MOUNTAIN RESORT (CAN),Women's Moguls,QUALIFICATION RUN 1 RESULTS Qualification,MONT Isabel,2538812,USA,43,52.35,13.52,30.7,8.13,1,bG,0.92,4.3,4.5,2,bp,0.81,4.4,5.7
2024 FIS FREESTYLE NORAM CUP MOGULS,2024-02-24,VAL S TCOME (CAN),Men's Moguls,QUALIFICATION RUN 1 RESULTS Final 1,MICHEL Asher,2537833,USA,5,74.99,12.42,50.6,11.97,1,7op,0.88,7.0,6.9,2,bG,0.82,6.9,7.4
2024 FIS FREESTYLE NORAM CUP MOGULS,2024-02-24,VAL S TCOME (CAN),Men's Moguls,QUALIFICATION RUN 1 RESULTS Final 1,CORDELL Sam,2532530,CAN,8,73.16,10.5,50.1,12.56,1,7op,0.88,6.7,6.6,2,bG,0.82,8.6,7.8
2024 FIS FREESTYLE NORAM CUP MOGULS,2024-02-24,VAL S TCOME (CAN),Men's Moguls,QUALIFICATION RUN 1 RESULTS Qualification,CROCKETT Jackson,2534116,USA,10,70.71,14.58,44.4,11.73,1,7op,0.88,6.9,7.5,2,7oG,1.01,5.0,5.7
2024 FIS FREESTYLE NORAM CUP MOGULS,2024-02-24,VAL S TCOME (CAN),Men's Moguls,QUALIFICATION RUN 1 RESULTS Qualification,BOUCHER Frederic,2535636,CAN,56,20.94,7.72,4.4,8.82,1,bF,0.88,6.9,6.8,2,bp,0.71,3.9,4.0
2024 FIS FREESTYLE NORAM CUP MOGULS,2024-02-24,VAL S TCOME (CAN),Women's Moguls,QUALIFICATION RUN 1 RESULTS Qualification,SHAFFER Lulu,2531871,USA,3,62.37,9.93,43.3,9.14,1,bG,0.92,5.4,4.8,2,bp,0.81,6.0,5.0
2024 FIS FREESTYLE NORAM CUP MOGULS,2024-02-24,VAL S TCOME (CAN),Women's Moguls,QUALIFICATION RUN 1 RESULTS Qualification,DAVIS August,2534386,USA,31,27.44,9.35,13.1,4.99,1,bT,0.78,2.0,1.3,2,fT,0.78,4.5,5.0
2024 FIS FREESTYLE NORAM CUP MOGULS,2024-02-24,VAL S TCOME (CAN),Women's Moguls,QUALIFICATION RUN 1 RESULTS Qualification,CIAGLO Megan,2537409,USA,16,46.39,9.03,30.0,7.36,1,S,0.48,6.0,6.3,2,bp,0.81,5.0,5.9
2024 FIS FREESTYLE NORAM CUP MOGULS,2024-02-24,VAL S TCOME (CAN),Women's Moguls,QUALIFICATION RUN 1 RESULTS Qualification,KARIOTIS Kylie,2534866,USA,17,45.03,11.12,27.2,6.71,1,bG,0.92,3.0,2.0,2,bp,0.81,5.9,5.0
FIS FREESTYLE SKI WORLD CUP 2026,2026-01-09,VAL ST. COME (CAN),Men's Moguls,Results Final,HIRAYAMA Shota,2531908,JPN,6,80.32,17.93,48.5,13.89,1,bF,0.88,8.2,8.3,2,bG,0.82,8.0,8.2
FIS FREESTYLE SKI WORLD CUP 2026,2026-01-09,VAL ST. COME (CAN),Men's Moguls,Results Final,VIEL Julien,2534074,CAN,11,75.58,17.65,44.7,13.23,1,bF,0.88,8.3,8.3,2,10op,1.05,5.7,5.6
FIS FREESTYLE SKI WORLD CUP 2026,2026-01-09,VAL ST. COME (CAN),Men's Moguls,Results Qualification,WOODS Cooper,2532161,AUS,21,72.93,15.46,46.7,10.77,1,bF,0.88,6.8,6.6,2,7op,0.88,5.6,5.5
FIS FREESTYLE SKI WORLD CUP 2026,2026-01-09,VAL ST. COME (CAN),Men's Moguls,Results Qualification,FUJIKI Goshin,2529670,JPN,22,71.96,15.71,43.8,12.45,1,bF,0.88,6.5,6.3,2,10op,1.05,6.6,6.4
FIS FREESTYLE SKI WORLD CUP 2026,2026-01-09,VAL ST. COME (CAN),Men's Moguls,Results Qualification,CROZET Leo,2538029,FRA,36,66.5,14.29,39.7,12.51,1,bG,0.82,4.8,5.4,2,10oG,1.2,7.0,6.9
FIS FREESTYLE SKI WORLD CUP 2026,2025-12-07,RUKA (FIN),Women's Moguls,Results Qualification,LAFFONT Perrine,2531156,FRA,2,71.83,16.61,43.8,11.42,1,bp,0.81,6.9,6.8,2,7oG,1.11,5.4,5.2
FIS FREESTYLE SKI WORLD CUP 2026,2025-12-07,RUKA (FIN),Women's Moguls,Results Qualification,HOGG Kasey,2534251,USA,7,68.3,14.61,42.0,11.69,1,bG,0.92,5.9,5.9,2,bp,0.81,7.7,7.8
FIS FREESTYLE SKI WORLD CUP 2026,2025-12-07,RUKA (FIN),Women's Moguls,Results Qualification,MACUGA Alli,2534186,USA,10,66.88,14.21,41.5,11.17,1,bG,0.92,5.4,5.1,2,bp,0.81,7.8,7.9
FIS FREESTYLE SKI WORLD CUP 2026,2025-12-07,RUKA (FIN),Women's Moguls,Results Qualification,IHARA Haruka,2531368,JPN,20,58.88,15.03,34.6,9.25,1,bG,0.92,6.3,6.0,2,bp,0.81,4.7,4.2
FIS FREESTYLE SKI WORLD CUP 2026,2025-12-07,RUKA (FIN),Women's Moguls,Results Qualification,PERSSON Lenna,2538575,NZL,36,37.81,10.42,19.6,7.79,1,bG,0.92,3.0,3.3,2,bp,0.81,6.2,5.9
FIS FREESTYLE SKI WORLD CUP 2026,2025-12-07,RUKA (FIN),Men's Moguls,Results Qualification,PAGE Nick,2533462,USA,2,77.72,15.09,46.3,16.33,1,7oG,1.01,7.7,7.6,2,10op,1.05,8.4,8.0
FIS FREESTYLE SKI WORLD CUP 2026,2025-12-07,RUKA (FIN),Men's Moguls,Results Qualification,VERDAGUER FORN,2535379,ESP,46,14.68,0.66,3.9,10.12,1,bF,0.88,6.6,5.3,2,bp,0.71,7.0,6.8
FIS FREESTYLE SKI WORLD CUP 2026,2025-12-08,RUKA (FIN),Women's Moguls,Results Qualification,MALHERBE Malica,2535457,RSA,23,50.47,7.34,35.1,8.03,1,bG,0.92,4.2,4.2,2,bp,0.81,5.1,5.2
FIS FREESTYLE SKI WORLD CUP 2026,2025-12-08,RUKA (FIN),Women's Moguls,Results Qualification,GERKEN SCHOFIELD,2530540,GBR,33,41.37,11.79,21.5,8.08,1,bG,0.92,3.1,3.4,2,bp,0.81,6.5,6.1
2024 FIS FREESTYLE NORAM CUP,2024-02-07,DEER VALLEY RESORT (USA),Men's Moguls,QUALIFICATION RUN 1 RESULTS Qualification,PETRONE Jack,2535642,USA,14,67.38,16.19,40.6,10.59,1,bG,0.82,6.1,5.7,2,7op,0.88,7.0,6.1
2024 FIS FREESTYLE NORAM CUP,2024-02-07,DEER VALLEY RESORT (USA),Men's Moguls,QUALIFICATION RUN 1 RESULTS Qualification,GILBERT Benoit,2535656,CAN,20,66.08,14.23,39.2,12.65,1,bF,0.88,8.1,8.1,2,bp,0.71,7.9,7.7
2024 FIS FREESTYLE NORAM CUP,2024-02-07,DEER VALLEY RESORT (USA),Men's Moguls,QUALIFICATION RUN 1 RESULTS Qualification,COVELL Jackson,2539513,USA,40,49.71,13.02,28.1,8.59,1,lG,0.82,5.6,4.9,2,bp,0.71,6.2,5.9
2024 FIS FREESTYLE NORAM CUP,2024-02-07,DEER VALLEY RESORT (USA),Men's Moguls,QUALIFICATION RUN 1 RESULTS Qualification,TAM Ryan,2535542,USA,8,70.99,13.33,45.7,11.96,1,7op,0.88,6.1,6.2,2,lG,0.82,8.2,7.8
2024 FIS FREESTYLE NORAM CUP,2024-02-07,DEER VALLEY RESORT (USA),Men's Moguls,QUALIFICATION RUN 1 RESULTS Qualification,WARGNIEZ Alexandre,2539362,FRA,41,49.42,8.84,32.7,7.88,1,bG,0.82,5.3,5.9,2,bp,0.71,4.9,4.4
2024 FIS FREESTYLE NORAM CUP FINALS,2024-03-01,"STRATTON, VT (USA)",Women's Moguls,QUALIFICATION RUN 1 RESULTS Qualification,BOYLE Claire,2539249,USA,35,44.63,9.94,26.9,7.79,1,bT,0.78,4.3,4.4,2,3,0.78,5.6,5.7
2024 FIS FREESTYLE NORAM CUP FINALS,2024-03-01,"STRATTON, VT (USA)",Women's Moguls,QUALIFICATION RUN 1 RESULTS Qualification,ELLIOT Chelsea,2538314,CAN,26,54.19,13.83,32.7,7.66,1,bG,0.92,3.8,3.9,2,bp,0.81,5.3,4.9
2024 FIS FREESTYLE NORAM CUP FINALS,2024-03-01,"STRATTON, VT (USA)",Women's Moguls,QUALIFICATION RUN 1 RESULTS Qualification,SATKIEWICZ Mia,2539495,USA,30,50.83,10.65,30.1,10.08,1,bG,0.92,5.2,5.9,2,bp,0.81,6.2,6.1
2024 FIS FREESTYLE NORAM CUP FINALS,2024-03-01,"STRATTON, VT (USA)",Men's Moguls,QUALIFICATION RUN 1 RESULTS Qualification,GOODISON Samuel,2534451,CAN,6,77.62,15.41,48.8,13.41,1,bF,0.88,8.2,8.4,2,7op,0.88,7.1,6.8
2024 FIS FREESTYLE NORAM CUP FINALS,2024-03-01,"STRATTON, VT (USA)",Men's Moguls,QUALIFICATION RUN 1 RESULTS Qualification,BOONE Stephen,2537882,USA,51,16.68,9.09,0.3,7.29,1,10op,1.05,6.4,6.3,2,S,0.38,1.5,1.8
2024 FIS FREESTYLE NORAM CUP FINALS,2024-03-01,"STRATTON, VT (USA)",Men's Moguls,QUALIFICATION RUN 1 RESULTS Qualification,BOYLE Wyatt,2538441,USA,37,66.77,14.59,40.9,11.28,1,10op,1.05,6.8,7.0,2,bp,0.71,5.6,5.8
2024 FIS FREESTYLE NORAM CUP FINALS,2024-03-01,"STRATTON, VT (USA)",Men's Moguls,QUALIFICATION RUN 1 RESULTS Qualification,GILBERT Benoit,2535656,CAN,18,72.4,14.19,44.8,13.41,1,bF,0.88,7.8,7.7,2,7op,0.88,7.7,7.3
2024 FIS FREESTYLE NORAM CUP FINALS,2024-03-01,"STRATTON, VT (USA)",Men's Moguls,QUALIFICATION RUN 1 RESULTS Qualification,MAGA Joshua,2534293,CAN,20,72.09,15.44,45.8,10.85,1,10op,1.05,3.8,3.9,2,7oG,1.01,6.6,6.9
2024 FIS FREESTYLE NORAM CUP,2024-02-12,APEX MOUNTAIN RESORT (CAN),Men's Moguls,QUALIFICATION RUN 1 RESULTS Qualification,BOYLE Wyatt,2538441,USA,20,75.76,15.15,43.8,16.81,1,10op,1.05,8.7,9.0,2,7op,0.88,8.4,8.7
2024 FIS FREESTYLE NORAM CUP,2024-02-12,APEX MOUNTAIN RESORT (CAN),Men's Moguls,QUALIFICATION RUN 1 RESULTS Qualification,ROY Jeremie,2535640,CAN,43,66.79,12.94,43.9,9.95,1,bG,0.82,6.0,5.2,2,7op,0.88,6.4,5.8
2024 FIS FREESTYLE NORAM CUP,2024-02-12,APEX MOUNTAIN RESORT (CAN),Men's Moguls,QUALIFICATION RUN 1 RESULTS Qualification,COVELL Jackson,2539513,USA,51,60.31,12.2,38.5,9.61,1,lG,0.82,5.7,6.6,2,bp,0.71,5.9,7.0
2024 FIS FREESTYLE NORAM CUP,2024-02-12,APEX MOUNTAIN RESORT (CAN),Men's Moguls,QUALIFICATION RUN 1 RESULTS Qualification,HUFF Porter,2538994,USA,13,78.52,15.49,50.9,12.13,1,7op,0.88,8.2,8.1,2,bp,0.71,7.2,6.8
2024 FIS FREESTYLE NORAM CUP,2024-02-12,APEX MOUNTAIN RESORT (CAN),Men's Moguls,QUALIFICATION RUN 1 RESULTS Qualification,GILBERT Benoit,2535656,CAN,44,66.63,14.46,41.6,10.57,1,bF,0.88,6.8,7.4,2,bp,0.71,6.2,6.0
2024 FIS FREESTYLE NORAM CUP,2024-02-12,APEX MOUNTAIN RESORT (CAN),Men's Moguls,QUALIFICATION RUN 1 RESULTS Qualification,CROSBIE Daniel,2537583,USA,45,65.81,14.66,42.3,8.85,1,7op,0.88,3.8,4.8,2,bp,0.71,7.1,7.2
2024 FIS FREESTYLE NORAM CUP,2024-02-12,APEX MOUNTAIN RESORT (CAN),Women's Moguls,QUALIFICATION RUN 1 RESULTS Final 1,McLARNON Abby,2538430,USA,7,72.97,15.79,44.5,12.68,1,bG,0.92,7.0,5.8,2,bp,0.81,8.0,8.8
2024 FIS FREESTYLE NORAM CUP,2024-02-12,APEX MOUNTAIN RESORT (CAN),Women's Moguls,QUALIFICATION RUN 1 RESULTS Final 1,BUCKMASTER Alicia,2537763,USA,8,71.79,15.43,42.8,13.56,1,bG,0.92,7.1,6.0,2,lG,0.92,8.1,8.3
2024 FIS FREESTYLE NORAM CUP,2024-02-12,APEX MOUNTAIN RESORT (CAN),Women's Moguls,QUALIFICATION RUN 1 RESULTS Final 2,HOGG Kasey,2534251,USA,1,79.66,16.92,47.7,15.04,1,bp,0.81,8.6,8.0,2,bG,0.92,9.0,9.1
2024 FIS FREESTYLE NORAM CUP,2024-02-12,APEX MOUNTAIN RESORT (CAN),Women's Moguls,QUALIFICATION RUN 1 RESULTS Qualification,DAVIS August,2534386,USA,22,65.9,15.07,38.7,12.13,1,bL,0.81,6.2,4.8,2,fG,0.92,8.0,8.7
2024 FIS FREESTYLE NORAM CUP MOGULS,2024-02-24,VAL S TCOME (CAN),Men's Moguls,QUALIFICATION RUN 1 RESULTS Final 1,MICKEL Charlie,2537180,USA,1,78.56,13.51,51.6,13.45,1,7op,0.88,6.4,6.3,2,7oG,1.01,7.7,7.9
2024 FIS FREESTYLE NORAM CUP MOGULS,2024-02-24,VAL S TCOME (CAN),Men's Moguls,QUALIFICATION RUN 1 RESULTS Qualification,MICHEL Asher,2537833,USA,4,73.97,12.72,48.2,13.05,1,7op,0.88,7.2,7.0,2,bG,0.82,8.6,8.0
2024 FIS FREESTYLE NORAM CUP MOGULS,2024-02-24,VAL S TCOME (CAN),Men's Moguls,QUALIFICATION RUN 1 RESULTS Qualification,PANELLI Hunter,2539246,USA,45,50.84,6.53,34.6,9.71,1,bF,0.88,5.1,5.0,2,7op,0.88,5.8,6.2
2024 FIS FREESTYLE NORAM CUP MOGULS,2024-02-24,VAL S TCOME (CAN),Men's Moguls,QUALIFICATION RUN 1 RESULTS Qualification,HILL Edward,2537720,AUS,20,66.24,12.26,42.0,11.98,1,bG,0.82,7.0,6.9,2,7op,0.88,7.1,7.2
2024 FIS FREESTYLE NORAM CUP MOGULS,2024-02-24,VAL S TCOME (CAN),Men's Moguls,QUALIFICATION RUN 1 RESULTS Qualification,KOSINSKI Oliver,2538433,USA,47,48.19,13.06,26.0,9.13,1,bG,0.82,5.9,4.9,2,bp,0.71,6.6,6.7
2024 FIS FREESTYLE NORAM CUP MOGULS,2024-02-24,VAL S TCOME (CAN),Men's Moguls,QUALIFICATION RUN 1 RESULTS Qualification,LOGAN Oliver,2534330,AUS,11,70.1,13.43,44.8,11.87,1,bF,0.88,7.3,6.8,2,7op,0.88,6.9,6.0
2024 FIS FREESTYLE NORAM CUP MOGULS,2024-02-24,VAL S TCOME (CAN),Men's Moguls,QUALIFICATION RUN 1 RESULTS Qualification,PARSONS Graden,2539000,CAN,32,62.14,10.14,39.6,12.4,1,bF,0.88,7.0,6.8,2,7op,0.88,7.1,7.3
2024 FIS FREESTYLE NORAM CUP MOGULS,2024-02-24,VAL S TCOME (CAN),Women's Moguls,QUALIFICATION RUN 1 RESULTS Final 1,AYAD Anabel,2537580,USA,3,64.48,9.18,46.8,8.5,1,bG,0.92,3.9,3.5,2,bp,0.81,6.6,6.0
2024 FIS FREESTYLE NORAM CUP MOGULS,2024-02-24,VAL S TCOME (CAN),Women's Moguls,QUALIFICATION RUN 1 RESULTS Final 1,CIAGLO Megan,2537409,USA,12,59.92,11.18,38.7,10.04,1,bG,0.92,5.2,6.0,2,bp,0.81,5.9,6.2
2024 FIS FREESTYLE NORAM CUP MOGULS,2024-02-24,VAL S TCOME (CAN),Women's Moguls,QUALIFICATION RUN 1 RESULTS Final 1,MAURAIS Olivia,2538814,USA,14,56.35,8.19,39.6,8.56,1,bp,0.81,5.4,4.4,2,bG,0.92,5.0,5.0
2024 FIS FREESTYLE NORAM CUP MOGULS,2024-02-24,VAL S TCOME (CAN),Women's Moguls,QUALIFICATION RUN 1 RESULTS Qualification,AYAD Anabel,2537580,USA,4,59.75,9.57,40.5,9.68,1,bG,0.92,5.3,4.5,2,bp,0.81,6.3,6.5
2024 FIS FREESTYLE NORAM CUP MOGULS,2024-02-24,VAL S TCOME (CAN),Women's Moguls,QUALIFICATION RUN 1 RESULTS Qualification,ELLIOT Chelsea,2538314,CAN,23,37.48,9.19,22.5,5.79,1,TS,0.59,4.9,3.9,2,bp,0.81,3.9,4.0
2024 FIS FREESTYLE NORAM CUP MOGULS,2024-02-24,VAL S TCOME (CAN),Women's Moguls,QUALIFICATION RUN 1 RESULTS Qualification,HOGG Kasey,2534251,USA,22,41.83,9.93,24.4,7.5,1,bp,0.81,1.0,0.5,2,bG,0.92,8.0,7.0
FIS FREESTYLE SKI WORLD CUP 2026,2026-01-09,VAL ST. COME (CAN),Men's Moguls,Results Final,GRAHAM Matt,2441426,AUS,2,83.5,17.89,50.6,15.01,1,bF,0.88,8.2,8.4,2,10op,1.05,7.2,7.5
FIS FREESTYLE SKI WORLD CUP 2026,2026-01-09,VAL ST. COME (CAN),Men's Moguls,Results Final,MICKEL Charlie,2537180,USA,5,80.68,17.54,48.5,14.64,1,7oG,1.01,7.8,7.6,2,10op,1.05,6.4,6.7
FIS FREESTYLE SKI WORLD CUP 2026,2026-01-09,VAL ST. COME (CAN),Men's Moguls,Results Final,HARVEY Jackson,2534735,AUS,7,80.24,17.22,49.0,14.02,1,bF,0.88,7.8,7.9,2,7op,0.88,8.1,8.1
FIS FREESTYLE SKI WORLD CUP 2026,2026-01-09,VAL ST. COME (CAN),Men's Moguls,Results Final,WALLBERG Walter,2532001,SWE,10,78.36,18.08,46.9,13.38,1,bdF,1.05,6.4,7.0,2,10op,1.05,6.0,6.1
FIS FREESTYLE SKI WORLD CUP 2026,2026-01-09,VAL ST. COME (CAN),Men's Moguls,Results Qualification,WALCZYK Dylan,2527085,USA,7,79.73,16.81,49.4,13.52,1,bG,0.82,8.2,8.4,2,7op,0.88,7.6,7.7
FIS FREESTYLE SKI WORLD CUP 2026,2026-01-09,VAL ST. COME (CAN),Men's Moguls,Results Qualification,MOUILLE Thibaud,2532044,FRA,16,73.72,15.7,44.5,13.52,1,7oG,1.01,7.4,7.2,2,bG,0.82,7.5,7.5
FIS FREESTYLE SKI WORLD CUP 2026,2026-01-09,VAL ST. COME (CAN),Men's Moguls,Results Qualification,BUGAKOV Fyodor,2535809,KAZ,40,59.93,13.99,33.9,12.04,1,bF,0.88,8.1,7.6,2,10op,1.05,4.8,5.0
FIS FREESTYLE SKI WORLD CUP 2026,2026-01-09,VAL ST. COME (CAN),Men's Moguls,Results Qualification,VERDAGUER FORN,2535379,ESP,46,39.63,13.35,17.8,8.48,1,bF,0.88,4.8,4.6,2,7op,0.88,4.9,5.0
FIS FREESTYLE SKI WORLD CUP 2026,2026-01-09,VAL ST. COME (CAN),Men's Moguls,Results Qualification,MERZ Linus,2533504,GER,49,29.24,12.95,4.8,11.49,1,7oG,1.01,6.0,5.8,2,7op,0.88,6.5,6.1
FIS FREESTYLE SKI WORLD CUP 2026,2025-12-07,RUKA (FIN),Men's Moguls,Results Qualification,FUJIKI Goshin,2529670,JPN,18,70.74,14.88,44.7,11.16,1,bF,0.88,6.1,5.6,2,7op,0.88,6.9,6.8
FIS FREESTYLE SKI WORLD CUP 2026,2025-12-07,RUKA (FIN),Men's Moguls,Results Final 1,NISHIZAWA Taketo,2531352,JPN,11,62.86,15.06,36.5,11.3,1,bF,0.88,8.1,8.3,2,10op,1.05,3.9,3.9
FIS FREESTYLE SKI WORLD CUP 2026,2025-12-07,RUKA (FIN),Men's Moguls,Results Final 2,HORISHIMA Ikuma,2529645,JPN,1,83.48,17.39,47.6,18.49,1,bdF,1.05,8.2,8.1,2,14op,1.22,8.3,8.1
FIS FREESTYLE SKI WORLD CUP 2026,2025-12-08,RUKA (FIN),Women's Moguls,Results Qualification,STENKULA Nicolina,2537789,SWE,24,47.77,10.45,29.1,8.22,1,bG,0.92,4.6,5.2,2,bp,0.81,4.4,4.8
2024 FIS FREESTYLE NORAM CUP,2024-02-07,DEER VALLEY RESORT (USA),Men's Moguls,QUALIFICATION RUN 1 RESULTS Final 1,MICHEL Asher,2537833,USA,8,72.12,15.62,44.2,12.3,1,bG,0.82,8.3,8.1,2,7op,0.88,6.4,6.3
2024 FIS FREESTYLE NORAM CUP,2024-02-07,DEER VALLEY RESORT (USA),Men's Moguls,QUALIFICATION RUN 1 RESULTS Final 1,CAREY Cole,2537322,CAN,9,71.11,16.7,40.4,14.01,1,bF,0.88,7.1,7.1,2,7oG,1.01,7.4,8.0
2024 FIS FREESTYLE NORAM CUP,2024-02-07,DEER VALLEY RESORT (USA),Men's Moguls,QUALIFICATION RUN 1 RESULTS Final 2,DAWSON Quinn,2535306,CAN,1,80.79,17.72,49.0,14.07,1,7oG,1.01,7.7,7.6,2,bp,0.71,9.1,8.8
2024 FIS FREESTYLE NORAM CUP,2024-02-07,DEER VALLEY RESORT (USA),Men's Moguls,QUALIFICATION RUN 1 RESULTS Final 2,MICKEL Charlie,2537180,USA,3,75.79,14.35,47.4,14.04,1,7oG,1.01,7.6,7.6,2,7op,0.88,7.1,7.4
2024 FIS FREESTYLE NORAM CUP,2024-02-07,DEER VALLEY RESORT (USA),Men's Moguls,QUALIFICATION RUN 1 RESULTS Qualification,MYSKO Alex,2535235,CAN,24,63.47,12.96,38.3,12.21,1,bF,0.88,7.1,6.7,2,bG,0.82,7.7,7.3
2024 FIS FREESTYLE NORAM CUP,2024-02-07,DEER VALLEY RESORT (USA),Men's Moguls,QUALIFICATION RUN 1 RESULTS Qualification,DUBUC Joey,2535858,CAN,11,69.35,13.65,43.7,12.0,1,bF,0.88,7.4,7.6,2,7op,0.88,6.3,6.0
2024 FIS FREESTYLE NORAM CUP FINALS,2024-03-01,"STRATTON, VT (USA)",Women's Moguls,QUALIFICATION RUN 1 RESULTS Final 1,KRUGER Eden,2538897,USA,13,65.94,13.91,41.8,10.23,1,bG,0.92,5.8,5.7,2,bT,0.78,6.3,6.4
2024 FIS FREESTYLE NORAM CUP FINALS,2024-03-01,"STRATTON, VT (USA)",Women's Moguls,QUALIFICATION RUN 1 RESULTS Final 1,CHAPDELAINE Reese,2535616,USA,6,73.79,17.1,45.7,10.99,1,bG,0.92,6.3,6.0,2,bp,0.81,6.8,6.4
2024 FIS FREESTYLE NORAM CUP FINALS,2024-03-01,"STRATTON, VT (USA)",Women's Moguls,QUALIFICATION RUN 1 RESULTS Qualification,POWELL Isabel,2538815,USA,22,58.77,12.49,38.4,7.88,1,bT,0.78,5.2,5.0,2,bG,0.92,4.3,4.2
2024 FIS FREESTYLE NORAM CUP FINALS,2024-03-01,"STRATTON, VT (USA)",Women's Moguls,QUALIFICATION RUN 1 RESULTS Qualification,GROGEAN Sydney,2537746,USA,32,46.25,9.21,30.3,6.74,1,bT,0.78,5.5,4.8,2,S,0.48,5.8,5.6
2024 FIS FREESTYLE NORAM CUP FINALS,2024-03-01,"STRATTON, VT (USA)",Men's Moguls,QUALIFICATION RUN 1 RESULTS Final 1,MICHEL Asher,2537833,USA,5,81.82,16.57,51.5,13.75,1,7op,0.88,7.8,8.1,2,bG,0.82,8.2,8.3
2024 FIS FREESTYLE NORAM CUP FINALS,2024-03-01,"STRATTON, VT (USA)",Men's Moguls,QUALIFICATION RUN 1 RESULTS Final 1,PARADIS Louis,2534246,CAN,9,78.96,14.5,49.3,15.16,1,7oG,1.01,8.0,8.1,2,7op,0.88,8.1,7.9
2024 FIS FREESTYLE NORAM CUP FINALS,2024-03-01,"STRATTON, VT (USA)",Men's Moguls,QUALIFICATION RUN 1 RESULTS Final 1,TAM Ryan,2535542,USA,12,78.35,15.01,49.5,13.84,1,7oG,1.01,7.3,7.3,2,lG,0.82,8.2,7.6
2024 FIS FREESTYLE NORAM CUP FINALS,2024-03-01,"STRATTON, VT (USA)",Men's Moguls,QUALIFICATION RUN 1 RESULTS Final 2,MICHEL Asher,2537833,USA,4,84.49,17.01,53.6,13.88,1,7op,0.88,8.2,8.0,2,bG,0.82,8.1,8.4
2024 FIS FREESTYLE NORAM CUP FINALS,2024-03-01,"STRATTON, VT (USA)",Men's Moguls,QUALIFICATION RUN 1 RESULTS Qualification,MICKEL Freddie,2537221,USA,32,69.43,13.27,41.7,14.46,1,7oG,1.01,7.4,7.4,2,7op,0.88,8.0,7.9
2024 FIS FREESTYLE NORAM CUP FINALS,2024-03-01,"STRATTON, VT (USA)",Men's Moguls,QUALIFICATION RUN 1 RESULTS Qualification,CUPP Jackson,2539974,USA,44,61.57,9.97,40.6,11.0,1,bG,0.82,6.6,7.0,2,bp,0.71,7.6,7.7
2024 FIS FREESTYLE NORAM CUP FINALS,2024-03-01,"STRATTON, VT (USA)",Men's Moguls,QUALIFICATION RUN 1 RESULTS Qualification,BEAUREGARD Ian,2533390,USA,40,65.91,14.5,40.6,10.81,1,bp,0.71,6.9,7.1,2,7op,0.88,7.1,6.2
2024 FIS FREESTYLE NORAM CUP FINALS,2024-03-01,"STRATTON, VT (USA)",Men's Moguls,QUALIFICATION RUN 1 RESULTS Qualification,BURNYEAT Brian,2538225,CAN,34,69.0,12.62,43.1,13.28,1,bF,0.88,8.2,8.1,2,7op,0.88,6.9,7.0
2024 FIS FREESTYLE NORAM CUP,2024-02-12,APEX MOUNTAIN RESORT (CAN),Men's Moguls,QUALIFICATION RUN 1 RESULTS Final 1,GOODISON Samuel,2534451,CAN,3,85.86,15.54,53.7,16.62,1,bF,0.88,8.4,7.7,2,7oG,1.01,9.5,9.4
2024 FIS FREESTYLE NORAM CUP,2024-02-12,APEX MOUNTAIN RESORT (CAN),Men's Moguls,QUALIFICATION RUN 1 RESULTS Qualification,BOBYN George,2536762,CAN,22,74.62,14.1,46.5,14.02,1,7oG,1.01,7.8,7.8,2,bG,0.82,7.0,8.0
2024 FIS FREESTYLE NORAM CUP,2024-02-12,APEX MOUNTAIN RESORT (CAN),Men's Moguls,QUALIFICATION RUN 1 RESULTS Qualification,CUPP Jackson,2539974,USA,56,50.98,11.71,33.8,5.47,1,bG,0.82,3.0,3.0,2,bp,0.71,4.2,4.3
2024 FIS FREESTYLE NORAM CUP,2024-02-12,APEX MOUNTAIN RESORT (CAN),Women's Moguls,QUALIFICATION RUN 1 RESULTS Qualification,MIKKELSEN Maya,2534235,CAN,4,73.15,15.81,45.6,11.74,1,bG,0.92,6.8,5.0,2,bp,0.81,8.0,7.6
2024 FIS FREESTYLE NORAM CUP,2024-02-12,APEX MOUNTAIN RESORT (CAN),Women's Moguls,QUALIFICATION RUN 1 RESULTS Qualification,KARIOTIS Kylie,2534866,USA,6,73.0,15.11,43.2,14.69,1,bG,0.92,9.0,8.6,2,bp,0.81,8.8,7.5
2024 FIS FREESTYLE NORAM CUP,2024-02-12,APEX MOUNTAIN RESORT (CAN),Women's Moguls,QUALIFICATION RUN 1 RESULTS Qualification,KNIGHT Murphy Jane,2539893,USA,38,54.53,11.65,31.0,11.88,1,bp,0.81,6.2,6.7,2,7op,0.98,6.9,6.7
2024 FIS FREESTYLE NORAM CUP,2024-02-12,APEX MOUNTAIN RESORT (CAN),Women's Moguls,QUALIFICATION RUN 1 RESULTS Qualification,LAROCHE Florence,2538248,CAN,17,68.72,15.41,39.7,13.61,1,7op,0.98,7.0,6.0,2,bp,0.81,9.0,8.9
2024 FIS FREESTYLE NORAM CUP MOGULS,2024-02-24,VAL S TCOME (CAN),Men's Moguls,QUALIFICATION RUN 1 RESULTS Final 1,BEAULIEU Charles,2535304,CAN,4,75.13,15.49,47.5,12.14,1,bF,0.88,7.0,7.3,2,7op,0.88,6.8,6.5
2024 FIS FREESTYLE NORAM CUP MOGULS,2024-02-24,VAL S TCOME (CAN),Men's Moguls,QUALIFICATION RUN 1 RESULTS Final 1,LUCAS Nash,2534751,USA,9,71.58,13.59,47.0,10.99,1,bF,0.88,6.8,5.8,2,7op,0.88,6.4,6.0
2024 FIS FREESTYLE NORAM CUP MOGULS,2024-02-24,VAL S TCOME (CAN),Men's Moguls,QUALIFICATION RUN 1 RESULTS Final 2,HUFF Porter,2538994,USA,5,77.74,16.97,50.0,10.77,1,7op,0.88,6.6,7.0,2,bp,0.71,6.5,7.0
2024 FIS FREESTYLE NORAM CUP MOGULS,2024-02-24,VAL S TCOME (CAN),Men's Moguls,QUALIFICATION RUN 1 RESULTS Qualification,GENDRON Nate,2538060,USA,53,29.25,12.1,11.0,6.15,1,10op,1.05,5.8,5.0,2,7op,0.88,0.8,0.3
2024 FIS FREESTYLE NORAM CUP MOGULS,2024-02-24,VAL S TCOME (CAN),Men's Moguls,QUALIFICATION RUN 1 RESULTS Qualification,SAUVAGEAU Jeremy,2538702,CAN,18,66.45,12.91,41.8,11.74,1,bF,0.88,5.9,6.3,2,7op,0.88,7.0,7.5
2024 FIS FREESTYLE NORAM CUP MOGULS,2024-02-24,VAL S TCOME (CAN),Women's Moguls,QUALIFICATION RUN 1 RESULTS Final 2,SHAFFER Lulu,2531871,USA,3,66.27,11.4,44.1,10.77,1,bG,0.92,5.8,6.2,2,bp,0.81,6.7,6.3
2024 FIS FREESTYLE NORAM CUP MOGULS,2024-02-24,VAL S TCOME (CAN),Women's Moguls,QUALIFICATION RUN 1 RESULTS Final 2,BOSCO Emma,2532927,AUS,4,63.09,10.68,41.9,10.51,1,bG,0.92,5.9,5.0,2,bL,0.81,6.6,7.0
2024 FIS FREESTYLE NORAM CUP MOGULS,2024-02-24,VAL S TCOME (CAN),Women's Moguls,QUALIFICATION RUN 1 RESULTS Qualification,COOTE Xanthia,2538150,AUS,34,13.48,2.6,2.2,8.68,1,3,0.78,4.8,4.6,2,bT,0.78,6.6,6.3
2024 FIS FREESTYLE NORAM CUP MOGULS,2024-02-24,VAL S TCOME (CAN),Women's Moguls,QUALIFICATION RUN 1 RESULTS Qualification,PERNICE Lucy,2535795,AUS,15,47.25,6.62,33.2,7.43,1,S,0.48,6.0,6.4,2,bp,0.81,6.0,5.0
2024 FIS FREESTYLE NORAM CUP MOGULS,2024-02-24,VAL S TCOME (CAN),Women's Moguls,QUALIFICATION RUN 1 RESULTS Qualification,BOSCO Emma,2532927,AUS,5,58.94,9.62,41.0,8.32,1,S,0.48,6.4,5.7,2,bL,0.81,6.5,6.9
2024 FIS FREESTYLE NORAM CUP MOGULS,2024-02-24,VAL S TCOME (CAN),Women's Moguls,QUALIFICATION RUN 1 RESULTS Qualification,DWINELL Zoe,2535605,USA,36,10.08,1.9,2.0,6.18,1,bG,0.92,0.6,0.5,2,7op,0.98,5.6,6.0
FIS FREESTYLE SKI WORLD CUP 2026,2026-01-09,VAL ST. COME (CAN),Men's Moguls,Results Final,MARCELLINI Dylan,2534089,USA,13,74.07,18.17,44.3,11.6,1,7op,0.88,6.8,6.4,2,7oG,1.01,5.8,5.7
FIS FREESTYLE SKI WORLD CUP 2026,2026-01-09,VAL ST. COME (CAN),Men's Moguls,Results Final,JUNG Daeyoon,2534856,KOR,16,41.2,16.58,14.6,10.02,1,10oG,1.2,8.3,8.2,2,7op,0.88,0.2,0.1
FIS FREESTYLE SKI WORLD CUP 2026,2026-01-09,VAL ST. COME (CAN),Men's Moguls,Results Qualification,HARVEY Jackson,2534735,AUS,15,74.39,16.12,44.2,14.07,1,bF,0.88,8.2,8.3,2,7op,0.88,7.8,7.7
FIS FREESTYLE SKI WORLD CUP 2026,2026-01-09,VAL ST. COME (CAN),Men's Moguls,Results Qualification,BEAULIEU Charles,2535304,CAN,20,72.95,15.63,44.7,12.62,1,7oG,1.01,6.0,6.1,2,10op,1.05,6.2,6.2
FIS FREESTYLE SKI WORLD CUP 2026,2026-01-09,VAL ST. COME (CAN),Men's Moguls,Results Qualification,SHIMAKAWA Takuya,2530672,JPN,31,68.67,16.33,40.5,11.84,1,bG,0.82,8.6,8.6,2,7op,0.88,5.4,5.5
FIS FREESTYLE SKI WORLD CUP 2026,2025-12-07,RUKA (FIN),Women's Moguls,Results Qualification,GERKEN SCHOFIELD,2530540,GBR,26,54.25,11.77,35.1,7.38,1,bG,0.92,3.4,3.5,2,bp,0.81,5.3,5.1
FIS FREESTYLE SKI WORLD CUP 2026,2025-12-07,RUKA (FIN),Women's Moguls,Results Qualification,ECKLE Laura,2537081,GER,35,38.3,5.84,24.2,8.26,1,bG,0.92,4.6,4.4,2,bp,0.81,5.2,5.0
FIS FREESTYLE SKI WORLD CUP 2026,2025-12-07,RUKA (FIN),Women's Moguls,Results Qualification,KAUF Jaelin,2529064,USA,38,33.61,12.87,8.0,12.74,1,7oG,1.11,5.8,5.5,2,bG,0.92,7.4,6.7
FIS FREESTYLE SKI WORLD CUP 2026,2025-12-07,RUKA (FIN),Women's Moguls,Results Final 1,JOHNSON Tess,2532270,USA,3,75.57,17.5,43.9,14.17,1,7oG,1.11,6.0,5.7,2,bG,0.92,8.5,8.2
FIS FREESTYLE SKI WORLD CUP 2026,2025-12-07,RUKA (FIN),Women's Moguls,Results Final 2,SCHWINGHAMMER,2533204,CAN,5,47.92,11.26,23.3,13.36,1,7op,0.98,5.8,6.0,2,bG,0.92,8.2,8.3
FIS FREESTYLE SKI WORLD CUP 2026,2025-12-07,RUKA (FIN),Men's Moguls,Results Qualification,NISHIZAWA Taketo,2531352,JPN,15,72.54,15.32,43.4,13.82,1,bF,0.88,7.6,8.0,2,7oG,1.01,6.8,7.0
FIS FREESTYLE SKI WORLD CUP 2026,2025-12-07,RUKA (FIN),Men's Moguls,Results Qualification,BONDAREV Anton,2532859,KAZ,37,64.41,16.21,36.5,11.7,1,bF,0.88,5.9,5.7,2,bG,0.82,8.0,8.1
FIS FREESTYLE SKI WORLD CUP 2026,2025-12-07,RUKA (FIN),Men's Moguls,Results Final 1,PAGE Nick,2533462,USA,4,76.68,16.15,45.5,15.03,1,7oG,1.01,7.4,7.2,2,10op,1.05,7.5,7.1
FIS FREESTYLE SKI WORLD CUP 2026,2025-12-07,RUKA (FIN),Men's Moguls,Results Final 1,AHVENAINEN Akseli,2533687,FIN,8,75.29,15.15,45.9,14.24,1,bF,0.88,7.8,8.3,2,7oG,1.01,7.4,6.8
FIS FREESTYLE SKI WORLD CUP 2026,2025-12-08,RUKA (FIN),Women's Moguls,Results Qualification,TOMITAKA Hinako,2532031,JPN,5,69.21,12.36,46.6,10.25,1,bG,0.92,6.8,7.3,2,7op,0.98,3.9,3.8
2024 FIS FREESTYLE NORAM CUP,2024-02-07,DEER VALLEY RESORT (USA),Men's Moguls,QUALIFICATION RUN 1 RESULTS Qualification,ROBERTS Charlie,2538584,CAN,35,56.43,13.08,33.7,9.65,1,7op,0.88,5.0,4.2,2,bp,0.71,8.0,7.8
2024 FIS FREESTYLE NORAM CUP,2024-02-07,DEER VALLEY RESORT (USA),Men's Moguls,QUALIFICATION RUN 1 RESULTS Qualification,MARLEY Garrett,2533394,USA,9,69.74,15.96,42.2,11.58,1,bG,0.82,7.8,7.8,2,7op,0.88,5.4,6.4
2024 FIS FREESTYLE NORAM CUP,2024-02-07,DEER VALLEY RESORT (USA),Men's Moguls,QUALIFICATION RUN 1 RESULTS Qualification,MICKEL Charlie,2537180,USA,3,75.07,13.22,47.0,14.85,1,7oG,1.01,8.8,8.6,2,7op,0.88,6.8,7.0
2024 FIS FREESTYLE NORAM CUP FINALS,2024-03-01,"STRATTON, VT (USA)",Women's Moguls,QUALIFICATION RUN 1 RESULTS Final 1,KARIOTIS Kylie,2534866,USA,3,75.5,16.01,46.7,12.79,1,bG,0.92,7.5,7.2,2,bp,0.81,7.6,7.3
2024 FIS FREESTYLE NORAM CUP FINALS,2024-03-01,"STRATTON, VT (USA)",Women's Moguls,QUALIFICATION RUN 1 RESULTS Qualification,McLARNON Abby,2538430,USA,7,68.89,14.84,43.7,10.35,1,bG,0.92,6.8,5.7,2,bp,0.81,5.8,5.6
2024 FIS FREESTYLE NORAM CUP FINALS,2024-03-01,"STRATTON, VT (USA)",Men's Moguls,QUALIFICATION RUN 1 RESULTS Final 1,TOBEY Gavin,2535388,USA,13,77.89,13.45,49.3,15.14,1,7oG,1.01,7.8,8.0,2,7op,0.88,8.2,8.1
2024 FIS FREESTYLE NORAM CUP FINALS,2024-03-01,"STRATTON, VT (USA)",Men's Moguls,QUALIFICATION RUN 1 RESULTS Qualification,PORTELLO Ryan,2530702,CAN,29,69.61,14.61,44.6,10.4,1,bF,0.88,8.2,8.2,2,bG,0.82,3.8,4.0
2024 FIS FREESTYLE NORAM CUP FINALS,2024-03-01,"STRATTON, VT (USA)",Men's Moguls,QUALIFICATION RUN 1 RESULTS Qualification,DAY Sawyer,2537715,CAN,24,71.7,14.22,42.9,14.58,1,7oG,1.01,7.2,7.8,2,bG,0.82,8.5,8.6
2024 FIS FREESTYLE NORAM CUP FINALS,2024-03-01,"STRATTON, VT (USA)",Men's Moguls,QUALIFICATION RUN 1 RESULTS Qualification,BOBYN George,2536762,CAN,25,71.0,15.7,42.3,13.0,1,7oG,1.01,7.2,6.8,2,bG,0.82,7.3,7.2
2024 FIS FREESTYLE NORAM CUP FINALS,2024-03-01,"STRATTON, VT (USA)",Men's Moguls,QUALIFICATION RUN 1 RESULTS Qualification,HUFF Porter,2538994,USA,3,78.89,18.0,48.0,12.89,1,7op,0.88,8.4,8.1,2,bp,0.71,8.2,7.7
2024 FIS FREESTYLE NORAM CUP FINALS,2024-03-01,"STRATTON, VT (USA)",Men's Moguls,QUALIFICATION RUN 1 RESULTS Qualification,BERTRAND Felix,2533563,CAN,26,70.48,12.88,45.3,12.3,1,7op,0.88,7.3,7.6,2,bp,0.71,8.2,8.0
2024 FIS FREESTYLE NORAM CUP,2024-02-12,APEX MOUNTAIN RESORT (CAN),Men's Moguls,QUALIFICATION RUN 1 RESULTS Qualification,DROUIN Xavier,2535639,CAN,18,76.59,13.75,47.4,15.44,1,7oG,1.01,8.0,9.0,2,7op,0.88,7.6,8.0
2024 FIS FREESTYLE NORAM CUP,2024-02-12,APEX MOUNTAIN RESORT (CAN),Men's Moguls,QUALIFICATION RUN 1 RESULTS Qualification,MARLEY Garrett,2533394,USA,28,72.22,16.58,44.9,10.74,1,bG,0.82,8.1,8.0,2,bp,0.71,5.9,5.8
2024 FIS FREESTYLE NORAM CUP,2024-02-12,APEX MOUNTAIN RESORT (CAN),Men's Moguls,QUALIFICATION RUN 1 RESULTS Qualification,TRUE Jackson,2537563,USA,36,68.96,13.85,45.0,10.11,1,bF,0.88,5.1,5.8,2,7op,0.88,6.1,6.0
2024 FIS FREESTYLE NORAM CUP,2024-02-12,APEX MOUNTAIN RESORT (CAN),Men's Moguls,QUALIFICATION RUN 1 RESULTS Qualification,DOOLEY Thomas,2537599,IRL,52,57.83,11.19,37.4,9.24,1,3,0.68,7.1,8.1,2,bp,0.71,5.2,6.3
2024 FIS FREESTYLE NORAM CUP,2024-02-12,APEX MOUNTAIN RESORT (CAN),Women's Moguls,QUALIFICATION RUN 1 RESULTS Qualification,DUDA Jessica,2537528,USA,28,61.1,14.35,36.7,10.05,1,bG,0.92,4.8,4.4,2,bL,0.81,7.8,6.6
2024 FIS FREESTYLE NORAM CUP,2024-02-12,APEX MOUNTAIN RESORT (CAN),Women's Moguls,QUALIFICATION RUN 1 RESULTS Qualification,LINTON Jessica,2533613,CAN,3,75.42,14.43,47.1,13.89,1,bG,0.92,8.1,7.5,2,bp,0.81,8.9,7.7
2024 FIS FREESTYLE NORAM CUP,2024-02-12,APEX MOUNTAIN RESORT (CAN),Women's Moguls,QUALIFICATION RUN 1 RESULTS Qualification,DWINELL Zoe,2535605,USA,21,65.93,14.98,41.0,9.95,1,bF,0.98,4.2,4.8,2,bp,0.81,6.2,7.5
2024 FIS FREESTYLE NORAM CUP,2024-02-12,APEX MOUNTAIN RESORT (CAN),Women's Moguls,QUALIFICATION RUN 1 RESULTS Qualification,UNG Danielle,2538315,CAN,48,33.75,10.45,17.4,5.9,1,bT,0.78,3.7,3.9,2,bG,0.92,3.4,3.0
2024 FIS FREESTYLE NORAM CUP MOGULS,2024-02-24,VAL S TCOME (CAN),Men's Moguls,QUALIFICATION RUN 1 RESULTS Final 1,LOGAN Oliver,2534330,AUS,13,39.76,10.22,18.1,11.44,1,bF,0.88,7.5,7.5,2,7op,0.88,6.0,5.0
2024 FIS FREESTYLE NORAM CUP MOGULS,2024-02-24,VAL S TCOME (CAN),Men's Moguls,QUALIFICATION RUN 1 RESULTS Final 2,MICHEL Asher,2537833,USA,6,75.95,13.51,50.3,12.14,1,7op,0.88,6.6,6.0,2,bG,0.82,8.5,7.6
2024 FIS FREESTYLE NORAM CUP MOGULS,2024-02-24,VAL S TCOME (CAN),Men's Moguls,QUALIFICATION RUN 1 RESULTS Qualification,RODMAN Slader,2538073,USA,23,65.59,11.12,43.8,10.67,1,bF,0.88,5.4,4.8,2,bG,0.82,7.8,7.3
2024 FIS FREESTYLE NORAM CUP MOGULS,2024-02-24,VAL S TCOME (CAN),Men's Moguls,QUALIFICATION RUN 1 RESULTS Qualification,PORTELLO Ryan,2530702,CAN,6,73.66,14.41,47.8,11.45,1,bF,0.88,6.3,6.8,2,bG,0.82,6.7,7.2
2024 FIS FREESTYLE NORAM CUP MOGULS,2024-02-24,VAL S TCOME (CAN),Women's Moguls,QUALIFICATION RUN 1 RESULTS Final 2,KOEHLER Ashley,2534528,CAN,5,55.81,12.66,33.4,9.75,1,bT,0.78,5.7,6.7,2,bG,0.92,5.5,5.2
2024 FIS FREESTYLE NORAM CUP MOGULS,2024-02-24,VAL S TCOME (CAN),Women's Moguls,QUALIFICATION RUN 1 RESULTS Qualification,DOOLEY Claire,2535435,IRL,37,8.61,1.63,3.2,3.78,1,3,0.78,2.9,3.0,2,bT,0.78,1.9,1.9
2024 FIS FREESTYLE NORAM CUP MOGULS,2024-02-24,VAL S TCOME (CAN),Women's Moguls,QUALIFICATION RUN 1 RESULTS Qualification,BEAULIEU Maelle,2538819,CAN,28,32.38,7.91,19.3,5.17,1,S,0.48,4.9,4.0,2,bp,0.81,3.5,4.0
2024 FIS FREESTYLE NORAM CUP MOGULS,2024-02-24,VAL S TCOME (CAN),Women's Moguls,QUALIFICATION RUN 1 RESULTS Qualification,MONT Isabel,2538812,USA,24,36.79,6.44,24.8,5.55,1,S,0.48,5.4,6.3,2,bp,0.81,3.3,3.5
2024 FIS FREESTYLE NORAM CUP MOGULS,2024-02-24,VAL S TCOME (CAN),Women's Moguls,QUALIFICATION RUN 1 RESULTS Qualification,WILSON Charlotte,2535796,AUS,10,55.92,8.35,38.5,9.07,1,S,0.48,6.2,6.9,2,bG,0.92,6.4,6.5
FIS FREESTYLE SKI WORLD CUP 2026,2026-01-09,VAL ST. COME (CAN),Men's Moguls,Results Qualification,JUNG Daeyoon,2534856,KOR,1,85.52,18.33,48.8,18.39,1,10oG,1.2,8.3,8.3,2,7oG,1.01,8.3,8.4
FIS FREESTYLE SKI WORLD CUP 2026,2026-01-09,VAL ST. COME (CAN),Men's Moguls,Results Qualification,MARCELLINI Dylan,2534089,USA,11,76.68,17.17,47.1,12.41,1,7op,0.88,6.0,5.8,2,7oG,1.01,7.2,7.1
FIS FREESTYLE SKI WORLD CUP 2026,2026-01-09,VAL ST. COME (CAN),Men's Moguls,Results Qualification,VAILLANCOURT Elliot,2532513,CAN,17,73.34,14.74,45.3,13.3,1,10op,1.05,5.7,5.6,2,7oG,1.01,7.4,7.2
FIS FREESTYLE SKI WORLD CUP 2026,2026-01-09,VAL ST. COME (CAN),Men's Moguls,Results Qualification,YEMELYANOV Maxim,2535387,KAZ,33,68.01,15.07,41.1,11.84,1,7oG,1.01,7.0,6.7,2,7op,0.88,5.4,5.8
FIS FREESTYLE SKI WORLD CUP 2026,2026-01-09,VAL ST. COME (CAN),Men's Moguls,Results Qualification,BONDAREV Anton,2532859,KAZ,34,68.0,15.75,39.7,12.55,1,bF,0.88,6.2,6.4,2,7oG,1.01,6.9,7.0
FIS FREESTYLE SKI WORLD CUP 2026,2026-01-09,VAL ST. COME (CAN),Men's Moguls,Results Qualification,DUFRESNE Gabriel,2530240,CAN,50,29.03,12.3,9.7,7.03,1,bdF,1.05,1.8,1.5,2,10op,1.05,5.0,5.1
FIS FREESTYLE SKI WORLD CUP 2026,2025-12-07,RUKA (FIN),Women's Moguls,Results Qualification,LEMLEY Elizabeth,2537762,USA,4,69.13,14.9,40.1,14.13,1,bG,0.92,7.8,7.6,2,7op,0.98,7.3,7.1
FIS FREESTYLE SKI WORLD CUP 2026,2025-12-07,RUKA (FIN),Women's Moguls,Results Qualification,TOMITAKA Hinako,2532031,JPN,5,68.65,12.79,44.8,11.06,1,bG,0.92,5.8,5.7,2,7op,0.98,6.0,5.8
FIS FREESTYLE SKI WORLD CUP 2026,2025-12-07,RUKA (FIN),Women's Moguls,Results Qualification,AMRENOVA Ayaulym,2532085,KAZ,16,62.41,13.42,35.2,13.79,1,bG,0.92,7.4,7.9,2,7op,0.98,7.0,6.8
FIS FREESTYLE SKI WORLD CUP 2026,2025-12-07,RUKA (FIN),Women's Moguls,Results Final 1,LINTON Jessica,2533613,CAN,10,68.16,15.26,41.2,11.7,1,bG,0.92,6.4,6.2,2,bp,0.81,7.5,7.1
FIS FREESTYLE SKI WORLD CUP 2026,2025-12-07,RUKA (FIN),Women's Moguls,Results Final 1,HOGG Kasey,2534251,USA,11,67.86,14.9,41.8,11.16,1,bG,0.92,5.9,5.7,2,bp,0.81,7.3,7.1
FIS FREESTYLE SKI WORLD CUP 2026,2025-12-07,RUKA (FIN),Women's Moguls,Results Final 1,AMRENOVA Ayaulym,2532085,KAZ,15,46.72,13.42,20.5,12.8,1,bG,0.92,6.7,6.8,2,7oG,1.11,5.9,6.0
FIS FREESTYLE SKI WORLD CUP 2026,2025-12-07,RUKA (FIN),Women's Moguls,Results Final 2,LEMLEY Elizabeth,2537762,USA,4,72.05,17.28,41.5,13.27,1,lG,0.92,7.5,7.3,2,7op,0.98,6.8,6.4
FIS FREESTYLE SKI WORLD CUP 2026,2025-12-07,RUKA (FIN),Men's Moguls,Results Qualification,LOGAN Oliver,2534330,AUS,26,68.91,14.88,41.9,12.13,1,bF,0.88,7.1,7.0,2,10op,1.05,5.9,5.4
FIS FREESTYLE SKI WORLD CUP 2026,2025-12-07,RUKA (FIN),Men's Moguls,Results Final 1,GRAHAM Matt,2441426,AUS,1,77.73,16.35,45.6,15.78,1,bF,0.88,8.3,7.9,2,10op,1.05,8.4,8.1
FIS FREESTYLE SKI WORLD CUP 2026,2025-12-07,RUKA (FIN),Men's Moguls,Results Final 1,JUNG Daeyoon,2534856,KOR,3,77.04,16.26,43.6,17.18,1,10oG,1.2,8.2,7.9,2,7oG,1.01,7.4,7.5
FIS FREESTYLE SKI WORLD CUP 2026,2025-12-07,RUKA (FIN),Men's Moguls,Results Final 1,HORISHIMA Ikuma,2529645,JPN,5,76.67,16.26,47.3,13.11,1,bdF,1.05,6.7,6.5,2,10op,1.05,5.9,5.9
FIS FREESTYLE SKI WORLD CUP 2026,2025-12-08,RUKA (FIN),Women's Moguls,Results Qualification,PERSSON Lenna,2538575,NZL,42,6.7,0.93,0.3,5.47,1,bG,0.92,3.8,3.9,2,D,0.51,3.6,4.0
FIS FREESTYLE SKI WORLD CUP 2026,2025-12-08,RUKA (FIN),Women's Moguls,Results Final 1,HOGG Kasey,2534251,USA,5,74.1,15.93,46.2,11.97,1,bG,0.92,6.5,6.5,2,bp,0.81,7.5,7.3
FIS FREESTYLE SKI WORLD CUP 2026,2025-12-08,RUKA (FIN),Men's Moguls,Results Qualification,GRAHAM Matt,2441426,AUS,1,79.43,15.9,49.2,14.33,1,bF,0.88,8.3,8.5,2,7op,0.88,7.7,8.1
FIS FREESTYLE SKI WORLD CUP 2026,2025-12-08,RUKA (FIN),Men's Moguls,Results Qualification,MICHEL Asher,2537833,USA,9,73.87,15.11,44.6,14.16,1,7oG,1.01,7.7,7.2,2,bG,0.82,8.0,8.2
FIS FREESTYLE SKI WORLD CUP 2026,2025-12-08,RUKA (FIN),Men's Moguls,Results Qualification,MOUILLE Thibaud,2532044,FRA,13,73.48,15.61,43.0,14.87,1,10op,1.05,7.0,6.9,2,bG,0.82,9.4,9.1
FIS FREESTYLE SKI WORLD CUP 2026,2025-12-08,RUKA (FIN),Men's Moguls,Results Qualification,OLGAARD Robin,2534212,SWE,17,70.55,15.44,43.8,11.31,1,7oG,1.01,5.2,5.2,2,7op,0.88,7.1,6.7
FIS FREESTYLE SKI WORLD CUP 2026,2025-12-08,RUKA (FIN),Men's Moguls,Results Qualification,HARVEY Jackson,2534735,AUS,18,69.82,14.65,45.5,9.67,1,bF,0.88,5.5,4.8,2,7op,0.88,6.4,5.3
FIS FREESTYLE SKI WORLD CUP 2026,2025-12-08,RUKA (FIN),Men's Moguls,Results Qualification,STEGFELDT Rasmus,2531923,SWE,24,67.86,17.45,36.7,13.71,1,7oG,1.01,7.3,7.2,2,lG,0.82,7.8,7.8
FIS FREESTYLE SKI WORLD CUP 2026,2025-12-08,RUKA (FIN),Men's Moguls,Results Qualification,CORDELL Sam,2532530,CAN,28,67.05,13.7,42.4,10.95,1,7oG,1.01,5.9,5.9,2,bG,0.82,6.7,5.5
FIS FREESTYLE SKI WORLD CUP 2026,2025-12-08,RUKA (FIN),Men's Moguls,Results Qualification,GAJDECKA Marek,2535392,CZE,40,36.27,16.21,10.6,9.46,1,7oG,1.01,6.9,6.1,2,bG,0.82,3.7,3.4
FIS FREESTYLE SKI WORLD CUP 2026,2025-12-08,RUKA (FIN),Men's Moguls,Results Qualification,WEESE Nicolas,2535693,GER,43,27.2,14.85,7.4,4.95,1,7op,0.88,4.4,4.0,2,l,0.68,1.8,1.9
FIS FREESTYLE SKI WORLD CUP 2026,2025-12-08,RUKA (FIN),Men's Moguls,Results Final 1,SHIMAKAWA Takuya,2530672,JPN,3,78.22,15.93,47.6,14.69,1,bG,0.82,8.5,8.5,2,7oG,1.01,7.3,8.0
FIS FREESTYLE SKI WORLD CUP 2026,2026-01-09,VAL ST. COME (CAN),Women's Moguls,Results Qualification,JOHNSON Tess,2532270,USA,2,75.85,14.64,47.3,13.91,1,7oG,1.11,5.7,5.8,2,bG,0.92,8.1,8.3
FIS FREESTYLE SKI WORLD CUP 2026,2026-01-09,VAL ST. COME (CAN),Women's Moguls,Results Qualification,MACUGA Alli,2534186,USA,14,67.48,15.41,43.0,9.07,1,bp,0.81,8.1,8.3,2,bG,0.92,2.8,2.5
FIS FREESTYLE SKI WORLD CUP 2026,2026-01-09,VAL ST. COME (CAN),Women's Moguls,Results Qualification,GERKEN SCHOFIELD,2530540,GBR,32,53.44,13.71,32.8,6.93,1,bG,0.92,4.2,4.2,2,bp,0.81,3.8,3.8
FIS FREESTYLE SKI WORLD CUP 2026,2026-01-09,VAL ST. COME (CAN),Women's Moguls,Results Qualification,WEESE Hanna,2532819,GER,33,53.15,16.06,31.1,5.99,1,bG,0.92,4.1,4.1,2,7oG,1.11,2.0,2.0
FIS FREESTYLE SKI WORLD CUP 2026,2025-12-08,RUKA (FIN),Women's Moguls,Results Qualification,BIERENS Pien,2534372,NED,35,37.77,8.02,21.6,8.15,1,bT,0.78,3.6,4.0,2,lG,0.92,5.2,6.1
FIS FREESTYLE SKI WORLD CUP 2026,2025-12-08,RUKA (FIN),Women's Moguls,Results Final 1,TOMITAKA Hinako,2532031,JPN,6,73.46,14.65,44.9,13.91,1,7oG,1.11,6.4,6.5,2,7op,0.98,7.1,6.7
FIS FREESTYLE SKI WORLD CUP 2026,2025-12-08,RUKA (FIN),Women's Moguls,Results Final 2,KAUF Jaelin,2529064,USA,3,78.08,18.69,44.8,14.59,1,7oG,1.11,6.4,6.9,2,bG,0.92,7.8,7.9
FIS FREESTYLE SKI WORLD CUP 2026,2025-12-08,RUKA (FIN),Men's Moguls,Results Qualification,WANG Renda,2537252,CHN,33,60.41,14.16,35.5,10.75,1,bF,0.88,6.1,6.3,2,10op,1.05,4.7,5.4
FIS FREESTYLE SKI WORLD CUP 2026,2025-12-08,RUKA (FIN),Men's Moguls,Results Final 1,HORISHIMA Ikuma,2529645,JPN,2,80.33,15.46,48.6,16.27,1,bdF,1.05,7.8,8.1,2,10op,1.05,7.4,7.7
FIS FREESTYLE SKI WORLD CUP 2026,2025-12-08,RUKA (FIN),Men's Moguls,Results Final 1,VIEL Julien,2534074,CAN,6,77.3,16.0,46.4,14.9,1,10op,1.05,6.2,6.7,2,7oG,1.01,8.0,8.1
FIS FREESTYLE SKI WORLD CUP 2026,2026-01-09,VAL ST. COME (CAN),Women's Moguls,Results Qualification,KARIOTIS Kylie,2534866,USA,13,68.88,15.98,42.3,10.6,1,bG,0.92,7.0,6.3,2,bp,0.81,5.6,5.5
FIS FREESTYLE SKI WORLD CUP 2026,2025-12-08,RUKA (FIN),Women's Moguls,Results Qualification,TIMPONE Sofia Carla,2539655,ITA,43,5.67,0.0,0.3,5.37,1,3,0.78,3.3,3.0,2,bT,0.78,3.6,3.9
FIS FREESTYLE SKI WORLD CUP 2026,2025-12-08,RUKA (FIN),Women's Moguls,Results Final 1,JOHNSON Tess,2532270,USA,3,77.66,15.81,47.6,14.25,1,7oG,1.11,6.1,6.5,2,bG,0.92,7.7,8.1
FIS FREESTYLE SKI WORLD CUP 2026,2025-12-08,RUKA (FIN),Women's Moguls,Results Final 1,TAGUCHI Yuma,2537043,JPN,15,66.31,13.72,43.5,9.09,1,bG,0.92,6.1,5.8,2,7op,0.98,3.6,3.8
FIS FREESTYLE SKI WORLD CUP 2026,2025-12-08,RUKA (FIN),Women's Moguls,Results Final 2,JOHNSON Tess,2532270,USA,4,76.09,17.48,45.0,13.61,1,7oG,1.11,5.3,5.4,2,bG,0.92,8.1,8.6
FIS FREESTYLE SKI WORLD CUP 2026,2025-12-08,RUKA (FIN),Women's Moguls,Results Final 2,TOMITAKA Hinako,2532031,JPN,5,74.21,14.71,46.1,13.4,1,7oG,1.11,6.2,6.3,2,7op,0.98,6.7,6.5
FIS FREESTYLE SKI WORLD CUP 2026,2025-12-08,RUKA (FIN),Men's Moguls,Results Qualification,HORISHIMA Ikuma,2529645,JPN,2,79.01,16.26,48.4,14.35,1,bF,0.88,8.1,8.2,2,10op,1.05,6.7,7.0
FIS FREESTYLE SKI WORLD CUP 2026,2025-12-08,RUKA (FIN),Men's Moguls,Results Qualification,AHVENAINEN Akseli,2533687,FIN,12,73.72,15.96,44.7,13.06,1,bF,0.88,6.5,6.9,2,7oG,1.01,7.1,7.1
FIS FREESTYLE SKI WORLD CUP 2026,2025-12-08,RUKA (FIN),Men's Moguls,Results Qualification,NISHIZAWA Taketo,2531352,JPN,15,71.51,15.46,44.3,11.75,1,bF,0.88,6.4,7.0,2,7oG,1.01,5.4,6.2
FIS FREESTYLE SKI WORLD CUP 2026,2025-12-08,RUKA (FIN),Men's Moguls,Results Final 1,MICHEL Asher,2537833,USA,10,75.96,16.81,46.9,12.25,1,7oG,1.01,6.8,7.0,2,bG,0.82,6.7,6.2
FIS FREESTYLE SKI WORLD CUP 2026,2026-01-09,VAL ST. COME (CAN),Women's Moguls,Results Qualification,SCHWINGHAMMER,2533204,CAN,6,73.38,14.71,44.5,14.17,1,7op,0.98,7.5,6.6,2,bG,0.92,8.0,7.8
FIS FREESTYLE SKI WORLD CUP 2026,2026-01-09,VAL ST. COME (CAN),Women's Moguls,Results Qualification,KOEHLER Ashley,2534528,CAN,26,61.83,13.71,39.4,8.72,1,bG,0.92,5.0,4.3,2,bp,0.81,5.4,5.6
FIS FREESTYLE SKI WORLD CUP 2026,2025-12-08,RUKA (FIN),Women's Moguls,Results Final 1,BROWN Berkley,2531523,CAN,12,67.59,14.51,42.0,11.08,1,bT,0.78,5.8,6.0,2,bG,0.92,6.7,7.4
FIS FREESTYLE SKI WORLD CUP 2026,2025-12-08,RUKA (FIN),Women's Moguls,Results Final 1,WILSON Charlotte,2535796,AUS,13,66.63,14.19,41.5,10.94,1,bT,0.78,6.3,6.2,2,bG,0.92,6.7,6.5
FIS FREESTYLE SKI WORLD CUP 2026,2025-12-08,RUKA (FIN),Men's Moguls,Results Qualification,JUNG Daeyoon,2534856,KOR,14,71.59,16.0,45.4,10.19,1,bF,0.88,5.6,6.0,2,7oG,1.01,4.5,5.6
FIS FREESTYLE SKI WORLD CUP 2026,2025-12-08,RUKA (FIN),Men's Moguls,Results Qualification,DUFRESNE Gabriel,2530240,CAN,21,69.03,15.9,41.8,11.33,1,bF,0.88,6.7,6.8,2,7oG,1.01,5.2,5.5
FIS FREESTYLE SKI WORLD CUP 2026,2025-12-08,RUKA (FIN),Men's Moguls,Results Qualification,BONDAREV Anton,2532859,KAZ,29,65.31,17.19,37.6,10.52,1,bF,0.88,5.7,6.3,2,bG,0.82,6.1,6.7
FIS FREESTYLE SKI WORLD CUP 2026,2025-12-08,RUKA (FIN),Men's Moguls,Results Qualification,BERG Gordon,2534863,SWE,35,54.81,15.54,32.3,6.97,1,7op,0.88,4.3,5.1,2,bp,0.71,4.0,4.0
FIS FREESTYLE SKI WORLD CUP 2026,2025-12-08,RUKA (FIN),Men's Moguls,Results Qualification,VERDAGUER FORN,2535379,ESP,47,12.45,4.62,1.0,6.83,1,bF,0.88,2.2,1.8,2,bp,0.71,7.3,7.0
FIS FREESTYLE SKI WORLD CUP 2026,2026-01-09,VAL ST. COME (CAN),Women's Moguls,Results Qualification,ANTHONY Jakara,2530720,AUS,1,79.83,14.98,48.9,15.95,1,7oG,1.11,7.8,7.9,2,bp,0.81,9.0,8.9
FIS FREESTYLE SKI WORLD CUP 2026,2025-12-08,RUKA (FIN),Women's Moguls,Results Final 1,CARROLL Avital,2529074,AUT,11,68.41,17.42,39.5,11.49,1,7oG,1.11,6.3,6.4,2,bp,0.81,5.2,5.8
FIS FREESTYLE SKI WORLD CUP 2026,2025-12-08,RUKA (FIN),Men's Moguls,Results Qualification,CAVET Benjamin,2530514,FRA,3,78.0,15.75,49.0,13.25,1,bF,0.88,8.2,8.7,2,bp,0.71,8.2,8.2
FIS FREESTYLE SKI WORLD CUP 2026,2026-01-09,VAL ST. COME (CAN),Women's Moguls,Results Qualification,GIACCIO Olivia,2532241,USA,3,75.78,14.96,46.8,14.02,1,7oG,1.11,5.8,5.8,2,7op,0.98,7.8,7.7
FIS FREESTYLE SKI WORLD CUP 2026,2026-01-09,VAL ST. COME (CAN),Women's Moguls,Results Qualification,KAUF Jaelin,2529064,USA,4,74.61,16.87,45.9,11.84,1,7op,0.98,5.1,5.0,2,bG,0.92,7.5,7.5
FIS FREESTYLE SKI WORLD CUP 2026,2026-01-09,VAL ST. COME (CAN),Women's Moguls,Results Qualification,LINTON Jessica,2533613,CAN,10,71.67,15.11,45.1,11.46,1,bG,0.92,5.7,5.6,2,bp,0.81,7.8,7.7
FIS FREESTYLE SKI WORLD CUP 2026,2026-01-09,VAL ST. COME (CAN),Women's Moguls,Results Qualification,FUJIKI Hina,2533039,JPN,12,69.1,14.25,42.7,12.15,1,bG,0.92,7.7,7.3,2,bp,0.81,6.5,6.5
FIS FREESTYLE SKI WORLD CUP 2026,2026-01-09,VAL ST. COME (CAN),Women's Moguls,Results Qualification,WILSON Charlotte,2535796,AUS,17,65.16,14.63,39.4,11.13,1,bT,0.78,4.7,4.4,2,bG,0.92,8.2,8.3
FIS FREESTYLE SKI WORLD CUP 2026,2025-12-08,RUKA (FIN),Men's Moguls,Results Qualification,PENTTALA Olli,2528035,FIN,30,64.33,15.98,37.9,10.45,1,10op,1.05,5.2,5.2,2,7oG,1.01,4.9,5.0
FIS FREESTYLE SKI WORLD CUP 2026,2025-12-08,RUKA (FIN),Men's Moguls,Results Final 1,JUNG Daeyoon,2534856,KOR,8,76.99,16.41,45.2,15.38,1,10oG,1.2,6.7,7.0,2,7oG,1.01,6.7,7.5
FIS FREESTYLE SKI WORLD CUP 2026,2026-01-09,VAL ST. COME (CAN),Women's Moguls,Results Qualification,LUNDHOLM Elis,2534864,SWE,22,63.07,14.01,38.8,10.26,1,bG,0.92,5.8,5.7,2,bp,0.81,6.1,6.2
FIS FREESTYLE SKI WORLD CUP 2026,2025-12-08,RUKA (FIN),Women's Moguls,Results Final 1,KAUF Jaelin,2529064,USA,4,75.94,17.52,44.9,13.52,1,7oG,1.11,6.3,6.3,2,bG,0.92,6.6,7.6
FIS FREESTYLE SKI WORLD CUP 2026,2025-12-08,RUKA (FIN),Men's Moguls,Results Qualification,DUBUC Joey,2535858,CAN,19,69.58,15.55,42.6,11.43,1,bF,0.88,6.6,7.4,2,7op,0.88,6.1,5.9
FIS FREESTYLE SKI WORLD CUP 2026,2025-12-08,RUKA (FIN),Men's Moguls,Results Qualification,GAY Paul Andrea,2538751,FRA,23,68.64,13.62,42.7,12.32,1,7oG,1.01,6.9,6.5,2,10op,1.05,5.3,5.3
FIS FREESTYLE SKI WORLD CUP 2026,2026-01-09,VAL ST. COME (CAN),Women's Moguls,Results Qualification,LEMLEY Elizabeth,2537762,USA,7,72.85,14.34,45.7,12.81,1,lG,0.92,5.0,4.9,2,7oG,1.11,7.7,7.2
FIS FREESTYLE SKI WORLD CUP 2026,2026-01-09,VAL ST. COME (CAN),Women's Moguls,Results Qualification,TOMITAKA Hinako,2532031,JPN,8,72.59,14.83,45.1,12.66,1,bG,0.92,5.7,6.5,2,7op,0.98,7.5,6.9
FIS FREESTYLE SKI WORLD CUP 2026,2026-01-09,VAL ST. COME (CAN),Women's Moguls,Results Qualification,DUAUX Marie,2537443,FRA,25,62.16,14.85,35.1,12.21,1,bF,0.98,6.5,6.7,2,bp,0.81,6.7,7.5
FIS FREESTYLE SKI WORLD CUP 2026,2025-12-08,RUKA (FIN),Men's Moguls,Results Qualification,VIERELA Severi,2533386,FIN,10,73.76,16.29,43.6,13.87,1,7oG,1.01,7.2,7.7,2,10op,1.05,5.8,6.3
FIS FREESTYLE SKI WORLD CUP 2026,2026-01-09,VAL ST. COME (CAN),Women's Moguls,Results Qualification,GORODKO,2535385,KAZ,5,74.03,16.88,43.5,13.65,1,7oG,1.11,5.8,5.8,2,bG,0.92,8.0,7.7
FIS FREESTYLE SKI WORLD CUP 2026,2026-01-09,VAL ST. COME (CAN),Women's Moguls,Results Qualification,YANAGIMOTO Rino,2532040,JPN,16,65.79,14.82,40.6,10.37,1,bp,0.81,5.8,5.8,2,7op,0.98,5.8,5.8
FIS FREESTYLE SKI WORLD CUP 2026,2025-12-08,RUKA (FIN),Women's Moguls,Results Qualification,DUAUX Marie,2537443,FRA,39,19.45,0.0,8.2,11.25,1,bF,0.98,5.7,6.3,2,bp,0.81,6.5,6.8
FIS FREESTYLE SKI WORLD CUP 2026,2025-12-08,RUKA (FIN),Men's Moguls,Results Qualification,de VILLAUCOURT,2535561,FRA,27,67.18,13.54,41.5,12.14,1,7oG,1.01,4.4,4.9,2,10op,1.05,7.0,7.2
FIS FREESTYLE SKI WORLD CUP 2026,2025-12-08,RUKA (FIN),Men's Moguls,Results Qualification,KARJALAINEN,2534001,FIN,44,21.62,9.1,3.6,8.92,1,10op,1.05,4.3,4.5,2,7op,0.88,4.7,5.1
FIS FREESTYLE SKI WORLD CUP 2026,2025-12-08,RUKA (FIN),Men's Moguls,Results Qualification,VERDAGUER FORN,2537082,ESP,46,19.93,9.48,7.2,3.25,1,7op,0.88,3.8,3.6,2,NJ,0.0,0.0,0.0
FIS FREESTYLE SKI WORLD CUP 2026,2025-12-08,RUKA (FIN),Men's Moguls,Results Final 1,FUJIKI Goshin,2529670,JPN,7,77.1,15.17,47.3,14.63,1,bF,0.88,7.7,8.4,2,10op,1.05,6.5,7.9
FIS FREESTYLE SKI WORLD CUP 2026,2025-12-08,RUKA (FIN),Men's Moguls,Results Final 1,NISHIZAWA Taketo,2531352,JPN,12,74.14,15.96,45.9,12.28,1,bF,0.88,7.9,8.1,2,10op,1.05,4.8,5.2
FIS FREESTYLE SKI WORLD CUP 2026,2026-01-09,VAL ST. COME (CAN),Women's Moguls,Results Qualification,GALYSHEVA Yuliya,2484307,KAZ,15,66.2,15.38,41.7,9.12,1,bp,0.81,4.8,4.7,2,fG,0.92,5.7,5.8
FIS FREESTYLE SKI WORLD CUP 2026,2026-01-09,VAL ST. COME (CAN),Women's Moguls,Results Qualification,DESMARAIS-GILBERT,2531811,CAN,24,62.21,14.01,36.7,11.5,1,bG,0.92,5.8,6.2,2,bp,0.81,7.2,7.6
FIS FREESTYLE SKI WORLD CUP 2026,2026-01-09,VAL ST. COME (CAN),Women's Moguls,Results Qualification,MERZ Annika,2535327,GER,30,57.98,14.64,31.8,11.54,1,7op,0.98,5.0,4.2,2,bG,0.92,7.5,7.8
FIS FREESTYLE SKI WORLD CUP 2026,2025-12-08,RUKA (FIN),Women's Moguls,Results Final 1,CABROL Camille,2530274,FRA,10,68.43,14.07,42.9,11.46,1,bp,0.81,7.1,6.8,2,bG,0.92,6.3,6.4
FIS FREESTYLE SKI WORLD CUP 2026,2025-12-08,RUKA (FIN),Women's Moguls,Results Final 2,GIACCIO Olivia,2532241,USA,2,78.64,17.23,46.9,14.51,1,7oG,1.11,7.1,7.4,2,7op,0.98,6.5,6.7
FIS FREESTYLE SKI WORLD CUP 2026,2025-12-08,RUKA (FIN),Men's Moguls,Results Qualification,NAKAHARA Osuke,2539132,JPN,6,75.24,16.32,46.0,12.92,1,bF,0.88,6.4,6.4,2,10op,1.05,7.3,6.6
FIS FREESTYLE SKI WORLD CUP 2026,2025-12-08,RUKA (FIN),Men's Moguls,Results Qualification,BUGAKOV Fyodor,2535809,KAZ,32,63.15,13.34,39.4,10.41,1,bF,0.88,5.6,5.8,2,10op,1.05,4.8,5.5
FIS FREESTYLE SKI WORLD CUP 2026,2025-12-08,RUKA (FIN),Men's Moguls,Results Qualification,MOBERG Elis,2537616,SWE,39,42.63,16.42,18.3,7.91,1,bF,0.88,4.4,4.8,2,bp,0.71,5.4,5.5
FIS FREESTYLE SKI WORLD CUP 2026,2025-12-08,RUKA (FIN),Men's Moguls,Results Final 1,MOUILLE Thibaud,2532044,FRA,9,76.0,14.62,46.2,15.18,1,7oG,1.01,7.5,7.3,2,10op,1.05,7.7,7.0
FIS FREESTYLE SKI WORLD CUP 2026,2025-12-08,RUKA (FIN),Men's Moguls,Results Final 1,VIERELA Severi,2533386,FIN,11,74.26,16.95,45.0,12.31,1,7oG,1.01,7.0,7.2,2,10op,1.05,4.7,5.1
FIS FREESTYLE SKI WORLD CUP 2026,2026-01-09,VAL ST. COME (CAN),Women's Moguls,Results Qualification,HOGG Kasey,2534251,USA,11,69.14,15.27,45.6,8.27,1,bG,0.92,5.0,4.2,2,bp,0.81,5.2,4.8
FIS FREESTYLE SKI WORLD CUP 2026,2026-01-09,VAL ST. COME (CAN),Women's Moguls,Results Qualification,BOSCO Emma,2532927,AUS,27,60.1,13.72,37.5,8.88,1,bG,0.92,5.2,5.5,2,bL,0.81,5.4,4.4
FIS FREESTYLE SKI WORLD CUP 2026,2025-12-08,RUKA (FIN),Women's Moguls,Results Qualification,YANG Dandan,2540821,CHN,36,35.74,5.73,24.9,5.11,1,S,0.48,4.3,3.8,2,bG,0.92,3.7,3.2
FIS FREESTYLE SKI WORLD CUP 2026,2025-12-08,RUKA (FIN),Women's Moguls,Results Qualification,BERGHUIS Laura,2535376,NED,38,25.33,10.5,5.1,9.73,1,bT,0.78,6.2,5.1,2,lG,0.92,5.5,6.1
FIS FREESTYLE SKI WORLD CUP 2026,2025-12-08,RUKA (FIN),Women's Moguls,Results Final 1,MACUGA Alli,2534186,USA,7,72.95,16.76,44.9,11.29,1,bG,0.92,6.0,6.5,2,bp,0.81,6.5,7.2
FIS FREESTYLE SKI WORLD CUP 2026,2025-12-08,RUKA (FIN),Women's Moguls,Results Final 1,GORODKO,2535385,KAZ,9,71.07,17.58,42.8,10.69,1,bp,0.81,6.2,5.8,2,bG,0.92,6.4,6.3
FIS FREESTYLE SKI WORLD CUP 2026,2025-12-08,RUKA (FIN),Men's Moguls,Results Qualification,KROUPA Matyas,2537792,CZE,26,67.51,14.25,42.3,10.96,1,bG,0.82,6.9,6.8,2,7oG,1.01,5.5,5.1
FIS FREESTYLE SKI WORLD CUP 2026,2025-12-08,RUKA (FIN),Men's Moguls,Results Qualification,CONEDERA Martino,2532502,SUI,31,64.08,13.66,38.0,12.42,1,10op,1.05,5.1,5.3,2,7oG,1.01,6.6,7.2
FIS FREESTYLE SKI WORLD CUP 2026,2025-12-08,RUKA (FIN),Men's Moguls,Results Qualification,HIRAYAMA Shota,2531908,JPN,48,10.85,0.0,4.3,6.55,1,bF,0.88,7.8,7.1,2,NJ,0.0,0.0,0.0
FIS FREESTYLE SKI WORLD CUP 2026,2025-12-08,RUKA (FIN),Men's Moguls,Results Final 1,GRAHAM Matt,2441426,AUS,1,81.97,16.04,49.5,16.43,1,bF,0.88,8.6,9.2,2,10op,1.05,8.1,8.3
FIS FREESTYLE SKI WORLD CUP 2026,2026-01-09,VAL ST. COME (CAN),Women's Moguls,Results Qualification,BROWN Berkley,2531523,CAN,21,63.34,13.9,38.2,11.24,1,bT,0.78,5.0,5.8,2,bG,0.92,7.5,7.8
FIS FREESTYLE SKI WORLD CUP 2026,2026-01-09,VAL ST. COME (CAN),Women's Moguls,Results Qualification,ITO Marin,2534824,JPN,23,62.9,14.43,36.8,11.67,1,bG,0.92,7.2,6.5,2,fG,0.92,5.9,5.8
FIS FREESTYLE SKI WORLD CUP 2026,2026-01-09,VAL ST. COME (CAN),Women's Moguls,Results Qualification,GUSTAFSON Moa,2535767,SWE,29,59.43,13.97,36.3,9.16,1,bG,0.92,5.7,5.6,2,bp,0.81,4.8,5.0
FIS FREESTYLE SKI WORLD CUP 2026,2025-12-08,RUKA (FIN),Women's Moguls,Results Qualification,YUN Shin-Ee,2537929,KOR,41,8.33,0.0,0.3,8.03,1,bp,0.81,4.1,4.4,2,bG,0.92,5.4,4.6
FIS FREESTYLE SKI WORLD CUP 2026,2025-12-08,RUKA (FIN),Women's Moguls,Results Final 1,GIACCIO Olivia,2532241,USA,1,78.94,16.68,48.9,13.36,1,7oG,1.11,5.4,5.8,2,7op,0.98,7.9,6.7
FIS FREESTYLE SKI WORLD CUP 2026,2025-12-08,RUKA (FIN),Women's Moguls,Results Final 1,SCHWINGHAMMER,2533204,CAN,14,66.39,15.74,39.4,11.25,1,7op,0.98,5.9,6.5,2,bp,0.81,6.3,6.5
FIS FREESTYLE SKI WORLD CUP 2026,2025-12-08,RUKA (FIN),Women's Moguls,Results Final 2,ANTHONY Jakara,2530720,AUS,1,79.89,17.46,47.6,14.83,1,7oG,1.11,6.9,6.5,2,bG,0.92,8.1,8.0
FIS FREESTYLE SKI WORLD CUP 2026,2025-12-08,RUKA (FIN),Women's Moguls,Results Final 2,HOGG Kasey,2534251,USA,6,72.1,16.53,44.2,11.37,1,bG,0.92,6.5,6.8,2,bp,0.81,6.3,6.7
FIS FREESTYLE SKI WORLD CUP 2026,2025-12-08,RUKA (FIN),Men's Moguls,Results Qualification,GRAVENFORS Filip,2534858,SWE,5,75.85,18.23,45.4,12.22,1,bF,0.88,7.9,8.4,2,7op,0.88,6.1,5.4
FIS FREESTYLE SKI WORLD CUP 2026,2025-12-08,RUKA (FIN),Men's Moguls,Results Qualification,CROZET Leo,2538029,FRA,42,32.45,8.18,12.9,11.37,1,7oG,1.01,5.4,5.6,2,10oG,1.2,4.9,4.8
FIS FREESTYLE SKI WORLD CUP 2026,2025-12-08,RUKA (FIN),Men's Moguls,Results Qualification,RONKAINEN Matias,2539451,FIN,45,20.8,11.78,0.3,8.72,1,7op,0.88,4.6,4.5,2,10op,1.05,4.3,4.7
FIS FREESTYLE SKI WORLD CUP 2026,2025-12-08,RUKA (FIN),Men's Moguls,Results Final 1,AHVENAINEN Akseli,2533687,FIN,13,72.12,15.58,44.7,11.84,1,bF,0.88,6.2,5.7,2,10op,1.05,6.2,6.4
FIS FREESTYLE SKI WORLD CUP 2026,2026-01-09,VAL ST. COME (CAN),Women's Moguls,Results Qualification,TAGUCHI Yuma,2537043,JPN,28,59.57,14.02,34.7,10.85,1,bG,0.92,7.8,7.5,2,7op,0.98,3.9,3.9
FIS FREESTYLE SKI WORLD CUP 2026,2025-12-08,RUKA (FIN),Women's Moguls,Results Qualification,WANG Sibo,2540053,CHN,37,33.15,4.91,21.9,6.34,1,S,0.48,5.1,6.0,2,bp,0.81,4.9,4.2
FIS FREESTYLE SKI WORLD CUP 2026,2025-12-08,RUKA (FIN),Men's Moguls,Results Qualification,MICKEL Charlie,2537180,USA,11,73.74,15.47,44.4,13.87,1,7oG,1.01,7.1,7.4,2,7op,0.88,7.3,7.6
FIS FREESTYLE SKI WORLD CUP 2026,2025-12-08,RUKA (FIN),Men's Moguls,Results Qualification,KOLMAKOV Pavel,2528846,KAZ,20,69.07,16.55,44.7,7.82,1,bF,0.88,5.5,5.2,2,7op,0.88,3.7,3.4
FIS FREESTYLE SKI WORLD CUP 2026,2025-12-08,RUKA (FIN),Men's Moguls,Results Qualification,LONG Hao,2540052,CHN,37,48.68,17.3,25.0,6.38,1,bF,0.88,4.2,5.0,2,bL,0.71,3.4,3.2
FIS FREESTYLE SKI WORLD CUP 2026,2025-12-08,RUKA (FIN),Men's Moguls,Results Qualification,LEE Yoonseung,2537625,KOR,49,6.59,0.0,0.3,6.29,1,bF,0.88,6.8,7.5,2,NJ,0.0,0.0,0.0
FIS FREESTYLE SKI WORLD CUP 2026,2025-12-08,RUKA (FIN),Men's Moguls,Results Final 1,GRAVENFORS Filip,2534858,SWE,15,69.77,20.0,39.1,10.67,1,bdF,1.05,7.4,7.6,2,bp,0.71,3.6,4.3
FIS FREESTYLE SKI WORLD CUP 2026,2026-01-09,VAL ST. COME (CAN),Women's Moguls,Results Qualification,AMRENOVA Ayaulym,2532085,KAZ,18,64.93,14.92,38.4,11.61,1,bG,0.92,6.1,6.3,2,bp,0.81,7.0,7.6
FIS FREESTYLE SKI WORLD CUP 2026,2025-12-08,RUKA (FIN),Women's Moguls,Results Qualification,YANG Ya,2537259,CHN,40,17.63,1.83,7.0,8.8,1,bp,0.81,5.4,5.1,2,7op,0.98,4.5,4.8
FIS FREESTYLE SKI WORLD CUP 2026,2025-12-08,RUKA (FIN),Men's Moguls,Results Qualification,PAGE Nick,2533462,USA,4,76.91,16.95,46.4,13.56,1,7oG,1.01,5.7,6.3,2,10op,1.05,7.0,7.3
FIS FREESTYLE SKI WORLD CUP 2026,2025-12-08,RUKA (FIN),Men's Moguls,Results Qualification,VIEL Julien,2534074,CAN,7,74.72,16.41,44.9,13.41,1,bF,0.88,7.7,8.3,2,7op,0.88,7.4,7.1
FIS FREESTYLE SKI WORLD CUP 2026,2025-12-08,RUKA (FIN),Men's Moguls,Results Qualification,WENDLER Landon,2534140,USA,22,68.67,16.04,42.4,10.23,1,7op,0.88,5.7,5.3,2,7oG,1.01,5.2,5.5
FIS FREESTYLE SKI WORLD CUP 2026,2025-12-08,RUKA (FIN),Men's Moguls,Results Qualification,CHALIFOUX Louis-,2534234,CAN,36,50.52,14.35,28.0,8.17,1,bF,0.88,5.4,6.1,2,7op,0.88,3.9,3.2
FIS FREESTYLE SKI WORLD CUP 2026,2025-12-08,RUKA (FIN),Men's Moguls,Results Qualification,YEMELYANOV Maxim,2535387,KAZ,41,34.43,12.5,13.8,8.13,1,bF,0.88,4.9,4.9,2,7op,0.88,4.2,4.5
FIS FREESTYLE SKI WORLD CUP 2026,2026-01-09,VAL ST. COME (CAN),Women's Moguls,Results Qualification,NAKAO Haruka,2533488,JPN,19,64.08,13.5,38.9,11.68,1,bG,0.92,7.8,7.7,2,7op,0.98,4.8,4.5
FIS FREESTYLE SKI WORLD CUP 2026,2025-12-08,RUKA (FIN),Women's Moguls,Results Final 1,FUJIKI Hina,2533039,JPN,8,72.83,15.35,44.9,12.58,1,bG,0.92,6.8,7.2,2,bp,0.81,7.7,7.5
FIS FREESTYLE SKI WORLD CUP 2026,2025-12-08,RUKA (FIN),Men's Moguls,Results Qualification,FUJIKI Goshin,2529670,JPN,16,71.0,14.17,45.0,11.83,1,bF,0.88,6.7,7.1,2,10op,1.05,5.3,5.7
FIS FREESTYLE SKI WORLD CUP 2026,2025-12-08,RUKA (FIN),Men's Moguls,Results Qualification,VAILLANCOURT Elliot,2532513,CAN,25,67.65,16.42,39.1,12.13,1,10op,1.05,6.3,7.1,2,7oG,1.01,5.1,5.0
FIS FREESTYLE SKI WORLD CUP 2026,2026-01-09,VAL ST. COME (CAN),Women's Moguls,Results Qualification,CARROLL Avital,2529074,AUT,9,72.06,15.28,44.2,12.58,1,bG,0.92,7.0,7.6,2,bp,0.81,7.3,7.2
FIS FREESTYLE SKI WORLD CUP 2026,2026-01-09,VAL ST. COME (CAN),Women's Moguls,Results Qualification,MIKKELSEN Maya,2534235,CAN,20,63.49,14.26,39.3,9.93,1,bG,0.92,5.7,4.9,2,bp,0.81,6.2,6.3
FIS FREESTYLE SKI WORLD CUP 2026,2026-01-09,VAL ST. COME (CAN),Women's Moguls,Results Qualification,RAMSAUER Katharina,2530097,AUT,31,55.9,15.02,29.0,11.88,1,bT,0.78,6.3,6.5,2,bG,0.92,7.4,7.6
FIS FREESTYLE SKI WORLD CUP 2026,2025-12-08,RUKA (FIN),Women's Moguls,Results Qualification,ECKLE Laura,2537081,GER,34,40.65,9.38,23.9,7.37,1,bG,0.92,4.3,4.0,2,bp,0.81,4.4,4.4
FIS FREESTYLE SKI WORLD CUP 2026,2025-12-08,RUKA (FIN),Women's Moguls,Results Final 1,ANTHONY Jakara,2530720,AUS,2,78.54,16.48,47.4,14.66,1,7oG,1.11,7.0,6.5,2,bG,0.92,7.6,8.0
FIS FREESTYLE SKI WORLD CUP 2026,2025-12-08,RUKA (FIN),Men's Moguls,Results Qualification,SHIMAKAWA Takuya,2530672,JPN,8,73.96,15.14,45.9,12.92,1,bG,0.82,8.3,8.2,2,7op,0.88,7.0,7.0
FIS FREESTYLE SKI WORLD CUP 2026,2025-12-08,RUKA (FIN),Men's Moguls,Results Qualification,ORGELDINGER Jon,2539200,GER,34,58.31,12.56,37.4,8.35,1,7oG,1.01,4.1,4.8,2,bp,0.71,5.2,5.7
FIS FREESTYLE SKI WORLD CUP 2026,2025-12-08,RUKA (FIN),Men's Moguls,Results Qualification,ROBERTS Charlie,2538584,GER,38,45.07,13.13,22.1,9.84,1,7op,0.88,5.3,5.5,2,7oG,1.01,4.8,5.3
FIS FREESTYLE SKI WORLD CUP 2026,2025-12-08,RUKA (FIN),Men's Moguls,Results Final 1,PAGE Nick,2533462,USA,4,77.53,15.89,46.5,15.14,1,7oG,1.01,6.7,7.4,2,10op,1.05,7.8,7.5
FIS FREESTYLE SKI WORLD CUP 2026,2025-12-08,RUKA (FIN),Men's Moguls,Results Final 1,MICKEL Charlie,2537180,USA,5,77.39,16.01,47.5,13.88,1,7oG,1.01,6.7,7.3,2,10op,1.05,6.3,6.7
FIS FREESTYLE SKI WORLD CUP 2026,2025-12-08,RUKA (FIN),Men's Moguls,Results Final 1,NAKAHARA Osuke,2539132,JPN,14,69.9,17.48,40.3,12.12,1,bdF,1.05,7.2,7.0,2,10op,1.05,4.2,4.7
FIS FREESTYLE SKI WORLD CUP 2026,2026-01-16,WATERVILLE VALLEY RESORT (USA),Men's Moguls,Results Qualification,MICHEL Asher,2537833,USA,12,74.2,14.24,48.2,11.76,1,7oG,1.01,6.2,6.8,2,bG,0.82,6.4,6.3
FIS FREESTYLE SKI WORLD CUP 2026,2026-01-16,WATERVILLE VALLEY RESORT (USA),Men's Moguls,Results Qualification,PENTTALA Olli,2528035,FIN,16,73.35,15.72,43.2,14.43,1,10op,1.05,6.8,6.3,2,10oG,1.2,6.5,6.1
FIS FREESTYLE SKI WORLD CUP 2026,2026-01-16,WATERVILLE VALLEY RESORT (USA),Men's Moguls,Results Qualification,KOLMAKOV Pavel,2528846,KAZ,20,72.5,16.06,43.6,12.84,1,bF,0.88,6.9,7.5,2,10op,1.05,6.0,6.4
FIS FREESTYLE SKI WORLD CUP 2026,2026-01-16,WATERVILLE VALLEY RESORT (USA),Men's Moguls,Results Qualification,LONG Hao,2540052,CHN,45,63.45,12.26,42.7,8.49,1,bF,0.88,7.0,6.5,2,7op,0.88,2.5,3.3
FIS FREESTYLE SKI WORLD CUP 2026,2026-01-16,WATERVILLE VALLEY RESORT (USA),Women's Moguls,Results Qualification,MACUGA Alli,2534186,USA,9,71.08,17.16,42.9,11.02,1,bp,0.81,6.4,6.4,2,bG,0.92,6.5,6.2
FIS FREESTYLE SKI WORLD CUP 2026,2026-01-09,VAL ST. COME (CAN),Women's Moguls,Results Qualification,CLEGG Sina,2538200,CAN,40,46.78,14.01,24.0,8.77,1,bT,0.78,7.5,7.8,2,bG,0.92,3.1,3.0
FIS FREESTYLE SKI WORLD CUP 2026,2026-01-16,WATERVILLE VALLEY RESORT (USA),Men's Moguls,Results Qualification,MOUILLE Thibaud,2532044,FRA,9,74.94,14.44,46.3,14.2,1,10op,1.05,7.3,6.5,2,bG,0.82,8.4,8.6
FIS FREESTYLE SKI WORLD CUP 2026,2026-01-16,WATERVILLE VALLEY RESORT (USA),Men's Moguls,Results Qualification,BONDAREV Anton,2532859,KAZ,40,64.76,16.19,38.9,9.67,1,7op,0.88,5.7,5.4,2,bG,0.82,6.0,5.7
FIS FREESTYLE SKI WORLD CUP 2026,2026-01-16,WATERVILLE VALLEY RESORT (USA),Women's Moguls,Results Qualification,KAUF Jaelin,2529064,USA,4,74.97,18.09,44.2,12.68,1,7op,0.98,6.0,6.0,2,bG,0.92,7.2,7.6
FIS FREESTYLE SKI WORLD CUP 2026,2026-01-16,WATERVILLE VALLEY RESORT (USA),Women's Moguls,Results Qualification,BROWN Berkley,2531523,CAN,16,67.48,13.56,43.0,10.92,1,bp,0.81,5.2,5.2,2,bG,0.92,7.4,7.2
FIS FREESTYLE SKI WORLD CUP 2026,2026-01-16,WATERVILLE VALLEY RESORT (USA),Women's Moguls,Results Qualification,YANAGIMOTO Rino,2532040,JPN,17,67.04,13.98,42.6,10.46,1,bG,0.92,5.8,5.7,2,bp,0.81,6.1,6.7
FIS FREESTYLE SKI WORLD CUP 2026,2026-01-16,WATERVILLE VALLEY RESORT (USA),Women's Moguls,Results Qualification,KOEHLER Ashley,2534528,CAN,25,62.76,13.5,40.5,8.76,1,bG,0.92,4.0,4.4,2,bp,0.81,6.1,6.0
FIS FREESTYLE SKI WORLD CUP 2026,2026-01-16,WATERVILLE VALLEY RESORT (USA),Women's Moguls,Results Qualification,YANG Ya,2537259,CHN,29,58.04,10.85,34.9,12.29,1,bp,0.81,6.3,5.8,2,bG,0.92,7.8,8.3
FIS FREESTYLE SKI WORLD CUP 2026,2026-01-16,WATERVILLE VALLEY RESORT (USA),Women's Moguls,Results Qualification,WEESE Hanna,2532819,GER,32,53.76,13.95,31.8,8.01,1,bp,0.81,6.2,5.1,2,7oG,1.11,3.6,2.6
FIS FREESTYLE SKI WORLD CUP 2026,2026-01-09,VAL ST. COME (CAN),Women's Moguls,Results Qualification,BERGHUIS Laura,2535376,NED,46,27.99,4.4,13.9,9.69,1,bT,0.78,4.0,4.0,2,lG,0.92,7.2,7.1
FIS FREESTYLE SKI WORLD CUP 2026,2026-01-16,WATERVILLE VALLEY RESORT (USA),Men's Moguls,Results Qualification,PAGE Nick,2533462,USA,2,78.36,16.2,48.0,14.16,1,7oG,1.01,7.3,6.4,2,10op,1.05,6.4,7.4
FIS FREESTYLE SKI WORLD CUP 2026,2026-01-16,WATERVILLE VALLEY RESORT (USA),Men's Moguls,Results Qualification,MICKEL Charlie,2537180,USA,4,77.08,15.6,48.0,13.48,1,7op,0.88,7.5,6.5,2,7oG,1.01,7.1,7.4
FIS FREESTYLE SKI WORLD CUP 2026,2026-01-16,WATERVILLE VALLEY RESORT (USA),Men's Moguls,Results Qualification,DUFRESNE Gabriel,2530240,CAN,13,74.16,17.14,44.4,12.62,1,10op,1.05,6.4,6.1,2,bG,0.82,7.5,7.3
FIS FREESTYLE SKI WORLD CUP 2026,2026-01-16,WATERVILLE VALLEY RESORT (USA),Men's Moguls,Results Qualification,BUGAKOV Fyodor,2535809,KAZ,34,69.1,13.54,45.4,10.16,1,bF,0.88,5.8,5.5,2,7op,0.88,5.9,5.9
FIS FREESTYLE SKI WORLD CUP 2026,2026-01-16,WATERVILLE VALLEY RESORT (USA),Men's Moguls,Results Final 1,KROUPA Matyas,2537792,CZE,12,75.17,15.18,45.6,14.39,1,bG,0.82,8.2,8.2,2,7oG,1.01,7.8,7.4
FIS FREESTYLE SKI WORLD CUP 2026,2026-01-16,WATERVILLE VALLEY RESORT (USA),Men's Moguls,Results Final 1,PENTTALA Olli,2528035,FIN,14,67.45,16.63,42.9,7.92,1,10op,1.05,7.8,7.3,2,NJ,0.0,0.0,0.0
FIS FREESTYLE SKI WORLD CUP 2026,2026-01-16,WATERVILLE VALLEY RESORT (USA),Men's Moguls,Results Final 2,HORISHIMA Ikuma,2529645,JPN,1,85.56,16.67,51.7,17.19,1,bF,0.88,9.2,9.0,2,10op,1.05,9.0,8.5
FIS FREESTYLE SKI WORLD CUP 2026,2026-01-16,WATERVILLE VALLEY RESORT (USA),Women's Moguls,Results Qualification,TOMITAKA Hinako,2532031,JPN,5,74.32,14.6,47.7,12.02,1,bG,0.92,6.1,6.2,2,7op,0.98,6.3,6.7
FIS FREESTYLE SKI WORLD CUP 2026,2026-01-16,WATERVILLE VALLEY RESORT (USA),Women's Moguls,Results Qualification,AMRENOVA Ayaulym,2532085,KAZ,18,66.3,14.51,41.1,10.69,1,bp,0.81,6.0,5.3,2,bG,0.92,7.2,6.1
FIS FREESTYLE SKI WORLD CUP 2026,2026-01-16,WATERVILLE VALLEY RESORT (USA),Women's Moguls,Results Qualification,GERKEN SCHOFIELD,2530540,GBR,26,61.7,13.05,38.5,10.15,1,bG,0.92,5.0,5.1,2,bp,0.81,7.0,6.6
FIS FREESTYLE SKI WORLD CUP 2026,2026-01-16,WATERVILLE VALLEY RESORT (USA),Women's Moguls,Results Qualification,DOOLEY Claire,2535435,IRL,42,4.66,0.0,0.3,4.36,1,bG,0.92,1.0,1.0,2,bL,0.81,4.2,4.3
FIS FREESTYLE SKI WORLD CUP 2026,2026-01-09,VAL ST. COME (CAN),Women's Moguls,Results Qualification,MALHERBE Malica,2535457,RSA,42,37.65,9.31,20.2,8.14,1,bG,0.92,4.8,4.3,2,bp,0.81,4.8,5.0
FIS FREESTYLE SKI WORLD CUP 2026,2026-01-16,WATERVILLE VALLEY RESORT (USA),Men's Moguls,Results Qualification,KROUPA Matyas,2537792,CZE,10,74.8,15.36,45.0,14.44,1,bG,0.82,8.3,7.6,2,7oG,1.01,7.7,8.0
FIS FREESTYLE SKI WORLD CUP 2026,2026-01-16,WATERVILLE VALLEY RESORT (USA),Men's Moguls,Results Qualification,GRAVENFORS Filip,2534858,SWE,11,74.3,14.97,46.1,13.23,1,10op,1.05,6.7,6.3,2,7oG,1.01,6.5,6.2
FIS FREESTYLE SKI WORLD CUP 2026,2026-01-16,WATERVILLE VALLEY RESORT (USA),Men's Moguls,Results Qualification,NISHIZAWA Taketo,2531352,JPN,18,72.87,15.36,45.5,12.01,1,bF,0.88,7.9,7.9,2,7op,0.88,5.5,6.0
FIS FREESTYLE SKI WORLD CUP 2026,2026-01-16,WATERVILLE VALLEY RESORT (USA),Men's Moguls,Results Final 1,HARVEY Jackson,2534735,AUS,8,78.0,15.46,47.9,14.64,1,bF,0.88,8.3,8.0,2,7op,0.88,8.6,8.4
FIS FREESTYLE SKI WORLD CUP 2026,2026-01-16,WATERVILLE VALLEY RESORT (USA),Men's Moguls,Results Final 1,GRAHAM Matt,2441426,AUS,16,65.94,16.85,37.9,11.19,1,bF,0.88,8.3,8.2,2,10op,1.05,4.0,3.5
FIS FREESTYLE SKI WORLD CUP 2026,2026-01-16,WATERVILLE VALLEY RESORT (USA),Women's Moguls,Results Qualification,GORODKO,2535385,KAZ,13,69.94,16.44,41.4,12.1,1,7oG,1.11,5.5,5.3,2,bG,0.92,6.9,6.4
FIS FREESTYLE SKI WORLD CUP 2026,2026-01-16,WATERVILLE VALLEY RESORT (USA),Women's Moguls,Results Qualification,DESMARAIS-GILBERT,2531811,CAN,15,67.77,13.37,44.1,10.3,1,bG,0.92,5.0,4.4,2,bp,0.81,6.9,7.9
FIS FREESTYLE SKI WORLD CUP 2026,2026-01-16,WATERVILLE VALLEY RESORT (USA),Women's Moguls,Results Qualification,YUN Shin-Ee,2537929,KOR,39,25.75,10.37,5.6,9.78,1,bp,0.81,5.6,4.6,2,bG,0.92,5.7,6.6
FIS FREESTYLE SKI WORLD CUP 2026,2026-01-16,WATERVILLE VALLEY RESORT (USA),Men's Moguls,Results Qualification,HARVEY Jackson,2534735,AUS,8,75.32,15.1,47.6,12.62,1,bF,0.88,8.0,7.6,2,7op,0.88,6.1,7.0
FIS FREESTYLE SKI WORLD CUP 2026,2026-01-16,WATERVILLE VALLEY RESORT (USA),Men's Moguls,Results Qualification,AHVENAINEN Akseli,2533687,FIN,17,73.21,13.71,46.1,13.4,1,bF,0.88,7.9,7.3,2,7oG,1.01,7.0,6.3
FIS FREESTYLE SKI WORLD CUP 2026,2026-01-16,WATERVILLE VALLEY RESORT (USA),Men's Moguls,Results Qualification,CROZET Leo,2538029,FRA,33,69.54,13.83,41.8,13.91,1,10oG,1.2,6.5,6.6,2,7oG,1.01,5.8,6.2
FIS FREESTYLE SKI WORLD CUP 2026,2026-01-16,WATERVILLE VALLEY RESORT (USA),Men's Moguls,Results Final 1,GRAVENFORS Filip,2534858,SWE,2,81.76,16.64,48.5,16.62,1,10oG,1.2,7.9,8.3,2,7op,0.88,7.8,7.9
FIS FREESTYLE SKI WORLD CUP 2026,2026-01-16,WATERVILLE VALLEY RESORT (USA),Women's Moguls,Results Qualification,KISIL Yuliana,2538191,UKR,36,42.92,6.23,29.4,7.29,1,S,0.48,4.9,5.6,2,bp,0.81,5.6,6.2
FIS FREESTYLE SKI WORLD CUP 2026,2026-01-09,VAL ST. COME (CAN),Women's Moguls,Results Qualification,YANG Dandan,2540821,CHN,35,47.99,9.9,31.0,7.09,1,bT,0.78,4.2,4.1,2,bG,0.92,4.2,4.2
FIS FREESTYLE SKI WORLD CUP 2026,2026-01-16,WATERVILLE VALLEY RESORT (USA),Men's Moguls,Results Qualification,de VILLAUCOURT,2535561,FRA,36,67.11,14.82,40.4,11.89,1,7oG,1.01,6.3,5.2,2,10op,1.05,6.0,5.6
FIS FREESTYLE SKI WORLD CUP 2026,2026-01-16,WATERVILLE VALLEY RESORT (USA),Men's Moguls,Results Qualification,COHEN Jiah,2538079,USA,37,66.56,13.29,40.9,12.37,1,bG,0.82,6.5,6.7,2,7oG,1.01,6.7,7.1
FIS FREESTYLE SKI WORLD CUP 2026,2026-01-16,WATERVILLE VALLEY RESORT (USA),Men's Moguls,Results Final 2,VIEL Julien,2534074,CAN,4,79.47,17.46,46.3,15.71,1,bF,0.88,9.0,8.6,2,7oG,1.01,8.0,7.8
FIS FREESTYLE SKI WORLD CUP 2026,2026-01-16,WATERVILLE VALLEY RESORT (USA),Women's Moguls,Results Qualification,CARROLL Avital,2529074,AUT,8,72.33,15.48,45.8,11.05,1,bG,0.92,6.4,6.2,2,bp,0.81,6.5,6.5
FIS FREESTYLE SKI WORLD CUP 2026,2026-01-16,WATERVILLE VALLEY RESORT (USA),Women's Moguls,Results Qualification,TAGUCHI Yuma,2537043,JPN,14,69.34,13.43,45.0,10.91,1,bG,0.92,6.0,6.0,2,7op,0.98,5.0,6.0
FIS FREESTYLE SKI WORLD CUP 2026,2026-01-16,WATERVILLE VALLEY RESORT (USA),Women's Moguls,Results Qualification,TIMPONE Sofia Carla,2539655,ITA,43,2.44,0.0,0.3,2.14,1,3,0.78,2.5,1.9,2,bT,0.78,1.0,0.1
FIS FREESTYLE SKI WORLD CUP 2026,2026-01-09,VAL ST. COME (CAN),Women's Moguls,Results Qualification,YANG Ya,2537259,CHN,34,53.1,11.65,32.9,8.55,1,bp,0.81,5.7,5.8,2,bG,0.92,4.3,4.2
FIS FREESTYLE SKI WORLD CUP 2026,2026-01-16,WATERVILLE VALLEY RESORT (USA),Men's Moguls,Results Qualification,HORISHIMA Ikuma,2529645,JPN,1,81.52,16.09,49.9,15.53,1,bF,0.88,8.5,8.2,2,10op,1.05,7.8,7.8
FIS FREESTYLE SKI WORLD CUP 2026,2026-01-16,WATERVILLE VALLEY RESORT (USA),Men's Moguls,Results Qualification,MURPHY George,2534254,AUS,42,64.1,12.71,41.0,10.39,1,bG,0.82,6.5,6.3,2,7op,0.88,5.4,6.3
FIS FREESTYLE SKI WORLD CUP 2026,2026-01-16,WATERVILLE VALLEY RESORT (USA),Men's Moguls,Results Qualification,WEESE Nicolas,2535693,GER,49,52.08,15.61,30.2,6.27,1,bG,0.82,5.8,4.8,2,bT,0.68,2.5,3.2
FIS FREESTYLE SKI WORLD CUP 2026,2026-01-16,WATERVILLE VALLEY RESORT (USA),Men's Moguls,Results Final 2,MICKEL Charlie,2537180,USA,6,78.61,16.6,46.8,15.21,1,10op,1.05,6.9,6.9,2,7oG,1.01,7.8,8.0
FIS FREESTYLE SKI WORLD CUP 2026,2026-01-09,VAL ST. COME (CAN),Women's Moguls,Results Qualification,STENKULA Nicolina,2537789,SWE,48,7.96,0.0,0.6,7.36,1,bG,0.92,3.8,3.6,2,bp,0.81,5.0,4.8
FIS FREESTYLE SKI WORLD CUP 2026,2026-01-16,WATERVILLE VALLEY RESORT (USA),Men's Moguls,Results Qualification,GAY Paul Andrea,2538751,FRA,24,71.78,13.86,45.2,12.72,1,7oG,1.01,6.0,6.2,2,10op,1.05,6.1,6.4
FIS FREESTYLE SKI WORLD CUP 2026,2026-01-16,WATERVILLE VALLEY RESORT (USA),Men's Moguls,Results Qualification,TOBEY Gavin,2535388,USA,28,70.55,15.33,42.9,12.32,1,7oG,1.01,7.1,6.6,2,7op,0.88,5.9,6.4
FIS FREESTYLE SKI WORLD CUP 2026,2026-01-16,WATERVILLE VALLEY RESORT (USA),Men's Moguls,Results Qualification,KARJALAINEN,2534001,FIN,50,21.46,9.79,0.3,11.37,1,7op,0.88,5.8,6.1,2,10op,1.05,6.0,5.7
FIS FREESTYLE SKI WORLD CUP 2026,2026-01-16,WATERVILLE VALLEY RESORT (USA),Men's Moguls,Results Final 1,PAGE Nick,2533462,USA,5,78.94,15.54,48.0,15.4,1,7oG,1.01,7.0,7.3,2,10op,1.05,8.1,7.5
FIS FREESTYLE SKI WORLD CUP 2026,2026-01-16,WATERVILLE VALLEY RESORT (USA),Men's Moguls,Results Final 2,GRAVENFORS Filip,2534858,SWE,2,80.54,17.02,47.0,16.52,1,10oG,1.2,8.3,7.8,2,7op,0.88,7.8,7.8
FIS FREESTYLE SKI WORLD CUP 2026,2026-01-16,WATERVILLE VALLEY RESORT (USA),Women's Moguls,Results Qualification,GIACCIO Olivia,2532241,USA,2,76.71,16.53,46.4,13.78,1,7oG,1.11,5.9,5.8,2,7op,0.98,7.8,7.1
FIS FREESTYLE SKI WORLD CUP 2026,2026-01-16,WATERVILLE VALLEY RESORT (USA),Women's Moguls,Results Qualification,HOGG Kasey,2534251,USA,6,73.08,15.79,45.7,11.59,1,bp,0.81,6.5,5.9,2,bG,0.92,7.3,7.0
FIS FREESTYLE SKI WORLD CUP 2026,2026-01-16,WATERVILLE VALLEY RESORT (USA),Women's Moguls,Results Qualification,FUJIKI Hina,2533039,JPN,21,64.94,12.78,42.1,10.06,1,bG,0.92,4.8,5.3,2,bp,0.81,6.6,6.8
FIS FREESTYLE SKI WORLD CUP 2026,2026-01-16,WATERVILLE VALLEY RESORT (USA),Women's Moguls,Results Qualification,FEKLISTOVA Yuliya,2539209,KAZ,27,60.38,11.87,38.3,10.21,1,bp,0.81,6.2,5.3,2,bG,0.92,5.8,6.3
FIS FREESTYLE SKI WORLD CUP 2026,2026-01-16,WATERVILLE VALLEY RESORT (USA),Women's Moguls,Results Qualification,MALHERBE Malica,2535457,RSA,35,45.46,11.33,25.4,8.73,1,bG,0.92,5.8,5.0,2,bp,0.81,5.0,4.3
FIS FREESTYLE SKI WORLD CUP 2026,2026-01-16,WATERVILLE VALLEY RESORT (USA),Women's Moguls,Results Qualification,IVANOVA Svetlana,2527797,AIN,37,41.44,10.37,21.3,9.77,1,bT,0.78,6.1,6.6,2,bG,0.92,5.5,5.0
FIS FREESTYLE SKI WORLD CUP 2026,2026-01-16,WATERVILLE VALLEY RESORT (USA),Men's Moguls,Results Qualification,VIERELA Severi,2533386,FIN,14,73.91,16.04,44.2,13.67,1,7oG,1.01,7.3,6.8,2,10op,1.05,6.3,6.2
FIS FREESTYLE SKI WORLD CUP 2026,2026-01-16,WATERVILLE VALLEY RESORT (USA),Men's Moguls,Results Qualification,WALCZYK Dylan,2527085,USA,21,72.27,14.28,46.9,11.09,1,bG,0.82,6.8,6.0,2,7op,0.88,7.0,6.3
FIS FREESTYLE SKI WORLD CUP 2026,2026-01-16,WATERVILLE VALLEY RESORT (USA),Men's Moguls,Results Qualification,BEAULIEU Charles,2535304,CAN,23,72.07,15.54,43.0,13.53,1,7oG,1.01,6.4,6.9,2,10op,1.05,6.2,6.8
FIS FREESTYLE SKI WORLD CUP 2026,2026-01-16,WATERVILLE VALLEY RESORT (USA),Men's Moguls,Results Qualification,VERDAGUER FORN,2535379,ESP,44,63.63,13.76,40.5,9.37,1,bF,0.88,6.9,6.0,2,7op,0.88,4.0,4.4
FIS FREESTYLE SKI WORLD CUP 2026,2026-01-16,WATERVILLE VALLEY RESORT (USA),Women's Moguls,Results Qualification,KRUGER Eden,2538897,USA,33,51.18,8.4,35.2,7.58,1,bG,0.92,3.8,4.6,2,bp,0.81,4.2,5.0
FIS FREESTYLE SKI WORLD CUP 2026,2026-01-09,VAL ST. COME (CAN),Women's Moguls,Results Qualification,PERSSON Lenna,2538575,NZL,37,47.38,12.51,27.6,7.27,1,bp,0.81,4.8,5.0,2,bG,0.92,3.4,3.8
FIS FREESTYLE SKI WORLD CUP 2026,2026-01-09,VAL ST. COME (CAN),Women's Moguls,Results Qualification,TIMPONE Sofia Carla,2539655,ITA,47,27.95,4.11,18.7,5.14,1,3,0.78,3.4,3.2,2,bT,0.78,3.3,3.3
FIS FREESTYLE SKI WORLD CUP 2026,2026-01-16,WATERVILLE VALLEY RESORT (USA),Men's Moguls,Results Qualification,WOODS Cooper,2532161,AUS,22,72.07,14.74,44.5,12.83,1,bF,0.88,8.1,7.8,2,7op,0.88,6.2,7.1
FIS FREESTYLE SKI WORLD CUP 2026,2026-01-16,WATERVILLE VALLEY RESORT (USA),Men's Moguls,Results Qualification,McDONALD Cole,2534511,USA,29,70.31,13.58,44.7,12.03,1,7op,0.88,5.9,5.6,2,10op,1.05,6.8,6.5
FIS FREESTYLE SKI WORLD CUP 2026,2026-01-16,WATERVILLE VALLEY RESORT (USA),Men's Moguls,Results Qualification,KUST Jameson,2538096,USA,35,67.72,14.37,41.4,11.95,1,bF,0.88,7.1,6.2,2,7oG,1.01,6.3,5.8
FIS FREESTYLE SKI WORLD CUP 2026,2026-01-16,WATERVILLE VALLEY RESORT (USA),Men's Moguls,Results Final 1,MOUILLE Thibaud,2532044,FRA,10,77.33,13.93,46.9,16.5,1,10op,1.05,8.2,7.2,2,14op,1.22,7.0,6.8
FIS FREESTYLE SKI WORLD CUP 2026,2026-01-16,WATERVILLE VALLEY RESORT (USA),Women's Moguls,Results Qualification,KARIOTIS Kylie,2534866,USA,11,69.98,14.99,43.9,11.09,1,bG,0.92,6.2,6.4,2,bp,0.81,6.4,6.7
FIS FREESTYLE SKI WORLD CUP 2026,2026-01-16,WATERVILLE VALLEY RESORT (USA),Women's Moguls,Results Qualification,BOSCO Emma,2532927,AUS,23,62.99,12.33,41.1,9.56,1,bG,0.92,4.8,5.7,2,bL,0.81,5.6,6.1
FIS FREESTYLE SKI WORLD CUP 2026,2026-01-09,VAL ST. COME (CAN),Women's Moguls,Results Qualification,DOOLEY Claire,2535435,IRL,43,37.49,8.2,22.5,6.79,1,3,0.78,4.3,4.2,2,bL,0.81,4.5,4.1
FIS FREESTYLE SKI WORLD CUP 2026,2026-01-16,WATERVILLE VALLEY RESORT (USA),Men's Moguls,Results Qualification,DUBUC Joey,2535858,CAN,26,71.18,16.17,43.1,11.91,1,bF,0.88,7.6,8.1,2,7op,0.88,5.5,5.9
FIS FREESTYLE SKI WORLD CUP 2026,2026-01-16,WATERVILLE VALLEY RESORT (USA),Men's Moguls,Results Qualification,CORDELL Sam,2532530,CAN,31,70.18,14.66,46.0,9.52,1,7oG,1.01,5.5,5.0,2,bp,0.71,6.0,5.9
FIS FREESTYLE SKI WORLD CUP 2026,2026-01-16,WATERVILLE VALLEY RESORT (USA),Men's Moguls,Results Qualification,LEE Yoonseung,2537625,KOR,32,69.73,15.37,42.0,12.36,1,bF,0.88,7.0,7.4,2,7op,0.88,6.4,7.3
FIS FREESTYLE SKI WORLD CUP 2026,2026-01-16,WATERVILLE VALLEY RESORT (USA),Men's Moguls,Results Final 1,WENDLER Landon,2534140,USA,7,78.37,14.7,49.2,14.47,1,7op,0.88,7.7,7.2,2,7oG,1.01,8.0,7.7
FIS FREESTYLE SKI WORLD CUP 2026,2026-01-16,WATERVILLE VALLEY RESORT (USA),Men's Moguls,Results Final 1,FUJIMURA Ikkei,2538302,JPN,11,77.22,16.62,46.9,13.7,1,10op,1.05,7.2,6.6,2,7oG,1.01,6.3,6.5
FIS FREESTYLE SKI WORLD CUP 2026,2026-01-16,WATERVILLE VALLEY RESORT (USA),Men's Moguls,Results Final 1,VIERELA Severi,2533386,FIN,13,73.31,16.0,43.9,13.41,1,7oG,1.01,7.3,7.8,2,14op,1.22,4.6,4.9
FIS FREESTYLE SKI WORLD CUP 2026,2026-01-16,WATERVILLE VALLEY RESORT (USA),Women's Moguls,Results Qualification,JOHNSON Tess,2532270,USA,7,72.36,16.98,42.7,12.68,1,7oG,1.11,5.0,5.1,2,bG,0.92,7.8,7.6
FIS FREESTYLE SKI WORLD CUP 2026,2026-01-16,WATERVILLE VALLEY RESORT (USA),Women's Moguls,Results Qualification,NAKAO Haruka,2533488,JPN,24,62.92,12.6,42.4,7.92,1,bG,0.92,3.5,4.4,2,bp,0.81,5.1,5.5
FIS FREESTYLE SKI WORLD CUP 2026,2026-01-16,WATERVILLE VALLEY RESORT (USA),Women's Moguls,Results Qualification,GUSTAFSON Moa,2535767,SWE,30,55.72,16.07,32.6,7.05,1,bG,0.92,4.8,5.8,2,bp,0.81,2.5,2.9
FIS FREESTYLE SKI WORLD CUP 2026,2026-01-09,VAL ST. COME (CAN),Women's Moguls,Results Qualification,LI Ruilin,2537198,CHN,38,47.24,10.71,30.7,5.83,1,bp,0.81,4.0,4.4,2,bG,0.92,2.4,2.9
FIS FREESTYLE SKI WORLD CUP 2026,2026-01-09,VAL ST. COME (CAN),Women's Moguls,Results Qualification,MA Zhuoni,2533012,CHN,44,36.96,8.6,22.4,5.96,1,bG,0.92,2.8,3.5,2,bp,0.81,3.8,3.8
FIS FREESTYLE SKI WORLD CUP 2026,2026-01-09,VAL ST. COME (CAN),Women's Moguls,Results Qualification,YUN Shin-Ee,2537929,KOR,49,7.88,0.0,0.3,7.58,1,bp,0.81,4.2,4.2,2,bG,0.92,4.6,4.5
FIS FREESTYLE SKI WORLD CUP 2026,2026-01-16,WATERVILLE VALLEY RESORT (USA),Men's Moguls,Results Qualification,WENDLER Landon,2534140,USA,6,76.7,14.12,49.1,13.48,1,7op,0.88,6.4,6.6,2,7oG,1.01,7.8,7.6
FIS FREESTYLE SKI WORLD CUP 2026,2026-01-16,WATERVILLE VALLEY RESORT (USA),Men's Moguls,Results Final 1,HORISHIMA Ikuma,2529645,JPN,1,83.71,16.31,51.0,16.4,1,bF,0.88,8.5,8.5,2,10op,1.05,8.3,8.7
FIS FREESTYLE SKI WORLD CUP 2026,2026-01-16,WATERVILLE VALLEY RESORT (USA),Men's Moguls,Results Final 1,VIEL Julien,2534074,CAN,3,81.63,16.49,49.7,15.44,1,bF,0.88,8.2,8.1,2,7oG,1.01,8.2,8.2
FIS FREESTYLE SKI WORLD CUP 2026,2026-01-16,WATERVILLE VALLEY RESORT (USA),Women's Moguls,Results Qualification,WILSON Charlotte,2535796,AUS,10,70.92,16.33,42.7,11.89,1,bG,0.92,7.9,7.5,2,bp,0.81,6.3,5.6
FIS FREESTYLE SKI WORLD CUP 2026,2026-01-16,WATERVILLE VALLEY RESORT (USA),Women's Moguls,Results Qualification,PERSSON Lenna,2538575,NZL,31,55.04,11.46,35.0,8.58,1,bp,0.81,5.5,4.7,2,bG,0.92,5.0,4.7
FIS FREESTYLE SKI WORLD CUP 2026,2026-01-16,WATERVILLE VALLEY RESORT (USA),Women's Moguls,Results Qualification,STENKULA Nicolina,2537789,SWE,40,25.02,7.68,10.2,7.14,1,bG,0.92,2.5,3.0,2,bp,0.81,5.4,6.0
FIS FREESTYLE SKI WORLD CUP 2026,2026-01-16,WATERVILLE VALLEY RESORT (USA),Men's Moguls,Results Qualification,VERDAGUER FORN,2537082,ESP,25,71.24,14.38,46.1,10.76,1,bG,0.82,7.0,6.4,2,7op,0.88,6.1,5.9
FIS FREESTYLE SKI WORLD CUP 2026,2026-01-16,WATERVILLE VALLEY RESORT (USA),Men's Moguls,Results Qualification,STEGFELDT Rasmus,2531923,SWE,30,70.29,17.79,42.8,9.7,1,7oG,1.01,6.0,4.7,2,bG,0.82,4.8,5.7
FIS FREESTYLE SKI WORLD CUP 2026,2026-01-16,WATERVILLE VALLEY RESORT (USA),Men's Moguls,Results Qualification,CONEDERA Martino,2532502,SUI,47,59.91,13.29,37.0,9.62,1,10op,1.05,4.8,4.5,2,7oG,1.01,5.0,4.4
FIS FREESTYLE SKI WORLD CUP 2026,2026-01-16,WATERVILLE VALLEY RESORT (USA),Men's Moguls,Results Final 1,MICHEL Asher,2537833,USA,9,77.48,15.9,47.6,13.98,1,7oG,1.01,7.5,6.9,2,bG,0.82,7.8,8.6
FIS FREESTYLE SKI WORLD CUP 2026,2026-01-16,WATERVILLE VALLEY RESORT (USA),Men's Moguls,Results Final 2,HIRAYAMA Shota,2531908,JPN,3,79.47,16.4,48.0,15.07,1,bF,0.88,7.3,7.8,2,7oG,1.01,8.4,8.3
FIS FREESTYLE SKI WORLD CUP 2026,2026-01-16,WATERVILLE VALLEY RESORT (USA),Women's Moguls,Results Qualification,GALYSHEVA Yuliya,2484307,KAZ,12,69.96,15.3,42.8,11.86,1,bG,0.92,6.6,6.0,2,fG,0.92,6.7,6.5
FIS FREESTYLE SKI WORLD CUP 2026,2026-01-16,WATERVILLE VALLEY RESORT (USA),Women's Moguls,Results Qualification,MIKKELSEN Maya,2534235,CAN,22,63.57,13.25,41.2,9.12,1,bG,0.92,4.3,4.1,2,bp,0.81,6.4,6.6
FIS FREESTYLE SKI WORLD CUP 2026,2026-01-16,WATERVILLE VALLEY RESORT (USA),Women's Moguls,Results Qualification,MA Zhuoni,2533012,CHN,38,40.91,6.97,26.9,7.04,1,bG,0.92,3.8,2.9,2,bp,0.81,5.0,4.8
FIS FREESTYLE SKI WORLD CUP 2026,2026-01-09,VAL ST. COME (CAN),Women's Moguls,Results Qualification,LAROCHE Florence,2538248,CAN,39,47.1,15.7,21.7,9.7,1,bT,0.78,7.2,7.8,2,bG,0.92,4.2,4.2
FIS FREESTYLE SKI WORLD CUP 2026,2026-01-09,VAL ST. COME (CAN),Women's Moguls,Results Qualification,KISIL Yuliana,2538191,UKR,45,32.28,5.71,20.7,5.87,1,NJ,0.0,0.0,0.0,2,bp,0.81,7.2,7.3
FIS FREESTYLE SKI WORLD CUP 2026,2026-01-16,WATERVILLE VALLEY RESORT (USA),Men's Moguls,Results Qualification,GRAHAM Matt,2441426,AUS,3,78.34,15.55,50.0,12.79,1,bF,0.88,7.8,7.2,2,7op,0.88,6.8,7.3
FIS FREESTYLE SKI WORLD CUP 2026,2026-01-16,WATERVILLE VALLEY RESORT (USA),Men's Moguls,Results Qualification,VAILLANCOURT Elliot,2532513,CAN,19,72.51,15.97,44.3,12.24,1,7op,0.88,6.3,6.4,2,7oG,1.01,6.5,6.7
FIS FREESTYLE SKI WORLD CUP 2026,2026-01-16,WATERVILLE VALLEY RESORT (USA),Men's Moguls,Results Qualification,WANG Renda,2537252,CHN,39,65.0,16.2,38.7,10.1,1,bF,0.88,6.5,6.3,2,bp,0.71,6.2,6.4
FIS FREESTYLE SKI WORLD CUP 2026,2026-01-16,WATERVILLE VALLEY RESORT (USA),Men's Moguls,Results Qualification,BUZZI Enea,2533002,SUI,48,54.75,14.28,33.2,7.27,1,7oG,1.01,4.2,4.2,2,7op,0.88,3.0,3.9
FIS FREESTYLE SKI WORLD CUP 2026,2026-01-16,WATERVILLE VALLEY RESORT (USA),Men's Moguls,Results Final 2,PAGE Nick,2533462,USA,5,78.92,16.46,47.1,15.36,1,7oG,1.01,7.0,7.6,2,14op,1.22,6.5,6.6
FIS FREESTYLE SKI WORLD CUP 2026,2026-01-16,WATERVILLE VALLEY RESORT (USA),Women's Moguls,Results Qualification,LEMLEY Elizabeth,2537762,USA,3,75.84,15.62,45.1,15.12,1,lG,0.92,6.4,7.2,2,7oG,1.11,7.9,8.1
FIS FREESTYLE SKI WORLD CUP 2026,2026-01-16,WATERVILLE VALLEY RESORT (USA),Women's Moguls,Results Qualification,LINTON Jessica,2533613,CAN,20,64.96,13.81,43.6,7.55,1,bG,0.92,2.5,3.0,2,bp,0.81,6.2,6.2
FIS FREESTYLE SKI WORLD CUP 2026,2026-01-16,WATERVILLE VALLEY RESORT (USA),Women's Moguls,Results Qualification,RAMSAUER Katharina,2530097,AUT,28,58.97,13.17,34.1,11.7,1,bT,0.78,7.0,6.4,2,bG,0.92,7.2,6.9
FIS FREESTYLE SKI WORLD CUP 2026,2026-01-16,WATERVILLE VALLEY RESORT (USA),Women's Moguls,Results Qualification,McLARNON Abby,2538430,USA,34,48.53,13.66,26.9,7.97,1,bG,0.92,3.5,3.1,2,bp,0.81,6.2,6.0
FIS FREESTYLE SKI WORLD CUP 2026,2026-01-16,WATERVILLE VALLEY RESORT (USA),Women's Moguls,Results Final 1,ANTHONY Jakara,2530720,AUS,1,81.59,16.57,48.3,16.72,1,7oG,1.11,8.2,8.1,2,bG,0.92,8.6,8.1
FIS FREESTYLE SKI WORLD CUP 2026,2026-01-09,VAL ST. COME (CAN),Women's Moguls,Results Qualification,GODBOUT Rowanne,2535638,CAN,36,47.71,11.53,28.5,7.68,1,bT,0.78,4.9,4.8,2,bG,0.92,4.3,4.2
FIS FREESTYLE SKI WORLD CUP 2026,2026-01-16,WATERVILLE VALLEY RESORT (USA),Men's Moguls,Results Qualification,VIEL Julien,2534074,CAN,5,76.95,16.28,47.7,12.97,1,bF,0.88,7.2,6.8,2,7op,0.88,7.5,8.0
FIS FREESTYLE SKI WORLD CUP 2026,2026-01-16,WATERVILLE VALLEY RESORT (USA),Men's Moguls,Results Qualification,FUJIMURA Ikkei,2538302,JPN,15,73.71,16.11,44.0,13.6,1,10op,1.05,5.7,5.8,2,7oG,1.01,7.3,7.7
FIS FREESTYLE SKI WORLD CUP 2026,2026-01-16,WATERVILLE VALLEY RESORT (USA),Men's Moguls,Results Qualification,MERZ Linus,2533504,GER,41,64.7,14.89,40.6,9.21,1,7oG,1.01,5.0,4.4,2,bp,0.71,6.4,6.2
FIS FREESTYLE SKI WORLD CUP 2026,2026-01-16,WATERVILLE VALLEY RESORT (USA),Men's Moguls,Results Qualification,YEMELYANOV Maxim,2535387,KAZ,46,60.58,13.58,37.5,9.5,1,7oG,1.01,5.6,4.6,2,7op,0.88,5.5,4.4
FIS FREESTYLE SKI WORLD CUP 2026,2026-01-16,WATERVILLE VALLEY RESORT (USA),Men's Moguls,Results Final 1,HIRAYAMA Shota,2531908,JPN,6,78.85,16.78,47.7,14.37,1,bF,0.88,8.2,7.7,2,bG,0.82,9.0,9.0
FIS FREESTYLE SKI WORLD CUP 2026,2026-01-16,WATERVILLE VALLEY RESORT (USA),Men's Moguls,Results Final 1,DUFRESNE Gabriel,2530240,CAN,15,66.84,18.05,35.5,13.29,1,10op,1.05,7.0,6.7,2,bG,0.82,7.0,7.9
FIS FREESTYLE SKI WORLD CUP 2026,2026-01-16,WATERVILLE VALLEY RESORT (USA),Women's Moguls,Results Qualification,ANTHONY Jakara,2530720,AUS,1,80.04,16.79,48.8,14.45,1,7oG,1.11,7.2,7.4,2,bp,0.81,7.9,7.8
FIS FREESTYLE SKI WORLD CUP 2026,2026-01-16,WATERVILLE VALLEY RESORT (USA),Women's Moguls,Results Qualification,KAJIWARA Yuki,2533769,JPN,41,16.29,0.0,6.3,9.99,1,bG,0.92,3.5,3.8,2,bp,0.81,8.2,8.2
FIS FREESTYLE SKI WORLD CUP 2026,2026-01-09,VAL ST. COME (CAN),Women's Moguls,Results Qualification,FEKLISTOVA Yuliya,2539209,KAZ,41,43.1,12.34,23.5,7.26,1,bp,0.81,4.2,4.1,2,bG,0.92,4.2,4.3
FIS FREESTYLE SKI WORLD CUP 2026,2026-01-16,WATERVILLE VALLEY RESORT (USA),Men's Moguls,Results Qualification,HIRAYAMA Shota,2531908,JPN,7,76.61,15.82,47.0,13.79,1,bF,0.88,7.8,6.7,2,7oG,1.01,7.7,7.0
FIS FREESTYLE SKI WORLD CUP 2026,2026-01-16,WATERVILLE VALLEY RESORT (USA),Men's Moguls,Results Qualification,MARCELLINI Dylan,2534089,USA,27,70.92,14.01,45.1,11.81,1,7op,0.88,5.4,5.4,2,7oG,1.01,7.3,6.7
FIS FREESTYLE SKI WORLD CUP 2026,2026-01-16,WATERVILLE VALLEY RESORT (USA),Men's Moguls,Results Qualification,GAJDECKA Marek,2535392,CZE,38,65.54,13.11,42.5,9.93,1,7oG,1.01,6.2,6.0,2,bG,0.82,4.2,5.0
FIS FREESTYLE SKI WORLD CUP 2026,2026-01-16,WATERVILLE VALLEY RESORT (USA),Men's Moguls,Results Qualification,RUSSAKOV Semyon,2537324,KAZ,43,64.04,12.2,40.3,11.54,1,bF,0.88,6.4,6.3,2,7oG,1.01,5.8,6.0
FIS FREESTYLE SKI WORLD CUP 2026,2026-01-16,WATERVILLE VALLEY RESORT (USA),Men's Moguls,Results Final 1,MICKEL Charlie,2537180,USA,4,80.33,16.49,48.1,15.74,1,10op,1.05,7.8,6.9,2,7oG,1.01,7.9,8.0
FIS FREESTYLE SKI WORLD CUP 2026,2026-01-16,WATERVILLE VALLEY RESORT (USA),Women's Moguls,Results Qualification,DUAUX Marie,2537443,FRA,19,65.97,12.16,41.4,12.41,1,bF,0.98,6.4,6.3,2,bp,0.81,7.8,7.5
FIS FREESTYLE SKI WORLD CUP 2026,2026-02-28,NANTO-TOYAMA (JPN),Men's Moguls,Results Final 1,CORDELL Sam,2532530,CAN,7,75.14,16.33,44.1,14.71,1,7oG,1.01,8.3,7.2,2,bG,0.82,8.7,8.1
FIS FREESTYLE SKI WORLD CUP 2026,2026-02-28,NANTO-TOYAMA (JPN),Men's Moguls,Results Final 1,VIEL Julien,2534074,CAN,10,71.45,17.43,41.2,12.82,1,10op,1.05,7.0,6.2,2,7op,0.88,6.6,6.8
FIS FREESTYLE SKI WORLD CUP 2026,2026-02-28,NANTO-TOYAMA (JPN),Men's Moguls,Results Final 1,NISHIZAWA Taketo,2531352,JPN,11,71.44,17.22,39.9,14.32,1,10op,1.05,7.6,7.0,2,7oG,1.01,6.9,6.3
FIS FREESTYLE SKI WORLD CUP 2026,2026-02-28,NANTO-TOYAMA (JPN),Men's Moguls,Results Final 1,SHIMAKAWA Takuya,2530672,JPN,13,65.75,16.79,35.1,13.86,1,bG,0.82,8.5,8.8,2,7op,0.88,7.0,8.4
FIS FREESTYLE SKI WORLD CUP 2026,2026-02-28,NANTO-TOYAMA (JPN),Women's Moguls,Results Qualification,ASANO Shiori,2534377,JPN,16,61.9,16.06,33.7,12.14,1,bG,0.92,6.1,7.0,2,bp,0.81,7.0,8.1
FIS FREESTYLE SKI WORLD CUP 2026,2026-02-28,NANTO-TOYAMA (JPN),Women's Moguls,Results Qualification,GUSTAFSON Moa,2535767,SWE,17,61.01,15.38,34.8,10.83,1,lG,0.92,6.1,6.3,2,bp,0.81,5.8,6.9
FIS FREESTYLE SKI WORLD CUP 2026,2026-02-28,NANTO-TOYAMA (JPN),Women's Moguls,Results Qualification,LINTON Jessica,2533613,CAN,22,57.07,16.79,29.6,10.68,1,7op,0.98,5.2,4.8,2,bp,0.81,7.2,7.1
FIS FREESTYLE SKI WORLD CUP 2026,2026-02-28,NANTO-TOYAMA (JPN),Women's Moguls,Results Final 1,ANTHONY Jakara,2530720,AUS,13,62.49,20.0,31.9,10.59,1,7oG,1.11,7.9,7.7,2,bp,0.81,1.8,3.0
FIS FREESTYLE SKI WORLD CUP 2026,2026-02-28,NANTO-TOYAMA (JPN),Men's Moguls,Results Qualification,SHIMAKAWA Takuya,2530672,JPN,14,69.56,16.56,39.7,13.3,1,bG,0.82,8.2,8.7,2,7op,0.88,6.9,7.6
FIS FREESTYLE SKI WORLD CUP 2026,2026-02-28,NANTO-TOYAMA (JPN),Men's Moguls,Results Qualification,VAILLANCOURT Elliot,2532513,CAN,19,66.98,18.19,35.4,13.39,1,10op,1.05,6.7,6.8,2,bG,0.82,7.8,7.6
FIS FREESTYLE SKI WORLD CUP 2026,2026-02-28,NANTO-TOYAMA (JPN),Men's Moguls,Results Final 1,DUBUC Joey,2535858,CAN,12,70.86,15.17,41.5,14.19,1,7oG,1.01,7.3,7.5,2,bG,0.82,8.5,7.9
FIS FREESTYLE SKI WORLD CUP 2026,2026-02-28,NANTO-TOYAMA (JPN),Men's Moguls,Results Final 1,PAGE Nick,2533462,USA,15,52.83,17.34,23.5,11.99,1,bF,0.88,7.7,7.4,2,bp,0.71,7.6,7.5
FIS FREESTYLE SKI WORLD CUP 2026,2026-02-28,NANTO-TOYAMA (JPN),Women's Moguls,Results Qualification,ANTHONY Jakara,2530720,AUS,2,74.29,15.82,43.1,15.37,1,7oG,1.11,8.0,7.3,2,bp,0.81,8.7,8.3
FIS FREESTYLE SKI WORLD CUP 2026,2026-02-28,NANTO-TOYAMA (JPN),Women's Moguls,Results Qualification,HOGG Kasey,2534251,USA,7,70.8,15.38,42.9,12.52,1,bG,0.92,7.1,7.3,2,bp,0.81,6.8,7.8
FIS FREESTYLE SKI WORLD CUP 2026,2026-02-28,NANTO-TOYAMA (JPN),Women's Moguls,Results Qualification,CABROL Camille,2530274,FRA,27,46.81,14.39,24.2,8.22,1,bp,0.81,6.1,6.6,2,bG,0.92,3.2,3.5
FIS FREESTYLE SKI WORLD CUP 2026,2026-02-28,NANTO-TOYAMA (JPN),Women's Moguls,Results Final 1,JOHNSON Tess,2532270,USA,5,71.9,17.31,41.2,13.39,1,7oG,1.11,5.5,4.8,2,bG,0.92,8.5,8.2
FIS FREESTYLE SKI WORLD CUP 2026,2026-02-28,NANTO-TOYAMA (JPN),Women's Moguls,Results Final 1,DESMARAIS-GILBERT,2531811,CAN,16,37.88,14.1,13.9,9.88,1,bG,0.92,6.0,5.9,2,bp,0.81,5.7,5.2
FIS FREESTYLE SKI WORLD CUP 2026,2026-01-16,WATERVILLE VALLEY RESORT (USA),Women's Moguls,Results Final 1,JOHNSON Tess,2532270,USA,8,74.22,16.81,43.1,14.31,1,7oG,1.11,5.8,6.0,2,bG,0.92,8.5,8.4
FIS FREESTYLE SKI WORLD CUP 2026,2026-01-16,WATERVILLE VALLEY RESORT (USA),Women's Moguls,Results Final 2,GIACCIO Olivia,2532241,USA,3,76.6,15.59,46.5,14.51,1,7oG,1.11,6.8,6.3,2,7op,0.98,7.2,7.6
FIS FREESTYLE SKI WORLD CUP 2026,2026-02-28,NANTO-TOYAMA (JPN),Men's Moguls,Results Final 1,WENDLER Landon,2534140,USA,2,77.0,16.17,45.6,15.23,1,7op,0.88,8.1,7.6,2,7oG,1.01,8.4,8.1
FIS FREESTYLE SKI WORLD CUP 2026,2026-02-28,NANTO-TOYAMA (JPN),Men's Moguls,Results Final 2,MICKEL Charlie,2537180,USA,5,73.45,16.47,41.2,15.78,1,7oG,1.01,8.4,8.2,2,10op,1.05,7.0,7.1
FIS FREESTYLE SKI WORLD CUP 2026,2026-02-28,NANTO-TOYAMA (JPN),Women's Moguls,Results Final 1,TOMITAKA Hinako,2532031,JPN,3,72.91,16.56,42.6,13.75,1,7oG,1.11,7.1,6.2,2,7op,0.98,6.5,6.5
FIS FREESTYLE SKI WORLD CUP 2026,2026-02-28,NANTO-TOYAMA (JPN),Women's Moguls,Results Final 1,HOGG Kasey,2534251,USA,6,70.86,16.79,40.8,13.27,1,bG,0.92,7.3,7.4,2,bp,0.81,8.5,7.6
FIS FREESTYLE SKI WORLD CUP 2026,2026-02-28,NANTO-TOYAMA (JPN),Women's Moguls,Results Final 1,CARROLL Avital,2529074,AUT,11,68.16,16.8,39.2,12.16,1,bG,0.92,7.2,7.1,2,bp,0.81,7.0,6.8
FIS FREESTYLE SKI WORLD CUP 2026,2026-01-16,WATERVILLE VALLEY RESORT (USA),Women's Moguls,Results Final 1,KARIOTIS Kylie,2534866,USA,15,27.46,7.03,9.3,11.13,1,bG,0.92,6.4,6.2,2,bp,0.81,6.6,6.6
FIS FREESTYLE SKI WORLD CUP 2026,2026-02-28,NANTO-TOYAMA (JPN),Men's Moguls,Results Final 1,HORISHIMA Ikuma,2529645,JPN,3,76.2,17.57,44.9,13.73,1,bF,0.88,7.0,6.8,2,10op,1.05,7.4,7.2
FIS FREESTYLE SKI WORLD CUP 2026,2026-02-28,NANTO-TOYAMA (JPN),Men's Moguls,Results Final 2,GRAHAM Matt,2441426,AUS,1,78.42,17.51,45.5,15.41,1,bF,0.88,8.3,8.0,2,10op,1.05,7.6,8.1
FIS FREESTYLE SKI WORLD CUP 2026,2026-02-28,NANTO-TOYAMA (JPN),Men's Moguls,Results Qualification,ROBERTS Charlie,2538584,GER,26,60.32,15.04,34.7,10.58,1,7op,0.88,6.3,6.8,2,bp,0.71,6.4,7.2
FIS FREESTYLE SKI WORLD CUP 2026,2026-02-28,NANTO-TOYAMA (JPN),Women's Moguls,Results Qualification,RAMSAUER Katharina,2530097,AUT,25,51.34,13.58,27.5,10.26,1,bT,0.78,6.8,6.8,2,bG,0.92,5.5,5.3
FIS FREESTYLE SKI WORLD CUP 2026,2026-02-28,NANTO-TOYAMA (JPN),Women's Moguls,Results Final 1,TAGUCHI Yuma,2537043,JPN,8,70.1,16.93,40.6,12.57,1,bG,0.92,7.0,6.7,2,7op,0.98,6.5,6.3
FIS FREESTYLE SKI WORLD CUP 2026,2026-02-28,NANTO-TOYAMA (JPN),Women's Moguls,Results Final 1,ASANO Shiori,2534377,JPN,15,45.41,15.82,17.7,11.89,1,7op,0.98,6.2,6.2,2,bp,0.81,6.8,7.6
FIS FREESTYLE SKI WORLD CUP 2026,2026-01-16,WATERVILLE VALLEY RESORT (USA),Women's Moguls,Results Final 1,LEMLEY Elizabeth,2537762,USA,4,75.62,13.87,47.1,14.65,1,7op,0.98,6.5,5.4,2,7oG,1.11,8.1,7.8
FIS FREESTYLE SKI WORLD CUP 2026,2026-01-16,WATERVILLE VALLEY RESORT (USA),Women's Moguls,Results Final 1,TAGUCHI Yuma,2537043,JPN,9,73.62,14.86,45.8,12.96,1,bG,0.92,5.5,6.4,2,7op,0.98,7.3,8.0
FIS FREESTYLE SKI WORLD CUP 2026,2026-02-28,NANTO-TOYAMA (JPN),Men's Moguls,Results Qualification,WENDLER Landon,2534140,USA,9,72.31,17.15,42.8,12.36,1,7op,0.88,8.2,7.9,2,bp,0.71,7.6,7.3
FIS FREESTYLE SKI WORLD CUP 2026,2026-02-28,NANTO-TOYAMA (JPN),Men's Moguls,Results Final 1,FUJIMURA Ikkei,2538302,JPN,1,77.77,17.4,44.6,15.77,1,10op,1.05,8.3,8.0,2,7oG,1.01,7.0,7.3
FIS FREESTYLE SKI WORLD CUP 2026,2026-02-28,NANTO-TOYAMA (JPN),Men's Moguls,Results Final 1,MICHEL Asher,2537833,USA,9,74.58,15.33,43.4,15.85,1,7oG,1.01,8.0,7.6,2,10op,1.05,8.0,7.2
FIS FREESTYLE SKI WORLD CUP 2026,2026-02-28,NANTO-TOYAMA (JPN),Women's Moguls,Results Qualification,LUNDHOLM Elis,2534864,SWE,21,57.38,12.14,33.6,11.64,1,lG,0.92,6.7,6.3,2,bp,0.81,7.0,7.0
FIS FREESTYLE SKI WORLD CUP 2026,2026-02-28,NANTO-TOYAMA (JPN),Women's Moguls,Results Final 1,SCHWINGHAMMER,2533204,CAN,2,72.92,16.97,43.1,12.85,1,7op,0.98,7.3,6.8,2,bp,0.81,7.5,7.2
FIS FREESTYLE SKI WORLD CUP 2026,2026-01-16,WATERVILLE VALLEY RESORT (USA),Women's Moguls,Results Final 1,MACUGA Alli,2534186,USA,12,68.89,16.94,40.3,11.65,1,bp,0.81,6.9,6.1,2,bG,0.92,7.0,6.9
FIS FREESTYLE SKI WORLD CUP 2026,2026-02-28,NANTO-TOYAMA (JPN),Men's Moguls,Results Qualification,NAKAHARA Osuke,2539132,JPN,12,70.61,16.96,41.0,12.65,1,bF,0.88,7.0,7.1,2,10op,1.05,6.0,6.3
FIS FREESTYLE SKI WORLD CUP 2026,2026-02-28,NANTO-TOYAMA (JPN),Men's Moguls,Results Final 1,GRAHAM Matt,2441426,AUS,5,75.52,16.93,44.2,14.39,1,bF,0.88,8.5,7.4,2,10op,1.05,7.0,7.1
FIS FREESTYLE SKI WORLD CUP 2026,2026-02-28,NANTO-TOYAMA (JPN),Men's Moguls,Results Final 2,HORISHIMA Ikuma,2529645,JPN,3,75.63,18.58,42.3,14.75,1,bF,0.88,8.2,8.4,2,10op,1.05,7.1,7.1
FIS FREESTYLE SKI WORLD CUP 2026,2026-02-28,NANTO-TOYAMA (JPN),Women's Moguls,Results Qualification,GIACCIO Olivia,2532241,USA,3,74.09,15.98,43.3,14.81,1,7oG,1.11,7.1,6.9,2,7op,0.98,7.2,7.2
FIS FREESTYLE SKI WORLD CUP 2026,2026-02-28,NANTO-TOYAMA (JPN),Women's Moguls,Results Qualification,TOMITAKA Hinako,2532031,JPN,4,73.57,15.87,44.8,12.9,1,bG,0.92,6.9,7.1,2,7op,0.98,6.2,7.0
FIS FREESTYLE SKI WORLD CUP 2026,2026-01-16,WATERVILLE VALLEY RESORT (USA),Women's Moguls,Results Final 1,TOMITAKA Hinako,2532031,JPN,7,74.53,15.43,45.8,13.3,1,7oG,1.11,7.0,6.2,2,7op,0.98,6.0,6.2
FIS FREESTYLE SKI WORLD CUP 2026,2026-02-28,NANTO-TOYAMA (JPN),Men's Moguls,Results Qualification,MICKEL Charlie,2537180,USA,2,74.38,16.24,43.5,14.64,1,7oG,1.01,7.5,8.1,2,7op,0.88,7.6,7.8
FIS FREESTYLE SKI WORLD CUP 2026,2026-02-28,NANTO-TOYAMA (JPN),Men's Moguls,Results Qualification,GRAHAM Matt,2441426,AUS,4,73.79,16.75,43.5,13.54,1,bF,0.88,8.5,7.6,2,7op,0.88,7.1,7.6
FIS FREESTYLE SKI WORLD CUP 2026,2026-02-28,NANTO-TOYAMA (JPN),Men's Moguls,Results Qualification,McDONALD Cole,2534511,USA,17,68.13,15.85,38.6,13.68,1,bF,0.88,7.1,7.3,2,10op,1.05,7.0,7.0
FIS FREESTYLE SKI WORLD CUP 2026,2026-02-28,NANTO-TOYAMA (JPN),Men's Moguls,Results Qualification,AHVENAINEN Akseli,2533687,FIN,22,65.47,17.2,37.2,11.07,1,bF,0.88,7.5,6.7,2,bp,0.71,7.0,6.6
FIS FREESTYLE SKI WORLD CUP 2026,2026-01-16,WATERVILLE VALLEY RESORT (USA),Women's Moguls,Results Final 1,CARROLL Avital,2529074,AUT,5,74.85,15.75,46.3,12.8,1,bG,0.92,7.8,7.3,2,bp,0.81,7.6,6.9
FIS FREESTYLE SKI WORLD CUP 2026,2026-01-16,WATERVILLE VALLEY RESORT (USA),Women's Moguls,Results Final 1,WILSON Charlotte,2535796,AUS,13,64.41,18.82,33.2,12.39,1,bG,0.92,8.2,8.1,2,bp,0.81,6.2,5.9
FIS FREESTYLE SKI WORLD CUP 2026,2026-02-28,NANTO-TOYAMA (JPN),Men's Moguls,Results Qualification,ANDREEV Nikita,2535067,AIN,27,56.02,16.96,29.4,9.66,1,bF,0.88,5.8,6.2,2,lG,0.82,5.7,5.0
FIS FREESTYLE SKI WORLD CUP 2026,2026-02-28,NANTO-TOYAMA (JPN),Men's Moguls,Results Qualification,KARJALAINEN,2534001,FIN,28,47.43,15.47,21.8,10.16,1,7op,0.88,6.7,7.2,2,lG,0.82,5.2,4.7
FIS FREESTYLE SKI WORLD CUP 2026,2026-02-28,NANTO-TOYAMA (JPN),Men's Moguls,Results Final 1,VIERELA Severi,2533386,FIN,14,62.27,16.78,36.3,9.19,1,10op,1.05,5.4,5.2,2,7oG,1.01,4.3,2.9
FIS FREESTYLE SKI WORLD CUP 2026,2026-02-28,NANTO-TOYAMA (JPN),Women's Moguls,Results Qualification,TAGUCHI Yuma,2537043,JPN,8,69.7,15.16,41.2,13.34,1,bG,0.92,6.7,7.3,2,7op,0.98,6.5,7.6
FIS FREESTYLE SKI WORLD CUP 2026,2026-02-28,NANTO-TOYAMA (JPN),Women's Moguls,Results Qualification,MACUGA Alli,2534186,USA,24,51.73,16.85,27.6,7.28,1,bG,0.92,5.5,5.5,2,bp,0.81,2.3,3.2
FIS FREESTYLE SKI WORLD CUP 2026,2026-02-28,NANTO-TOYAMA (JPN),Women's Moguls,Results Final 1,LAFFONT Perrine,2531156,FRA,1,73.44,17.46,41.3,14.68,1,7op,0.98,7.7,7.0,2,7oG,1.11,6.7,6.8
FIS FREESTYLE SKI WORLD CUP 2026,2026-01-16,WATERVILLE VALLEY RESORT (USA),Women's Moguls,Results Final 1,GALYSHEVA Yuliya,2484307,KAZ,11,70.4,16.13,43.1,11.17,1,bG,0.92,5.5,6.1,2,fG,0.92,6.4,6.3
FIS FREESTYLE SKI WORLD CUP 2026,2026-01-16,WATERVILLE VALLEY RESORT (USA),Women's Moguls,Results Final 2,ANTHONY Jakara,2530720,AUS,1,81.17,15.49,49.0,16.68,1,7oG,1.11,7.8,8.1,2,bG,0.92,8.5,8.6
FIS FREESTYLE SKI WORLD CUP 2026,2026-01-16,WATERVILLE VALLEY RESORT (USA),Women's Moguls,Results Final 2,LEMLEY Elizabeth,2537762,USA,2,78.12,15.57,47.4,15.15,1,7op,0.98,6.8,6.6,2,7oG,1.11,7.9,7.6
FIS FREESTYLE SKI WORLD CUP 2026,2026-02-28,NANTO-TOYAMA (JPN),Men's Moguls,Results Qualification,KAWAOKA Shima,2533771,JPN,21,66.24,18.6,39.1,8.54,1,bF,0.88,7.4,8.0,2,bp,0.71,2.2,2.8
FIS FREESTYLE SKI WORLD CUP 2026,2026-02-28,NANTO-TOYAMA (JPN),Men's Moguls,Results Final 2,WENDLER Landon,2534140,USA,2,78.21,17.28,45.4,15.53,1,7op,0.88,8.6,8.0,2,7oG,1.01,8.0,8.3
FIS FREESTYLE SKI WORLD CUP 2026,2026-02-28,NANTO-TOYAMA (JPN),Men's Moguls,Results Final 2,PENTTALA Olli,2528035,FIN,4,75.46,16.34,42.9,16.22,1,7oG,1.01,8.1,7.2,2,10op,1.05,8.1,8.1
FIS FREESTYLE SKI WORLD CUP 2026,2026-02-28,NANTO-TOYAMA (JPN),Women's Moguls,Results Qualification,KAUF Jaelin,2529064,USA,5,73.0,17.45,41.8,13.75,1,7op,0.98,7.0,6.9,2,bG,0.92,7.4,7.7
FIS FREESTYLE SKI WORLD CUP 2026,2026-02-28,NANTO-TOYAMA (JPN),Women's Moguls,Results Qualification,IVANOVA Svetlana,2527797,AIN,23,51.97,13.24,28.7,10.03,1,bT,0.78,6.7,5.0,2,bG,0.92,6.3,5.6
FIS FREESTYLE SKI WORLD CUP 2026,2026-02-28,NANTO-TOYAMA (JPN),Women's Moguls,Results Final 1,ITO Marin,2534824,JPN,12,63.65,15.5,37.9,10.25,1,bG,0.92,5.5,5.8,2,fG,0.92,5.7,5.3
FIS FREESTYLE SKI WORLD CUP 2026,2026-02-28,NANTO-TOYAMA (JPN),Men's Moguls,Results Qualification,MARCELLINI Dylan,2534089,USA,24,63.62,13.91,38.6,11.11,1,7op,0.88,7.0,6.8,2,7oG,1.01,5.7,4.3
FIS FREESTYLE SKI WORLD CUP 2026,2026-02-28,NANTO-TOYAMA (JPN),Men's Moguls,Results Qualification,MOUILLE Thibaud,2532044,FRA,31,15.54,7.16,0.3,8.08,1,10op,1.05,8.1,7.3,2,NJ,0.0,0.0,0.0
FIS FREESTYLE SKI WORLD CUP 2026,2026-02-28,NANTO-TOYAMA (JPN),Men's Moguls,Results Qualification,DUFRESNE Gabriel,2530240,CAN,32,14.94,1.2,1.0,12.74,1,10op,1.05,6.6,6.9,2,bG,0.82,6.1,7.7
FIS FREESTYLE SKI WORLD CUP 2026,2026-02-28,NANTO-TOYAMA (JPN),Men's Moguls,Results Final 1,FUJIKI Goshin,2529670,JPN,8,74.77,15.26,44.8,14.71,1,bF,0.88,7.4,7.2,2,10op,1.05,8.1,7.7
FIS FREESTYLE SKI WORLD CUP 2026,2026-02-28,NANTO-TOYAMA (JPN),Women's Moguls,Results Qualification,DESMARAIS-GILBERT,2531811,CAN,11,68.04,15.31,41.3,11.43,1,bG,0.92,6.1,6.8,2,bp,0.81,6.2,7.4
FIS FREESTYLE SKI WORLD CUP 2026,2026-02-28,NANTO-TOYAMA (JPN),Women's Moguls,Results Final 1,GIACCIO Olivia,2532241,USA,4,72.66,16.73,42.8,13.13,1,7oG,1.11,8.0,7.2,2,7op,0.98,5.0,4.6
FIS FREESTYLE SKI WORLD CUP 2026,2026-02-28,NANTO-TOYAMA (JPN),Women's Moguls,Results Final 1,KAJIWARA Hisako,2537041,JPN,14,61.89,16.5,35.4,9.99,1,lG,0.92,6.1,6.9,2,7op,0.98,4.0,4.2
FIS FREESTYLE SKI WORLD CUP 2026,2026-01-16,WATERVILLE VALLEY RESORT (USA),Women's Moguls,Results Final 1,GORODKO,2535385,KAZ,6,74.77,16.69,44.0,14.08,1,7oG,1.11,6.3,6.4,2,bG,0.92,7.8,7.5
FIS FREESTYLE SKI WORLD CUP 2026,2026-01-16,WATERVILLE VALLEY RESORT (USA),Women's Moguls,Results Final 2,CARROLL Avital,2529074,AUT,4,73.87,15.48,45.9,12.49,1,bG,0.92,7.6,6.9,2,bp,0.81,6.9,7.5
FIS FREESTYLE SKI WORLD CUP 2026,2026-02-28,NANTO-TOYAMA (JPN),Men's Moguls,Results Qualification,DUBUC Joey,2535858,CAN,15,69.36,14.71,41.3,13.35,1,7oG,1.01,7.0,8.0,2,bG,0.82,6.8,7.3
FIS FREESTYLE SKI WORLD CUP 2026,2026-02-28,NANTO-TOYAMA (JPN),Men's Moguls,Results Qualification,JUNG Daeyoon,2534856,KOR,18,67.93,14.53,40.5,12.9,1,7oG,1.01,8.2,7.8,2,10op,1.05,5.0,4.2
FIS FREESTYLE SKI WORLD CUP 2026,2026-02-28,NANTO-TOYAMA (JPN),Women's Moguls,Results Qualification,JOHNSON Tess,2532270,USA,1,76.83,15.7,45.8,15.33,1,7oG,1.11,7.8,6.5,2,bG,0.92,8.2,7.9
FIS FREESTYLE SKI WORLD CUP 2026,2026-02-28,NANTO-TOYAMA (JPN),Women's Moguls,Results Qualification,TANI Mio,2539131,JPN,19,60.52,16.07,37.4,7.05,1,bG,0.92,3.8,3.8,2,bp,0.81,4.0,4.8
FIS FREESTYLE SKI WORLD CUP 2026,2026-02-28,NANTO-TOYAMA (JPN),Women's Moguls,Results Final 1,FUJIKI Hina,2533039,JPN,7,70.36,16.98,40.5,12.88,1,bG,0.92,7.1,7.1,2,bp,0.81,8.0,7.7
FIS FREESTYLE SKI WORLD CUP 2026,2026-01-16,WATERVILLE VALLEY RESORT (USA),Women's Moguls,Results Final 1,BROWN Berkley,2531523,CAN,14,61.94,14.68,40.7,6.56,1,bp,0.81,6.1,5.0,2,bG,0.92,2.5,2.0
FIS FREESTYLE SKI WORLD CUP 2026,2026-02-28,NANTO-TOYAMA (JPN),Men's Moguls,Results Qualification,MICHEL Asher,2537833,USA,3,74.25,15.81,44.7,13.74,1,7oG,1.01,7.2,7.2,2,bG,0.82,8.1,7.7
FIS FREESTYLE SKI WORLD CUP 2026,2026-02-28,NANTO-TOYAMA (JPN),Men's Moguls,Results Qualification,CORDELL Sam,2532530,CAN,8,72.51,16.01,43.6,12.9,1,7oG,1.01,8.0,7.5,2,bp,0.71,7.0,7.3
FIS FREESTYLE SKI WORLD CUP 2026,2026-02-28,NANTO-TOYAMA (JPN),Men's Moguls,Results Qualification,VIEL Julien,2534074,CAN,11,70.75,19.18,40.1,11.47,1,10op,1.05,6.6,6.8,2,bp,0.71,6.0,6.5
FIS FREESTYLE SKI WORLD CUP 2026,2026-02-28,NANTO-TOYAMA (JPN),Men's Moguls,Results Qualification,VIERELA Severi,2533386,FIN,16,69.25,18.64,38.6,12.01,1,10op,1.05,6.5,6.2,2,7oG,1.01,6.0,4.6
FIS FREESTYLE SKI WORLD CUP 2026,2026-02-28,NANTO-TOYAMA (JPN),Men's Moguls,Results Qualification,STEGFELDT Rasmus,2531923,SWE,29,41.66,15.37,15.5,10.79,1,7oG,1.01,5.4,4.7,2,bG,0.82,7.2,6.7
FIS FREESTYLE SKI WORLD CUP 2026,2026-02-28,NANTO-TOYAMA (JPN),Men's Moguls,Results Qualification,MOTONO Hibiki,2534167,JPN,30,20.22,7.94,0.3,11.98,1,7oG,1.01,7.1,7.0,2,bp,0.71,6.4,7.3
FIS FREESTYLE SKI WORLD CUP 2026,2026-02-28,NANTO-TOYAMA (JPN),Women's Moguls,Results Qualification,KAJIWARA Hisako,2537041,JPN,13,67.17,15.15,38.8,13.22,1,lG,0.92,7.7,7.0,2,7op,0.98,6.5,6.7
FIS FREESTYLE SKI WORLD CUP 2026,2026-02-28,NANTO-TOYAMA (JPN),Women's Moguls,Results Qualification,FUJIKI Hina,2533039,JPN,15,65.85,13.17,40.0,12.68,1,bG,0.92,6.7,6.9,2,bp,0.81,8.1,7.8
FIS FREESTYLE SKI WORLD CUP 2026,2026-02-28,NANTO-TOYAMA (JPN),Women's Moguls,Results Qualification,MIKKELSEN Maya,2534235,CAN,18,60.71,14.86,34.6,11.25,1,bp,0.81,6.6,6.2,2,bG,0.92,6.7,6.5
FIS FREESTYLE SKI WORLD CUP 2026,2026-02-28,NANTO-TOYAMA (JPN),Women's Moguls,Results Final 1,NAKAO Haruka,2533488,JPN,9,69.97,15.09,42.5,12.38,1,lG,0.92,7.7,6.9,2,bp,0.81,7.0,7.0
FIS FREESTYLE SKI WORLD CUP 2026,2026-01-16,WATERVILLE VALLEY RESORT (USA),Women's Moguls,Results Final 2,HOGG Kasey,2534251,USA,5,73.08,15.79,45.2,12.09,1,bp,0.81,7.3,6.8,2,bG,0.92,6.8,7.1
FIS FREESTYLE SKI WORLD CUP 2026,2026-02-28,NANTO-TOYAMA (JPN),Men's Moguls,Results Qualification,WALCZYK Dylan,2527085,USA,20,66.54,17.01,37.2,12.33,1,bG,0.82,7.2,8.3,2,7op,0.88,6.6,7.0
FIS FREESTYLE SKI WORLD CUP 2026,2026-02-28,NANTO-TOYAMA (JPN),Men's Moguls,Results Qualification,NOVITSKII Nikita,2532059,AIN,23,64.59,15.2,35.4,13.99,1,bF,0.88,8.0,7.6,2,10op,1.05,6.7,6.9
FIS FREESTYLE SKI WORLD CUP 2026,2026-02-28,NANTO-TOYAMA (JPN),Men's Moguls,Results Qualification,HOLMGREN Emil,2534210,SWE,25,61.3,18.21,32.1,10.99,1,7op,0.88,7.1,7.0,2,bp,0.71,6.3,7.2
FIS FREESTYLE SKI WORLD CUP 2026,2026-02-28,NANTO-TOYAMA (JPN),Men's Moguls,Results Qualification,CAVET Benjamin,2530514,FRA,33,8.94,0.0,0.3,8.64,1,10op,1.05,3.3,3.2,2,7op,0.88,6.2,5.7
FIS FREESTYLE SKI WORLD CUP 2026,2026-02-28,NANTO-TOYAMA (JPN),Men's Moguls,Results Final 1,MICKEL Charlie,2537180,USA,6,75.48,16.63,42.6,16.25,1,7oG,1.01,8.3,8.2,2,10op,1.05,7.6,7.5
FIS FREESTYLE SKI WORLD CUP 2026,2026-02-28,NANTO-TOYAMA (JPN),Women's Moguls,Results Qualification,CARROLL Avital,2529074,AUT,12,67.17,16.06,38.9,12.21,1,bG,0.92,7.0,6.7,2,bp,0.81,7.2,7.4
FIS FREESTYLE SKI WORLD CUP 2026,2026-01-16,WATERVILLE VALLEY RESORT (USA),Women's Moguls,Results Final 1,GIACCIO Olivia,2532241,USA,2,77.14,16.94,45.8,14.4,1,7oG,1.11,6.7,6.9,2,7op,0.98,7.0,7.0
FIS FREESTYLE SKI WORLD CUP 2026,2026-02-28,NANTO-TOYAMA (JPN),Men's Moguls,Results Qualification,FUJIKI Goshin,2529670,JPN,6,72.69,15.39,43.2,14.1,1,bF,0.88,7.4,7.0,2,10op,1.05,7.5,7.3
FIS FREESTYLE SKI WORLD CUP 2026,2026-02-28,NANTO-TOYAMA (JPN),Men's Moguls,Results Qualification,FUJIMURA Ikkei,2538302,JPN,10,71.03,17.83,40.3,12.9,1,bF,0.88,6.4,7.1,2,7oG,1.01,7.0,6.8
FIS FREESTYLE SKI WORLD CUP 2026,2026-02-28,NANTO-TOYAMA (JPN),Men's Moguls,Results Qualification,PENTTALA Olli,2528035,FIN,13,69.65,16.11,42.4,11.14,1,7oG,1.01,3.6,3.3,2,10op,1.05,7.6,7.0
FIS FREESTYLE SKI WORLD CUP 2026,2026-02-28,NANTO-TOYAMA (JPN),Men's Moguls,Results Final 1,PENTTALA Olli,2528035,FIN,4,76.05,16.76,43.3,15.99,1,7oG,1.01,8.4,7.8,2,10op,1.05,7.8,7.1
FIS FREESTYLE SKI WORLD CUP 2026,2026-02-28,NANTO-TOYAMA (JPN),Women's Moguls,Results Qualification,NAKAO Haruka,2533488,JPN,9,69.19,14.11,42.4,12.68,1,lG,0.92,6.7,6.9,2,bG,0.92,6.7,7.3
FIS FREESTYLE SKI WORLD CUP 2026,2026-02-28,NANTO-TOYAMA (JPN),Women's Moguls,Results Qualification,BERGHUIS Laura,2535376,NED,28,43.49,11.55,23.9,8.04,1,bT,0.78,5.3,4.6,2,lG,0.92,5.0,4.1
FIS FREESTYLE SKI WORLD CUP 2026,2026-02-28,NANTO-TOYAMA (JPN),Women's Moguls,Results Final 1,KAUF Jaelin,2529064,USA,10,69.81,19.12,38.6,12.09,1,7op,0.98,5.6,5.2,2,bG,0.92,7.3,7.5
FIS FREESTYLE SKI WORLD CUP 2026,2026-01-16,WATERVILLE VALLEY RESORT (USA),Women's Moguls,Results Final 1,HOGG Kasey,2534251,USA,3,75.75,16.03,46.4,13.32,1,bp,0.81,7.2,7.2,2,bG,0.92,8.2,8.1
FIS FREESTYLE SKI WORLD CUP 2026,2026-01-16,WATERVILLE VALLEY RESORT (USA),Women's Moguls,Results Final 1,KAUF Jaelin,2529064,USA,10,73.16,19.02,39.9,14.24,1,7oG,1.11,6.9,6.6,2,bG,0.92,7.2,7.5
FIS FREESTYLE SKI WORLD CUP 2026,2026-02-28,NANTO-TOYAMA (JPN),Men's Moguls,Results Qualification,HORISHIMA Ikuma,2529645,JPN,1,77.04,16.75,45.3,14.99,1,bF,0.88,8.0,8.3,2,10op,1.05,7.6,7.3
FIS FREESTYLE SKI WORLD CUP 2026,2026-02-28,NANTO-TOYAMA (JPN),Men's Moguls,Results Qualification,NISHIZAWA Taketo,2531352,JPN,5,72.98,17.51,42.1,13.37,1,bF,0.88,7.4,7.4,2,7oG,1.01,6.6,7.0
FIS FREESTYLE SKI WORLD CUP 2026,2026-02-28,NANTO-TOYAMA (JPN),Men's Moguls,Results Qualification,PAGE Nick,2533462,USA,7,72.6,17.69,41.9,13.01,1,bF,0.88,8.3,8.3,2,7op,0.88,6.2,6.8
FIS FREESTYLE SKI WORLD CUP 2026,2026-02-28,NANTO-TOYAMA (JPN),Women's Moguls,Results Qualification,SCHWINGHAMMER,2533204,CAN,6,71.93,15.11,43.5,13.32,1,7op,0.98,7.1,6.5,2,bG,0.92,7.1,7.4
FIS FREESTYLE SKI WORLD CUP 2026,2026-02-28,NANTO-TOYAMA (JPN),Women's Moguls,Results Qualification,LAFFONT Perrine,2531156,FRA,10,69.13,17.03,38.9,13.2,1,7op,0.98,7.0,6.6,2,7oG,1.11,6.2,5.6
FIS FREESTYLE SKI WORLD CUP 2026,2026-02-28,NANTO-TOYAMA (JPN),Women's Moguls,Results Qualification,ITO Marin,2534824,JPN,14,66.07,15.22,38.9,11.95,1,bG,0.92,6.8,6.7,2,fG,0.92,6.9,5.6
FIS FREESTYLE SKI WORLD CUP 2026,2026-02-28,NANTO-TOYAMA (JPN),Women's Moguls,Results Qualification,KOEHLER Ashley,2534528,CAN,20,57.46,15.17,31.3,10.99,1,bG,0.92,7.1,5.9,2,bp,0.81,6.1,6.3
FIS FREESTYLE SKI WORLD CUP 2026,2026-02-28,NANTO-TOYAMA (JPN),Women's Moguls,Results Qualification,BERGHUIS Janneke,2532759,NED,26,48.55,11.35,27.8,9.4,1,bG,0.92,6.2,5.1,2,bp,0.81,4.7,5.7
