event,event_date,venue,discipline,athlete,fis_code,podium_rank,metric,Qualification,Final 1,Deciding Final
FIS FREESTYLE SKI WORLD CUP 2023,2022-12-03,RUKA (FIN),Men's Moguls,KINGSBURY Mikael,2484937,1,run_score,79.06,83.36,84.5
FIS FREESTYLE SKI WORLD CUP 2023,2022-12-03,RUKA (FIN),Men's Moguls,KINGSBURY Mikael,2484937,1,air_total,14.16,16.62,16.34
FIS FREESTYLE SKI WORLD CUP 2023,2022-12-03,RUKA (FIN),Men's Moguls,KINGSBURY Mikael,2484937,1,turns_total,48.9,51.4,52.2
FIS FREESTYLE SKI WORLD CUP 2023,2022-12-03,RUKA (FIN),Men's Moguls,KINGSBURY Mikael,2484937,1,time_points,16.0,15.34,15.96
FIS FREESTYLE SKI WORLD CUP 2023,2022-12-03,RUKA (FIN),Men's Moguls,KINGSBURY Mikael,2484937,1,jump_1_degree_diff,0.88,0.88,0.88
FIS FREESTYLE SKI WORLD CUP 2023,2022-12-03,RUKA (FIN),Men's Moguls,KINGSBURY Mikael,2484937,1,jump_2_degree_diff,0.88,1.05,1.05
FIS FREESTYLE SKI WORLD CUP 2023,2022-12-03,RUKA (FIN),Men's Moguls,KINGSBURY Mikael,2484937,1,jump_1_judge_6_score,7.6,8.5,8.4
FIS FREESTYLE SKI WORLD CUP 2023,2022-12-03,RUKA (FIN),Men's Moguls,KINGSBURY Mikael,2484937,1,jump_1_judge_7_score,7.8,8.4,8.6
FIS FREESTYLE SKI WORLD CUP 2023,2022-12-03,RUKA (FIN),Men's Moguls,KINGSBURY Mikael,2484937,1,jump_2_judge_6_score,8.5,8.8,8.4
FIS FREESTYLE SKI WORLD CUP 2023,2022-12-03,RUKA (FIN),Men's Moguls,KINGSBURY Mikael,2484937,1,jump_2_judge_7_score,8.3,8.7,8.5
FIS FREESTYLE SKI WORLD CUP 2023,2022-12-03,RUKA (FIN),Men's Moguls,HORISHIMA Ikuma,2529645,2,run_score,75.24,81.09,80.48
FIS FREESTYLE SKI WORLD CUP 2023,2022-12-03,RUKA (FIN),Men's Moguls,HORISHIMA Ikuma,2529645,2,air_total,14.86,16.92,16.16
FIS FREESTYLE SKI WORLD CUP 2023,2022-12-03,RUKA (FIN),Men's Moguls,HORISHIMA Ikuma,2529645,2,turns_total,46.5,49.6,49.8
FIS FREESTYLE SKI WORLD CUP 2023,2022-12-03,RUKA (FIN),Men's Moguls,HORISHIMA Ikuma,2529645,2,time_points,13.88,14.57,14.52
FIS FREESTYLE SKI WORLD CUP 2023,2022-12-03,RUKA (FIN),Men's Moguls,HORISHIMA Ikuma,2529645,2,jump_1_degree_diff,0.88,0.88,0.88
FIS FREESTYLE SKI WORLD CUP 2023,2022-12-03,RUKA (FIN),Men's Moguls,HORISHIMA Ikuma,2529645,2,jump_2_degree_diff,0.88,1.05,1.05
FIS FREESTYLE SKI WORLD CUP 2023,2022-12-03,RUKA (FIN),Men's Moguls,HORISHIMA Ikuma,2529645,2,jump_1_judge_6_score,8.4,8.1,8.5
FIS FREESTYLE SKI WORLD CUP 2023,2022-12-03,RUKA (FIN),Men's Moguls,HORISHIMA Ikuma,2529645,2,jump_1_judge_7_score,8.6,8.9,8.2
FIS FREESTYLE SKI WORLD CUP 2023,2022-12-03,RUKA (FIN),Men's Moguls,HORISHIMA Ikuma,2529645,2,jump_2_judge_6_score,8.3,8.8,8.4
FIS FREESTYLE SKI WORLD CUP 2023,2022-12-03,RUKA (FIN),Men's Moguls,HORISHIMA Ikuma,2529645,2,jump_2_judge_7_score,8.5,9.2,8.4
FIS FREESTYLE SKI WORLD CUP 2023,2022-12-03,RUKA (FIN),Men's Moguls,GRAHAM Matt,2441426,3,run_score,75.09,80.73,80.12
FIS FREESTYLE SKI WORLD CUP 2023,2022-12-03,RUKA (FIN),Men's Moguls,GRAHAM Matt,2441426,3,air_total,13.85,16.95,15.16
FIS FREESTYLE SKI WORLD CUP 2023,2022-12-03,RUKA (FIN),Men's Moguls,GRAHAM Matt,2441426,3,turns_total,46.5,48.4,49.2
FIS FREESTYLE SKI WORLD CUP 2023,2022-12-03,RUKA (FIN),Men's Moguls,GRAHAM Matt,2441426,3,time_points,14.74,15.38,15.76
FIS FREESTYLE SKI WORLD CUP 2023,2022-12-03,RUKA (FIN),Men's Moguls,GRAHAM Matt,2441426,3,jump_1_degree_diff,0.88,1.05,1.05
FIS FREESTYLE SKI WORLD CUP 2023,2022-12-03,RUKA (FIN),Men's Moguls,GRAHAM Matt,2441426,3,jump_2_degree_diff,0.88,1.05,1.05
FIS FREESTYLE SKI WORLD CUP 2023,2022-12-03,RUKA (FIN),Men's Moguls,GRAHAM Matt,2441426,3,jump_1_judge_6_score,7.9,8.3,6.1
FIS FREESTYLE SKI WORLD CUP 2023,2022-12-03,RUKA (FIN),Men's Moguls,GRAHAM Matt,2441426,3,jump_1_judge_7_score,7.8,8.3,6.2
FIS FREESTYLE SKI WORLD CUP 2023,2022-12-03,RUKA (FIN),Men's Moguls,GRAHAM Matt,2441426,3,jump_2_judge_6_score,8.1,7.9,8.3
FIS FREESTYLE SKI WORLD CUP 2023,2022-12-03,RUKA (FIN),Men's Moguls,GRAHAM Matt,2441426,3,jump_2_judge_7_score,7.7,7.8,8.3
FIS FREESTYLE SKI WORLD CUP 2023,2022-12-03,RUKA (FIN),Women's Moguls,ANTHONY Jakara,2530720,1,run_score,78.2,77.58,81.69
FIS FREESTYLE SKI WORLD CUP 2023,2022-12-03,RUKA (FIN),Women's Moguls,ANTHONY Jakara,2530720,1,air_total,15.99,11.3,15.85
FIS FREESTYLE SKI WORLD CUP 2023,2022-12-03,RUKA (FIN),Women's Moguls,ANTHONY Jakara,2530720,1,turns_total,46.6,49.1,48.2
FIS FREESTYLE SKI WORLD CUP 2023,2022-12-03,RUKA (FIN),Women's Moguls,ANTHONY Jakara,2530720,1,time_points,15.61,17.18,17.64
FIS FREESTYLE SKI WORLD CUP 2023,2022-12-03,RUKA (FIN),Women's Moguls,ANTHONY Jakara,2530720,1,jump_1_degree_diff,1.11,1.11,1.11
FIS FREESTYLE SKI WORLD CUP 2023,2022-12-03,RUKA (FIN),Women's Moguls,ANTHONY Jakara,2530720,1,jump_2_degree_diff,0.92,0.92,0.92
FIS FREESTYLE SKI WORLD CUP 2023,2022-12-03,RUKA (FIN),Women's Moguls,ANTHONY Jakara,2530720,1,jump_1_judge_6_score,7.4,2.2,8.2
FIS FREESTYLE SKI WORLD CUP 2023,2022-12-03,RUKA (FIN),Women's Moguls,ANTHONY Jakara,2530720,1,jump_1_judge_7_score,7.5,4.0,8.2
FIS FREESTYLE SKI WORLD CUP 2023,2022-12-03,RUKA (FIN),Women's Moguls,ANTHONY Jakara,2530720,1,jump_2_judge_6_score,8.6,8.6,7.3
FIS FREESTYLE SKI WORLD CUP 2023,2022-12-03,RUKA (FIN),Women's Moguls,ANTHONY Jakara,2530720,1,jump_2_judge_7_score,8.2,8.5,7.4
FIS FREESTYLE SKI WORLD CUP 2023,2022-12-03,RUKA (FIN),Women's Moguls,LAFFONT Perrine,2531156,2,run_score,79.76,78.53,78.33
FIS FREESTYLE SKI WORLD CUP 2023,2022-12-03,RUKA (FIN),Women's Moguls,LAFFONT Perrine,2531156,2,air_total,13.41,14.0,13.59
FIS FREESTYLE SKI WORLD CUP 2023,2022-12-03,RUKA (FIN),Women's Moguls,LAFFONT Perrine,2531156,2,turns_total,49.4,47.3,47.2
FIS FREESTYLE SKI WORLD CUP 2023,2022-12-03,RUKA (FIN),Women's Moguls,LAFFONT Perrine,2531156,2,time_points,16.95,17.23,17.54
FIS FREESTYLE SKI WORLD CUP 2023,2022-12-03,RUKA (FIN),Women's Moguls,LAFFONT Perrine,2531156,2,jump_1_degree_diff,0.92,0.92,0.92
FIS FREESTYLE SKI WORLD CUP 2023,2022-12-03,RUKA (FIN),Women's Moguls,LAFFONT Perrine,2531156,2,jump_2_degree_diff,0.81,0.98,0.98
FIS FREESTYLE SKI WORLD CUP 2023,2022-12-03,RUKA (FIN),Women's Moguls,LAFFONT Perrine,2531156,2,jump_1_judge_6_score,7.1,6.7,6.9
FIS FREESTYLE SKI WORLD CUP 2023,2022-12-03,RUKA (FIN),Women's Moguls,LAFFONT Perrine,2531156,2,jump_1_judge_7_score,7.9,6.4,7.0
FIS FREESTYLE SKI WORLD CUP 2023,2022-12-03,RUKA (FIN),Women's Moguls,LAFFONT Perrine,2531156,2,jump_2_judge_6_score,8.3,8.1,7.3
FIS FREESTYLE SKI WORLD CUP 2023,2022-12-03,RUKA (FIN),Women's Moguls,LAFFONT Perrine,2531156,2,jump_2_judge_7_score,7.8,8.2,7.4
FIS FREESTYLE SKI WORLD CUP 2023,2022-12-03,RUKA (FIN),Women's Moguls,KAWAMURA Anri,2534852,3,run_score,72.06,74.85,78.33
FIS FREESTYLE SKI WORLD CUP 2023,2022-12-03,RUKA (FIN),Women's Moguls,KAWAMURA Anri,2534852,3,air_total,14.12,14.55,14.28
FIS FREESTYLE SKI WORLD CUP 2023,2022-12-03,RUKA (FIN),Women's Moguls,KAWAMURA Anri,2534852,3,turns_total,42.9,43.5,46.1
FIS FREESTYLE SKI WORLD CUP 2023,2022-12-03,RUKA (FIN),Women's Moguls,KAWAMURA Anri,2534852,3,time_points,15.04,16.8,17.95
FIS FREESTYLE SKI WORLD CUP 2023,2022-12-03,RUKA (FIN),Women's Moguls,KAWAMURA Anri,2534852,3,jump_1_degree_diff,0.81,0.81,0.81
FIS FREESTYLE SKI WORLD CUP 2023,2022-12-03,RUKA (FIN),Women's Moguls,KAWAMURA Anri,2534852,3,jump_2_degree_diff,0.98,0.98,0.98
FIS FREESTYLE SKI WORLD CUP 2023,2022-12-03,RUKA (FIN),Women's Moguls,KAWAMURA Anri,2534852,3,jump_1_judge_6_score,7.7,7.8,7.8
FIS FREESTYLE SKI WORLD CUP 2023,2022-12-03,RUKA (FIN),Women's Moguls,KAWAMURA Anri,2534852,3,jump_1_judge_7_score,7.6,8.2,8.0
FIS FREESTYLE SKI WORLD CUP 2023,2022-12-03,RUKA (FIN),Women's Moguls,KAWAMURA Anri,2534852,3,jump_2_judge_6_score,8.2,8.2,7.9
FIS FREESTYLE SKI WORLD CUP 2023,2022-12-03,RUKA (FIN),Women's Moguls,KAWAMURA Anri,2534852,3,jump_2_judge_7_score,8.0,8.3,8.2
FIS FREESTYLE SKI WORLD CUP 2023,2022-12-10,IDRE FJÄLL (SWE),Men's Moguls,PAGE Nick,2533462,1,run_score,,79.14,81.02
FIS FREESTYLE SKI WORLD CUP 2023,2022-12-10,IDRE FJÄLL (SWE),Men's Moguls,PAGE Nick,2533462,1,air_total,,16.42,16.26
FIS FREESTYLE SKI WORLD CUP 2023,2022-12-10,IDRE FJÄLL (SWE),Men's Moguls,PAGE Nick,2533462,1,turns_total,,45.7,46.8
FIS FREESTYLE SKI WORLD CUP 2023,2022-12-10,IDRE FJÄLL (SWE),Men's Moguls,PAGE Nick,2533462,1,time_points,,17.02,17.96
FIS FREESTYLE SKI WORLD CUP 2023,2022-12-10,IDRE FJÄLL (SWE),Men's Moguls,PAGE Nick,2533462,1,jump_1_degree_diff,,1.01,1.01
FIS FREESTYLE SKI WORLD CUP 2023,2022-12-10,IDRE FJÄLL (SWE),Men's Moguls,PAGE Nick,2533462,1,jump_2_degree_diff,,1.05,1.05
FIS FREESTYLE SKI WORLD CUP 2023,2022-12-10,IDRE FJÄLL (SWE),Men's Moguls,PAGE Nick,2533462,1,jump_1_judge_6_score,,8.1,8.2
FIS FREESTYLE SKI WORLD CUP 2023,2022-12-10,IDRE FJÄLL (SWE),Men's Moguls,PAGE Nick,2533462,1,jump_1_judge_7_score,,7.8,7.8
FIS FREESTYLE SKI WORLD CUP 2023,2022-12-10,IDRE FJÄLL (SWE),Men's Moguls,PAGE Nick,2533462,1,jump_2_judge_6_score,,7.8,8.0
FIS FREESTYLE SKI WORLD CUP 2023,2022-12-10,IDRE FJÄLL (SWE),Men's Moguls,PAGE Nick,2533462,1,jump_2_judge_7_score,,8.2,7.6
FIS FREESTYLE SKI WORLD CUP 2023,2022-12-10,IDRE FJÄLL (SWE),Men's Moguls,KINGSBURY Mikael,2484937,2,run_score,,78.8,79.86
FIS FREESTYLE SKI WORLD CUP 2023,2022-12-10,IDRE FJÄLL (SWE),Men's Moguls,KINGSBURY Mikael,2484937,2,air_total,,15.33,14.43
FIS FREESTYLE SKI WORLD CUP 2023,2022-12-10,IDRE FJÄLL (SWE),Men's Moguls,KINGSBURY Mikael,2484937,2,turns_total,,45.9,47.3
FIS FREESTYLE SKI WORLD CUP 2023,2022-12-10,IDRE FJÄLL (SWE),Men's Moguls,KINGSBURY Mikael,2484937,2,time_points,,17.57,18.13
FIS FREESTYLE SKI WORLD CUP 2023,2022-12-10,IDRE FJÄLL (SWE),Men's Moguls,KINGSBURY Mikael,2484937,2,jump_1_degree_diff,,1.05,1.05
FIS FREESTYLE SKI WORLD CUP 2023,2022-12-10,IDRE FJÄLL (SWE),Men's Moguls,KINGSBURY Mikael,2484937,2,jump_2_degree_diff,,0.88,0.88
FIS FREESTYLE SKI WORLD CUP 2023,2022-12-10,IDRE FJÄLL (SWE),Men's Moguls,KINGSBURY Mikael,2484937,2,jump_1_judge_6_score,,7.6,7.6
FIS FREESTYLE SKI WORLD CUP 2023,2022-12-10,IDRE FJÄLL (SWE),Men's Moguls,KINGSBURY Mikael,2484937,2,jump_1_judge_7_score,,7.7,7.5
FIS FREESTYLE SKI WORLD CUP 2023,2022-12-10,IDRE FJÄLL (SWE),Men's Moguls,KINGSBURY Mikael,2484937,2,jump_2_judge_6_score,,8.1,7.5
FIS FREESTYLE SKI WORLD CUP 2023,2022-12-10,IDRE FJÄLL (SWE),Men's Moguls,KINGSBURY Mikael,2484937,2,jump_2_judge_7_score,,8.5,7.3
FIS FREESTYLE SKI WORLD CUP 2023,2022-12-10,IDRE FJÄLL (SWE),Men's Moguls,WALLBERG Walter,2532001,3,run_score,,78.45,78.98
FIS FREESTYLE SKI WORLD CUP 2023,2022-12-10,IDRE FJÄLL (SWE),Men's Moguls,WALLBERG Walter,2532001,3,air_total,,14.75,15.78
FIS FREESTYLE SKI WORLD CUP 2023,2022-12-10,IDRE FJÄLL (SWE),Men's Moguls,WALLBERG Walter,2532001,3,turns_total,,45.0,44.7
FIS FREESTYLE SKI WORLD CUP 2023,2022-12-10,IDRE FJÄLL (SWE),Men's Moguls,WALLBERG Walter,2532001,3,time_points,,18.7,18.5
FIS FREESTYLE SKI WORLD CUP 2023,2022-12-10,IDRE FJÄLL (SWE),Men's Moguls,WALLBERG Walter,2532001,3,jump_1_degree_diff,,0.88,0.88
FIS FREESTYLE SKI WORLD CUP 2023,2022-12-10,IDRE FJÄLL (SWE),Men's Moguls,WALLBERG Walter,2532001,3,jump_2_degree_diff,,1.05,1.05
FIS FREESTYLE SKI WORLD CUP 2023,2022-12-10,IDRE FJÄLL (SWE),Men's Moguls,WALLBERG Walter,2532001,3,jump_1_judge_6_score,,8.1,8.4
FIS FREESTYLE SKI WORLD CUP 2023,2022-12-10,IDRE FJÄLL (SWE),Men's Moguls,WALLBERG Walter,2532001,3,jump_1_judge_7_score,,7.8,8.5
FIS FREESTYLE SKI WORLD CUP 2023,2022-12-10,IDRE FJÄLL (SWE),Men's Moguls,WALLBERG Walter,2532001,3,jump_2_judge_6_score,,7.3,8.1
FIS FREESTYLE SKI WORLD CUP 2023,2022-12-10,IDRE FJÄLL (SWE),Men's Moguls,WALLBERG Walter,2532001,3,jump_2_judge_7_score,,7.5,7.8
FIS FREESTYLE SKI WORLD CUP 2023,2022-12-10,IDRE FJÄLL (SWE),Women's Moguls,ANTHONY Jakara,2530720,1,run_score,,81.6,81.75
FIS FREESTYLE SKI WORLD CUP 2023,2022-12-10,IDRE FJÄLL (SWE),Women's Moguls,ANTHONY Jakara,2530720,1,air_total,,16.56,15.67
FIS FREESTYLE SKI WORLD CUP 2023,2022-12-10,IDRE FJÄLL (SWE),Women's Moguls,ANTHONY Jakara,2530720,1,turns_total,,47.7,48.3
FIS FREESTYLE SKI WORLD CUP 2023,2022-12-10,IDRE FJÄLL (SWE),Women's Moguls,ANTHONY Jakara,2530720,1,time_points,,17.34,17.78
FIS FREESTYLE SKI WORLD CUP 2023,2022-12-10,IDRE FJÄLL (SWE),Women's Moguls,ANTHONY Jakara,2530720,1,jump_1_degree_diff,,1.11,1.11
FIS FREESTYLE SKI WORLD CUP 2023,2022-12-10,IDRE FJÄLL (SWE),Women's Moguls,ANTHONY Jakara,2530720,1,jump_2_degree_diff,,0.92,0.92
FIS FREESTYLE SKI WORLD CUP 2023,2022-12-10,IDRE FJÄLL (SWE),Women's Moguls,ANTHONY Jakara,2530720,1,jump_1_judge_6_score,,7.8,7.3
FIS FREESTYLE SKI WORLD CUP 2023,2022-12-10,IDRE FJÄLL (SWE),Women's Moguls,ANTHONY Jakara,2530720,1,jump_1_judge_7_score,,8.3,7.1
FIS FREESTYLE SKI WORLD CUP 2023,2022-12-10,IDRE FJÄLL (SWE),Women's Moguls,ANTHONY Jakara,2530720,1,jump_2_judge_6_score,,8.4,8.5
FIS FREESTYLE SKI WORLD CUP 2023,2022-12-10,IDRE FJÄLL (SWE),Women's Moguls,ANTHONY Jakara,2530720,1,jump_2_judge_7_score,,8.2,8.2
FIS FREESTYLE SKI WORLD CUP 2023,2022-12-10,IDRE FJÄLL (SWE),Women's Moguls,KAWAMURA Anri,2534852,2,run_score,,79.06,80.02
FIS FREESTYLE SKI WORLD CUP 2023,2022-12-10,IDRE FJÄLL (SWE),Women's Moguls,KAWAMURA Anri,2534852,2,air_total,,14.76,14.05
FIS FREESTYLE SKI WORLD CUP 2023,2022-12-10,IDRE FJÄLL (SWE),Women's Moguls,KAWAMURA Anri,2534852,2,turns_total,,45.8,46.8
FIS FREESTYLE SKI WORLD CUP 2023,2022-12-10,IDRE FJÄLL (SWE),Women's Moguls,KAWAMURA Anri,2534852,2,time_points,,18.5,19.17
FIS FREESTYLE SKI WORLD CUP 2023,2022-12-10,IDRE FJÄLL (SWE),Women's Moguls,KAWAMURA Anri,2534852,2,jump_1_degree_diff,,0.98,0.98
FIS FREESTYLE SKI WORLD CUP 2023,2022-12-10,IDRE FJÄLL (SWE),Women's Moguls,KAWAMURA Anri,2534852,2,jump_2_degree_diff,,0.92,0.92
FIS FREESTYLE SKI WORLD CUP 2023,2022-12-10,IDRE FJÄLL (SWE),Women's Moguls,KAWAMURA Anri,2534852,2,jump_1_judge_6_score,,7.6,7.2
FIS FREESTYLE SKI WORLD CUP 2023,2022-12-10,IDRE FJÄLL (SWE),Women's Moguls,KAWAMURA Anri,2534852,2,jump_1_judge_7_score,,8.1,7.5
FIS FREESTYLE SKI WORLD CUP 2023,2022-12-10,IDRE FJÄLL (SWE),Women's Moguls,KAWAMURA Anri,2534852,2,jump_2_judge_6_score,,7.6,7.7
FIS FREESTYLE SKI WORLD CUP 2023,2022-12-10,IDRE FJÄLL (SWE),Women's Moguls,KAWAMURA Anri,2534852,2,jump_2_judge_7_score,,7.8,7.2
FIS FREESTYLE SKI WORLD CUP 2023,2022-12-10,IDRE FJÄLL (SWE),Women's Moguls,LAFFONT Perrine,2531156,3,run_score,,75.71,76.08
FIS FREESTYLE SKI WORLD CUP 2023,2022-12-10,IDRE FJÄLL (SWE),Women's Moguls,LAFFONT Perrine,2531156,3,air_total,,13.16,12.97
FIS FREESTYLE SKI WORLD CUP 2023,2022-12-10,IDRE FJÄLL (SWE),Women's Moguls,LAFFONT Perrine,2531156,3,turns_total,,43.1,43.7
FIS FREESTYLE SKI WORLD CUP 2023,2022-12-10,IDRE FJÄLL (SWE),Women's Moguls,LAFFONT Perrine,2531156,3,time_points,,19.45,19.41
FIS FREESTYLE SKI WORLD CUP 2023,2022-12-10,IDRE FJÄLL (SWE),Women's Moguls,LAFFONT Perrine,2531156,3,jump_1_degree_diff,,0.98,0.98
FIS FREESTYLE SKI WORLD CUP 2023,2022-12-10,IDRE FJÄLL (SWE),Women's Moguls,LAFFONT Perrine,2531156,3,jump_2_degree_diff,,0.81,0.81
FIS FREESTYLE SKI WORLD CUP 2023,2022-12-10,IDRE FJÄLL (SWE),Women's Moguls,LAFFONT Perrine,2531156,3,jump_1_judge_6_score,,7.3,7.2
FIS FREESTYLE SKI WORLD CUP 2023,2022-12-10,IDRE FJÄLL (SWE),Women's Moguls,LAFFONT Perrine,2531156,3,jump_1_judge_7_score,,7.6,7.8
FIS FREESTYLE SKI WORLD CUP 2023,2022-12-10,IDRE FJÄLL (SWE),Women's Moguls,LAFFONT Perrine,2531156,3,jump_2_judge_6_score,,7.0,7.1
FIS FREESTYLE SKI WORLD CUP 2023,2022-12-10,IDRE FJÄLL (SWE),Women's Moguls,LAFFONT Perrine,2531156,3,jump_2_judge_7_score,,7.5,6.8
FIS FREESTYLE SKI WORLD CUP 2023,2022-12-16,ALPE D'HUEZ (FRA),Men's Moguls,HORISHIMA Ikuma,2529645,1,run_score,,80.43,82.66
FIS FREESTYLE SKI WORLD CUP 2023,2022-12-16,ALPE D'HUEZ (FRA),Men's Moguls,HORISHIMA Ikuma,2529645,1,air_total,,16.99,17.56
FIS FREESTYLE SKI WORLD CUP 2023,2022-12-16,ALPE D'HUEZ (FRA),Men's Moguls,HORISHIMA Ikuma,2529645,1,turns_total,,48.1,48.7
FIS FREESTYLE SKI WORLD CUP 2023,2022-12-16,ALPE D'HUEZ (FRA),Men's Moguls,HORISHIMA Ikuma,2529645,1,time_points,,15.34,16.4
FIS FREESTYLE SKI WORLD CUP 2023,2022-12-16,ALPE D'HUEZ (FRA),Men's Moguls,HORISHIMA Ikuma,2529645,1,jump_1_degree_diff,,1.01,1.01
FIS FREESTYLE SKI WORLD CUP 2023,2022-12-16,ALPE D'HUEZ (FRA),Men's Moguls,HORISHIMA Ikuma,2529645,1,jump_2_degree_diff,,1.05,1.05
FIS FREESTYLE SKI WORLD CUP 2023,2022-12-16,ALPE D'HUEZ (FRA),Men's Moguls,HORISHIMA Ikuma,2529645,1,jump_1_judge_6_score,,8.2,8.6
FIS FREESTYLE SKI WORLD CUP 2023,2022-12-16,ALPE D'HUEZ (FRA),Men's Moguls,HORISHIMA Ikuma,2529645,1,jump_1_judge_7_score,,8.3,8.0
FIS FREESTYLE SKI WORLD CUP 2023,2022-12-16,ALPE D'HUEZ (FRA),Men's Moguls,HORISHIMA Ikuma,2529645,1,jump_2_judge_6_score,,8.4,8.7
FIS FREESTYLE SKI WORLD CUP 2023,2022-12-16,ALPE D'HUEZ (FRA),Men's Moguls,HORISHIMA Ikuma,2529645,1,jump_2_judge_7_score,,8.1,8.8
FIS FREESTYLE SKI WORLD CUP 2023,2022-12-16,ALPE D'HUEZ (FRA),Men's Moguls,KINGSBURY Mikael,2484937,2,run_score,,78.56,80.85
FIS FREESTYLE SKI WORLD CUP 2023,2022-12-16,ALPE D'HUEZ (FRA),Men's Moguls,KINGSBURY Mikael,2484937,2,air_total,,16.43,17.26
FIS FREESTYLE SKI WORLD CUP 2023,2022-12-16,ALPE D'HUEZ (FRA),Men's Moguls,KINGSBURY Mikael,2484937,2,turns_total,,47.1,48.3
FIS FREESTYLE SKI WORLD CUP 2023,2022-12-16,ALPE D'HUEZ (FRA),Men's Moguls,KINGSBURY Mikael,2484937,2,time_points,,15.03,15.29
FIS FREESTYLE SKI WORLD CUP 2023,2022-12-16,ALPE D'HUEZ (FRA),Men's Moguls,KINGSBURY Mikael,2484937,2,jump_1_degree_diff,,1.05,1.05
FIS FREESTYLE SKI WORLD CUP 2023,2022-12-16,ALPE D'HUEZ (FRA),Men's Moguls,KINGSBURY Mikael,2484937,2,jump_2_degree_diff,,1.05,1.05
FIS FREESTYLE SKI WORLD CUP 2023,2022-12-16,ALPE D'HUEZ (FRA),Men's Moguls,KINGSBURY Mikael,2484937,2,jump_1_judge_6_score,,7.2,7.7
FIS FREESTYLE SKI WORLD CUP 2023,2022-12-16,ALPE D'HUEZ (FRA),Men's Moguls,KINGSBURY Mikael,2484937,2,jump_1_judge_7_score,,7.6,8.1
FIS FREESTYLE SKI WORLD CUP 2023,2022-12-16,ALPE D'HUEZ (FRA),Men's Moguls,KINGSBURY Mikael,2484937,2,jump_2_judge_6_score,,8.4,8.4
FIS FREESTYLE SKI WORLD CUP 2023,2022-12-16,ALPE D'HUEZ (FRA),Men's Moguls,KINGSBURY Mikael,2484937,2,jump_2_judge_7_score,,8.1,8.7
FIS FREESTYLE SKI WORLD CUP 2023,2022-12-16,ALPE D'HUEZ (FRA),Men's Moguls,McDONALD Cole,2534511,3,run_score,,77.79,75.17
FIS FREESTYLE SKI WORLD CUP 2023,2022-12-16,ALPE D'HUEZ (FRA),Men's Moguls,McDONALD Cole,2534511,3,air_total,,15.47,15.79
FIS FREESTYLE SKI WORLD CUP 2023,2022-12-16,ALPE D'HUEZ (FRA),Men's Moguls,McDONALD Cole,2534511,3,turns_total,,46.9,42.6
FIS FREESTYLE SKI WORLD CUP 2023,2022-12-16,ALPE D'HUEZ (FRA),Men's Moguls,McDONALD Cole,2534511,3,time_points,,15.42,16.78
FIS FREESTYLE SKI WORLD CUP 2023,2022-12-16,ALPE D'HUEZ (FRA),Men's Moguls,McDONALD Cole,2534511,3,jump_1_degree_diff,,0.88,1.05
FIS FREESTYLE SKI WORLD CUP 2023,2022-12-16,ALPE D'HUEZ (FRA),Men's Moguls,McDONALD Cole,2534511,3,jump_2_degree_diff,,1.05,1.05
FIS FREESTYLE SKI WORLD CUP 2023,2022-12-16,ALPE D'HUEZ (FRA),Men's Moguls,McDONALD Cole,2534511,3,jump_1_judge_6_score,,8.1,6.5
FIS FREESTYLE SKI WORLD CUP 2023,2022-12-16,ALPE D'HUEZ (FRA),Men's Moguls,McDONALD Cole,2534511,3,jump_1_judge_7_score,,8.6,6.8
FIS FREESTYLE SKI WORLD CUP 2023,2022-12-16,ALPE D'HUEZ (FRA),Men's Moguls,McDONALD Cole,2534511,3,jump_2_judge_6_score,,8.2,8.5
FIS FREESTYLE SKI WORLD CUP 2023,2022-12-16,ALPE D'HUEZ (FRA),Men's Moguls,McDONALD Cole,2534511,3,jump_2_judge_7_score,,7.3,8.3
FIS FREESTYLE SKI WORLD CUP 2023,2022-12-16,ALPE D'HUEZ (FRA),Women's Moguls,ANTHONY Jakara,2530720,1,run_score,,80.68,79.7
FIS FREESTYLE SKI WORLD CUP 2023,2022-12-16,ALPE D'HUEZ (FRA),Women's Moguls,ANTHONY Jakara,2530720,1,air_total,,16.94,15.96
FIS FREESTYLE SKI WORLD CUP 2023,2022-12-16,ALPE D'HUEZ (FRA),Women's Moguls,ANTHONY Jakara,2530720,1,turns_total,,47.6,47.5
FIS FREESTYLE SKI WORLD CUP 2023,2022-12-16,ALPE D'HUEZ (FRA),Women's Moguls,ANTHONY Jakara,2530720,1,time_points,,16.14,16.24
FIS FREESTYLE SKI WORLD CUP 2023,2022-12-16,ALPE D'HUEZ (FRA),Women's Moguls,ANTHONY Jakara,2530720,1,jump_1_degree_diff,,1.11,1.11
FIS FREESTYLE SKI WORLD CUP 2023,2022-12-16,ALPE D'HUEZ (FRA),Women's Moguls,ANTHONY Jakara,2530720,1,jump_2_degree_diff,,0.92,0.92
FIS FREESTYLE SKI WORLD CUP 2023,2022-12-16,ALPE D'HUEZ (FRA),Women's Moguls,ANTHONY Jakara,2530720,1,jump_1_judge_6_score,,8.0,7.5
FIS FREESTYLE SKI WORLD CUP 2023,2022-12-16,ALPE D'HUEZ (FRA),Women's Moguls,ANTHONY Jakara,2530720,1,jump_1_judge_7_score,,8.2,7.1
FIS FREESTYLE SKI WORLD CUP 2023,2022-12-16,ALPE D'HUEZ (FRA),Women's Moguls,ANTHONY Jakara,2530720,1,jump_2_judge_6_score,,8.7,8.4
FIS FREESTYLE SKI WORLD CUP 2023,2022-12-16,ALPE D'HUEZ (FRA),Women's Moguls,ANTHONY Jakara,2530720,1,jump_2_judge_7_score,,8.6,8.7
FIS FREESTYLE SKI WORLD CUP 2023,2022-12-16,ALPE D'HUEZ (FRA),Women's Moguls,LAFFONT Perrine,2531156,2,run_score,,77.8,75.81
FIS FREESTYLE SKI WORLD CUP 2023,2022-12-16,ALPE D'HUEZ (FRA),Women's Moguls,LAFFONT Perrine,2531156,2,air_total,,14.36,13.91
FIS FREESTYLE SKI WORLD CUP 2023,2022-12-16,ALPE D'HUEZ (FRA),Women's Moguls,LAFFONT Perrine,2531156,2,turns_total,,46.8,45.3
FIS FREESTYLE SKI WORLD CUP 2023,2022-12-16,ALPE D'HUEZ (FRA),Women's Moguls,LAFFONT Perrine,2531156,2,time_points,,16.64,16.6
FIS FREESTYLE SKI WORLD CUP 2023,2022-12-16,ALPE D'HUEZ (FRA),Women's Moguls,LAFFONT Perrine,2531156,2,jump_1_degree_diff,,0.81,0.81
FIS FREESTYLE SKI WORLD CUP 2023,2022-12-16,ALPE D'HUEZ (FRA),Women's Moguls,LAFFONT Perrine,2531156,2,jump_2_degree_diff,,0.98,0.98
FIS FREESTYLE SKI WORLD CUP 2023,2022-12-16,ALPE D'HUEZ (FRA),Women's Moguls,LAFFONT Perrine,2531156,2,jump_1_judge_6_score,,8.1,7.5
FIS FREESTYLE SKI WORLD CUP 2023,2022-12-16,ALPE D'HUEZ (FRA),Women's Moguls,LAFFONT Perrine,2531156,2,jump_1_judge_7_score,,7.9,6.8
FIS FREESTYLE SKI WORLD CUP 2023,2022-12-16,ALPE D'HUEZ (FRA),Women's Moguls,LAFFONT Perrine,2531156,2,jump_2_judge_6_score,,7.9,8.4
FIS FREESTYLE SKI WORLD CUP 2023,2022-12-16,ALPE D'HUEZ (FRA),Women's Moguls,LAFFONT Perrine,2531156,2,jump_2_judge_7_score,,8.2,8.2
FIS FREESTYLE SKI WORLD CUP 2023,2022-12-16,ALPE D'HUEZ (FRA),Women's Moguls,LEMLEY Elizabeth,2537762,3,run_score,,77.03,74.75
FIS FREESTYLE SKI WORLD CUP 2023,2022-12-16,ALPE D'HUEZ (FRA),Women's Moguls,LEMLEY Elizabeth,2537762,3,air_total,,13.48,13.22
FIS FREESTYLE SKI WORLD CUP 2023,2022-12-16,ALPE D'HUEZ (FRA),Women's Moguls,LEMLEY Elizabeth,2537762,3,turns_total,,45.7,42.3
FIS FREESTYLE SKI WORLD CUP 2023,2022-12-16,ALPE D'HUEZ (FRA),Women's Moguls,LEMLEY Elizabeth,2537762,3,time_points,,17.85,19.23
FIS FREESTYLE SKI WORLD CUP 2023,2022-12-16,ALPE D'HUEZ (FRA),Women's Moguls,LEMLEY Elizabeth,2537762,3,jump_1_degree_diff,,1.11,1.11
FIS FREESTYLE SKI WORLD CUP 2023,2022-12-16,ALPE D'HUEZ (FRA),Women's Moguls,LEMLEY Elizabeth,2537762,3,jump_2_degree_diff,,0.81,0.98
FIS FREESTYLE SKI WORLD CUP 2023,2022-12-16,ALPE D'HUEZ (FRA),Women's Moguls,LEMLEY Elizabeth,2537762,3,jump_1_judge_6_score,,8.4,6.2
FIS FREESTYLE SKI WORLD CUP 2023,2022-12-16,ALPE D'HUEZ (FRA),Women's Moguls,LEMLEY Elizabeth,2537762,3,jump_1_judge_7_score,,8.1,5.9
FIS FREESTYLE SKI WORLD CUP 2023,2022-12-16,ALPE D'HUEZ (FRA),Women's Moguls,LEMLEY Elizabeth,2537762,3,jump_2_judge_6_score,,5.1,7.1
FIS FREESTYLE SKI WORLD CUP 2023,2022-12-16,ALPE D'HUEZ (FRA),Women's Moguls,LEMLEY Elizabeth,2537762,3,jump_2_judge_7_score,,5.6,6.2
FIS FREESTYLE SKI WORLD CUP 2023,2023-01-27,VAL ST. COME (CAN),Men's Moguls,KINGSBURY Mikael,2484937,1,run_score,82.44,83.74,85.37
FIS FREESTYLE SKI WORLD CUP 2023,2023-01-27,VAL ST. COME (CAN),Men's Moguls,KINGSBURY Mikael,2484937,1,air_total,15.04,16.36,17.73
FIS FREESTYLE SKI WORLD CUP 2023,2023-01-27,VAL ST. COME (CAN),Men's Moguls,KINGSBURY Mikael,2484937,1,turns_total,50.3,49.8,50.6
FIS FREESTYLE SKI WORLD CUP 2023,2023-01-27,VAL ST. COME (CAN),Men's Moguls,KINGSBURY Mikael,2484937,1,time_points,17.1,17.58,17.04
FIS FREESTYLE SKI WORLD CUP 2023,2023-01-27,VAL ST. COME (CAN),Men's Moguls,KINGSBURY Mikael,2484937,1,jump_1_degree_diff,0.88,0.88,1.05
FIS FREESTYLE SKI WORLD CUP 2023,2023-01-27,VAL ST. COME (CAN),Men's Moguls,KINGSBURY Mikael,2484937,1,jump_2_degree_diff,0.88,1.05,1.05
FIS FREESTYLE SKI WORLD CUP 2023,2023-01-27,VAL ST. COME (CAN),Men's Moguls,KINGSBURY Mikael,2484937,1,jump_1_judge_6_score,8.0,9.0,8.5
FIS FREESTYLE SKI WORLD CUP 2023,2023-01-27,VAL ST. COME (CAN),Men's Moguls,KINGSBURY Mikael,2484937,1,jump_1_judge_7_score,8.2,9.1,8.7
FIS FREESTYLE SKI WORLD CUP 2023,2023-01-27,VAL ST. COME (CAN),Men's Moguls,KINGSBURY Mikael,2484937,1,jump_2_judge_6_score,9.0,8.0,8.3
FIS FREESTYLE SKI WORLD CUP 2023,2023-01-27,VAL ST. COME (CAN),Men's Moguls,KINGSBURY Mikael,2484937,1,jump_2_judge_7_score,9.0,8.0,8.3
FIS FREESTYLE SKI WORLD CUP 2023,2023-01-27,VAL ST. COME (CAN),Men's Moguls,WALLBERG Walter,2532001,2,run_score,79.59,80.96,81.69
FIS FREESTYLE SKI WORLD CUP 2023,2023-01-27,VAL ST. COME (CAN),Men's Moguls,WALLBERG Walter,2532001,2,air_total,14.9,14.91,15.11
FIS FREESTYLE SKI WORLD CUP 2023,2023-01-27,VAL ST. COME (CAN),Men's Moguls,WALLBERG Walter,2532001,2,turns_total,47.2,48.1,48.1
FIS FREESTYLE SKI WORLD CUP 2023,2023-01-27,VAL ST. COME (CAN),Men's Moguls,WALLBERG Walter,2532001,2,time_points,17.49,17.95,18.48
FIS FREESTYLE SKI WORLD CUP 2023,2023-01-27,VAL ST. COME (CAN),Men's Moguls,WALLBERG Walter,2532001,2,jump_1_degree_diff,0.88,0.88,0.88
FIS FREESTYLE SKI WORLD CUP 2023,2023-01-27,VAL ST. COME (CAN),Men's Moguls,WALLBERG Walter,2532001,2,jump_2_degree_diff,0.88,1.05,1.05
FIS FREESTYLE SKI WORLD CUP 2023,2023-01-27,VAL ST. COME (CAN),Men's Moguls,WALLBERG Walter,2532001,2,jump_1_judge_6_score,8.6,7.6,8.1
FIS FREESTYLE SKI WORLD CUP 2023,2023-01-27,VAL ST. COME (CAN),Men's Moguls,WALLBERG Walter,2532001,2,jump_1_judge_7_score,8.8,7.7,8.0
FIS FREESTYLE SKI WORLD CUP 2023,2023-01-27,VAL ST. COME (CAN),Men's Moguls,WALLBERG Walter,2532001,2,jump_2_judge_6_score,8.2,7.8,7.7
FIS FREESTYLE SKI WORLD CUP 2023,2023-01-27,VAL ST. COME (CAN),Men's Moguls,WALLBERG Walter,2532001,2,jump_2_judge_7_score,8.3,7.8,7.6
FIS FREESTYLE SKI WORLD CUP 2023,2023-01-27,VAL ST. COME (CAN),Men's Moguls,HORISHIMA Ikuma,2529645,3,run_score,78.75,83.22,81.36
FIS FREESTYLE SKI WORLD CUP 2023,2023-01-27,VAL ST. COME (CAN),Men's Moguls,HORISHIMA Ikuma,2529645,3,air_total,13.1,18.11,16.53
FIS FREESTYLE SKI WORLD CUP 2023,2023-01-27,VAL ST. COME (CAN),Men's Moguls,HORISHIMA Ikuma,2529645,3,turns_total,48.4,47.5,46.6
FIS FREESTYLE SKI WORLD CUP 2023,2023-01-27,VAL ST. COME (CAN),Men's Moguls,HORISHIMA Ikuma,2529645,3,time_points,17.25,17.61,18.23
FIS FREESTYLE SKI WORLD CUP 2023,2023-01-27,VAL ST. COME (CAN),Men's Moguls,HORISHIMA Ikuma,2529645,3,jump_1_degree_diff,0.88,1.01,1.01
FIS FREESTYLE SKI WORLD CUP 2023,2023-01-27,VAL ST. COME (CAN),Men's Moguls,HORISHIMA Ikuma,2529645,3,jump_2_degree_diff,0.88,1.05,1.05
FIS FREESTYLE SKI WORLD CUP 2023,2023-01-27,VAL ST. COME (CAN),Men's Moguls,HORISHIMA Ikuma,2529645,3,jump_1_judge_6_score,8.8,9.3,9.2
FIS FREESTYLE SKI WORLD CUP 2023,2023-01-27,VAL ST. COME (CAN),Men's Moguls,HORISHIMA Ikuma,2529645,3,jump_1_judge_7_score,8.7,9.0,8.8
FIS FREESTYLE SKI WORLD CUP 2023,2023-01-27,VAL ST. COME (CAN),Men's Moguls,HORISHIMA Ikuma,2529645,3,jump_2_judge_6_score,6.1,8.5,6.7
FIS FREESTYLE SKI WORLD CUP 2023,2023-01-27,VAL ST. COME (CAN),Men's Moguls,HORISHIMA Ikuma,2529645,3,jump_2_judge_7_score,6.2,8.4,7.5
FIS FREESTYLE SKI WORLD CUP 2023,2023-01-27,VAL ST. COME (CAN),Women's Moguls,KAWAMURA Anri,2534852,1,run_score,80.99,82.47,82.25
FIS FREESTYLE SKI WORLD CUP 2023,2023-01-27,VAL ST. COME (CAN),Women's Moguls,KAWAMURA Anri,2534852,1,air_total,15.18,15.42,15.05
FIS FREESTYLE SKI WORLD CUP 2023,2023-01-27,VAL ST. COME (CAN),Women's Moguls,KAWAMURA Anri,2534852,1,turns_total,46.5,47.3,47.2
FIS FREESTYLE SKI WORLD CUP 2023,2023-01-27,VAL ST. COME (CAN),Women's Moguls,KAWAMURA Anri,2534852,1,time_points,19.31,19.75,20.0
FIS FREESTYLE SKI WORLD CUP 2023,2023-01-27,VAL ST. COME (CAN),Women's Moguls,KAWAMURA Anri,2534852,1,jump_1_degree_diff,0.81,0.81,0.81
FIS FREESTYLE SKI WORLD CUP 2023,2023-01-27,VAL ST. COME (CAN),Women's Moguls,KAWAMURA Anri,2534852,1,jump_2_degree_diff,0.98,0.98,0.98
FIS FREESTYLE SKI WORLD CUP 2023,2023-01-27,VAL ST. COME (CAN),Women's Moguls,KAWAMURA Anri,2534852,1,jump_1_judge_6_score,8.5,9.0,8.0
FIS FREESTYLE SKI WORLD CUP 2023,2023-01-27,VAL ST. COME (CAN),Women's Moguls,KAWAMURA Anri,2534852,1,jump_1_judge_7_score,8.8,8.9,8.0
FIS FREESTYLE SKI WORLD CUP 2023,2023-01-27,VAL ST. COME (CAN),Women's Moguls,KAWAMURA Anri,2534852,1,jump_2_judge_6_score,8.4,8.5,8.7
FIS FREESTYLE SKI WORLD CUP 2023,2023-01-27,VAL ST. COME (CAN),Women's Moguls,KAWAMURA Anri,2534852,1,jump_2_judge_7_score,8.3,8.2,8.8
FIS FREESTYLE SKI WORLD CUP 2023,2023-01-27,VAL ST. COME (CAN),Women's Moguls,ANTHONY Jakara,2530720,2,run_score,83.68,83.23,81.88
FIS FREESTYLE SKI WORLD CUP 2023,2023-01-27,VAL ST. COME (CAN),Women's Moguls,ANTHONY Jakara,2530720,2,air_total,17.33,17.4,16.93
FIS FREESTYLE SKI WORLD CUP 2023,2023-01-27,VAL ST. COME (CAN),Women's Moguls,ANTHONY Jakara,2530720,2,turns_total,48.8,47.5,46.7
FIS FREESTYLE SKI WORLD CUP 2023,2023-01-27,VAL ST. COME (CAN),Women's Moguls,ANTHONY Jakara,2530720,2,time_points,17.55,18.33,18.25
FIS FREESTYLE SKI WORLD CUP 2023,2023-01-27,VAL ST. COME (CAN),Women's Moguls,ANTHONY Jakara,2530720,2,jump_1_degree_diff,1.11,1.11,1.11
FIS FREESTYLE SKI WORLD CUP 2023,2023-01-27,VAL ST. COME (CAN),Women's Moguls,ANTHONY Jakara,2530720,2,jump_2_degree_diff,0.92,0.92,0.92
FIS FREESTYLE SKI WORLD CUP 2023,2023-01-27,VAL ST. COME (CAN),Women's Moguls,ANTHONY Jakara,2530720,2,jump_1_judge_6_score,8.2,8.3,8.1
FIS FREESTYLE SKI WORLD CUP 2023,2023-01-27,VAL ST. COME (CAN),Women's Moguls,ANTHONY Jakara,2530720,2,jump_1_judge_7_score,8.2,8.4,8.0
FIS FREESTYLE SKI WORLD CUP 2023,2023-01-27,VAL ST. COME (CAN),Women's Moguls,ANTHONY Jakara,2530720,2,jump_2_judge_6_score,9.0,8.9,8.6
FIS FREESTYLE SKI WORLD CUP 2023,2023-01-27,VAL ST. COME (CAN),Women's Moguls,ANTHONY Jakara,2530720,2,jump_2_judge_7_score,8.9,8.8,8.8
FIS FREESTYLE SKI WORLD CUP 2023,2023-01-27,VAL ST. COME (CAN),Women's Moguls,KAUF Jaelin,2529064,3,run_score,72.91,78.39,78.34
FIS FREESTYLE SKI WORLD CUP 2023,2023-01-27,VAL ST. COME (CAN),Women's Moguls,KAUF Jaelin,2529064,3,air_total,12.01,13.69,13.64
FIS FREESTYLE SKI WORLD CUP 2023,2023-01-27,VAL ST. COME (CAN),Women's Moguls,KAUF Jaelin,2529064,3,turns_total,42.7,44.7,44.7
FIS FREESTYLE SKI WORLD CUP 2023,2023-01-27,VAL ST. COME (CAN),Women's Moguls,KAUF Jaelin,2529064,3,time_points,18.2,20.0,20.0
FIS FREESTYLE SKI WORLD CUP 2023,2023-01-27,VAL ST. COME (CAN),Women's Moguls,KAUF Jaelin,2529064,3,jump_1_degree_diff,0.92,0.92,0.92
FIS FREESTYLE SKI WORLD CUP 2023,2023-01-27,VAL ST. COME (CAN),Women's Moguls,KAUF Jaelin,2529064,3,jump_2_degree_diff,0.81,0.81,0.81
FIS FREESTYLE SKI WORLD CUP 2023,2023-01-27,VAL ST. COME (CAN),Women's Moguls,KAUF Jaelin,2529064,3,jump_1_judge_6_score,7.0,8.2,8.0
FIS FREESTYLE SKI WORLD CUP 2023,2023-01-27,VAL ST. COME (CAN),Women's Moguls,KAUF Jaelin,2529064,3,jump_1_judge_7_score,7.6,8.3,8.2
FIS FREESTYLE SKI WORLD CUP 2023,2023-01-27,VAL ST. COME (CAN),Women's Moguls,KAUF Jaelin,2529064,3,jump_2_judge_6_score,6.7,7.6,7.8
FIS FREESTYLE SKI WORLD CUP 2023,2023-01-27,VAL ST. COME (CAN),Women's Moguls,KAUF Jaelin,2529064,3,jump_2_judge_7_score,6.4,7.5,7.5
FIS FREESTYLE SKI WORLD CUP 2023,2023-02-02,DEER VALLEY (USA),Men's Moguls,GRAHAM Matt,2441426,1,run_score,76.93,81.27,85.35
FIS FREESTYLE SKI WORLD CUP 2023,2023-02-02,DEER VALLEY (USA),Men's Moguls,GRAHAM Matt,2441426,1,air_total,13.41,14.21,15.07
FIS FREESTYLE SKI WORLD CUP 2023,2023-02-02,DEER VALLEY (USA),Men's Moguls,GRAHAM Matt,2441426,1,turns_total,46.4,49.1,51.8
FIS FREESTYLE SKI WORLD CUP 2023,2023-02-02,DEER VALLEY (USA),Men's Moguls,GRAHAM Matt,2441426,1,time_points,17.12,17.96,18.48
FIS FREESTYLE SKI WORLD CUP 2023,2023-02-02,DEER VALLEY (USA),Men's Moguls,GRAHAM Matt,2441426,1,jump_1_degree_diff,0.88,1.05,1.05
FIS FREESTYLE SKI WORLD CUP 2023,2023-02-02,DEER VALLEY (USA),Men's Moguls,GRAHAM Matt,2441426,1,jump_2_degree_diff,0.88,0.88,0.88
FIS FREESTYLE SKI WORLD CUP 2023,2023-02-02,DEER VALLEY (USA),Men's Moguls,GRAHAM Matt,2441426,1,jump_1_judge_6_score,8.0,7.1,7.7
FIS FREESTYLE SKI WORLD CUP 2023,2023-02-02,DEER VALLEY (USA),Men's Moguls,GRAHAM Matt,2441426,1,jump_1_judge_7_score,7.7,7.5,7.6
FIS FREESTYLE SKI WORLD CUP 2023,2023-02-02,DEER VALLEY (USA),Men's Moguls,GRAHAM Matt,2441426,1,jump_2_judge_6_score,7.5,7.6,8.0
FIS FREESTYLE SKI WORLD CUP 2023,2023-02-02,DEER VALLEY (USA),Men's Moguls,GRAHAM Matt,2441426,1,jump_2_judge_7_score,7.3,7.3,8.0
FIS FREESTYLE SKI WORLD CUP 2023,2023-02-02,DEER VALLEY (USA),Men's Moguls,KINGSBURY Mikael,2484937,2,run_score,79.75,80.5,83.65
FIS FREESTYLE SKI WORLD CUP 2023,2023-02-02,DEER VALLEY (USA),Men's Moguls,KINGSBURY Mikael,2484937,2,air_total,13.55,15.03,16.6
FIS FREESTYLE SKI WORLD CUP 2023,2023-02-02,DEER VALLEY (USA),Men's Moguls,KINGSBURY Mikael,2484937,2,turns_total,49.8,48.9,50.1
FIS FREESTYLE SKI WORLD CUP 2023,2023-02-02,DEER VALLEY (USA),Men's Moguls,KINGSBURY Mikael,2484937,2,time_points,16.4,16.57,16.95
FIS FREESTYLE SKI WORLD CUP 2023,2023-02-02,DEER VALLEY (USA),Men's Moguls,KINGSBURY Mikael,2484937,2,jump_1_degree_diff,0.88,1.05,1.05
FIS FREESTYLE SKI WORLD CUP 2023,2023-02-02,DEER VALLEY (USA),Men's Moguls,KINGSBURY Mikael,2484937,2,jump_2_degree_diff,0.88,0.88,0.88
FIS FREESTYLE SKI WORLD CUP 2023,2023-02-02,DEER VALLEY (USA),Men's Moguls,KINGSBURY Mikael,2484937,2,jump_1_judge_6_score,8.0,7.1,9.0
FIS FREESTYLE SKI WORLD CUP 2023,2023-02-02,DEER VALLEY (USA),Men's Moguls,KINGSBURY Mikael,2484937,2,jump_1_judge_7_score,7.8,7.3,7.8
FIS FREESTYLE SKI WORLD CUP 2023,2023-02-02,DEER VALLEY (USA),Men's Moguls,KINGSBURY Mikael,2484937,2,jump_2_judge_6_score,7.5,8.5,8.9
FIS FREESTYLE SKI WORLD CUP 2023,2023-02-02,DEER VALLEY (USA),Men's Moguls,KINGSBURY Mikael,2484937,2,jump_2_judge_7_score,7.5,8.5,8.8
FIS FREESTYLE SKI WORLD CUP 2023,2023-02-02,DEER VALLEY (USA),Men's Moguls,CAVET Benjamin,2530514,3,run_score,81.64,78.31,81.82
FIS FREESTYLE SKI WORLD CUP 2023,2023-02-02,DEER VALLEY (USA),Men's Moguls,CAVET Benjamin,2530514,3,air_total,12.79,14.41,15.97
FIS FREESTYLE SKI WORLD CUP 2023,2023-02-02,DEER VALLEY (USA),Men's Moguls,CAVET Benjamin,2530514,3,turns_total,51.4,47.2,48.6
FIS FREESTYLE SKI WORLD CUP 2023,2023-02-02,DEER VALLEY (USA),Men's Moguls,CAVET Benjamin,2530514,3,time_points,17.45,16.7,17.25
FIS FREESTYLE SKI WORLD CUP 2023,2023-02-02,DEER VALLEY (USA),Men's Moguls,CAVET Benjamin,2530514,3,jump_1_degree_diff,0.88,0.88,0.88
FIS FREESTYLE SKI WORLD CUP 2023,2023-02-02,DEER VALLEY (USA),Men's Moguls,CAVET Benjamin,2530514,3,jump_2_degree_diff,0.71,1.05,1.05
FIS FREESTYLE SKI WORLD CUP 2023,2023-02-02,DEER VALLEY (USA),Men's Moguls,CAVET Benjamin,2530514,3,jump_1_judge_6_score,8.0,7.8,8.1
FIS FREESTYLE SKI WORLD CUP 2023,2023-02-02,DEER VALLEY (USA),Men's Moguls,CAVET Benjamin,2530514,3,jump_1_judge_7_score,8.0,7.9,8.3
FIS FREESTYLE SKI WORLD CUP 2023,2023-02-02,DEER VALLEY (USA),Men's Moguls,CAVET Benjamin,2530514,3,jump_2_judge_6_score,8.1,7.1,8.2
FIS FREESTYLE SKI WORLD CUP 2023,2023-02-02,DEER VALLEY (USA),Men's Moguls,CAVET Benjamin,2530514,3,jump_2_judge_7_score,8.1,7.2,8.5
FIS FREESTYLE SKI WORLD CUP 2023,2023-02-02,DEER VALLEY (USA),Women's Moguls,ANTHONY Jakara,2530720,1,run_score,79.13,80.29,80.15
FIS FREESTYLE SKI WORLD CUP 2023,2023-02-02,DEER VALLEY (USA),Women's Moguls,ANTHONY Jakara,2530720,1,air_total,15.44,16.16,15.63
FIS FREESTYLE SKI WORLD CUP 2023,2023-02-02,DEER VALLEY (USA),Women's Moguls,ANTHONY Jakara,2530720,1,turns_total,47.0,46.6,46.4
FIS FREESTYLE SKI WORLD CUP 2023,2023-02-02,DEER VALLEY (USA),Women's Moguls,ANTHONY Jakara,2530720,1,time_points,16.69,17.53,18.12
FIS FREESTYLE SKI WORLD CUP 2023,2023-02-02,DEER VALLEY (USA),Women's Moguls,ANTHONY Jakara,2530720,1,jump_1_degree_diff,1.11,1.11,1.11
FIS FREESTYLE SKI WORLD CUP 2023,2023-02-02,DEER VALLEY (USA),Women's Moguls,ANTHONY Jakara,2530720,1,jump_2_degree_diff,0.92,0.92,0.92
FIS FREESTYLE SKI WORLD CUP 2023,2023-02-02,DEER VALLEY (USA),Women's Moguls,ANTHONY Jakara,2530720,1,jump_1_judge_6_score,7.6,7.9,7.6
FIS FREESTYLE SKI WORLD CUP 2023,2023-02-02,DEER VALLEY (USA),Women's Moguls,ANTHONY Jakara,2530720,1,jump_1_judge_7_score,7.4,7.9,7.4
FIS FREESTYLE SKI WORLD CUP 2023,2023-02-02,DEER VALLEY (USA),Women's Moguls,ANTHONY Jakara,2530720,1,jump_2_judge_6_score,8.4,8.1,8.0
FIS FREESTYLE SKI WORLD CUP 2023,2023-02-02,DEER VALLEY (USA),Women's Moguls,ANTHONY Jakara,2530720,1,jump_2_judge_7_score,7.1,8.0,7.9
FIS FREESTYLE SKI WORLD CUP 2023,2023-02-02,DEER VALLEY (USA),Women's Moguls,KAUF Jaelin,2529064,2,run_score,74.98,78.46,77.35
FIS FREESTYLE SKI WORLD CUP 2023,2023-02-02,DEER VALLEY (USA),Women's Moguls,KAUF Jaelin,2529064,2,air_total,14.16,12.59,13.69
FIS FREESTYLE SKI WORLD CUP 2023,2023-02-02,DEER VALLEY (USA),Women's Moguls,KAUF Jaelin,2529064,2,turns_total,42.3,46.3,43.7
FIS FREESTYLE SKI WORLD CUP 2023,2023-02-02,DEER VALLEY (USA),Women's Moguls,KAUF Jaelin,2529064,2,time_points,18.52,19.57,19.96
FIS FREESTYLE SKI WORLD CUP 2023,2023-02-02,DEER VALLEY (USA),Women's Moguls,KAUF Jaelin,2529064,2,jump_1_degree_diff,0.92,0.92,0.92
FIS FREESTYLE SKI WORLD CUP 2023,2023-02-02,DEER VALLEY (USA),Women's Moguls,KAUF Jaelin,2529064,2,jump_2_degree_diff,0.81,0.81,0.81
FIS FREESTYLE SKI WORLD CUP 2023,2023-02-02,DEER VALLEY (USA),Women's Moguls,KAUF Jaelin,2529064,2,jump_1_judge_6_score,8.0,6.6,7.8
FIS FREESTYLE SKI WORLD CUP 2023,2023-02-02,DEER VALLEY (USA),Women's Moguls,KAUF Jaelin,2529064,2,jump_1_judge_7_score,8.7,6.7,7.9
FIS FREESTYLE SKI WORLD CUP 2023,2023-02-02,DEER VALLEY (USA),Women's Moguls,KAUF Jaelin,2529064,2,jump_2_judge_6_score,8.0,8.1,8.0
FIS FREESTYLE SKI WORLD CUP 2023,2023-02-02,DEER VALLEY (USA),Women's Moguls,KAUF Jaelin,2529064,2,jump_2_judge_7_score,8.0,7.9,8.0
FIS FREESTYLE SKI WORLD CUP 2023,2023-02-02,DEER VALLEY (USA),Women's Moguls,LAFFONT Perrine,2531156,3,run_score,76.35,77.44,77.17
FIS FREESTYLE SKI WORLD CUP 2023,2023-02-02,DEER VALLEY (USA),Women's Moguls,LAFFONT Perrine,2531156,3,air_total,12.21,12.56,13.36
FIS FREESTYLE SKI WORLD CUP 2023,2023-02-02,DEER VALLEY (USA),Women's Moguls,LAFFONT Perrine,2531156,3,turns_total,47.3,47.5,46.0
FIS FREESTYLE SKI WORLD CUP 2023,2023-02-02,DEER VALLEY (USA),Women's Moguls,LAFFONT Perrine,2531156,3,time_points,16.84,17.38,17.81
FIS FREESTYLE SKI WORLD CUP 2023,2023-02-02,DEER VALLEY (USA),Women's Moguls,LAFFONT Perrine,2531156,3,jump_1_degree_diff,0.81,0.81,0.81
FIS FREESTYLE SKI WORLD CUP 2023,2023-02-02,DEER VALLEY (USA),Women's Moguls,LAFFONT Perrine,2531156,3,jump_2_degree_diff,0.98,0.98,0.98
FIS FREESTYLE SKI WORLD CUP 2023,2023-02-02,DEER VALLEY (USA),Women's Moguls,LAFFONT Perrine,2531156,3,jump_1_judge_6_score,7.5,8.0,7.8
FIS FREESTYLE SKI WORLD CUP 2023,2023-02-02,DEER VALLEY (USA),Women's Moguls,LAFFONT Perrine,2531156,3,jump_1_judge_7_score,7.8,7.8,7.8
FIS FREESTYLE SKI WORLD CUP 2023,2023-02-02,DEER VALLEY (USA),Women's Moguls,LAFFONT Perrine,2531156,3,jump_2_judge_6_score,6.2,6.3,7.2
FIS FREESTYLE SKI WORLD CUP 2023,2023-02-02,DEER VALLEY (USA),Women's Moguls,LAFFONT Perrine,2531156,3,jump_2_judge_7_score,6.1,6.3,7.2
FIS FREESTYLE SKI WORLD CUP 2023,2023-03-17,ALMATY (KAZ),Men's Moguls,KOLMAKOV Pavel,2528846,2,run_score,79.44,82.24,78.72
FIS FREESTYLE SKI WORLD CUP 2023,2023-03-17,ALMATY (KAZ),Men's Moguls,KOLMAKOV Pavel,2528846,2,air_total,17.3,17.38,15.76
FIS FREESTYLE SKI WORLD CUP 2023,2023-03-17,ALMATY (KAZ),Men's Moguls,KOLMAKOV Pavel,2528846,2,turns_total,46.6,47.8,46.5
FIS FREESTYLE SKI WORLD CUP 2023,2023-03-17,ALMATY (KAZ),Men's Moguls,KOLMAKOV Pavel,2528846,2,time_points,15.54,17.06,16.46
FIS FREESTYLE SKI WORLD CUP 2023,2023-03-17,ALMATY (KAZ),Men's Moguls,KOLMAKOV Pavel,2528846,2,jump_1_degree_diff,1.05,1.05,1.05
FIS FREESTYLE SKI WORLD CUP 2023,2023-03-17,ALMATY (KAZ),Men's Moguls,KOLMAKOV Pavel,2528846,2,jump_2_degree_diff,1.01,1.01,1.01
FIS FREESTYLE SKI WORLD CUP 2023,2023-03-17,ALMATY (KAZ),Men's Moguls,KOLMAKOV Pavel,2528846,2,jump_1_judge_6_score,8.3,7.7,7.7
FIS FREESTYLE SKI WORLD CUP 2023,2023-03-17,ALMATY (KAZ),Men's Moguls,KOLMAKOV Pavel,2528846,2,jump_1_judge_7_score,8.7,8.3,8.1
FIS FREESTYLE SKI WORLD CUP 2023,2023-03-17,ALMATY (KAZ),Men's Moguls,KOLMAKOV Pavel,2528846,2,jump_2_judge_6_score,8.1,8.7,7.0
FIS FREESTYLE SKI WORLD CUP 2023,2023-03-17,ALMATY (KAZ),Men's Moguls,KOLMAKOV Pavel,2528846,2,jump_2_judge_7_score,8.5,9.1,7.8
FIS FREESTYLE SKI WORLD CUP 2023,2023-03-17,ALMATY (KAZ),Men's Moguls,GRAHAM Matt,2441426,3,run_score,,78.47,78.42
FIS FREESTYLE SKI WORLD CUP 2023,2023-03-17,ALMATY (KAZ),Men's Moguls,GRAHAM Matt,2441426,3,air_total,,13.83,14.75
FIS FREESTYLE SKI WORLD CUP 2023,2023-03-17,ALMATY (KAZ),Men's Moguls,GRAHAM Matt,2441426,3,turns_total,,47.0,46.4
FIS FREESTYLE SKI WORLD CUP 2023,2023-03-17,ALMATY (KAZ),Men's Moguls,GRAHAM Matt,2441426,3,time_points,,17.64,17.27
FIS FREESTYLE SKI WORLD CUP 2023,2023-03-17,ALMATY (KAZ),Men's Moguls,GRAHAM Matt,2441426,3,jump_1_degree_diff,,1.05,1.05
FIS FREESTYLE SKI WORLD CUP 2023,2023-03-17,ALMATY (KAZ),Men's Moguls,GRAHAM Matt,2441426,3,jump_2_degree_diff,,0.88,0.88
FIS FREESTYLE SKI WORLD CUP 2023,2023-03-17,ALMATY (KAZ),Men's Moguls,GRAHAM Matt,2441426,3,jump_1_judge_6_score,,7.5,7.3
FIS FREESTYLE SKI WORLD CUP 2023,2023-03-17,ALMATY (KAZ),Men's Moguls,GRAHAM Matt,2441426,3,jump_1_judge_7_score,,7.8,7.4
FIS FREESTYLE SKI WORLD CUP 2023,2023-03-17,ALMATY (KAZ),Men's Moguls,GRAHAM Matt,2441426,3,jump_2_judge_6_score,,6.5,8.0
FIS FREESTYLE SKI WORLD CUP 2023,2023-03-17,ALMATY (KAZ),Men's Moguls,GRAHAM Matt,2441426,3,jump_2_judge_7_score,,6.7,8.0
FIS FREESTYLE SKI WORLD CUP 2023,2023-03-17,ALMATY (KAZ),Women's Moguls,LAFFONT Perrine,2531156,1,run_score,,79.05,77.96
FIS FREESTYLE SKI WORLD CUP 2023,2023-03-17,ALMATY (KAZ),Women's Moguls,LAFFONT Perrine,2531156,1,air_total,,13.58,12.42
FIS FREESTYLE SKI WORLD CUP 2023,2023-03-17,ALMATY (KAZ),Women's Moguls,LAFFONT Perrine,2531156,1,turns_total,,47.6,47.2
FIS FREESTYLE SKI WORLD CUP 2023,2023-03-17,ALMATY (KAZ),Women's Moguls,LAFFONT Perrine,2531156,1,time_points,,17.87,18.34
FIS FREESTYLE SKI WORLD CUP 2023,2023-03-17,ALMATY (KAZ),Women's Moguls,LAFFONT Perrine,2531156,1,jump_1_degree_diff,,0.81,0.81
FIS FREESTYLE SKI WORLD CUP 2023,2023-03-17,ALMATY (KAZ),Women's Moguls,LAFFONT Perrine,2531156,1,jump_2_degree_diff,,0.98,0.98
FIS FREESTYLE SKI WORLD CUP 2023,2023-03-17,ALMATY (KAZ),Women's Moguls,LAFFONT Perrine,2531156,1,jump_1_judge_6_score,,7.2,7.9
FIS FREESTYLE SKI WORLD CUP 2023,2023-03-17,ALMATY (KAZ),Women's Moguls,LAFFONT Perrine,2531156,1,jump_1_judge_7_score,,7.1,7.8
FIS FREESTYLE SKI WORLD CUP 2023,2023-03-17,ALMATY (KAZ),Women's Moguls,LAFFONT Perrine,2531156,1,jump_2_judge_6_score,,7.9,6.1
FIS FREESTYLE SKI WORLD CUP 2023,2023-03-17,ALMATY (KAZ),Women's Moguls,LAFFONT Perrine,2531156,1,jump_2_judge_7_score,,8.0,6.3
FIS FREESTYLE SKI WORLD CUP 2023,2023-03-17,ALMATY (KAZ),Women's Moguls,KAUF Jaelin,2529064,2,run_score,,78.21,76.3
FIS FREESTYLE SKI WORLD CUP 2023,2023-03-17,ALMATY (KAZ),Women's Moguls,KAUF Jaelin,2529064,2,air_total,,12.03,13.46
FIS FREESTYLE SKI WORLD CUP 2023,2023-03-17,ALMATY (KAZ),Women's Moguls,KAUF Jaelin,2529064,2,turns_total,,46.9,43.9
FIS FREESTYLE SKI WORLD CUP 2023,2023-03-17,ALMATY (KAZ),Women's Moguls,KAUF Jaelin,2529064,2,time_points,,19.28,18.94
FIS FREESTYLE SKI WORLD CUP 2023,2023-03-17,ALMATY (KAZ),Women's Moguls,KAUF Jaelin,2529064,2,jump_1_degree_diff,,0.92,0.92
FIS FREESTYLE SKI WORLD CUP 2023,2023-03-17,ALMATY (KAZ),Women's Moguls,KAUF Jaelin,2529064,2,jump_2_degree_diff,,0.81,0.98
FIS FREESTYLE SKI WORLD CUP 2023,2023-03-17,ALMATY (KAZ),Women's Moguls,KAUF Jaelin,2529064,2,jump_1_judge_6_score,,6.7,8.2
FIS FREESTYLE SKI WORLD CUP 2023,2023-03-17,ALMATY (KAZ),Women's Moguls,KAUF Jaelin,2529064,2,jump_1_judge_7_score,,6.8,8.3
FIS FREESTYLE SKI WORLD CUP 2023,2023-03-17,ALMATY (KAZ),Women's Moguls,KAUF Jaelin,2529064,2,jump_2_judge_6_score,,7.2,6.0
FIS FREESTYLE SKI WORLD CUP 2023,2023-03-17,ALMATY (KAZ),Women's Moguls,KAUF Jaelin,2529064,2,jump_2_judge_7_score,,7.2,6.0
FIS FREESTYLE SKI WORLD CUP 2023,2023-03-17,ALMATY (KAZ),Women's Moguls,JOHNSON Tess,2532270,3,run_score,68.14,73.93,73.35
FIS FREESTYLE SKI WORLD CUP 2023,2023-03-17,ALMATY (KAZ),Women's Moguls,JOHNSON Tess,2532270,3,air_total,14.3,14.0,13.83
FIS FREESTYLE SKI WORLD CUP 2023,2023-03-17,ALMATY (KAZ),Women's Moguls,JOHNSON Tess,2532270,3,turns_total,38.2,43.3,43.0
FIS FREESTYLE SKI WORLD CUP 2023,2023-03-17,ALMATY (KAZ),Women's Moguls,JOHNSON Tess,2532270,3,time_points,15.64,16.63,16.52
FIS FREESTYLE SKI WORLD CUP 2023,2023-03-17,ALMATY (KAZ),Women's Moguls,JOHNSON Tess,2532270,3,jump_1_degree_diff,0.98,0.98,0.98
FIS FREESTYLE SKI WORLD CUP 2023,2023-03-17,ALMATY (KAZ),Women's Moguls,JOHNSON Tess,2532270,3,jump_2_degree_diff,0.92,0.92,0.92
FIS FREESTYLE SKI WORLD CUP 2023,2023-03-17,ALMATY (KAZ),Women's Moguls,JOHNSON Tess,2532270,3,jump_1_judge_6_score,6.4,5.7,6.3
FIS FREESTYLE SKI WORLD CUP 2023,2023-03-17,ALMATY (KAZ),Women's Moguls,JOHNSON Tess,2532270,3,jump_1_judge_7_score,6.2,5.9,5.8
FIS FREESTYLE SKI WORLD CUP 2023,2023-03-17,ALMATY (KAZ),Women's Moguls,JOHNSON Tess,2532270,3,jump_2_judge_6_score,8.9,9.2,8.7
FIS FREESTYLE SKI WORLD CUP 2023,2023-03-17,ALMATY (KAZ),Women's Moguls,JOHNSON Tess,2532270,3,jump_2_judge_7_score,8.8,8.9,8.5
FIS FREESTYLE SKI WORLD CUP 2024,2023-12-02,RUKA (FIN),Men's Moguls,HORISHIMA Ikuma,2529645,1,run_score,77.63,78.59,82.68
FIS FREESTYLE SKI WORLD CUP 2024,2023-12-02,RUKA (FIN),Men's Moguls,HORISHIMA Ikuma,2529645,1,air_total,14.34,16.19,17.43
FIS FREESTYLE SKI WORLD CUP 2024,2023-12-02,RUKA (FIN),Men's Moguls,HORISHIMA Ikuma,2529645,1,turns_total,47.2,45.4,47.5
FIS FREESTYLE SKI WORLD CUP 2024,2023-12-02,RUKA (FIN),Men's Moguls,HORISHIMA Ikuma,2529645,1,time_points,16.09,17.0,17.75
FIS FREESTYLE SKI WORLD CUP 2024,2023-12-02,RUKA (FIN),Men's Moguls,HORISHIMA Ikuma,2529645,1,jump_1_degree_diff,0.88,0.88,1.05
FIS FREESTYLE SKI WORLD CUP 2024,2023-12-02,RUKA (FIN),Men's Moguls,HORISHIMA Ikuma,2529645,1,jump_2_degree_diff,0.88,1.05,1.05
FIS FREESTYLE SKI WORLD CUP 2024,2023-12-02,RUKA (FIN),Men's Moguls,HORISHIMA Ikuma,2529645,1,jump_1_judge_6_score,8.4,9.2,8.4
FIS FREESTYLE SKI WORLD CUP 2024,2023-12-02,RUKA (FIN),Men's Moguls,HORISHIMA Ikuma,2529645,1,jump_1_judge_7_score,8.4,9.0,8.4
FIS FREESTYLE SKI WORLD CUP 2024,2023-12-02,RUKA (FIN),Men's Moguls,HORISHIMA Ikuma,2529645,1,jump_2_judge_6_score,8.0,7.8,8.2
FIS FREESTYLE SKI WORLD CUP 2024,2023-12-02,RUKA (FIN),Men's Moguls,HORISHIMA Ikuma,2529645,1,jump_2_judge_7_score,7.8,7.8,8.2
FIS FREESTYLE SKI WORLD CUP 2024,2023-12-02,RUKA (FIN),Men's Moguls,WALLBERG Walter,2532001,2,run_score,80.27,80.52,79.88
FIS FREESTYLE SKI WORLD CUP 2024,2023-12-02,RUKA (FIN),Men's Moguls,WALLBERG Walter,2532001,2,air_total,17.17,16.69,16.9
FIS FREESTYLE SKI WORLD CUP 2024,2023-12-02,RUKA (FIN),Men's Moguls,WALLBERG Walter,2532001,2,turns_total,45.4,46.0,45.0
FIS FREESTYLE SKI WORLD CUP 2024,2023-12-02,RUKA (FIN),Men's Moguls,WALLBERG Walter,2532001,2,time_points,17.7,17.83,17.98
FIS FREESTYLE SKI WORLD CUP 2024,2023-12-02,RUKA (FIN),Men's Moguls,WALLBERG Walter,2532001,2,jump_1_degree_diff,0.88,1.05,1.05
FIS FREESTYLE SKI WORLD CUP 2024,2023-12-02,RUKA (FIN),Men's Moguls,WALLBERG Walter,2532001,2,jump_2_degree_diff,1.01,1.05,1.05
FIS FREESTYLE SKI WORLD CUP 2024,2023-12-02,RUKA (FIN),Men's Moguls,WALLBERG Walter,2532001,2,jump_1_judge_6_score,9.2,8.6,8.6
FIS FREESTYLE SKI WORLD CUP 2024,2023-12-02,RUKA (FIN),Men's Moguls,WALLBERG Walter,2532001,2,jump_1_judge_7_score,9.3,8.4,8.3
FIS FREESTYLE SKI WORLD CUP 2024,2023-12-02,RUKA (FIN),Men's Moguls,WALLBERG Walter,2532001,2,jump_2_judge_6_score,8.9,7.6,7.6
FIS FREESTYLE SKI WORLD CUP 2024,2023-12-02,RUKA (FIN),Men's Moguls,WALLBERG Walter,2532001,2,jump_2_judge_7_score,9.0,7.2,7.7
FIS FREESTYLE SKI WORLD CUP 2024,2023-12-02,RUKA (FIN),Men's Moguls,KINGSBURY Mikael,2484937,3,run_score,79.5,80.11,79.08
FIS FREESTYLE SKI WORLD CUP 2024,2023-12-02,RUKA (FIN),Men's Moguls,KINGSBURY Mikael,2484937,3,air_total,14.42,15.59,16.53
FIS FREESTYLE SKI WORLD CUP 2024,2023-12-02,RUKA (FIN),Men's Moguls,KINGSBURY Mikael,2484937,3,turns_total,47.6,47.3,44.1
FIS FREESTYLE SKI WORLD CUP 2024,2023-12-02,RUKA (FIN),Men's Moguls,KINGSBURY Mikael,2484937,3,time_points,17.48,17.22,18.45
FIS FREESTYLE SKI WORLD CUP 2024,2023-12-02,RUKA (FIN),Men's Moguls,KINGSBURY Mikael,2484937,3,jump_1_degree_diff,0.88,1.05,1.05
FIS FREESTYLE SKI WORLD CUP 2024,2023-12-02,RUKA (FIN),Men's Moguls,KINGSBURY Mikael,2484937,3,jump_2_degree_diff,0.88,1.05,1.05
FIS FREESTYLE SKI WORLD CUP 2024,2023-12-02,RUKA (FIN),Men's Moguls,KINGSBURY Mikael,2484937,3,jump_1_judge_6_score,9.2,7.8,8.2
FIS FREESTYLE SKI WORLD CUP 2024,2023-12-02,RUKA (FIN),Men's Moguls,KINGSBURY Mikael,2484937,3,jump_1_judge_7_score,9.5,7.7,8.3
FIS FREESTYLE SKI WORLD CUP 2024,2023-12-02,RUKA (FIN),Men's Moguls,KINGSBURY Mikael,2484937,3,jump_2_judge_6_score,7.1,7.2,7.5
FIS FREESTYLE SKI WORLD CUP 2024,2023-12-02,RUKA (FIN),Men's Moguls,KINGSBURY Mikael,2484937,3,jump_2_judge_7_score,7.0,7.0,7.5
FIS FREESTYLE SKI WORLD CUP 2024,2023-12-02,RUKA (FIN),Women's Moguls,ANTHONY Jakara,2530720,1,run_score,82.73,83.12,84.18
FIS FREESTYLE SKI WORLD CUP 2024,2023-12-02,RUKA (FIN),Women's Moguls,ANTHONY Jakara,2530720,1,air_total,16.87,17.22,17.83
FIS FREESTYLE SKI WORLD CUP 2024,2023-12-02,RUKA (FIN),Women's Moguls,ANTHONY Jakara,2530720,1,turns_total,47.7,46.5,46.7
FIS FREESTYLE SKI WORLD CUP 2024,2023-12-02,RUKA (FIN),Women's Moguls,ANTHONY Jakara,2530720,1,time_points,18.16,19.4,19.65
FIS FREESTYLE SKI WORLD CUP 2024,2023-12-02,RUKA (FIN),Women's Moguls,ANTHONY Jakara,2530720,1,jump_1_degree_diff,1.11,1.11,1.11
FIS FREESTYLE SKI WORLD CUP 2024,2023-12-02,RUKA (FIN),Women's Moguls,ANTHONY Jakara,2530720,1,jump_2_degree_diff,0.92,0.92,0.92
FIS FREESTYLE SKI WORLD CUP 2024,2023-12-02,RUKA (FIN),Women's Moguls,ANTHONY Jakara,2530720,1,jump_1_judge_6_score,7.8,8.0,8.4
FIS FREESTYLE SKI WORLD CUP 2024,2023-12-02,RUKA (FIN),Women's Moguls,ANTHONY Jakara,2530720,1,jump_1_judge_7_score,7.7,7.8,8.5
FIS FREESTYLE SKI WORLD CUP 2024,2023-12-02,RUKA (FIN),Women's Moguls,ANTHONY Jakara,2530720,1,jump_2_judge_6_score,9.1,9.4,9.2
FIS FREESTYLE SKI WORLD CUP 2024,2023-12-02,RUKA (FIN),Women's Moguls,ANTHONY Jakara,2530720,1,jump_2_judge_7_score,8.9,9.0,9.2
FIS FREESTYLE SKI WORLD CUP 2024,2023-12-02,RUKA (FIN),Women's Moguls,LEMLEY Elizabeth,2537762,2,run_score,75.58,74.2,79.68
FIS FREESTYLE SKI WORLD CUP 2024,2023-12-02,RUKA (FIN),Women's Moguls,LEMLEY Elizabeth,2537762,2,air_total,15.11,14.72,15.36
FIS FREESTYLE SKI WORLD CUP 2024,2023-12-02,RUKA (FIN),Women's Moguls,LEMLEY Elizabeth,2537762,2,turns_total,42.1,40.2,45.6
FIS FREESTYLE SKI WORLD CUP 2024,2023-12-02,RUKA (FIN),Women's Moguls,LEMLEY Elizabeth,2537762,2,time_points,18.37,19.28,18.72
FIS FREESTYLE SKI WORLD CUP 2024,2023-12-02,RUKA (FIN),Women's Moguls,LEMLEY Elizabeth,2537762,2,jump_1_degree_diff,0.81,0.81,0.81
FIS FREESTYLE SKI WORLD CUP 2024,2023-12-02,RUKA (FIN),Women's Moguls,LEMLEY Elizabeth,2537762,2,jump_2_degree_diff,0.98,0.98,0.98
FIS FREESTYLE SKI WORLD CUP 2024,2023-12-02,RUKA (FIN),Women's Moguls,LEMLEY Elizabeth,2537762,2,jump_1_judge_6_score,8.2,8.4,8.3
FIS FREESTYLE SKI WORLD CUP 2024,2023-12-02,RUKA (FIN),Women's Moguls,LEMLEY Elizabeth,2537762,2,jump_1_judge_7_score,8.2,8.6,8.6
FIS FREESTYLE SKI WORLD CUP 2024,2023-12-02,RUKA (FIN),Women's Moguls,LEMLEY Elizabeth,2537762,2,jump_2_judge_6_score,8.8,8.0,8.6
FIS FREESTYLE SKI WORLD CUP 2024,2023-12-02,RUKA (FIN),Women's Moguls,LEMLEY Elizabeth,2537762,2,jump_2_judge_7_score,8.5,8.0,8.8
FIS FREESTYLE SKI WORLD CUP 2024,2023-12-02,RUKA (FIN),Women's Moguls,GIACCIO Olivia,2532241,3,run_score,68.67,73.43,76.35
FIS FREESTYLE SKI WORLD CUP 2024,2023-12-02,RUKA (FIN),Women's Moguls,GIACCIO Olivia,2532241,3,air_total,14.49,14.01,15.18
FIS FREESTYLE SKI WORLD CUP 2024,2023-12-02,RUKA (FIN),Women's Moguls,GIACCIO Olivia,2532241,3,turns_total,37.9,41.7,43.0
FIS FREESTYLE SKI WORLD CUP 2024,2023-12-02,RUKA (FIN),Women's Moguls,GIACCIO Olivia,2532241,3,time_points,16.28,17.72,18.17
FIS FREESTYLE SKI WORLD CUP 2024,2023-12-02,RUKA (FIN),Women's Moguls,GIACCIO Olivia,2532241,3,jump_1_degree_diff,0.98,0.98,0.98
FIS FREESTYLE SKI WORLD CUP 2024,2023-12-02,RUKA (FIN),Women's Moguls,GIACCIO Olivia,2532241,3,jump_2_degree_diff,0.98,0.98,0.98
FIS FREESTYLE SKI WORLD CUP 2024,2023-12-02,RUKA (FIN),Women's Moguls,GIACCIO Olivia,2532241,3,jump_1_judge_6_score,6.7,7.0,7.5
FIS FREESTYLE SKI WORLD CUP 2024,2023-12-02,RUKA (FIN),Women's Moguls,GIACCIO Olivia,2532241,3,jump_1_judge_7_score,6.3,6.5,7.2
FIS FREESTYLE SKI WORLD CUP 2024,2023-12-02,RUKA (FIN),Women's Moguls,GIACCIO Olivia,2532241,3,jump_2_judge_6_score,8.2,7.6,8.1
FIS FREESTYLE SKI WORLD CUP 2024,2023-12-02,RUKA (FIN),Women's Moguls,GIACCIO Olivia,2532241,3,jump_2_judge_7_score,8.4,7.5,8.2
FIS FREESTYLE SKI WORLD CUP 2024,2023-12-08,IDRE FJÄLL (SWE),Men's Moguls,KINGSBURY Mikael,2484937,1,run_score,78.38,82.16,85.02
FIS FREESTYLE SKI WORLD CUP 2024,2023-12-08,IDRE FJÄLL (SWE),Men's Moguls,KINGSBURY Mikael,2484937,1,air_total,15.4,16.31,17.54
FIS FREESTYLE SKI WORLD CUP 2024,2023-12-08,IDRE FJÄLL (SWE),Men's Moguls,KINGSBURY Mikael,2484937,1,turns_total,47.6,50.4,51.3
FIS FREESTYLE SKI WORLD CUP 2024,2023-12-08,IDRE FJÄLL (SWE),Men's Moguls,KINGSBURY Mikael,2484937,1,time_points,15.38,15.45,16.18
FIS FREESTYLE SKI WORLD CUP 2024,2023-12-08,IDRE FJÄLL (SWE),Men's Moguls,KINGSBURY Mikael,2484937,1,jump_1_degree_diff,1.05,1.05,1.05
FIS FREESTYLE SKI WORLD CUP 2024,2023-12-08,IDRE FJÄLL (SWE),Men's Moguls,KINGSBURY Mikael,2484937,1,jump_2_degree_diff,0.88,1.01,1.01
FIS FREESTYLE SKI WORLD CUP 2024,2023-12-08,IDRE FJÄLL (SWE),Men's Moguls,KINGSBURY Mikael,2484937,1,jump_1_judge_6_score,7.6,7.7,8.2
FIS FREESTYLE SKI WORLD CUP 2024,2023-12-08,IDRE FJÄLL (SWE),Men's Moguls,KINGSBURY Mikael,2484937,1,jump_1_judge_7_score,8.0,8.0,8.1
FIS FREESTYLE SKI WORLD CUP 2024,2023-12-08,IDRE FJÄLL (SWE),Men's Moguls,KINGSBURY Mikael,2484937,1,jump_2_judge_6_score,8.4,7.8,8.8
FIS FREESTYLE SKI WORLD CUP 2024,2023-12-08,IDRE FJÄLL (SWE),Men's Moguls,KINGSBURY Mikael,2484937,1,jump_2_judge_7_score,8.0,8.2,9.0
FIS FREESTYLE SKI WORLD CUP 2024,2023-12-08,IDRE FJÄLL (SWE),Men's Moguls,PAGE Nick,2533462,2,run_score,73.57,80.08,79.55
FIS FREESTYLE SKI WORLD CUP 2024,2023-12-08,IDRE FJÄLL (SWE),Men's Moguls,PAGE Nick,2533462,2,air_total,13.68,16.79,14.03
FIS FREESTYLE SKI WORLD CUP 2024,2023-12-08,IDRE FJÄLL (SWE),Men's Moguls,PAGE Nick,2533462,2,turns_total,44.3,46.3,46.8
FIS FREESTYLE SKI WORLD CUP 2024,2023-12-08,IDRE FJÄLL (SWE),Men's Moguls,PAGE Nick,2533462,2,time_points,15.59,16.99,18.72
FIS FREESTYLE SKI WORLD CUP 2024,2023-12-08,IDRE FJÄLL (SWE),Men's Moguls,PAGE Nick,2533462,2,jump_1_degree_diff,1.05,1.05,1.05
FIS FREESTYLE SKI WORLD CUP 2024,2023-12-08,IDRE FJÄLL (SWE),Men's Moguls,PAGE Nick,2533462,2,jump_2_degree_diff,0.88,1.01,1.01
FIS FREESTYLE SKI WORLD CUP 2024,2023-12-08,IDRE FJÄLL (SWE),Men's Moguls,PAGE Nick,2533462,2,jump_1_judge_6_score,6.7,8.3,6.4
FIS FREESTYLE SKI WORLD CUP 2024,2023-12-08,IDRE FJÄLL (SWE),Men's Moguls,PAGE Nick,2533462,2,jump_1_judge_7_score,6.8,8.7,6.0
FIS FREESTYLE SKI WORLD CUP 2024,2023-12-08,IDRE FJÄLL (SWE),Men's Moguls,PAGE Nick,2533462,2,jump_2_judge_6_score,7.3,7.6,7.4
FIS FREESTYLE SKI WORLD CUP 2024,2023-12-08,IDRE FJÄLL (SWE),Men's Moguls,PAGE Nick,2533462,2,jump_2_judge_7_score,7.7,8.0,7.5
FIS FREESTYLE SKI WORLD CUP 2024,2023-12-08,IDRE FJÄLL (SWE),Men's Moguls,GRAVENFORS Filip,2534858,3,run_score,74.86,79.31,79.53
FIS FREESTYLE SKI WORLD CUP 2024,2023-12-08,IDRE FJÄLL (SWE),Men's Moguls,GRAVENFORS Filip,2534858,3,air_total,12.18,16.32,15.42
FIS FREESTYLE SKI WORLD CUP 2024,2023-12-08,IDRE FJÄLL (SWE),Men's Moguls,GRAVENFORS Filip,2534858,3,turns_total,46.1,46.2,46.7
FIS FREESTYLE SKI WORLD CUP 2024,2023-12-08,IDRE FJÄLL (SWE),Men's Moguls,GRAVENFORS Filip,2534858,3,time_points,16.58,16.79,17.41
FIS FREESTYLE SKI WORLD CUP 2024,2023-12-08,IDRE FJÄLL (SWE),Men's Moguls,GRAVENFORS Filip,2534858,3,jump_1_degree_diff,1.05,1.2,1.2
FIS FREESTYLE SKI WORLD CUP 2024,2023-12-08,IDRE FJÄLL (SWE),Men's Moguls,GRAVENFORS Filip,2534858,3,jump_2_degree_diff,0.88,1.05,1.05
FIS FREESTYLE SKI WORLD CUP 2024,2023-12-08,IDRE FJÄLL (SWE),Men's Moguls,GRAVENFORS Filip,2534858,3,jump_1_judge_6_score,6.8,7.2,7.2
FIS FREESTYLE SKI WORLD CUP 2024,2023-12-08,IDRE FJÄLL (SWE),Men's Moguls,GRAVENFORS Filip,2534858,3,jump_1_judge_7_score,6.6,6.8,7.4
FIS FREESTYLE SKI WORLD CUP 2024,2023-12-08,IDRE FJÄLL (SWE),Men's Moguls,GRAVENFORS Filip,2534858,3,jump_2_judge_6_score,5.8,7.4,6.3
FIS FREESTYLE SKI WORLD CUP 2024,2023-12-08,IDRE FJÄLL (SWE),Men's Moguls,GRAVENFORS Filip,2534858,3,jump_2_judge_7_score,5.9,7.7,6.4
FIS FREESTYLE SKI WORLD CUP 2024,2023-12-08,IDRE FJÄLL (SWE),Women's Moguls,ANTHONY Jakara,2530720,1,run_score,,83.24,79.74
FIS FREESTYLE SKI WORLD CUP 2024,2023-12-08,IDRE FJÄLL (SWE),Women's Moguls,ANTHONY Jakara,2530720,1,air_total,,17.19,16.71
FIS FREESTYLE SKI WORLD CUP 2024,2023-12-08,IDRE FJÄLL (SWE),Women's Moguls,ANTHONY Jakara,2530720,1,turns_total,,49.8,47.1
FIS FREESTYLE SKI WORLD CUP 2024,2023-12-08,IDRE FJÄLL (SWE),Women's Moguls,ANTHONY Jakara,2530720,1,time_points,,16.25,15.93
FIS FREESTYLE SKI WORLD CUP 2024,2023-12-08,IDRE FJÄLL (SWE),Women's Moguls,ANTHONY Jakara,2530720,1,jump_1_degree_diff,,1.11,1.11
FIS FREESTYLE SKI WORLD CUP 2024,2023-12-08,IDRE FJÄLL (SWE),Women's Moguls,ANTHONY Jakara,2530720,1,jump_2_degree_diff,,0.92,0.92
FIS FREESTYLE SKI WORLD CUP 2024,2023-12-08,IDRE FJÄLL (SWE),Women's Moguls,ANTHONY Jakara,2530720,1,jump_1_judge_6_score,,8.5,7.7
FIS FREESTYLE SKI WORLD CUP 2024,2023-12-08,IDRE FJÄLL (SWE),Women's Moguls,ANTHONY Jakara,2530720,1,jump_1_judge_7_score,,8.4,8.0
FIS FREESTYLE SKI WORLD CUP 2024,2023-12-08,IDRE FJÄLL (SWE),Women's Moguls,ANTHONY Jakara,2530720,1,jump_2_judge_6_score,,8.6,9.1
FIS FREESTYLE SKI WORLD CUP 2024,2023-12-08,IDRE FJÄLL (SWE),Women's Moguls,ANTHONY Jakara,2530720,1,jump_2_judge_7_score,,8.4,8.3
FIS FREESTYLE SKI WORLD CUP 2024,2023-12-08,IDRE FJÄLL (SWE),Women's Moguls,YANAGIMOTO Rino,2532040,2,run_score,,73.34,72.42
FIS FREESTYLE SKI WORLD CUP 2024,2023-12-08,IDRE FJÄLL (SWE),Women's Moguls,YANAGIMOTO Rino,2532040,2,air_total,,11.36,12.44
FIS FREESTYLE SKI WORLD CUP 2024,2023-12-08,IDRE FJÄLL (SWE),Women's Moguls,YANAGIMOTO Rino,2532040,2,turns_total,,46.9,43.9
FIS FREESTYLE SKI WORLD CUP 2024,2023-12-08,IDRE FJÄLL (SWE),Women's Moguls,YANAGIMOTO Rino,2532040,2,time_points,,15.08,16.08
FIS FREESTYLE SKI WORLD CUP 2024,2023-12-08,IDRE FJÄLL (SWE),Women's Moguls,YANAGIMOTO Rino,2532040,2,jump_1_degree_diff,,0.81,0.81
FIS FREESTYLE SKI WORLD CUP 2024,2023-12-08,IDRE FJÄLL (SWE),Women's Moguls,YANAGIMOTO Rino,2532040,2,jump_2_degree_diff,,0.98,0.98
FIS FREESTYLE SKI WORLD CUP 2024,2023-12-08,IDRE FJÄLL (SWE),Women's Moguls,YANAGIMOTO Rino,2532040,2,jump_1_judge_6_score,,7.1,7.6
FIS FREESTYLE SKI WORLD CUP 2024,2023-12-08,IDRE FJÄLL (SWE),Women's Moguls,YANAGIMOTO Rino,2532040,2,jump_1_judge_7_score,,6.7,7.9
FIS FREESTYLE SKI WORLD CUP 2024,2023-12-08,IDRE FJÄLL (SWE),Women's Moguls,YANAGIMOTO Rino,2532040,2,jump_2_judge_6_score,,5.9,6.2
FIS FREESTYLE SKI WORLD CUP 2024,2023-12-08,IDRE FJÄLL (SWE),Women's Moguls,YANAGIMOTO Rino,2532040,2,jump_2_judge_7_score,,5.9,6.4
FIS FREESTYLE SKI WORLD CUP 2024,2023-12-08,IDRE FJÄLL (SWE),Women's Moguls,GIACCIO Olivia,2532241,3,run_score,,76.31,72.16
FIS FREESTYLE SKI WORLD CUP 2024,2023-12-08,IDRE FJÄLL (SWE),Women's Moguls,GIACCIO Olivia,2532241,3,air_total,,13.46,13.47
FIS FREESTYLE SKI WORLD CUP 2024,2023-12-08,IDRE FJÄLL (SWE),Women's Moguls,GIACCIO Olivia,2532241,3,turns_total,,47.5,42.6
FIS FREESTYLE SKI WORLD CUP 2024,2023-12-08,IDRE FJÄLL (SWE),Women's Moguls,GIACCIO Olivia,2532241,3,time_points,,15.35,16.09
FIS FREESTYLE SKI WORLD CUP 2024,2023-12-08,IDRE FJÄLL (SWE),Women's Moguls,GIACCIO Olivia,2532241,3,jump_1_degree_diff,,0.98,0.98
FIS FREESTYLE SKI WORLD CUP 2024,2023-12-08,IDRE FJÄLL (SWE),Women's Moguls,GIACCIO Olivia,2532241,3,jump_2_degree_diff,,0.98,0.98
FIS FREESTYLE SKI WORLD CUP 2024,2023-12-08,IDRE FJÄLL (SWE),Women's Moguls,GIACCIO Olivia,2532241,3,jump_1_judge_6_score,,6.5,6.4
FIS FREESTYLE SKI WORLD CUP 2024,2023-12-08,IDRE FJÄLL (SWE),Women's Moguls,GIACCIO Olivia,2532241,3,jump_1_judge_7_score,,6.6,6.2
FIS FREESTYLE SKI WORLD CUP 2024,2023-12-08,IDRE FJÄLL (SWE),Women's Moguls,GIACCIO Olivia,2532241,3,jump_2_judge_6_score,,7.3,7.5
FIS FREESTYLE SKI WORLD CUP 2024,2023-12-08,IDRE FJÄLL (SWE),Women's Moguls,GIACCIO Olivia,2532241,3,jump_2_judge_7_score,,7.1,7.4
FIS FREESTYLE SKI WORLD CUP 2024,2023-12-15,ALPE D'HUEZ (FRA),Men's Moguls,KINGSBURY Mikael,2484937,1,run_score,,81.37,86.55
FIS FREESTYLE SKI WORLD CUP 2024,2023-12-15,ALPE D'HUEZ (FRA),Men's Moguls,KINGSBURY Mikael,2484937,1,air_total,,15.94,16.8
FIS FREESTYLE SKI WORLD CUP 2024,2023-12-15,ALPE D'HUEZ (FRA),Men's Moguls,KINGSBURY Mikael,2484937,1,turns_total,,48.9,52.9
FIS FREESTYLE SKI WORLD CUP 2024,2023-12-15,ALPE D'HUEZ (FRA),Men's Moguls,KINGSBURY Mikael,2484937,1,time_points,,16.53,16.85
FIS FREESTYLE SKI WORLD CUP 2024,2023-12-15,ALPE D'HUEZ (FRA),Men's Moguls,KINGSBURY Mikael,2484937,1,jump_1_degree_diff,,1.05,1.05
FIS FREESTYLE SKI WORLD CUP 2024,2023-12-15,ALPE D'HUEZ (FRA),Men's Moguls,KINGSBURY Mikael,2484937,1,jump_2_degree_diff,,1.01,1.01
FIS FREESTYLE SKI WORLD CUP 2024,2023-12-15,ALPE D'HUEZ (FRA),Men's Moguls,KINGSBURY Mikael,2484937,1,jump_1_judge_6_score,,7.1,7.5
FIS FREESTYLE SKI WORLD CUP 2024,2023-12-15,ALPE D'HUEZ (FRA),Men's Moguls,KINGSBURY Mikael,2484937,1,jump_1_judge_7_score,,7.4,7.5
FIS FREESTYLE SKI WORLD CUP 2024,2023-12-15,ALPE D'HUEZ (FRA),Men's Moguls,KINGSBURY Mikael,2484937,1,jump_2_judge_6_score,,8.3,8.8
FIS FREESTYLE SKI WORLD CUP 2024,2023-12-15,ALPE D'HUEZ (FRA),Men's Moguls,KINGSBURY Mikael,2484937,1,jump_2_judge_7_score,,8.2,8.9
FIS FREESTYLE SKI WORLD CUP 2024,2023-12-15,ALPE D'HUEZ (FRA),Men's Moguls,VAILLANCOURT Elliot,2532513,2,run_score,,77.11,77.44
FIS FREESTYLE SKI WORLD CUP 2024,2023-12-15,ALPE D'HUEZ (FRA),Men's Moguls,VAILLANCOURT Elliot,2532513,2,air_total,,14.8,15.1
FIS FREESTYLE SKI WORLD CUP 2024,2023-12-15,ALPE D'HUEZ (FRA),Men's Moguls,VAILLANCOURT Elliot,2532513,2,turns_total,,44.8,45.1
FIS FREESTYLE SKI WORLD CUP 2024,2023-12-15,ALPE D'HUEZ (FRA),Men's Moguls,VAILLANCOURT Elliot,2532513,2,time_points,,17.51,17.24
FIS FREESTYLE SKI WORLD CUP 2024,2023-12-15,ALPE D'HUEZ (FRA),Men's Moguls,VAILLANCOURT Elliot,2532513,2,jump_1_degree_diff,,1.01,1.01
FIS FREESTYLE SKI WORLD CUP 2024,2023-12-15,ALPE D'HUEZ (FRA),Men's Moguls,VAILLANCOURT Elliot,2532513,2,jump_2_degree_diff,,0.88,0.88
FIS FREESTYLE SKI WORLD CUP 2024,2023-12-15,ALPE D'HUEZ (FRA),Men's Moguls,VAILLANCOURT Elliot,2532513,2,jump_1_judge_6_score,,7.4,8.2
FIS FREESTYLE SKI WORLD CUP 2024,2023-12-15,ALPE D'HUEZ (FRA),Men's Moguls,VAILLANCOURT Elliot,2532513,2,jump_1_judge_7_score,,7.9,8.3
FIS FREESTYLE SKI WORLD CUP 2024,2023-12-15,ALPE D'HUEZ (FRA),Men's Moguls,VAILLANCOURT Elliot,2532513,2,jump_2_judge_6_score,,8.1,7.7
FIS FREESTYLE SKI WORLD CUP 2024,2023-12-15,ALPE D'HUEZ (FRA),Men's Moguls,VAILLANCOURT Elliot,2532513,2,jump_2_judge_7_score,,8.0,7.7
FIS FREESTYLE SKI WORLD CUP 2024,2023-12-15,ALPE D'HUEZ (FRA),Men's Moguls,HORISHIMA Ikuma,2529645,3,run_score,,80.0,77.23
FIS FREESTYLE SKI WORLD CUP 2024,2023-12-15,ALPE D'HUEZ (FRA),Men's Moguls,HORISHIMA Ikuma,2529645,3,air_total,,12.88,13.7
FIS FREESTYLE SKI WORLD CUP 2024,2023-12-15,ALPE D'HUEZ (FRA),Men's Moguls,HORISHIMA Ikuma,2529645,3,turns_total,,49.4,45.6
FIS FREESTYLE SKI WORLD CUP 2024,2023-12-15,ALPE D'HUEZ (FRA),Men's Moguls,HORISHIMA Ikuma,2529645,3,time_points,,17.72,17.93
FIS FREESTYLE SKI WORLD CUP 2024,2023-12-15,ALPE D'HUEZ (FRA),Men's Moguls,HORISHIMA Ikuma,2529645,3,jump_1_degree_diff,,0.88,1.05
FIS FREESTYLE SKI WORLD CUP 2024,2023-12-15,ALPE D'HUEZ (FRA),Men's Moguls,HORISHIMA Ikuma,2529645,3,jump_2_degree_diff,,1.05,1.05
FIS FREESTYLE SKI WORLD CUP 2024,2023-12-15,ALPE D'HUEZ (FRA),Men's Moguls,HORISHIMA Ikuma,2529645,3,jump_1_judge_6_score,,8.2,6.0
FIS FREESTYLE SKI WORLD CUP 2024,2023-12-15,ALPE D'HUEZ (FRA),Men's Moguls,HORISHIMA Ikuma,2529645,3,jump_1_judge_7_score,,8.1,6.0
FIS FREESTYLE SKI WORLD CUP 2024,2023-12-15,ALPE D'HUEZ (FRA),Men's Moguls,HORISHIMA Ikuma,2529645,3,jump_2_judge_6_score,,5.4,7.0
FIS FREESTYLE SKI WORLD CUP 2024,2023-12-15,ALPE D'HUEZ (FRA),Men's Moguls,HORISHIMA Ikuma,2529645,3,jump_2_judge_7_score,,5.5,7.1
FIS FREESTYLE SKI WORLD CUP 2024,2023-12-15,ALPE D'HUEZ (FRA),Women's Moguls,ANTHONY Jakara,2530720,1,run_score,80.84,80.42,79.98
FIS FREESTYLE SKI WORLD CUP 2024,2023-12-15,ALPE D'HUEZ (FRA),Women's Moguls,ANTHONY Jakara,2530720,1,air_total,15.84,14.52,14.74
FIS FREESTYLE SKI WORLD CUP 2024,2023-12-15,ALPE D'HUEZ (FRA),Women's Moguls,ANTHONY Jakara,2530720,1,turns_total,47.2,47.5,46.7
FIS FREESTYLE SKI WORLD CUP 2024,2023-12-15,ALPE D'HUEZ (FRA),Women's Moguls,ANTHONY Jakara,2530720,1,time_points,17.8,18.4,18.54
FIS FREESTYLE SKI WORLD CUP 2024,2023-12-15,ALPE D'HUEZ (FRA),Women's Moguls,ANTHONY Jakara,2530720,1,jump_1_degree_diff,1.11,1.11,1.11
FIS FREESTYLE SKI WORLD CUP 2024,2023-12-15,ALPE D'HUEZ (FRA),Women's Moguls,ANTHONY Jakara,2530720,1,jump_2_degree_diff,0.92,0.81,0.81
FIS FREESTYLE SKI WORLD CUP 2024,2023-12-15,ALPE D'HUEZ (FRA),Women's Moguls,ANTHONY Jakara,2530720,1,jump_1_judge_6_score,8.0,7.1,8.3
FIS FREESTYLE SKI WORLD CUP 2024,2023-12-15,ALPE D'HUEZ (FRA),Women's Moguls,ANTHONY Jakara,2530720,1,jump_1_judge_7_score,7.8,7.1,8.2
FIS FREESTYLE SKI WORLD CUP 2024,2023-12-15,ALPE D'HUEZ (FRA),Women's Moguls,ANTHONY Jakara,2530720,1,jump_2_judge_6_score,7.8,8.2,7.1
FIS FREESTYLE SKI WORLD CUP 2024,2023-12-15,ALPE D'HUEZ (FRA),Women's Moguls,ANTHONY Jakara,2530720,1,jump_2_judge_7_score,7.6,8.2,6.7
FIS FREESTYLE SKI WORLD CUP 2024,2023-12-15,ALPE D'HUEZ (FRA),Women's Moguls,KAUF Jaelin,2529064,2,run_score,72.38,79.45,75.64
FIS FREESTYLE SKI WORLD CUP 2024,2023-12-15,ALPE D'HUEZ (FRA),Women's Moguls,KAUF Jaelin,2529064,2,air_total,8.97,12.87,11.38
FIS FREESTYLE SKI WORLD CUP 2024,2023-12-15,ALPE D'HUEZ (FRA),Women's Moguls,KAUF Jaelin,2529064,2,turns_total,45.5,47.4,44.7
FIS FREESTYLE SKI WORLD CUP 2024,2023-12-15,ALPE D'HUEZ (FRA),Women's Moguls,KAUF Jaelin,2529064,2,time_points,17.91,19.18,19.56
FIS FREESTYLE SKI WORLD CUP 2024,2023-12-15,ALPE D'HUEZ (FRA),Women's Moguls,KAUF Jaelin,2529064,2,jump_1_degree_diff,0.92,0.92,0.92
FIS FREESTYLE SKI WORLD CUP 2024,2023-12-15,ALPE D'HUEZ (FRA),Women's Moguls,KAUF Jaelin,2529064,2,jump_2_degree_diff,0.81,0.81,0.98
FIS FREESTYLE SKI WORLD CUP 2024,2023-12-15,ALPE D'HUEZ (FRA),Women's Moguls,KAUF Jaelin,2529064,2,jump_1_judge_6_score,4.9,8.0,7.7
FIS FREESTYLE SKI WORLD CUP 2024,2023-12-15,ALPE D'HUEZ (FRA),Women's Moguls,KAUF Jaelin,2529064,2,jump_1_judge_7_score,4.5,8.1,7.9
FIS FREESTYLE SKI WORLD CUP 2024,2023-12-15,ALPE D'HUEZ (FRA),Women's Moguls,KAUF Jaelin,2529064,2,jump_2_judge_6_score,5.6,6.5,4.2
FIS FREESTYLE SKI WORLD CUP 2024,2023-12-15,ALPE D'HUEZ (FRA),Women's Moguls,KAUF Jaelin,2529064,2,jump_2_judge_7_score,5.9,7.0,4.4
FIS FREESTYLE SKI WORLD CUP 2024,2023-12-15,ALPE D'HUEZ (FRA),Women's Moguls,GIACCIO Olivia,2532241,3,run_score,69.27,74.52,74.82
FIS FREESTYLE SKI WORLD CUP 2024,2023-12-15,ALPE D'HUEZ (FRA),Women's Moguls,GIACCIO Olivia,2532241,3,air_total,11.46,12.38,12.34
FIS FREESTYLE SKI WORLD CUP 2024,2023-12-15,ALPE D'HUEZ (FRA),Women's Moguls,GIACCIO Olivia,2532241,3,turns_total,42.5,44.4,45.1
FIS FREESTYLE SKI WORLD CUP 2024,2023-12-15,ALPE D'HUEZ (FRA),Women's Moguls,GIACCIO Olivia,2532241,3,time_points,15.31,17.74,17.38
FIS FREESTYLE SKI WORLD CUP 2024,2023-12-15,ALPE D'HUEZ (FRA),Women's Moguls,GIACCIO Olivia,2532241,3,jump_1_degree_diff,0.98,0.98,0.98
FIS FREESTYLE SKI WORLD CUP 2024,2023-12-15,ALPE D'HUEZ (FRA),Women's Moguls,GIACCIO Olivia,2532241,3,jump_2_degree_diff,0.98,0.98,0.98
FIS FREESTYLE SKI WORLD CUP 2024,2023-12-15,ALPE D'HUEZ (FRA),Women's Moguls,GIACCIO Olivia,2532241,3,jump_1_judge_6_score,6.5,6.3,7.0
FIS FREESTYLE SKI WORLD CUP 2024,2023-12-15,ALPE D'HUEZ (FRA),Women's Moguls,GIACCIO Olivia,2532241,3,jump_1_judge_7_score,6.8,6.6,7.0
FIS FREESTYLE SKI WORLD CUP 2024,2023-12-15,ALPE D'HUEZ (FRA),Women's Moguls,GIACCIO Olivia,2532241,3,jump_2_judge_6_score,5.0,6.1,5.4
FIS FREESTYLE SKI WORLD CUP 2024,2023-12-15,ALPE D'HUEZ (FRA),Women's Moguls,GIACCIO Olivia,2532241,3,jump_2_judge_7_score,5.1,6.3,5.8
FIS FREESTYLE SKI WORLD CUP 2024,2023-12-22,BAKURIANI (GEO),Men's Moguls,HORISHIMA Ikuma,2529645,1,run_score,76.43,76.98,77.11
FIS FREESTYLE SKI WORLD CUP 2024,2023-12-22,BAKURIANI (GEO),Men's Moguls,HORISHIMA Ikuma,2529645,1,air_total,14.55,15.94,14.53
FIS FREESTYLE SKI WORLD CUP 2024,2023-12-22,BAKURIANI (GEO),Men's Moguls,HORISHIMA Ikuma,2529645,1,turns_total,48.2,46.6,47.5
FIS FREESTYLE SKI WORLD CUP 2024,2023-12-22,BAKURIANI (GEO),Men's Moguls,HORISHIMA Ikuma,2529645,1,time_points,13.68,14.44,15.08
FIS FREESTYLE SKI WORLD CUP 2024,2023-12-22,BAKURIANI (GEO),Men's Moguls,HORISHIMA Ikuma,2529645,1,jump_1_degree_diff,0.88,0.88,1.05
FIS FREESTYLE SKI WORLD CUP 2024,2023-12-22,BAKURIANI (GEO),Men's Moguls,HORISHIMA Ikuma,2529645,1,jump_2_degree_diff,0.88,1.05,1.05
FIS FREESTYLE SKI WORLD CUP 2024,2023-12-22,BAKURIANI (GEO),Men's Moguls,HORISHIMA Ikuma,2529645,1,jump_1_judge_6_score,8.5,8.4,6.3
FIS FREESTYLE SKI WORLD CUP 2024,2023-12-22,BAKURIANI (GEO),Men's Moguls,HORISHIMA Ikuma,2529645,1,jump_1_judge_7_score,8.4,8.4,6.5
FIS FREESTYLE SKI WORLD CUP 2024,2023-12-22,BAKURIANI (GEO),Men's Moguls,HORISHIMA Ikuma,2529645,1,jump_2_judge_6_score,8.1,8.2,7.4
FIS FREESTYLE SKI WORLD CUP 2024,2023-12-22,BAKURIANI (GEO),Men's Moguls,HORISHIMA Ikuma,2529645,1,jump_2_judge_7_score,8.1,8.1,7.5
FIS FREESTYLE SKI WORLD CUP 2024,2023-12-22,BAKURIANI (GEO),Men's Moguls,GRAVENFORS Filip,2534858,2,run_score,70.01,73.72,75.85
FIS FREESTYLE SKI WORLD CUP 2024,2023-12-22,BAKURIANI (GEO),Men's Moguls,GRAVENFORS Filip,2534858,2,air_total,12.65,13.61,14.04
FIS FREESTYLE SKI WORLD CUP 2024,2023-12-22,BAKURIANI (GEO),Men's Moguls,GRAVENFORS Filip,2534858,2,turns_total,42.8,44.6,46.7
FIS FREESTYLE SKI WORLD CUP 2024,2023-12-22,BAKURIANI (GEO),Men's Moguls,GRAVENFORS Filip,2534858,2,time_points,14.56,15.51,15.11
FIS FREESTYLE SKI WORLD CUP 2024,2023-12-22,BAKURIANI (GEO),Men's Moguls,GRAVENFORS Filip,2534858,2,jump_1_degree_diff,1.05,0.88,0.88
FIS FREESTYLE SKI WORLD CUP 2024,2023-12-22,BAKURIANI (GEO),Men's Moguls,GRAVENFORS Filip,2534858,2,jump_2_degree_diff,0.88,1.05,1.05
FIS FREESTYLE SKI WORLD CUP 2024,2023-12-22,BAKURIANI (GEO),Men's Moguls,GRAVENFORS Filip,2534858,2,jump_1_judge_6_score,6.7,6.8,8.5
FIS FREESTYLE SKI WORLD CUP 2024,2023-12-22,BAKURIANI (GEO),Men's Moguls,GRAVENFORS Filip,2534858,2,jump_1_judge_7_score,6.6,7.1,8.5
FIS FREESTYLE SKI WORLD CUP 2024,2023-12-22,BAKURIANI (GEO),Men's Moguls,GRAVENFORS Filip,2534858,2,jump_2_judge_6_score,6.3,7.1,6.2
FIS FREESTYLE SKI WORLD CUP 2024,2023-12-22,BAKURIANI (GEO),Men's Moguls,GRAVENFORS Filip,2534858,2,jump_2_judge_7_score,6.6,7.2,6.3
FIS FREESTYLE SKI WORLD CUP 2024,2023-12-22,BAKURIANI (GEO),Men's Moguls,KINGSBURY Mikael,2484937,3,run_score,81.7,79.44,75.21
FIS FREESTYLE SKI WORLD CUP 2024,2023-12-22,BAKURIANI (GEO),Men's Moguls,KINGSBURY Mikael,2484937,3,air_total,15.17,16.83,13.78
FIS FREESTYLE SKI WORLD CUP 2024,2023-12-22,BAKURIANI (GEO),Men's Moguls,KINGSBURY Mikael,2484937,3,turns_total,50.9,47.6,46.3
FIS FREESTYLE SKI WORLD CUP 2024,2023-12-22,BAKURIANI (GEO),Men's Moguls,KINGSBURY Mikael,2484937,3,time_points,15.63,15.01,15.13
FIS FREESTYLE SKI WORLD CUP 2024,2023-12-22,BAKURIANI (GEO),Men's Moguls,KINGSBURY Mikael,2484937,3,jump_1_degree_diff,0.88,0.88,0.88
FIS FREESTYLE SKI WORLD CUP 2024,2023-12-22,BAKURIANI (GEO),Men's Moguls,KINGSBURY Mikael,2484937,3,jump_2_degree_diff,0.88,1.05,1.05
FIS FREESTYLE SKI WORLD CUP 2024,2023-12-22,BAKURIANI (GEO),Men's Moguls,KINGSBURY Mikael,2484937,3,jump_1_judge_6_score,9.0,9.3,8.5
FIS FREESTYLE SKI WORLD CUP 2024,2023-12-22,BAKURIANI (GEO),Men's Moguls,KINGSBURY Mikael,2484937,3,jump_1_judge_7_score,9.2,9.4,8.5
FIS FREESTYLE SKI WORLD CUP 2024,2023-12-22,BAKURIANI (GEO),Men's Moguls,KINGSBURY Mikael,2484937,3,jump_2_judge_6_score,8.1,8.3,6.0
FIS FREESTYLE SKI WORLD CUP 2024,2023-12-22,BAKURIANI (GEO),Men's Moguls,KINGSBURY Mikael,2484937,3,jump_2_judge_7_score,8.2,8.1,6.0
FIS FREESTYLE SKI WORLD CUP 2024,2023-12-22,BAKURIANI (GEO),Women's Moguls,ANTHONY Jakara,2530720,1,run_score,77.15,75.48,79.08
FIS FREESTYLE SKI WORLD CUP 2024,2023-12-22,BAKURIANI (GEO),Women's Moguls,ANTHONY Jakara,2530720,1,air_total,15.28,14.45,16.05
FIS FREESTYLE SKI WORLD CUP 2024,2023-12-22,BAKURIANI (GEO),Women's Moguls,ANTHONY Jakara,2530720,1,turns_total,46.1,44.5,46.5
FIS FREESTYLE SKI WORLD CUP 2024,2023-12-22,BAKURIANI (GEO),Women's Moguls,ANTHONY Jakara,2530720,1,time_points,15.77,16.53,16.53
FIS FREESTYLE SKI WORLD CUP 2024,2023-12-22,BAKURIANI (GEO),Women's Moguls,ANTHONY Jakara,2530720,1,jump_1_degree_diff,1.11,1.11,1.11
FIS FREESTYLE SKI WORLD CUP 2024,2023-12-22,BAKURIANI (GEO),Women's Moguls,ANTHONY Jakara,2530720,1,jump_2_degree_diff,0.81,0.81,0.81
FIS FREESTYLE SKI WORLD CUP 2024,2023-12-22,BAKURIANI (GEO),Women's Moguls,ANTHONY Jakara,2530720,1,jump_1_judge_6_score,7.5,7.0,8.0
FIS FREESTYLE SKI WORLD CUP 2024,2023-12-22,BAKURIANI (GEO),Women's Moguls,ANTHONY Jakara,2530720,1,jump_1_judge_7_score,7.8,7.3,8.1
FIS FREESTYLE SKI WORLD CUP 2024,2023-12-22,BAKURIANI (GEO),Women's Moguls,ANTHONY Jakara,2530720,1,jump_2_judge_6_score,8.5,8.1,8.9
FIS FREESTYLE SKI WORLD CUP 2024,2023-12-22,BAKURIANI (GEO),Women's Moguls,ANTHONY Jakara,2530720,1,jump_2_judge_7_score,8.3,8.0,8.7
FIS FREESTYLE SKI WORLD CUP 2024,2023-12-22,BAKURIANI (GEO),Women's Moguls,YANAGIMOTO Rino,2532040,2,run_score,71.17,74.19,77.1
FIS FREESTYLE SKI WORLD CUP 2024,2023-12-22,BAKURIANI (GEO),Women's Moguls,YANAGIMOTO Rino,2532040,2,air_total,14.11,14.66,16.96
FIS FREESTYLE SKI WORLD CUP 2024,2023-12-22,BAKURIANI (GEO),Women's Moguls,YANAGIMOTO Rino,2532040,2,turns_total,43.0,44.1,44.5
FIS FREESTYLE SKI WORLD CUP 2024,2023-12-22,BAKURIANI (GEO),Women's Moguls,YANAGIMOTO Rino,2532040,2,time_points,14.06,15.43,15.64
FIS FREESTYLE SKI WORLD CUP 2024,2023-12-22,BAKURIANI (GEO),Women's Moguls,YANAGIMOTO Rino,2532040,2,jump_1_degree_diff,0.81,1.11,1.11
FIS FREESTYLE SKI WORLD CUP 2024,2023-12-22,BAKURIANI (GEO),Women's Moguls,YANAGIMOTO Rino,2532040,2,jump_2_degree_diff,0.98,0.98,0.98
FIS FREESTYLE SKI WORLD CUP 2024,2023-12-22,BAKURIANI (GEO),Women's Moguls,YANAGIMOTO Rino,2532040,2,jump_1_judge_6_score,8.4,7.8,8.5
FIS FREESTYLE SKI WORLD CUP 2024,2023-12-22,BAKURIANI (GEO),Women's Moguls,YANAGIMOTO Rino,2532040,2,jump_1_judge_7_score,8.2,7.7,8.4
FIS FREESTYLE SKI WORLD CUP 2024,2023-12-22,BAKURIANI (GEO),Women's Moguls,YANAGIMOTO Rino,2532040,2,jump_2_judge_6_score,7.5,6.1,7.7
FIS FREESTYLE SKI WORLD CUP 2024,2023-12-22,BAKURIANI (GEO),Women's Moguls,YANAGIMOTO Rino,2532040,2,jump_2_judge_7_score,7.6,6.3,7.8
FIS FREESTYLE SKI WORLD CUP 2024,2023-12-22,BAKURIANI (GEO),Women's Moguls,SOAR Hannah,2531373,3,run_score,65.4,70.16,71.18
FIS FREESTYLE SKI WORLD CUP 2024,2023-12-22,BAKURIANI (GEO),Women's Moguls,SOAR Hannah,2531373,3,air_total,10.61,12.69,12.92
FIS FREESTYLE SKI WORLD CUP 2024,2023-12-22,BAKURIANI (GEO),Women's Moguls,SOAR Hannah,2531373,3,turns_total,41.8,42.4,43.3
FIS FREESTYLE SKI WORLD CUP 2024,2023-12-22,BAKURIANI (GEO),Women's Moguls,SOAR Hannah,2531373,3,time_points,12.99,15.07,14.96
FIS FREESTYLE SKI WORLD CUP 2024,2023-12-22,BAKURIANI (GEO),Women's Moguls,SOAR Hannah,2531373,3,jump_1_degree_diff,0.81,0.81,0.81
FIS FREESTYLE SKI WORLD CUP 2024,2023-12-22,BAKURIANI (GEO),Women's Moguls,SOAR Hannah,2531373,3,jump_2_degree_diff,0.92,0.92,0.92
FIS FREESTYLE SKI WORLD CUP 2024,2023-12-22,BAKURIANI (GEO),Women's Moguls,SOAR Hannah,2531373,3,jump_1_judge_6_score,6.7,6.9,7.4
FIS FREESTYLE SKI WORLD CUP 2024,2023-12-22,BAKURIANI (GEO),Women's Moguls,SOAR Hannah,2531373,3,jump_1_judge_7_score,6.7,7.2,7.6
FIS FREESTYLE SKI WORLD CUP 2024,2023-12-22,BAKURIANI (GEO),Women's Moguls,SOAR Hannah,2531373,3,jump_2_judge_6_score,5.6,7.6,7.5
FIS FREESTYLE SKI WORLD CUP 2024,2023-12-22,BAKURIANI (GEO),Women's Moguls,SOAR Hannah,2531373,3,jump_2_judge_7_score,5.7,7.6,7.4
FIS FREESTYLE SKI WORLD CUP 2024,2024-01-19,VAL ST. COME (CAN),Men's Moguls,WALLBERG Walter,2532001,1,run_score,73.98,83.67,84.92
FIS FREESTYLE SKI WORLD CUP 2024,2024-01-19,VAL ST. COME (CAN),Men's Moguls,WALLBERG Walter,2532001,1,air_total,10.17,15.84,15.29
FIS FREESTYLE SKI WORLD CUP 2024,2024-01-19,VAL ST. COME (CAN),Men's Moguls,WALLBERG Walter,2532001,1,turns_total,46.0,49.6,51.4
FIS FREESTYLE SKI WORLD CUP 2024,2024-01-19,VAL ST. COME (CAN),Men's Moguls,WALLBERG Walter,2532001,1,time_points,17.81,18.23,18.23
FIS FREESTYLE SKI WORLD CUP 2024,2024-01-19,VAL ST. COME (CAN),Men's Moguls,WALLBERG Walter,2532001,1,jump_1_degree_diff,0.88,0.88,0.88
FIS FREESTYLE SKI WORLD CUP 2024,2024-01-19,VAL ST. COME (CAN),Men's Moguls,WALLBERG Walter,2532001,1,jump_2_degree_diff,1.01,1.05,1.05
FIS FREESTYLE SKI WORLD CUP 2024,2024-01-19,VAL ST. COME (CAN),Men's Moguls,WALLBERG Walter,2532001,1,jump_1_judge_6_score,5.4,8.3,8.2
FIS FREESTYLE SKI WORLD CUP 2024,2024-01-19,VAL ST. COME (CAN),Men's Moguls,WALLBERG Walter,2532001,1,jump_1_judge_7_score,5.0,8.5,8.2
FIS FREESTYLE SKI WORLD CUP 2024,2024-01-19,VAL ST. COME (CAN),Men's Moguls,WALLBERG Walter,2532001,1,jump_2_judge_6_score,5.6,8.1,7.7
FIS FREESTYLE SKI WORLD CUP 2024,2024-01-19,VAL ST. COME (CAN),Men's Moguls,WALLBERG Walter,2532001,1,jump_2_judge_7_score,5.5,8.0,7.7
FIS FREESTYLE SKI WORLD CUP 2024,2024-01-19,VAL ST. COME (CAN),Men's Moguls,VAILLANCOURT Elliot,2532513,2,run_score,71.2,82.13,82.37
FIS FREESTYLE SKI WORLD CUP 2024,2024-01-19,VAL ST. COME (CAN),Men's Moguls,VAILLANCOURT Elliot,2532513,2,air_total,13.93,17.14,15.57
FIS FREESTYLE SKI WORLD CUP 2024,2024-01-19,VAL ST. COME (CAN),Men's Moguls,VAILLANCOURT Elliot,2532513,2,turns_total,40.3,47.9,49.1
FIS FREESTYLE SKI WORLD CUP 2024,2024-01-19,VAL ST. COME (CAN),Men's Moguls,VAILLANCOURT Elliot,2532513,2,time_points,16.97,17.09,17.7
FIS FREESTYLE SKI WORLD CUP 2024,2024-01-19,VAL ST. COME (CAN),Men's Moguls,VAILLANCOURT Elliot,2532513,2,jump_1_degree_diff,1.05,1.05,1.05
FIS FREESTYLE SKI WORLD CUP 2024,2024-01-19,VAL ST. COME (CAN),Men's Moguls,VAILLANCOURT Elliot,2532513,2,jump_2_degree_diff,1.01,1.01,1.01
FIS FREESTYLE SKI WORLD CUP 2024,2024-01-19,VAL ST. COME (CAN),Men's Moguls,VAILLANCOURT Elliot,2532513,2,jump_1_judge_6_score,6.2,8.2,8.2
FIS FREESTYLE SKI WORLD CUP 2024,2024-01-19,VAL ST. COME (CAN),Men's Moguls,VAILLANCOURT Elliot,2532513,2,jump_1_judge_7_score,6.5,8.2,8.1
FIS FREESTYLE SKI WORLD CUP 2024,2024-01-19,VAL ST. COME (CAN),Men's Moguls,VAILLANCOURT Elliot,2532513,2,jump_2_judge_6_score,7.4,8.4,7.0
FIS FREESTYLE SKI WORLD CUP 2024,2024-01-19,VAL ST. COME (CAN),Men's Moguls,VAILLANCOURT Elliot,2532513,2,jump_2_judge_7_score,7.0,8.5,6.9
FIS FREESTYLE SKI WORLD CUP 2024,2024-01-19,VAL ST. COME (CAN),Men's Moguls,GRAVENFORS Filip,2534858,3,run_score,75.95,80.65,77.7
FIS FREESTYLE SKI WORLD CUP 2024,2024-01-19,VAL ST. COME (CAN),Men's Moguls,GRAVENFORS Filip,2534858,3,air_total,12.93,15.86,12.54
FIS FREESTYLE SKI WORLD CUP 2024,2024-01-19,VAL ST. COME (CAN),Men's Moguls,GRAVENFORS Filip,2534858,3,turns_total,46.3,47.4,47.1
FIS FREESTYLE SKI WORLD CUP 2024,2024-01-19,VAL ST. COME (CAN),Men's Moguls,GRAVENFORS Filip,2534858,3,time_points,16.72,17.39,18.06
FIS FREESTYLE SKI WORLD CUP 2024,2024-01-19,VAL ST. COME (CAN),Men's Moguls,GRAVENFORS Filip,2534858,3,jump_1_degree_diff,0.88,1.05,1.05
FIS FREESTYLE SKI WORLD CUP 2024,2024-01-19,VAL ST. COME (CAN),Men's Moguls,GRAVENFORS Filip,2534858,3,jump_2_degree_diff,0.88,0.88,1.01
FIS FREESTYLE SKI WORLD CUP 2024,2024-01-19,VAL ST. COME (CAN),Men's Moguls,GRAVENFORS Filip,2534858,3,jump_1_judge_6_score,6.5,8.2,8.4
FIS FREESTYLE SKI WORLD CUP 2024,2024-01-19,VAL ST. COME (CAN),Men's Moguls,GRAVENFORS Filip,2534858,3,jump_1_judge_7_score,6.8,8.2,8.2
FIS FREESTYLE SKI WORLD CUP 2024,2024-01-19,VAL ST. COME (CAN),Men's Moguls,GRAVENFORS Filip,2534858,3,jump_2_judge_6_score,8.0,8.4,3.8
FIS FREESTYLE SKI WORLD CUP 2024,2024-01-19,VAL ST. COME (CAN),Men's Moguls,GRAVENFORS Filip,2534858,3,jump_2_judge_7_score,8.1,8.1,3.8
FIS FREESTYLE SKI WORLD CUP 2024,2024-01-19,VAL ST. COME (CAN),Women's Moguls,ANTHONY Jakara,2530720,1,run_score,81.48,81.18,82.01
FIS FREESTYLE SKI WORLD CUP 2024,2024-01-19,VAL ST. COME (CAN),Women's Moguls,ANTHONY Jakara,2530720,1,air_total,15.63,15.81,16.51
FIS FREESTYLE SKI WORLD CUP 2024,2024-01-19,VAL ST. COME (CAN),Women's Moguls,ANTHONY Jakara,2530720,1,turns_total,47.4,47.4,47.8
FIS FREESTYLE SKI WORLD CUP 2024,2024-01-19,VAL ST. COME (CAN),Women's Moguls,ANTHONY Jakara,2530720,1,time_points,18.45,17.97,17.7
FIS FREESTYLE SKI WORLD CUP 2024,2024-01-19,VAL ST. COME (CAN),Women's Moguls,ANTHONY Jakara,2530720,1,jump_1_degree_diff,1.11,1.11,1.11
FIS FREESTYLE SKI WORLD CUP 2024,2024-01-19,VAL ST. COME (CAN),Women's Moguls,ANTHONY Jakara,2530720,1,jump_2_degree_diff,0.92,0.92,0.92
FIS FREESTYLE SKI WORLD CUP 2024,2024-01-19,VAL ST. COME (CAN),Women's Moguls,ANTHONY Jakara,2530720,1,jump_1_judge_6_score,7.8,7.2,7.8
FIS FREESTYLE SKI WORLD CUP 2024,2024-01-19,VAL ST. COME (CAN),Women's Moguls,ANTHONY Jakara,2530720,1,jump_1_judge_7_score,7.7,7.3,7.8
FIS FREESTYLE SKI WORLD CUP 2024,2024-01-19,VAL ST. COME (CAN),Women's Moguls,ANTHONY Jakara,2530720,1,jump_2_judge_6_score,7.5,8.4,8.4
FIS FREESTYLE SKI WORLD CUP 2024,2024-01-19,VAL ST. COME (CAN),Women's Moguls,ANTHONY Jakara,2530720,1,jump_2_judge_7_score,7.8,8.5,8.7
FIS FREESTYLE SKI WORLD CUP 2024,2024-01-19,VAL ST. COME (CAN),Women's Moguls,KAUF Jaelin,2529064,2,run_score,71.62,71.78,74.87
FIS FREESTYLE SKI WORLD CUP 2024,2024-01-19,VAL ST. COME (CAN),Women's Moguls,KAUF Jaelin,2529064,2,air_total,11.53,11.86,12.05
FIS FREESTYLE SKI WORLD CUP 2024,2024-01-19,VAL ST. COME (CAN),Women's Moguls,KAUF Jaelin,2529064,2,turns_total,42.5,41.1,44.0
FIS FREESTYLE SKI WORLD CUP 2024,2024-01-19,VAL ST. COME (CAN),Women's Moguls,KAUF Jaelin,2529064,2,time_points,17.59,18.82,18.82
FIS FREESTYLE SKI WORLD CUP 2024,2024-01-19,VAL ST. COME (CAN),Women's Moguls,KAUF Jaelin,2529064,2,jump_1_degree_diff,0.92,0.92,0.92
FIS FREESTYLE SKI WORLD CUP 2024,2024-01-19,VAL ST. COME (CAN),Women's Moguls,KAUF Jaelin,2529064,2,jump_2_degree_diff,0.81,0.98,0.98
FIS FREESTYLE SKI WORLD CUP 2024,2024-01-19,VAL ST. COME (CAN),Women's Moguls,KAUF Jaelin,2529064,2,jump_1_judge_6_score,7.3,8.0,5.7
FIS FREESTYLE SKI WORLD CUP 2024,2024-01-19,VAL ST. COME (CAN),Women's Moguls,KAUF Jaelin,2529064,2,jump_1_judge_7_score,7.5,8.1,5.5
FIS FREESTYLE SKI WORLD CUP 2024,2024-01-19,VAL ST. COME (CAN),Women's Moguls,KAUF Jaelin,2529064,2,jump_2_judge_6_score,5.8,4.4,7.2
FIS FREESTYLE SKI WORLD CUP 2024,2024-01-19,VAL ST. COME (CAN),Women's Moguls,KAUF Jaelin,2529064,2,jump_2_judge_7_score,5.9,4.7,6.9
FIS FREESTYLE SKI WORLD CUP 2024,2024-01-19,VAL ST. COME (CAN),Women's Moguls,TOMITAKA Hinako,2532031,3,run_score,69.83,73.77,74.19
FIS FREESTYLE SKI WORLD CUP 2024,2024-01-19,VAL ST. COME (CAN),Women's Moguls,TOMITAKA Hinako,2532031,3,air_total,12.0,12.61,12.2
FIS FREESTYLE SKI WORLD CUP 2024,2024-01-19,VAL ST. COME (CAN),Women's Moguls,TOMITAKA Hinako,2532031,3,turns_total,42.0,44.9,45.3
FIS FREESTYLE SKI WORLD CUP 2024,2024-01-19,VAL ST. COME (CAN),Women's Moguls,TOMITAKA Hinako,2532031,3,time_points,15.83,16.26,16.69
FIS FREESTYLE SKI WORLD CUP 2024,2024-01-19,VAL ST. COME (CAN),Women's Moguls,TOMITAKA Hinako,2532031,3,jump_1_degree_diff,0.92,0.92,0.92
FIS FREESTYLE SKI WORLD CUP 2024,2024-01-19,VAL ST. COME (CAN),Women's Moguls,TOMITAKA Hinako,2532031,3,jump_2_degree_diff,0.81,0.98,0.98
FIS FREESTYLE SKI WORLD CUP 2024,2024-01-19,VAL ST. COME (CAN),Women's Moguls,TOMITAKA Hinako,2532031,3,jump_1_judge_6_score,6.1,6.1,7.2
FIS FREESTYLE SKI WORLD CUP 2024,2024-01-19,VAL ST. COME (CAN),Women's Moguls,TOMITAKA Hinako,2532031,3,jump_1_judge_7_score,6.2,6.1,7.1
FIS FREESTYLE SKI WORLD CUP 2024,2024-01-19,VAL ST. COME (CAN),Women's Moguls,TOMITAKA Hinako,2532031,3,jump_2_judge_6_score,7.8,7.1,5.7
FIS FREESTYLE SKI WORLD CUP 2024,2024-01-19,VAL ST. COME (CAN),Women's Moguls,TOMITAKA Hinako,2532031,3,jump_2_judge_7_score,7.9,7.2,5.8
FIS FREESTYLE SKI WORLD CUP 2024,2024-01-26,WATERVILLE (USA),Men's Moguls,HORISHIMA Ikuma,2529645,1,run_score,79.71,83.0,85.84
FIS FREESTYLE SKI WORLD CUP 2024,2024-01-26,WATERVILLE (USA),Men's Moguls,HORISHIMA Ikuma,2529645,1,air_total,14.33,16.77,18.26
FIS FREESTYLE SKI WORLD CUP 2024,2024-01-26,WATERVILLE (USA),Men's Moguls,HORISHIMA Ikuma,2529645,1,turns_total,48.1,49.2,50.3
FIS FREESTYLE SKI WORLD CUP 2024,2024-01-26,WATERVILLE (USA),Men's Moguls,HORISHIMA Ikuma,2529645,1,time_points,17.28,17.03,17.28
FIS FREESTYLE SKI WORLD CUP 2024,2024-01-26,WATERVILLE (USA),Men's Moguls,HORISHIMA Ikuma,2529645,1,jump_1_degree_diff,0.88,0.88,1.05
FIS FREESTYLE SKI WORLD CUP 2024,2024-01-26,WATERVILLE (USA),Men's Moguls,HORISHIMA Ikuma,2529645,1,jump_2_degree_diff,0.88,1.05,1.05
FIS FREESTYLE SKI WORLD CUP 2024,2024-01-26,WATERVILLE (USA),Men's Moguls,HORISHIMA Ikuma,2529645,1,jump_1_judge_6_score,8.3,9.5,9.0
FIS FREESTYLE SKI WORLD CUP 2024,2024-01-26,WATERVILLE (USA),Men's Moguls,HORISHIMA Ikuma,2529645,1,jump_1_judge_7_score,8.1,9.3,9.1
FIS FREESTYLE SKI WORLD CUP 2024,2024-01-26,WATERVILLE (USA),Men's Moguls,HORISHIMA Ikuma,2529645,1,jump_2_judge_6_score,8.2,8.2,8.3
FIS FREESTYLE SKI WORLD CUP 2024,2024-01-26,WATERVILLE (USA),Men's Moguls,HORISHIMA Ikuma,2529645,1,jump_2_judge_7_score,8.0,8.0,8.4
FIS FREESTYLE SKI WORLD CUP 2024,2024-01-26,WATERVILLE (USA),Men's Moguls,WOODS Cooper,2532161,2,run_score,78.04,77.63,81.04
FIS FREESTYLE SKI WORLD CUP 2024,2024-01-26,WATERVILLE (USA),Men's Moguls,WOODS Cooper,2532161,2,air_total,15.44,15.29,15.78
FIS FREESTYLE SKI WORLD CUP 2024,2024-01-26,WATERVILLE (USA),Men's Moguls,WOODS Cooper,2532161,2,turns_total,48.1,46.0,47.6
FIS FREESTYLE SKI WORLD CUP 2024,2024-01-26,WATERVILLE (USA),Men's Moguls,WOODS Cooper,2532161,2,time_points,14.5,16.34,17.66
FIS FREESTYLE SKI WORLD CUP 2024,2024-01-26,WATERVILLE (USA),Men's Moguls,WOODS Cooper,2532161,2,jump_1_degree_diff,0.88,1.05,1.05
FIS FREESTYLE SKI WORLD CUP 2024,2024-01-26,WATERVILLE (USA),Men's Moguls,WOODS Cooper,2532161,2,jump_2_degree_diff,0.88,0.88,0.88
FIS FREESTYLE SKI WORLD CUP 2024,2024-01-26,WATERVILLE (USA),Men's Moguls,WOODS Cooper,2532161,2,jump_1_judge_6_score,9.0,7.9,7.9
FIS FREESTYLE SKI WORLD CUP 2024,2024-01-26,WATERVILLE (USA),Men's Moguls,WOODS Cooper,2532161,2,jump_1_judge_7_score,9.7,8.5,8.1
FIS FREESTYLE SKI WORLD CUP 2024,2024-01-26,WATERVILLE (USA),Men's Moguls,WOODS Cooper,2532161,2,jump_2_judge_6_score,8.0,7.8,8.7
FIS FREESTYLE SKI WORLD CUP 2024,2024-01-26,WATERVILLE (USA),Men's Moguls,WOODS Cooper,2532161,2,jump_2_judge_7_score,8.4,7.4,8.1
FIS FREESTYLE SKI WORLD CUP 2024,2024-01-26,WATERVILLE (USA),Men's Moguls,KINGSBURY Mikael,2484937,3,run_score,79.51,84.19,80.07
FIS FREESTYLE SKI WORLD CUP 2024,2024-01-26,WATERVILLE (USA),Men's Moguls,KINGSBURY Mikael,2484937,3,air_total,15.44,18.26,18.0
FIS FREESTYLE SKI WORLD CUP 2024,2024-01-26,WATERVILLE (USA),Men's Moguls,KINGSBURY Mikael,2484937,3,turns_total,48.5,49.1,45.0
FIS FREESTYLE SKI WORLD CUP 2024,2024-01-26,WATERVILLE (USA),Men's Moguls,KINGSBURY Mikael,2484937,3,time_points,15.57,16.83,17.07
FIS FREESTYLE SKI WORLD CUP 2024,2024-01-26,WATERVILLE (USA),Men's Moguls,KINGSBURY Mikael,2484937,3,jump_1_degree_diff,0.88,1.05,1.05
FIS FREESTYLE SKI WORLD CUP 2024,2024-01-26,WATERVILLE (USA),Men's Moguls,KINGSBURY Mikael,2484937,3,jump_2_degree_diff,0.88,1.05,1.05
FIS FREESTYLE SKI WORLD CUP 2024,2024-01-26,WATERVILLE (USA),Men's Moguls,KINGSBURY Mikael,2484937,3,jump_1_judge_6_score,9.5,9.3,8.2
FIS FREESTYLE SKI WORLD CUP 2024,2024-01-26,WATERVILLE (USA),Men's Moguls,KINGSBURY Mikael,2484937,3,jump_1_judge_7_score,9.4,9.2,8.3
FIS FREESTYLE SKI WORLD CUP 2024,2024-01-26,WATERVILLE (USA),Men's Moguls,KINGSBURY Mikael,2484937,3,jump_2_judge_6_score,8.2,8.3,9.2
FIS FREESTYLE SKI WORLD CUP 2024,2024-01-26,WATERVILLE (USA),Men's Moguls,KINGSBURY Mikael,2484937,3,jump_2_judge_7_score,8.0,8.0,8.6
FIS FREESTYLE SKI WORLD CUP 2024,2024-01-26,WATERVILLE (USA),Women's Moguls,ANTHONY Jakara,2530720,1,run_score,71.87,81.4,81.22
FIS FREESTYLE SKI WORLD CUP 2024,2024-01-26,WATERVILLE (USA),Women's Moguls,ANTHONY Jakara,2530720,1,air_total,15.05,16.44,15.6
FIS FREESTYLE SKI WORLD CUP 2024,2024-01-26,WATERVILLE (USA),Women's Moguls,ANTHONY Jakara,2530720,1,turns_total,40.9,47.0,47.6
FIS FREESTYLE SKI WORLD CUP 2024,2024-01-26,WATERVILLE (USA),Women's Moguls,ANTHONY Jakara,2530720,1,time_points,15.92,17.96,18.02
FIS FREESTYLE SKI WORLD CUP 2024,2024-01-26,WATERVILLE (USA),Women's Moguls,ANTHONY Jakara,2530720,1,jump_1_degree_diff,1.11,1.11,1.11
FIS FREESTYLE SKI WORLD CUP 2024,2024-01-26,WATERVILLE (USA),Women's Moguls,ANTHONY Jakara,2530720,1,jump_2_degree_diff,0.81,0.81,0.81
FIS FREESTYLE SKI WORLD CUP 2024,2024-01-26,WATERVILLE (USA),Women's Moguls,ANTHONY Jakara,2530720,1,jump_1_judge_6_score,8.1,8.5,8.3
FIS FREESTYLE SKI WORLD CUP 2024,2024-01-26,WATERVILLE (USA),Women's Moguls,ANTHONY Jakara,2530720,1,jump_1_judge_7_score,7.8,8.3,7.8
FIS FREESTYLE SKI WORLD CUP 2024,2024-01-26,WATERVILLE (USA),Women's Moguls,ANTHONY Jakara,2530720,1,jump_2_judge_6_score,7.8,9.0,8.6
FIS FREESTYLE SKI WORLD CUP 2024,2024-01-26,WATERVILLE (USA),Women's Moguls,ANTHONY Jakara,2530720,1,jump_2_judge_7_score,7.6,8.6,7.9
FIS FREESTYLE SKI WORLD CUP 2024,2024-01-26,WATERVILLE (USA),Women's Moguls,KAUF Jaelin,2529064,2,run_score,68.81,72.32,71.71
FIS FREESTYLE SKI WORLD CUP 2024,2024-01-26,WATERVILLE (USA),Women's Moguls,KAUF Jaelin,2529064,2,air_total,11.24,12.46,12.04
FIS FREESTYLE SKI WORLD CUP 2024,2024-01-26,WATERVILLE (USA),Women's Moguls,KAUF Jaelin,2529064,2,turns_total,41.1,40.7,40.6
FIS FREESTYLE SKI WORLD CUP 2024,2024-01-26,WATERVILLE (USA),Women's Moguls,KAUF Jaelin,2529064,2,time_points,16.47,19.16,19.07
FIS FREESTYLE SKI WORLD CUP 2024,2024-01-26,WATERVILLE (USA),Women's Moguls,KAUF Jaelin,2529064,2,jump_1_degree_diff,0.92,0.98,0.98
FIS FREESTYLE SKI WORLD CUP 2024,2024-01-26,WATERVILLE (USA),Women's Moguls,KAUF Jaelin,2529064,2,jump_2_degree_diff,0.81,0.81,0.81
FIS FREESTYLE SKI WORLD CUP 2024,2024-01-26,WATERVILLE (USA),Women's Moguls,KAUF Jaelin,2529064,2,jump_1_judge_6_score,6.8,6.8,6.8
FIS FREESTYLE SKI WORLD CUP 2024,2024-01-26,WATERVILLE (USA),Women's Moguls,KAUF Jaelin,2529064,2,jump_1_judge_7_score,7.8,7.4,7.7
FIS FREESTYLE SKI WORLD CUP 2024,2024-01-26,WATERVILLE (USA),Women's Moguls,KAUF Jaelin,2529064,2,jump_2_judge_6_score,5.4,6.1,5.2
FIS FREESTYLE SKI WORLD CUP 2024,2024-01-26,WATERVILLE (USA),Women's Moguls,KAUF Jaelin,2529064,2,jump_2_judge_7_score,5.8,7.5,7.0
FIS FREESTYLE SKI WORLD CUP 2024,2024-01-26,WATERVILLE (USA),Women's Moguls,SOAR Hannah,2531373,3,run_score,61.76,71.88,67.93
FIS FREESTYLE SKI WORLD CUP 2024,2024-01-26,WATERVILLE (USA),Women's Moguls,SOAR Hannah,2531373,3,air_total,8.66,10.31,9.48
FIS FREESTYLE SKI WORLD CUP 2024,2024-01-26,WATERVILLE (USA),Women's Moguls,SOAR Hannah,2531373,3,turns_total,36.4,44.6,43.1
FIS FREESTYLE SKI WORLD CUP 2024,2024-01-26,WATERVILLE (USA),Women's Moguls,SOAR Hannah,2531373,3,time_points,16.7,16.97,15.35
FIS FREESTYLE SKI WORLD CUP 2024,2024-01-26,WATERVILLE (USA),Women's Moguls,SOAR Hannah,2531373,3,jump_1_degree_diff,0.81,0.81,0.81
FIS FREESTYLE SKI WORLD CUP 2024,2024-01-26,WATERVILLE (USA),Women's Moguls,SOAR Hannah,2531373,3,jump_2_degree_diff,0.92,0.92,0.92
FIS FREESTYLE SKI WORLD CUP 2024,2024-01-26,WATERVILLE (USA),Women's Moguls,SOAR Hannah,2531373,3,jump_1_judge_6_score,4.7,6.1,5.7
FIS FREESTYLE SKI WORLD CUP 2024,2024-01-26,WATERVILLE (USA),Women's Moguls,SOAR Hannah,2531373,3,jump_1_judge_7_score,4.8,7.8,5.7
FIS FREESTYLE SKI WORLD CUP 2024,2024-01-26,WATERVILLE (USA),Women's Moguls,SOAR Hannah,2531373,3,jump_2_judge_6_score,5.2,5.1,5.1
FIS FREESTYLE SKI WORLD CUP 2024,2024-01-26,WATERVILLE (USA),Women's Moguls,SOAR Hannah,2531373,3,jump_2_judge_7_score,5.3,5.1,5.5
FIS FREESTYLE SKI WORLD CUP 2024,2024-02-01,DEER VALLEY (USA),Men's Moguls,KINGSBURY Mikael,2484937,1,run_score,78.08,82.09,82.17
FIS FREESTYLE SKI WORLD CUP 2024,2024-02-01,DEER VALLEY (USA),Men's Moguls,KINGSBURY Mikael,2484937,1,air_total,14.29,15.99,16.01
FIS FREESTYLE SKI WORLD CUP 2024,2024-02-01,DEER VALLEY (USA),Men's Moguls,KINGSBURY Mikael,2484937,1,turns_total,48.3,49.5,49.3
FIS FREESTYLE SKI WORLD CUP 2024,2024-02-01,DEER VALLEY (USA),Men's Moguls,KINGSBURY Mikael,2484937,1,time_points,15.49,16.6,16.86
FIS FREESTYLE SKI WORLD CUP 2024,2024-02-01,DEER VALLEY (USA),Men's Moguls,KINGSBURY Mikael,2484937,1,jump_1_degree_diff,0.88,0.88,0.88
FIS FREESTYLE SKI WORLD CUP 2024,2024-02-01,DEER VALLEY (USA),Men's Moguls,KINGSBURY Mikael,2484937,1,jump_2_degree_diff,0.88,1.05,1.05
FIS FREESTYLE SKI WORLD CUP 2024,2024-02-01,DEER VALLEY (USA),Men's Moguls,KINGSBURY Mikael,2484937,1,jump_1_judge_6_score,8.1,9.2,8.8
FIS FREESTYLE SKI WORLD CUP 2024,2024-02-01,DEER VALLEY (USA),Men's Moguls,KINGSBURY Mikael,2484937,1,jump_1_judge_7_score,8.2,8.9,9.0
FIS FREESTYLE SKI WORLD CUP 2024,2024-02-01,DEER VALLEY (USA),Men's Moguls,KINGSBURY Mikael,2484937,1,jump_2_judge_6_score,8.0,7.5,8.1
FIS FREESTYLE SKI WORLD CUP 2024,2024-02-01,DEER VALLEY (USA),Men's Moguls,KINGSBURY Mikael,2484937,1,jump_2_judge_7_score,8.2,7.8,7.5
FIS FREESTYLE SKI WORLD CUP 2024,2024-02-01,DEER VALLEY (USA),Men's Moguls,HORISHIMA Ikuma,2529645,2,run_score,76.67,76.71,79.15
FIS FREESTYLE SKI WORLD CUP 2024,2024-02-01,DEER VALLEY (USA),Men's Moguls,HORISHIMA Ikuma,2529645,2,air_total,13.5,14.13,14.01
FIS FREESTYLE SKI WORLD CUP 2024,2024-02-01,DEER VALLEY (USA),Men's Moguls,HORISHIMA Ikuma,2529645,2,turns_total,47.3,45.6,47.8
FIS FREESTYLE SKI WORLD CUP 2024,2024-02-01,DEER VALLEY (USA),Men's Moguls,HORISHIMA Ikuma,2529645,2,time_points,15.87,16.98,17.34
FIS FREESTYLE SKI WORLD CUP 2024,2024-02-01,DEER VALLEY (USA),Men's Moguls,HORISHIMA Ikuma,2529645,2,jump_1_degree_diff,0.88,0.88,1.05
FIS FREESTYLE SKI WORLD CUP 2024,2024-02-01,DEER VALLEY (USA),Men's Moguls,HORISHIMA Ikuma,2529645,2,jump_2_degree_diff,0.88,1.05,1.05
FIS FREESTYLE SKI WORLD CUP 2024,2024-02-01,DEER VALLEY (USA),Men's Moguls,HORISHIMA Ikuma,2529645,2,jump_1_judge_6_score,8.1,8.5,6.6
FIS FREESTYLE SKI WORLD CUP 2024,2024-02-01,DEER VALLEY (USA),Men's Moguls,HORISHIMA Ikuma,2529645,2,jump_1_judge_7_score,7.2,8.0,5.4
FIS FREESTYLE SKI WORLD CUP 2024,2024-02-01,DEER VALLEY (USA),Men's Moguls,HORISHIMA Ikuma,2529645,2,jump_2_judge_6_score,8.4,7.1,7.7
FIS FREESTYLE SKI WORLD CUP 2024,2024-02-01,DEER VALLEY (USA),Men's Moguls,HORISHIMA Ikuma,2529645,2,jump_2_judge_7_score,7.0,6.0,7.0
FIS FREESTYLE SKI WORLD CUP 2024,2024-02-01,DEER VALLEY (USA),Men's Moguls,GRAVENFORS Filip,2534858,3,run_score,79.11,79.84,78.8
FIS FREESTYLE SKI WORLD CUP 2024,2024-02-01,DEER VALLEY (USA),Men's Moguls,GRAVENFORS Filip,2534858,3,air_total,15.02,15.54,15.19
FIS FREESTYLE SKI WORLD CUP 2024,2024-02-01,DEER VALLEY (USA),Men's Moguls,GRAVENFORS Filip,2534858,3,turns_total,47.8,46.7,46.2
FIS FREESTYLE SKI WORLD CUP 2024,2024-02-01,DEER VALLEY (USA),Men's Moguls,GRAVENFORS Filip,2534858,3,time_points,16.29,17.6,17.41
FIS FREESTYLE SKI WORLD CUP 2024,2024-02-01,DEER VALLEY (USA),Men's Moguls,GRAVENFORS Filip,2534858,3,jump_1_degree_diff,1.05,1.05,1.05
FIS FREESTYLE SKI WORLD CUP 2024,2024-02-01,DEER VALLEY (USA),Men's Moguls,GRAVENFORS Filip,2534858,3,jump_2_degree_diff,0.88,0.88,0.88
FIS FREESTYLE SKI WORLD CUP 2024,2024-02-01,DEER VALLEY (USA),Men's Moguls,GRAVENFORS Filip,2534858,3,jump_1_judge_6_score,7.8,8.1,7.2
FIS FREESTYLE SKI WORLD CUP 2024,2024-02-01,DEER VALLEY (USA),Men's Moguls,GRAVENFORS Filip,2534858,3,jump_1_judge_7_score,7.5,8.2,8.0
FIS FREESTYLE SKI WORLD CUP 2024,2024-02-01,DEER VALLEY (USA),Men's Moguls,GRAVENFORS Filip,2534858,3,jump_2_judge_6_score,8.1,7.7,8.2
FIS FREESTYLE SKI WORLD CUP 2024,2024-02-01,DEER VALLEY (USA),Men's Moguls,GRAVENFORS Filip,2534858,3,jump_2_judge_7_score,7.8,8.2,8.2
FIS FREESTYLE SKI WORLD CUP 2024,2024-02-01,DEER VALLEY (USA),Women's Moguls,GIACCIO Olivia,2532241,1,run_score,70.78,70.79,75.42
FIS FREESTYLE SKI WORLD CUP 2024,2024-02-01,DEER VALLEY (USA),Women's Moguls,GIACCIO Olivia,2532241,1,air_total,13.08,10.88,14.66
FIS FREESTYLE SKI WORLD CUP 2024,2024-02-01,DEER VALLEY (USA),Women's Moguls,GIACCIO Olivia,2532241,1,turns_total,43.2,43.4,44.8
FIS FREESTYLE SKI WORLD CUP 2024,2024-02-01,DEER VALLEY (USA),Women's Moguls,GIACCIO Olivia,2532241,1,time_points,14.5,16.51,15.96
FIS FREESTYLE SKI WORLD CUP 2024,2024-02-01,DEER VALLEY (USA),Women's Moguls,GIACCIO Olivia,2532241,1,jump_1_degree_diff,0.98,0.98,0.98
FIS FREESTYLE SKI WORLD CUP 2024,2024-02-01,DEER VALLEY (USA),Women's Moguls,GIACCIO Olivia,2532241,1,jump_2_degree_diff,0.98,1.15,1.15
FIS FREESTYLE SKI WORLD CUP 2024,2024-02-01,DEER VALLEY (USA),Women's Moguls,GIACCIO Olivia,2532241,1,jump_1_judge_6_score,7.0,4.1,7.2
FIS FREESTYLE SKI WORLD CUP 2024,2024-02-01,DEER VALLEY (USA),Women's Moguls,GIACCIO Olivia,2532241,1,jump_1_judge_7_score,6.8,4.4,6.9
FIS FREESTYLE SKI WORLD CUP 2024,2024-02-01,DEER VALLEY (USA),Women's Moguls,GIACCIO Olivia,2532241,1,jump_2_judge_6_score,6.5,6.3,7.0
FIS FREESTYLE SKI WORLD CUP 2024,2024-02-01,DEER VALLEY (USA),Women's Moguls,GIACCIO Olivia,2532241,1,jump_2_judge_7_score,6.4,5.4,6.5
FIS FREESTYLE SKI WORLD CUP 2024,2024-02-01,DEER VALLEY (USA),Women's Moguls,KAUF Jaelin,2529064,2,run_score,68.35,69.05,70.87
FIS FREESTYLE SKI WORLD CUP 2024,2024-02-01,DEER VALLEY (USA),Women's Moguls,KAUF Jaelin,2529064,2,air_total,9.24,9.79,12.06
FIS FREESTYLE SKI WORLD CUP 2024,2024-02-01,DEER VALLEY (USA),Women's Moguls,KAUF Jaelin,2529064,2,turns_total,43.6,41.3,40.4
FIS FREESTYLE SKI WORLD CUP 2024,2024-02-01,DEER VALLEY (USA),Women's Moguls,KAUF Jaelin,2529064,2,time_points,15.51,17.96,18.41
FIS FREESTYLE SKI WORLD CUP 2024,2024-02-01,DEER VALLEY (USA),Women's Moguls,KAUF Jaelin,2529064,2,jump_1_degree_diff,0.92,0.92,0.92
FIS FREESTYLE SKI WORLD CUP 2024,2024-02-01,DEER VALLEY (USA),Women's Moguls,KAUF Jaelin,2529064,2,jump_2_degree_diff,0.81,0.98,0.98
FIS FREESTYLE SKI WORLD CUP 2024,2024-02-01,DEER VALLEY (USA),Women's Moguls,KAUF Jaelin,2529064,2,jump_1_judge_6_score,4.0,7.1,7.7
FIS FREESTYLE SKI WORLD CUP 2024,2024-02-01,DEER VALLEY (USA),Women's Moguls,KAUF Jaelin,2529064,2,jump_1_judge_7_score,4.3,6.1,6.3
FIS FREESTYLE SKI WORLD CUP 2024,2024-02-01,DEER VALLEY (USA),Women's Moguls,KAUF Jaelin,2529064,2,jump_2_judge_6_score,7.4,4.0,6.2
FIS FREESTYLE SKI WORLD CUP 2024,2024-02-01,DEER VALLEY (USA),Women's Moguls,KAUF Jaelin,2529064,2,jump_2_judge_7_score,6.0,3.6,5.3
FIS FREESTYLE SKI WORLD CUP 2024,2024-02-01,DEER VALLEY (USA),Women's Moguls,TOMITAKA Hinako,2532031,3,run_score,63.5,68.33,67.33
FIS FREESTYLE SKI WORLD CUP 2024,2024-02-01,DEER VALLEY (USA),Women's Moguls,TOMITAKA Hinako,2532031,3,air_total,10.71,11.49,12.42
FIS FREESTYLE SKI WORLD CUP 2024,2024-02-01,DEER VALLEY (USA),Women's Moguls,TOMITAKA Hinako,2532031,3,turns_total,39.9,41.9,40.4
FIS FREESTYLE SKI WORLD CUP 2024,2024-02-01,DEER VALLEY (USA),Women's Moguls,TOMITAKA Hinako,2532031,3,time_points,12.89,14.94,14.51
FIS FREESTYLE SKI WORLD CUP 2024,2024-02-01,DEER VALLEY (USA),Women's Moguls,TOMITAKA Hinako,2532031,3,jump_1_degree_diff,0.92,0.92,0.92
FIS FREESTYLE SKI WORLD CUP 2024,2024-02-01,DEER VALLEY (USA),Women's Moguls,TOMITAKA Hinako,2532031,3,jump_2_degree_diff,0.81,0.98,0.98
FIS FREESTYLE SKI WORLD CUP 2024,2024-02-01,DEER VALLEY (USA),Women's Moguls,TOMITAKA Hinako,2532031,3,jump_1_judge_6_score,5.0,7.0,6.8
FIS FREESTYLE SKI WORLD CUP 2024,2024-02-01,DEER VALLEY (USA),Women's Moguls,TOMITAKA Hinako,2532031,3,jump_1_judge_7_score,6.5,6.7,7.0
FIS FREESTYLE SKI WORLD CUP 2024,2024-02-01,DEER VALLEY (USA),Women's Moguls,TOMITAKA Hinako,2532031,3,jump_2_judge_6_score,6.5,5.8,6.5
FIS FREESTYLE SKI WORLD CUP 2024,2024-02-01,DEER VALLEY (USA),Women's Moguls,TOMITAKA Hinako,2532031,3,jump_2_judge_7_score,6.9,4.8,5.9
FIS FREESTYLE SKI WORLD CUP 2025,2024-11-30,RUKA (FIN),Men's Moguls,KINGSBURY Mikael,2484937,1,run_score,82.12,85.07,83.9
FIS FREESTYLE SKI WORLD CUP 2025,2024-11-30,RUKA (FIN),Men's Moguls,KINGSBURY Mikael,2484937,1,air_total,15.39,17.69,17.11
FIS FREESTYLE SKI WORLD CUP 2025,2024-11-30,RUKA (FIN),Men's Moguls,KINGSBURY Mikael,2484937,1,turns_total,51.3,51.9,51.0
FIS FREESTYLE SKI WORLD CUP 2025,2024-11-30,RUKA (FIN),Men's Moguls,KINGSBURY Mikael,2484937,1,time_points,15.43,15.48,15.79
FIS FREESTYLE SKI WORLD CUP 2025,2024-11-30,RUKA (FIN),Men's Moguls,KINGSBURY Mikael,2484937,1,jump_1_degree_diff,0.88,1.05,1.05
FIS FREESTYLE SKI WORLD CUP 2025,2024-11-30,RUKA (FIN),Men's Moguls,KINGSBURY Mikael,2484937,1,jump_2_degree_diff,0.88,1.05,1.05
FIS FREESTYLE SKI WORLD CUP 2025,2024-11-30,RUKA (FIN),Men's Moguls,KINGSBURY Mikael,2484937,1,jump_1_judge_6_score,8.6,8.3,8.6
FIS FREESTYLE SKI WORLD CUP 2025,2024-11-30,RUKA (FIN),Men's Moguls,KINGSBURY Mikael,2484937,1,jump_1_judge_7_score,9.0,8.8,8.8
FIS FREESTYLE SKI WORLD CUP 2025,2024-11-30,RUKA (FIN),Men's Moguls,KINGSBURY Mikael,2484937,1,jump_2_judge_6_score,8.5,8.2,7.6
FIS FREESTYLE SKI WORLD CUP 2025,2024-11-30,RUKA (FIN),Men's Moguls,KINGSBURY Mikael,2484937,1,jump_2_judge_7_score,8.9,8.4,7.6
FIS FREESTYLE SKI WORLD CUP 2025,2024-11-30,RUKA (FIN),Men's Moguls,WALLBERG Walter,2532001,2,run_score,74.89,79.11,81.14
FIS FREESTYLE SKI WORLD CUP 2025,2024-11-30,RUKA (FIN),Men's Moguls,WALLBERG Walter,2532001,2,air_total,14.09,16.69,16.37
FIS FREESTYLE SKI WORLD CUP 2025,2024-11-30,RUKA (FIN),Men's Moguls,WALLBERG Walter,2532001,2,turns_total,45.9,46.0,48.3
FIS FREESTYLE SKI WORLD CUP 2025,2024-11-30,RUKA (FIN),Men's Moguls,WALLBERG Walter,2532001,2,time_points,14.9,16.42,16.47
FIS FREESTYLE SKI WORLD CUP 2025,2024-11-30,RUKA (FIN),Men's Moguls,WALLBERG Walter,2532001,2,jump_1_degree_diff,0.88,1.05,1.05
FIS FREESTYLE SKI WORLD CUP 2025,2024-11-30,RUKA (FIN),Men's Moguls,WALLBERG Walter,2532001,2,jump_2_degree_diff,1.01,1.05,1.05
FIS FREESTYLE SKI WORLD CUP 2025,2024-11-30,RUKA (FIN),Men's Moguls,WALLBERG Walter,2532001,2,jump_1_judge_6_score,6.8,8.0,7.8
FIS FREESTYLE SKI WORLD CUP 2025,2024-11-30,RUKA (FIN),Men's Moguls,WALLBERG Walter,2532001,2,jump_1_judge_7_score,7.0,8.1,7.7
FIS FREESTYLE SKI WORLD CUP 2025,2024-11-30,RUKA (FIN),Men's Moguls,WALLBERG Walter,2532001,2,jump_2_judge_6_score,7.9,7.7,8.0
FIS FREESTYLE SKI WORLD CUP 2025,2024-11-30,RUKA (FIN),Men's Moguls,WALLBERG Walter,2532001,2,jump_2_judge_7_score,8.0,8.0,7.7
FIS FREESTYLE SKI WORLD CUP 2025,2024-11-30,RUKA (FIN),Men's Moguls,HORISHIMA Ikuma,2529645,3,run_score,77.93,75.76,80.51
FIS FREESTYLE SKI WORLD CUP 2025,2024-11-30,RUKA (FIN),Men's Moguls,HORISHIMA Ikuma,2529645,3,air_total,14.55,14.76,18.09
FIS FREESTYLE SKI WORLD CUP 2025,2024-11-30,RUKA (FIN),Men's Moguls,HORISHIMA Ikuma,2529645,3,turns_total,50.1,47.3,48.4
FIS FREESTYLE SKI WORLD CUP 2025,2024-11-30,RUKA (FIN),Men's Moguls,HORISHIMA Ikuma,2529645,3,time_points,13.28,13.7,14.02
FIS FREESTYLE SKI WORLD CUP 2025,2024-11-30,RUKA (FIN),Men's Moguls,HORISHIMA Ikuma,2529645,3,jump_1_degree_diff,0.88,0.88,1.05
FIS FREESTYLE SKI WORLD CUP 2025,2024-11-30,RUKA (FIN),Men's Moguls,HORISHIMA Ikuma,2529645,3,jump_2_degree_diff,0.88,1.05,1.22
FIS FREESTYLE SKI WORLD CUP 2025,2024-11-30,RUKA (FIN),Men's Moguls,HORISHIMA Ikuma,2529645,3,jump_1_judge_6_score,8.6,8.5,8.0
FIS FREESTYLE SKI WORLD CUP 2025,2024-11-30,RUKA (FIN),Men's Moguls,HORISHIMA Ikuma,2529645,3,jump_1_judge_7_score,8.0,8.6,8.0
FIS FREESTYLE SKI WORLD CUP 2025,2024-11-30,RUKA (FIN),Men's Moguls,HORISHIMA Ikuma,2529645,3,jump_2_judge_6_score,8.3,6.9,7.9
FIS FREESTYLE SKI WORLD CUP 2025,2024-11-30,RUKA (FIN),Men's Moguls,HORISHIMA Ikuma,2529645,3,jump_2_judge_7_score,8.2,6.9,8.0
FIS FREESTYLE SKI WORLD CUP 2025,2024-11-30,RUKA (FIN),Women's Moguls,LAFFONT Perrine,2531156,1,run_score,76.42,79.42,81.13
FIS FREESTYLE SKI WORLD CUP 2025,2024-11-30,RUKA (FIN),Women's Moguls,LAFFONT Perrine,2531156,1,air_total,15.77,15.72,16.07
FIS FREESTYLE SKI WORLD CUP 2025,2024-11-30,RUKA (FIN),Women's Moguls,LAFFONT Perrine,2531156,1,turns_total,45.6,47.8,49.0
FIS FREESTYLE SKI WORLD CUP 2025,2024-11-30,RUKA (FIN),Women's Moguls,LAFFONT Perrine,2531156,1,time_points,15.05,15.9,16.06
FIS FREESTYLE SKI WORLD CUP 2025,2024-11-30,RUKA (FIN),Women's Moguls,LAFFONT Perrine,2531156,1,jump_1_degree_diff,1.11,1.11,1.11
FIS FREESTYLE SKI WORLD CUP 2025,2024-11-30,RUKA (FIN),Women's Moguls,LAFFONT Perrine,2531156,1,jump_2_degree_diff,0.92,0.92,0.92
FIS FREESTYLE SKI WORLD CUP 2025,2024-11-30,RUKA (FIN),Women's Moguls,LAFFONT Perrine,2531156,1,jump_1_judge_6_score,8.0,8.0,8.2
FIS FREESTYLE SKI WORLD CUP 2025,2024-11-30,RUKA (FIN),Women's Moguls,LAFFONT Perrine,2531156,1,jump_1_judge_7_score,7.0,7.9,8.0
FIS FREESTYLE SKI WORLD CUP 2025,2024-11-30,RUKA (FIN),Women's Moguls,LAFFONT Perrine,2531156,1,jump_2_judge_6_score,8.2,7.5,7.7
FIS FREESTYLE SKI WORLD CUP 2025,2024-11-30,RUKA (FIN),Women's Moguls,LAFFONT Perrine,2531156,1,jump_2_judge_7_score,8.0,7.5,7.7
FIS FREESTYLE SKI WORLD CUP 2025,2024-11-30,RUKA (FIN),Women's Moguls,ANTHONY Jakara,2530720,2,run_score,77.67,77.51,80.0
FIS FREESTYLE SKI WORLD CUP 2025,2024-11-30,RUKA (FIN),Women's Moguls,ANTHONY Jakara,2530720,2,air_total,15.76,14.78,16.99
FIS FREESTYLE SKI WORLD CUP 2025,2024-11-30,RUKA (FIN),Women's Moguls,ANTHONY Jakara,2530720,2,turns_total,47.3,46.8,47.3
FIS FREESTYLE SKI WORLD CUP 2025,2024-11-30,RUKA (FIN),Women's Moguls,ANTHONY Jakara,2530720,2,time_points,14.61,15.93,15.71
FIS FREESTYLE SKI WORLD CUP 2025,2024-11-30,RUKA (FIN),Women's Moguls,ANTHONY Jakara,2530720,2,jump_1_degree_diff,1.11,1.11,1.11
FIS FREESTYLE SKI WORLD CUP 2025,2024-11-30,RUKA (FIN),Women's Moguls,ANTHONY Jakara,2530720,2,jump_2_degree_diff,0.81,0.81,0.92
FIS FREESTYLE SKI WORLD CUP 2025,2024-11-30,RUKA (FIN),Women's Moguls,ANTHONY Jakara,2530720,2,jump_1_judge_6_score,8.0,8.1,8.1
FIS FREESTYLE SKI WORLD CUP 2025,2024-11-30,RUKA (FIN),Women's Moguls,ANTHONY Jakara,2530720,2,jump_1_judge_7_score,8.0,8.4,8.1
FIS FREESTYLE SKI WORLD CUP 2025,2024-11-30,RUKA (FIN),Women's Moguls,ANTHONY Jakara,2530720,2,jump_2_judge_6_score,8.4,6.9,8.5
FIS FREESTYLE SKI WORLD CUP 2025,2024-11-30,RUKA (FIN),Women's Moguls,ANTHONY Jakara,2530720,2,jump_2_judge_7_score,8.6,7.0,8.9
FIS FREESTYLE SKI WORLD CUP 2025,2024-11-30,RUKA (FIN),Women's Moguls,GIACCIO Olivia,2532241,3,run_score,73.34,75.01,76.95
FIS FREESTYLE SKI WORLD CUP 2025,2024-11-30,RUKA (FIN),Women's Moguls,GIACCIO Olivia,2532241,3,air_total,16.3,16.18,16.02
FIS FREESTYLE SKI WORLD CUP 2025,2024-11-30,RUKA (FIN),Women's Moguls,GIACCIO Olivia,2532241,3,turns_total,45.0,44.1,46.8
FIS FREESTYLE SKI WORLD CUP 2025,2024-11-30,RUKA (FIN),Women's Moguls,GIACCIO Olivia,2532241,3,time_points,12.04,14.73,14.13
FIS FREESTYLE SKI WORLD CUP 2025,2024-11-30,RUKA (FIN),Women's Moguls,GIACCIO Olivia,2532241,3,jump_1_degree_diff,1.11,1.11,1.11
FIS FREESTYLE SKI WORLD CUP 2025,2024-11-30,RUKA (FIN),Women's Moguls,GIACCIO Olivia,2532241,3,jump_2_degree_diff,0.98,0.98,0.98
FIS FREESTYLE SKI WORLD CUP 2025,2024-11-30,RUKA (FIN),Women's Moguls,GIACCIO Olivia,2532241,3,jump_1_judge_6_score,8.0,7.8,7.7
FIS FREESTYLE SKI WORLD CUP 2025,2024-11-30,RUKA (FIN),Women's Moguls,GIACCIO Olivia,2532241,3,jump_1_judge_7_score,7.7,7.6,6.8
FIS FREESTYLE SKI WORLD CUP 2025,2024-11-30,RUKA (FIN),Women's Moguls,GIACCIO Olivia,2532241,3,jump_2_judge_6_score,7.7,7.6,8.0
FIS FREESTYLE SKI WORLD CUP 2025,2024-11-30,RUKA (FIN),Women's Moguls,GIACCIO Olivia,2532241,3,jump_2_judge_7_score,7.8,8.0,8.3
FIS FREESTYLE SKI WORLD CUP 2025,2024-12-06,IDRE FJÄLL (SWE),Men's Moguls,KINGSBURY Mikael,2484937,1,run_score,81.55,83.47,87.92
FIS FREESTYLE SKI WORLD CUP 2025,2024-12-06,IDRE FJÄLL (SWE),Men's Moguls,KINGSBURY Mikael,2484937,1,air_total,15.34,17.27,19.21
FIS FREESTYLE SKI WORLD CUP 2025,2024-12-06,IDRE FJÄLL (SWE),Men's Moguls,KINGSBURY Mikael,2484937,1,turns_total,49.7,49.5,51.0
FIS FREESTYLE SKI WORLD CUP 2025,2024-12-06,IDRE FJÄLL (SWE),Men's Moguls,KINGSBURY Mikael,2484937,1,time_points,16.51,16.7,17.71
FIS FREESTYLE SKI WORLD CUP 2025,2024-12-06,IDRE FJÄLL (SWE),Men's Moguls,KINGSBURY Mikael,2484937,1,jump_1_degree_diff,0.88,1.05,1.05
FIS FREESTYLE SKI WORLD CUP 2025,2024-12-06,IDRE FJÄLL (SWE),Men's Moguls,KINGSBURY Mikael,2484937,1,jump_2_degree_diff,0.88,1.05,1.05
FIS FREESTYLE SKI WORLD CUP 2025,2024-12-06,IDRE FJÄLL (SWE),Men's Moguls,KINGSBURY Mikael,2484937,1,jump_1_judge_6_score,8.3,8.2,9.3
FIS FREESTYLE SKI WORLD CUP 2025,2024-12-06,IDRE FJÄLL (SWE),Men's Moguls,KINGSBURY Mikael,2484937,1,jump_1_judge_7_score,8.4,7.8,9.0
FIS FREESTYLE SKI WORLD CUP 2025,2024-12-06,IDRE FJÄLL (SWE),Men's Moguls,KINGSBURY Mikael,2484937,1,jump_2_judge_6_score,9.1,8.4,9.2
FIS FREESTYLE SKI WORLD CUP 2025,2024-12-06,IDRE FJÄLL (SWE),Men's Moguls,KINGSBURY Mikael,2484937,1,jump_2_judge_7_score,9.1,8.5,9.1
FIS FREESTYLE SKI WORLD CUP 2025,2024-12-06,IDRE FJÄLL (SWE),Men's Moguls,HORISHIMA Ikuma,2529645,2,run_score,74.57,80.22,85.89
FIS FREESTYLE SKI WORLD CUP 2025,2024-12-06,IDRE FJÄLL (SWE),Men's Moguls,HORISHIMA Ikuma,2529645,2,air_total,14.12,15.04,18.11
FIS FREESTYLE SKI WORLD CUP 2025,2024-12-06,IDRE FJÄLL (SWE),Men's Moguls,HORISHIMA Ikuma,2529645,2,turns_total,44.9,49.6,51.0
FIS FREESTYLE SKI WORLD CUP 2025,2024-12-06,IDRE FJÄLL (SWE),Men's Moguls,HORISHIMA Ikuma,2529645,2,time_points,15.55,15.58,16.78
FIS FREESTYLE SKI WORLD CUP 2025,2024-12-06,IDRE FJÄLL (SWE),Men's Moguls,HORISHIMA Ikuma,2529645,2,jump_1_degree_diff,0.88,0.88,1.05
FIS FREESTYLE SKI WORLD CUP 2025,2024-12-06,IDRE FJÄLL (SWE),Men's Moguls,HORISHIMA Ikuma,2529645,2,jump_2_degree_diff,1.05,1.05,1.22
FIS FREESTYLE SKI WORLD CUP 2025,2024-12-06,IDRE FJÄLL (SWE),Men's Moguls,HORISHIMA Ikuma,2529645,2,jump_1_judge_6_score,7.2,8.2,8.2
FIS FREESTYLE SKI WORLD CUP 2025,2024-12-06,IDRE FJÄLL (SWE),Men's Moguls,HORISHIMA Ikuma,2529645,2,jump_1_judge_7_score,7.0,8.1,8.3
FIS FREESTYLE SKI WORLD CUP 2025,2024-12-06,IDRE FJÄLL (SWE),Men's Moguls,HORISHIMA Ikuma,2529645,2,jump_2_judge_6_score,7.6,7.0,7.8
FIS FREESTYLE SKI WORLD CUP 2025,2024-12-06,IDRE FJÄLL (SWE),Men's Moguls,HORISHIMA Ikuma,2529645,2,jump_2_judge_7_score,7.4,8.0,7.7
FIS FREESTYLE SKI WORLD CUP 2025,2024-12-06,IDRE FJÄLL (SWE),Men's Moguls,WALLBERG Walter,2532001,3,run_score,81.35,84.53,85.63
FIS FREESTYLE SKI WORLD CUP 2025,2024-12-06,IDRE FJÄLL (SWE),Men's Moguls,WALLBERG Walter,2532001,3,air_total,16.32,18.0,18.52
FIS FREESTYLE SKI WORLD CUP 2025,2024-12-06,IDRE FJÄLL (SWE),Men's Moguls,WALLBERG Walter,2532001,3,turns_total,48.0,49.0,49.1
FIS FREESTYLE SKI WORLD CUP 2025,2024-12-06,IDRE FJÄLL (SWE),Men's Moguls,WALLBERG Walter,2532001,3,time_points,17.03,17.53,18.01
FIS FREESTYLE SKI WORLD CUP 2025,2024-12-06,IDRE FJÄLL (SWE),Men's Moguls,WALLBERG Walter,2532001,3,jump_1_degree_diff,0.88,1.05,1.05
FIS FREESTYLE SKI WORLD CUP 2025,2024-12-06,IDRE FJÄLL (SWE),Men's Moguls,WALLBERG Walter,2532001,3,jump_2_degree_diff,1.01,1.05,1.01
FIS FREESTYLE SKI WORLD CUP 2025,2024-12-06,IDRE FJÄLL (SWE),Men's Moguls,WALLBERG Walter,2532001,3,jump_1_judge_6_score,8.0,8.3,8.9
FIS FREESTYLE SKI WORLD CUP 2025,2024-12-06,IDRE FJÄLL (SWE),Men's Moguls,WALLBERG Walter,2532001,3,jump_1_judge_7_score,8.1,8.1,8.9
FIS FREESTYLE SKI WORLD CUP 2025,2024-12-06,IDRE FJÄLL (SWE),Men's Moguls,WALLBERG Walter,2532001,3,jump_2_judge_6_score,9.1,8.9,8.9
FIS FREESTYLE SKI WORLD CUP 2025,2024-12-06,IDRE FJÄLL (SWE),Men's Moguls,WALLBERG Walter,2532001,3,jump_2_judge_7_score,9.2,9.0,9.3
FIS FREESTYLE SKI WORLD CUP 2025,2024-12-06,IDRE FJÄLL (SWE),Women's Moguls,ANTHONY Jakara,2530720,1,run_score,77.39,80.36,82.94
FIS FREESTYLE SKI WORLD CUP 2025,2024-12-06,IDRE FJÄLL (SWE),Women's Moguls,ANTHONY Jakara,2530720,1,air_total,16.65,16.48,17.18
FIS FREESTYLE SKI WORLD CUP 2025,2024-12-06,IDRE FJÄLL (SWE),Women's Moguls,ANTHONY Jakara,2530720,1,turns_total,45.3,46.9,48.2
FIS FREESTYLE SKI WORLD CUP 2025,2024-12-06,IDRE FJÄLL (SWE),Women's Moguls,ANTHONY Jakara,2530720,1,time_points,15.44,16.98,17.56
FIS FREESTYLE SKI WORLD CUP 2025,2024-12-06,IDRE FJÄLL (SWE),Women's Moguls,ANTHONY Jakara,2530720,1,jump_1_degree_diff,1.11,1.11,1.11
FIS FREESTYLE SKI WORLD CUP 2025,2024-12-06,IDRE FJÄLL (SWE),Women's Moguls,ANTHONY Jakara,2530720,1,jump_2_degree_diff,0.81,0.81,0.81
FIS FREESTYLE SKI WORLD CUP 2025,2024-12-06,IDRE FJÄLL (SWE),Women's Moguls,ANTHONY Jakara,2530720,1,jump_1_judge_6_score,8.4,8.2,8.5
FIS FREESTYLE SKI WORLD CUP 2025,2024-12-06,IDRE FJÄLL (SWE),Women's Moguls,ANTHONY Jakara,2530720,1,jump_1_judge_7_score,9.0,8.3,8.9
FIS FREESTYLE SKI WORLD CUP 2025,2024-12-06,IDRE FJÄLL (SWE),Women's Moguls,ANTHONY Jakara,2530720,1,jump_2_judge_6_score,8.6,8.9,9.3
FIS FREESTYLE SKI WORLD CUP 2025,2024-12-06,IDRE FJÄLL (SWE),Women's Moguls,ANTHONY Jakara,2530720,1,jump_2_judge_7_score,8.7,9.2,9.3
FIS FREESTYLE SKI WORLD CUP 2025,2024-12-06,IDRE FJÄLL (SWE),Women's Moguls,LAFFONT Perrine,2531156,2,run_score,78.43,80.2,80.89
FIS FREESTYLE SKI WORLD CUP 2025,2024-12-06,IDRE FJÄLL (SWE),Women's Moguls,LAFFONT Perrine,2531156,2,air_total,16.36,17.47,17.8
FIS FREESTYLE SKI WORLD CUP 2025,2024-12-06,IDRE FJÄLL (SWE),Women's Moguls,LAFFONT Perrine,2531156,2,turns_total,45.6,46.3,46.2
FIS FREESTYLE SKI WORLD CUP 2025,2024-12-06,IDRE FJÄLL (SWE),Women's Moguls,LAFFONT Perrine,2531156,2,time_points,16.47,16.43,16.89
FIS FREESTYLE SKI WORLD CUP 2025,2024-12-06,IDRE FJÄLL (SWE),Women's Moguls,LAFFONT Perrine,2531156,2,jump_1_degree_diff,1.11,1.11,1.11
FIS FREESTYLE SKI WORLD CUP 2025,2024-12-06,IDRE FJÄLL (SWE),Women's Moguls,LAFFONT Perrine,2531156,2,jump_2_degree_diff,0.92,0.92,0.92
FIS FREESTYLE SKI WORLD CUP 2025,2024-12-06,IDRE FJÄLL (SWE),Women's Moguls,LAFFONT Perrine,2531156,2,jump_1_judge_6_score,8.3,8.3,8.5
FIS FREESTYLE SKI WORLD CUP 2025,2024-12-06,IDRE FJÄLL (SWE),Women's Moguls,LAFFONT Perrine,2531156,2,jump_1_judge_7_score,8.1,8.2,8.5
FIS FREESTYLE SKI WORLD CUP 2025,2024-12-06,IDRE FJÄLL (SWE),Women's Moguls,LAFFONT Perrine,2531156,2,jump_2_judge_6_score,8.0,9.2,9.2
FIS FREESTYLE SKI WORLD CUP 2025,2024-12-06,IDRE FJÄLL (SWE),Women's Moguls,LAFFONT Perrine,2531156,2,jump_2_judge_7_score,7.8,8.9,9.0
FIS FREESTYLE SKI WORLD CUP 2025,2024-12-06,IDRE FJÄLL (SWE),Women's Moguls,SCHWINGHAMMER,2533204,3,run_score,76.35,73.71,80.71
FIS FREESTYLE SKI WORLD CUP 2025,2024-12-06,IDRE FJÄLL (SWE),Women's Moguls,SCHWINGHAMMER,2533204,3,air_total,13.7,11.16,16.48
FIS FREESTYLE SKI WORLD CUP 2025,2024-12-06,IDRE FJÄLL (SWE),Women's Moguls,SCHWINGHAMMER,2533204,3,turns_total,47.6,46.3,47.7
FIS FREESTYLE SKI WORLD CUP 2025,2024-12-06,IDRE FJÄLL (SWE),Women's Moguls,SCHWINGHAMMER,2533204,3,time_points,15.05,16.25,16.53
FIS FREESTYLE SKI WORLD CUP 2025,2024-12-06,IDRE FJÄLL (SWE),Women's Moguls,SCHWINGHAMMER,2533204,3,jump_1_degree_diff,0.98,0.98,0.98
FIS FREESTYLE SKI WORLD CUP 2025,2024-12-06,IDRE FJÄLL (SWE),Women's Moguls,SCHWINGHAMMER,2533204,3,jump_2_degree_diff,0.92,0.92,0.92
FIS FREESTYLE SKI WORLD CUP 2025,2024-12-06,IDRE FJÄLL (SWE),Women's Moguls,SCHWINGHAMMER,2533204,3,jump_1_judge_6_score,6.2,7.2,7.8
FIS FREESTYLE SKI WORLD CUP 2025,2024-12-06,IDRE FJÄLL (SWE),Women's Moguls,SCHWINGHAMMER,2533204,3,jump_1_judge_7_score,6.3,7.9,8.3
FIS FREESTYLE SKI WORLD CUP 2025,2024-12-06,IDRE FJÄLL (SWE),Women's Moguls,SCHWINGHAMMER,2533204,3,jump_2_judge_6_score,8.3,4.2,9.3
FIS FREESTYLE SKI WORLD CUP 2025,2024-12-06,IDRE FJÄLL (SWE),Women's Moguls,SCHWINGHAMMER,2533204,3,jump_2_judge_7_score,8.2,4.0,9.4
FIS FREESTYLE SKI WORLD CUP 2025,2024-12-20,BAKURIANI (GEO),Men's Moguls,CAVET Benjamin,2530514,1,run_score,,80.78,84.08
FIS FREESTYLE SKI WORLD CUP 2025,2024-12-20,BAKURIANI (GEO),Men's Moguls,CAVET Benjamin,2530514,1,air_total,,15.66,17.12
FIS FREESTYLE SKI WORLD CUP 2025,2024-12-20,BAKURIANI (GEO),Men's Moguls,CAVET Benjamin,2530514,1,turns_total,,48.1,49.1
FIS FREESTYLE SKI WORLD CUP 2025,2024-12-20,BAKURIANI (GEO),Men's Moguls,CAVET Benjamin,2530514,1,time_points,,17.02,17.86
FIS FREESTYLE SKI WORLD CUP 2025,2024-12-20,BAKURIANI (GEO),Men's Moguls,CAVET Benjamin,2530514,1,jump_1_degree_diff,,0.88,0.88
FIS FREESTYLE SKI WORLD CUP 2025,2024-12-20,BAKURIANI (GEO),Men's Moguls,CAVET Benjamin,2530514,1,jump_2_degree_diff,,1.05,1.05
FIS FREESTYLE SKI WORLD CUP 2025,2024-12-20,BAKURIANI (GEO),Men's Moguls,CAVET Benjamin,2530514,1,jump_1_judge_6_score,,9.0,9.0
FIS FREESTYLE SKI WORLD CUP 2025,2024-12-20,BAKURIANI (GEO),Men's Moguls,CAVET Benjamin,2530514,1,jump_1_judge_7_score,,9.3,9.4
FIS FREESTYLE SKI WORLD CUP 2025,2024-12-20,BAKURIANI (GEO),Men's Moguls,CAVET Benjamin,2530514,1,jump_2_judge_6_score,,7.1,8.6
FIS FREESTYLE SKI WORLD CUP 2025,2024-12-20,BAKURIANI (GEO),Men's Moguls,CAVET Benjamin,2530514,1,jump_2_judge_7_score,,7.4,8.6
FIS FREESTYLE SKI WORLD CUP 2025,2024-12-20,BAKURIANI (GEO),Men's Moguls,KINGSBURY Mikael,2484937,2,run_score,,79.36,82.93
FIS FREESTYLE SKI WORLD CUP 2025,2024-12-20,BAKURIANI (GEO),Men's Moguls,KINGSBURY Mikael,2484937,2,air_total,,13.53,17.4
FIS FREESTYLE SKI WORLD CUP 2025,2024-12-20,BAKURIANI (GEO),Men's Moguls,KINGSBURY Mikael,2484937,2,turns_total,,49.0,48.6
FIS FREESTYLE SKI WORLD CUP 2025,2024-12-20,BAKURIANI (GEO),Men's Moguls,KINGSBURY Mikael,2484937,2,time_points,,16.83,16.93
FIS FREESTYLE SKI WORLD CUP 2025,2024-12-20,BAKURIANI (GEO),Men's Moguls,KINGSBURY Mikael,2484937,2,jump_1_degree_diff,,1.05,1.05
FIS FREESTYLE SKI WORLD CUP 2025,2024-12-20,BAKURIANI (GEO),Men's Moguls,KINGSBURY Mikael,2484937,2,jump_2_degree_diff,,1.01,1.01
FIS FREESTYLE SKI WORLD CUP 2025,2024-12-20,BAKURIANI (GEO),Men's Moguls,KINGSBURY Mikael,2484937,2,jump_1_judge_6_score,,9.1,8.6
FIS FREESTYLE SKI WORLD CUP 2025,2024-12-20,BAKURIANI (GEO),Men's Moguls,KINGSBURY Mikael,2484937,2,jump_1_judge_7_score,,9.2,8.4
FIS FREESTYLE SKI WORLD CUP 2025,2024-12-20,BAKURIANI (GEO),Men's Moguls,KINGSBURY Mikael,2484937,2,jump_2_judge_6_score,,3.9,8.2
FIS FREESTYLE SKI WORLD CUP 2025,2024-12-20,BAKURIANI (GEO),Men's Moguls,KINGSBURY Mikael,2484937,2,jump_2_judge_7_score,,3.9,8.6
FIS FREESTYLE SKI WORLD CUP 2025,2024-12-20,BAKURIANI (GEO),Men's Moguls,VIERELA Severi,2533386,3,run_score,,80.09,80.8
FIS FREESTYLE SKI WORLD CUP 2025,2024-12-20,BAKURIANI (GEO),Men's Moguls,VIERELA Severi,2533386,3,air_total,,16.65,16.34
FIS FREESTYLE SKI WORLD CUP 2025,2024-12-20,BAKURIANI (GEO),Men's Moguls,VIERELA Severi,2533386,3,turns_total,,45.1,46.1
FIS FREESTYLE SKI WORLD CUP 2025,2024-12-20,BAKURIANI (GEO),Men's Moguls,VIERELA Severi,2533386,3,time_points,,18.34,18.36
FIS FREESTYLE SKI WORLD CUP 2025,2024-12-20,BAKURIANI (GEO),Men's Moguls,VIERELA Severi,2533386,3,jump_1_degree_diff,,1.05,1.05
FIS FREESTYLE SKI WORLD CUP 2025,2024-12-20,BAKURIANI (GEO),Men's Moguls,VIERELA Severi,2533386,3,jump_2_degree_diff,,1.01,1.01
FIS FREESTYLE SKI WORLD CUP 2025,2024-12-20,BAKURIANI (GEO),Men's Moguls,VIERELA Severi,2533386,3,jump_1_judge_6_score,,7.5,8.4
FIS FREESTYLE SKI WORLD CUP 2025,2024-12-20,BAKURIANI (GEO),Men's Moguls,VIERELA Severi,2533386,3,jump_1_judge_7_score,,7.4,8.7
FIS FREESTYLE SKI WORLD CUP 2025,2024-12-20,BAKURIANI (GEO),Men's Moguls,VIERELA Severi,2533386,3,jump_2_judge_6_score,,8.6,7.4
FIS FREESTYLE SKI WORLD CUP 2025,2024-12-20,BAKURIANI (GEO),Men's Moguls,VIERELA Severi,2533386,3,jump_2_judge_7_score,,8.9,7.2
FIS FREESTYLE SKI WORLD CUP 2025,2024-12-20,BAKURIANI (GEO),Women's Moguls,GIACCIO Olivia,2532241,1,run_score,73.05,79.77,80.19
FIS FREESTYLE SKI WORLD CUP 2025,2024-12-20,BAKURIANI (GEO),Women's Moguls,GIACCIO Olivia,2532241,1,air_total,16.24,16.72,18.0
FIS FREESTYLE SKI WORLD CUP 2025,2024-12-20,BAKURIANI (GEO),Women's Moguls,GIACCIO Olivia,2532241,1,turns_total,41.2,46.1,45.3
FIS FREESTYLE SKI WORLD CUP 2025,2024-12-20,BAKURIANI (GEO),Women's Moguls,GIACCIO Olivia,2532241,1,time_points,15.61,16.95,16.89
FIS FREESTYLE SKI WORLD CUP 2025,2024-12-20,BAKURIANI (GEO),Women's Moguls,GIACCIO Olivia,2532241,1,jump_1_degree_diff,1.11,1.11,1.11
FIS FREESTYLE SKI WORLD CUP 2025,2024-12-20,BAKURIANI (GEO),Women's Moguls,GIACCIO Olivia,2532241,1,jump_2_degree_diff,0.98,0.98,0.98
FIS FREESTYLE SKI WORLD CUP 2025,2024-12-20,BAKURIANI (GEO),Women's Moguls,GIACCIO Olivia,2532241,1,jump_1_judge_6_score,8.1,7.8,8.6
FIS FREESTYLE SKI WORLD CUP 2025,2024-12-20,BAKURIANI (GEO),Women's Moguls,GIACCIO Olivia,2532241,1,jump_1_judge_7_score,8.2,7.6,8.5
FIS FREESTYLE SKI WORLD CUP 2025,2024-12-20,BAKURIANI (GEO),Women's Moguls,GIACCIO Olivia,2532241,1,jump_2_judge_6_score,7.5,8.2,8.7
FIS FREESTYLE SKI WORLD CUP 2025,2024-12-20,BAKURIANI (GEO),Women's Moguls,GIACCIO Olivia,2532241,1,jump_2_judge_7_score,7.2,8.5,8.7
FIS FREESTYLE SKI WORLD CUP 2025,2024-12-20,BAKURIANI (GEO),Women's Moguls,LAFFONT Perrine,2531156,2,run_score,77.19,75.28,76.53
FIS FREESTYLE SKI WORLD CUP 2025,2024-12-20,BAKURIANI (GEO),Women's Moguls,LAFFONT Perrine,2531156,2,air_total,15.26,12.23,14.39
FIS FREESTYLE SKI WORLD CUP 2025,2024-12-20,BAKURIANI (GEO),Women's Moguls,LAFFONT Perrine,2531156,2,turns_total,46.1,46.2,45.6
FIS FREESTYLE SKI WORLD CUP 2025,2024-12-20,BAKURIANI (GEO),Women's Moguls,LAFFONT Perrine,2531156,2,time_points,15.83,16.85,16.54
FIS FREESTYLE SKI WORLD CUP 2025,2024-12-20,BAKURIANI (GEO),Women's Moguls,LAFFONT Perrine,2531156,2,jump_1_degree_diff,0.98,0.98,0.98
FIS FREESTYLE SKI WORLD CUP 2025,2024-12-20,BAKURIANI (GEO),Women's Moguls,LAFFONT Perrine,2531156,2,jump_2_degree_diff,0.92,0.92,0.92
FIS FREESTYLE SKI WORLD CUP 2025,2024-12-20,BAKURIANI (GEO),Women's Moguls,LAFFONT Perrine,2531156,2,jump_1_judge_6_score,7.5,7.0,7.8
FIS FREESTYLE SKI WORLD CUP 2025,2024-12-20,BAKURIANI (GEO),Women's Moguls,LAFFONT Perrine,2531156,2,jump_1_judge_7_score,7.5,7.0,7.6
FIS FREESTYLE SKI WORLD CUP 2025,2024-12-20,BAKURIANI (GEO),Women's Moguls,LAFFONT Perrine,2531156,2,jump_2_judge_6_score,8.5,5.9,7.4
FIS FREESTYLE SKI WORLD CUP 2025,2024-12-20,BAKURIANI (GEO),Women's Moguls,LAFFONT Perrine,2531156,2,jump_2_judge_7_score,8.7,5.8,7.5
FIS FREESTYLE SKI WORLD CUP 2025,2024-12-20,BAKURIANI (GEO),Women's Moguls,KAUF Jaelin,2529064,3,run_score,71.0,73.25,76.13
FIS FREESTYLE SKI WORLD CUP 2025,2024-12-20,BAKURIANI (GEO),Women's Moguls,KAUF Jaelin,2529064,3,air_total,13.68,13.78,13.75
FIS FREESTYLE SKI WORLD CUP 2025,2024-12-20,BAKURIANI (GEO),Women's Moguls,KAUF Jaelin,2529064,3,turns_total,39.8,40.9,42.8
FIS FREESTYLE SKI WORLD CUP 2025,2024-12-20,BAKURIANI (GEO),Women's Moguls,KAUF Jaelin,2529064,3,time_points,17.52,18.57,19.58
FIS FREESTYLE SKI WORLD CUP 2025,2024-12-20,BAKURIANI (GEO),Women's Moguls,KAUF Jaelin,2529064,3,jump_1_degree_diff,0.98,0.98,0.98
FIS FREESTYLE SKI WORLD CUP 2025,2024-12-20,BAKURIANI (GEO),Women's Moguls,KAUF Jaelin,2529064,3,jump_2_degree_diff,0.92,0.92,0.92
FIS FREESTYLE SKI WORLD CUP 2025,2024-12-20,BAKURIANI (GEO),Women's Moguls,KAUF Jaelin,2529064,3,jump_1_judge_6_score,6.5,7.6,7.2
FIS FREESTYLE SKI WORLD CUP 2025,2024-12-20,BAKURIANI (GEO),Women's Moguls,KAUF Jaelin,2529064,3,jump_1_judge_7_score,6.5,7.5,7.1
FIS FREESTYLE SKI WORLD CUP 2025,2024-12-20,BAKURIANI (GEO),Women's Moguls,KAUF Jaelin,2529064,3,jump_2_judge_6_score,7.9,7.1,7.3
FIS FREESTYLE SKI WORLD CUP 2025,2024-12-20,BAKURIANI (GEO),Women's Moguls,KAUF Jaelin,2529064,3,jump_2_judge_7_score,8.0,6.8,7.4
FIS FREESTYLE SKI WORLD CUP 2025,2025-01-24,WATERVILLE (USA),Men's Moguls,KINGSBURY Mikael,2484937,1,run_score,80.01,80.07,84.95
FIS FREESTYLE SKI WORLD CUP 2025,2025-01-24,WATERVILLE (USA),Men's Moguls,KINGSBURY Mikael,2484937,1,air_total,13.76,15.37,17.1
FIS FREESTYLE SKI WORLD CUP 2025,2025-01-24,WATERVILLE (USA),Men's Moguls,KINGSBURY Mikael,2484937,1,turns_total,49.5,47.8,50.9
FIS FREESTYLE SKI WORLD CUP 2025,2025-01-24,WATERVILLE (USA),Men's Moguls,KINGSBURY Mikael,2484937,1,time_points,16.75,16.9,16.95
FIS FREESTYLE SKI WORLD CUP 2025,2025-01-24,WATERVILLE (USA),Men's Moguls,KINGSBURY Mikael,2484937,1,jump_1_degree_diff,0.88,0.88,0.88
FIS FREESTYLE SKI WORLD CUP 2025,2025-01-24,WATERVILLE (USA),Men's Moguls,KINGSBURY Mikael,2484937,1,jump_2_degree_diff,0.88,1.05,1.05
FIS FREESTYLE SKI WORLD CUP 2025,2025-01-24,WATERVILLE (USA),Men's Moguls,KINGSBURY Mikael,2484937,1,jump_1_judge_6_score,7.8,8.7,9.4
FIS FREESTYLE SKI WORLD CUP 2025,2025-01-24,WATERVILLE (USA),Men's Moguls,KINGSBURY Mikael,2484937,1,jump_1_judge_7_score,7.7,9.2,9.2
FIS FREESTYLE SKI WORLD CUP 2025,2025-01-24,WATERVILLE (USA),Men's Moguls,KINGSBURY Mikael,2484937,1,jump_2_judge_6_score,8.0,7.2,8.5
FIS FREESTYLE SKI WORLD CUP 2025,2025-01-24,WATERVILLE (USA),Men's Moguls,KINGSBURY Mikael,2484937,1,jump_2_judge_7_score,7.8,7.1,8.5
FIS FREESTYLE SKI WORLD CUP 2025,2025-01-24,WATERVILLE (USA),Men's Moguls,PAGE Nick,2533462,2,run_score,73.15,81.51,83.55
FIS FREESTYLE SKI WORLD CUP 2025,2025-01-24,WATERVILLE (USA),Men's Moguls,PAGE Nick,2533462,2,air_total,13.49,16.36,16.99
FIS FREESTYLE SKI WORLD CUP 2025,2025-01-24,WATERVILLE (USA),Men's Moguls,PAGE Nick,2533462,2,turns_total,44.1,47.9,49.8
FIS FREESTYLE SKI WORLD CUP 2025,2025-01-24,WATERVILLE (USA),Men's Moguls,PAGE Nick,2533462,2,time_points,15.56,17.25,16.76
FIS FREESTYLE SKI WORLD CUP 2025,2025-01-24,WATERVILLE (USA),Men's Moguls,PAGE Nick,2533462,2,jump_1_degree_diff,1.01,1.05,1.05
FIS FREESTYLE SKI WORLD CUP 2025,2025-01-24,WATERVILLE (USA),Men's Moguls,PAGE Nick,2533462,2,jump_2_degree_diff,1.05,1.01,1.01
FIS FREESTYLE SKI WORLD CUP 2025,2025-01-24,WATERVILLE (USA),Men's Moguls,PAGE Nick,2533462,2,jump_1_judge_6_score,6.3,7.5,8.3
FIS FREESTYLE SKI WORLD CUP 2025,2025-01-24,WATERVILLE (USA),Men's Moguls,PAGE Nick,2533462,2,jump_1_judge_7_score,6.5,7.9,8.6
FIS FREESTYLE SKI WORLD CUP 2025,2025-01-24,WATERVILLE (USA),Men's Moguls,PAGE Nick,2533462,2,jump_2_judge_6_score,7.0,8.2,7.9
FIS FREESTYLE SKI WORLD CUP 2025,2025-01-24,WATERVILLE (USA),Men's Moguls,PAGE Nick,2533462,2,jump_2_judge_7_score,6.4,8.2,8.2
FIS FREESTYLE SKI WORLD CUP 2025,2025-01-24,WATERVILLE (USA),Men's Moguls,CAVET Benjamin,2530514,3,run_score,78.12,78.58,74.55
FIS FREESTYLE SKI WORLD CUP 2025,2025-01-24,WATERVILLE (USA),Men's Moguls,CAVET Benjamin,2530514,3,air_total,13.13,14.05,13.85
FIS FREESTYLE SKI WORLD CUP 2025,2025-01-24,WATERVILLE (USA),Men's Moguls,CAVET Benjamin,2530514,3,turns_total,48.4,48.1,43.8
FIS FREESTYLE SKI WORLD CUP 2025,2025-01-24,WATERVILLE (USA),Men's Moguls,CAVET Benjamin,2530514,3,time_points,16.59,16.43,16.9
FIS FREESTYLE SKI WORLD CUP 2025,2025-01-24,WATERVILLE (USA),Men's Moguls,CAVET Benjamin,2530514,3,jump_1_degree_diff,0.88,0.88,0.88
FIS FREESTYLE SKI WORLD CUP 2025,2025-01-24,WATERVILLE (USA),Men's Moguls,CAVET Benjamin,2530514,3,jump_2_degree_diff,0.71,1.05,1.05
FIS FREESTYLE SKI WORLD CUP 2025,2025-01-24,WATERVILLE (USA),Men's Moguls,CAVET Benjamin,2530514,3,jump_1_judge_6_score,8.2,7.2,7.1
FIS FREESTYLE SKI WORLD CUP 2025,2025-01-24,WATERVILLE (USA),Men's Moguls,CAVET Benjamin,2530514,3,jump_1_judge_7_score,8.2,8.4,8.3
FIS FREESTYLE SKI WORLD CUP 2025,2025-01-24,WATERVILLE (USA),Men's Moguls,CAVET Benjamin,2530514,3,jump_2_judge_6_score,8.4,6.5,6.7
FIS FREESTYLE SKI WORLD CUP 2025,2025-01-24,WATERVILLE (USA),Men's Moguls,CAVET Benjamin,2530514,3,jump_2_judge_7_score,8.3,7.2,6.8
FIS FREESTYLE SKI WORLD CUP 2025,2025-01-24,WATERVILLE (USA),Women's Moguls,LAFFONT Perrine,2531156,1,run_score,77.2,80.29,77.43
FIS FREESTYLE SKI WORLD CUP 2025,2025-01-24,WATERVILLE (USA),Women's Moguls,LAFFONT Perrine,2531156,1,air_total,15.36,16.47,13.62
FIS FREESTYLE SKI WORLD CUP 2025,2025-01-24,WATERVILLE (USA),Women's Moguls,LAFFONT Perrine,2531156,1,turns_total,45.5,46.0,46.2
FIS FREESTYLE SKI WORLD CUP 2025,2025-01-24,WATERVILLE (USA),Women's Moguls,LAFFONT Perrine,2531156,1,time_points,16.34,17.82,17.61
FIS FREESTYLE SKI WORLD CUP 2025,2025-01-24,WATERVILLE (USA),Women's Moguls,LAFFONT Perrine,2531156,1,jump_1_degree_diff,1.11,1.11,1.11
FIS FREESTYLE SKI WORLD CUP 2025,2025-01-24,WATERVILLE (USA),Women's Moguls,LAFFONT Perrine,2531156,1,jump_2_degree_diff,0.92,0.92,0.92
FIS FREESTYLE SKI WORLD CUP 2025,2025-01-24,WATERVILLE (USA),Women's Moguls,LAFFONT Perrine,2531156,1,jump_1_judge_6_score,7.3,7.8,7.0
FIS FREESTYLE SKI WORLD CUP 2025,2025-01-24,WATERVILLE (USA),Women's Moguls,LAFFONT Perrine,2531156,1,jump_1_judge_7_score,6.8,7.9,6.7
FIS FREESTYLE SKI WORLD CUP 2025,2025-01-24,WATERVILLE (USA),Women's Moguls,LAFFONT Perrine,2531156,1,jump_2_judge_6_score,8.1,8.5,6.6
FIS FREESTYLE SKI WORLD CUP 2025,2025-01-24,WATERVILLE (USA),Women's Moguls,LAFFONT Perrine,2531156,1,jump_2_judge_7_score,8.3,8.4,6.5
FIS FREESTYLE SKI WORLD CUP 2025,2025-01-24,WATERVILLE (USA),Women's Moguls,KAUF Jaelin,2529064,2,run_score,74.02,72.89,77.39
FIS FREESTYLE SKI WORLD CUP 2025,2025-01-24,WATERVILLE (USA),Women's Moguls,KAUF Jaelin,2529064,2,air_total,13.06,12.58,14.16
FIS FREESTYLE SKI WORLD CUP 2025,2025-01-24,WATERVILLE (USA),Women's Moguls,KAUF Jaelin,2529064,2,turns_total,44.2,42.2,45.5
FIS FREESTYLE SKI WORLD CUP 2025,2025-01-24,WATERVILLE (USA),Women's Moguls,KAUF Jaelin,2529064,2,time_points,16.76,18.11,17.73
FIS FREESTYLE SKI WORLD CUP 2025,2025-01-24,WATERVILLE (USA),Women's Moguls,KAUF Jaelin,2529064,2,jump_1_degree_diff,0.98,0.98,0.98
FIS FREESTYLE SKI WORLD CUP 2025,2025-01-24,WATERVILLE (USA),Women's Moguls,KAUF Jaelin,2529064,2,jump_2_degree_diff,0.92,0.92,0.92
FIS FREESTYLE SKI WORLD CUP 2025,2025-01-24,WATERVILLE (USA),Women's Moguls,KAUF Jaelin,2529064,2,jump_1_judge_6_score,5.6,6.8,6.8
FIS FREESTYLE SKI WORLD CUP 2025,2025-01-24,WATERVILLE (USA),Women's Moguls,KAUF Jaelin,2529064,2,jump_1_judge_7_score,6.8,6.5,7.1
FIS FREESTYLE SKI WORLD CUP 2025,2025-01-24,WATERVILLE (USA),Women's Moguls,KAUF Jaelin,2529064,2,jump_2_judge_6_score,7.0,6.9,7.8
FIS FREESTYLE SKI WORLD CUP 2025,2025-01-24,WATERVILLE (USA),Women's Moguls,KAUF Jaelin,2529064,2,jump_2_judge_7_score,8.2,6.3,8.2
FIS FREESTYLE SKI WORLD CUP 2025,2025-01-24,WATERVILLE (USA),Women's Moguls,GIACCIO Olivia,2532241,3,run_score,74.45,72.84,75.52
FIS FREESTYLE SKI WORLD CUP 2025,2025-01-24,WATERVILLE (USA),Women's Moguls,GIACCIO Olivia,2532241,3,air_total,14.16,13.12,13.63
FIS FREESTYLE SKI WORLD CUP 2025,2025-01-24,WATERVILLE (USA),Women's Moguls,GIACCIO Olivia,2532241,3,turns_total,44.8,42.5,44.5
FIS FREESTYLE SKI WORLD CUP 2025,2025-01-24,WATERVILLE (USA),Women's Moguls,GIACCIO Olivia,2532241,3,time_points,15.49,17.22,17.39
FIS FREESTYLE SKI WORLD CUP 2025,2025-01-24,WATERVILLE (USA),Women's Moguls,GIACCIO Olivia,2532241,3,jump_1_degree_diff,1.11,1.11,1.11
FIS FREESTYLE SKI WORLD CUP 2025,2025-01-24,WATERVILLE (USA),Women's Moguls,GIACCIO Olivia,2532241,3,jump_2_degree_diff,0.98,0.98,0.98
FIS FREESTYLE SKI WORLD CUP 2025,2025-01-24,WATERVILLE (USA),Women's Moguls,GIACCIO Olivia,2532241,3,jump_1_judge_6_score,7.5,6.3,6.2
FIS FREESTYLE SKI WORLD CUP 2025,2025-01-24,WATERVILLE (USA),Women's Moguls,GIACCIO Olivia,2532241,3,jump_1_judge_7_score,5.5,5.7,6.0
FIS FREESTYLE SKI WORLD CUP 2025,2025-01-24,WATERVILLE (USA),Women's Moguls,GIACCIO Olivia,2532241,3,jump_2_judge_6_score,6.0,6.7,6.5
FIS FREESTYLE SKI WORLD CUP 2025,2025-01-24,WATERVILLE (USA),Women's Moguls,GIACCIO Olivia,2532241,3,jump_2_judge_7_score,8.2,6.5,7.5
FIS FREESTYLE SKI WORLD CUP 2025,2025-01-31,VAL ST. COME (CAN),Men's Moguls,KINGSBURY Mikael,2484937,1,run_score,82.82,88.04,87.42
FIS FREESTYLE SKI WORLD CUP 2025,2025-01-31,VAL ST. COME (CAN),Men's Moguls,KINGSBURY Mikael,2484937,1,air_total,14.68,17.17,17.29
FIS FREESTYLE SKI WORLD CUP 2025,2025-01-31,VAL ST. COME (CAN),Men's Moguls,KINGSBURY Mikael,2484937,1,turns_total,51.3,53.8,53.8
FIS FREESTYLE SKI WORLD CUP 2025,2025-01-31,VAL ST. COME (CAN),Men's Moguls,KINGSBURY Mikael,2484937,1,time_points,16.84,17.07,16.33
FIS FREESTYLE SKI WORLD CUP 2025,2025-01-31,VAL ST. COME (CAN),Men's Moguls,KINGSBURY Mikael,2484937,1,jump_1_degree_diff,0.88,0.88,0.88
FIS FREESTYLE SKI WORLD CUP 2025,2025-01-31,VAL ST. COME (CAN),Men's Moguls,KINGSBURY Mikael,2484937,1,jump_2_degree_diff,0.88,1.05,1.05
FIS FREESTYLE SKI WORLD CUP 2025,2025-01-31,VAL ST. COME (CAN),Men's Moguls,KINGSBURY Mikael,2484937,1,jump_1_judge_6_score,8.7,9.0,9.5
FIS FREESTYLE SKI WORLD CUP 2025,2025-01-31,VAL ST. COME (CAN),Men's Moguls,KINGSBURY Mikael,2484937,1,jump_1_judge_7_score,8.6,9.5,9.4
FIS FREESTYLE SKI WORLD CUP 2025,2025-01-31,VAL ST. COME (CAN),Men's Moguls,KINGSBURY Mikael,2484937,1,jump_2_judge_6_score,8.0,8.8,8.7
FIS FREESTYLE SKI WORLD CUP 2025,2025-01-31,VAL ST. COME (CAN),Men's Moguls,KINGSBURY Mikael,2484937,1,jump_2_judge_7_score,8.1,8.4,8.4
FIS FREESTYLE SKI WORLD CUP 2025,2025-01-31,VAL ST. COME (CAN),Men's Moguls,VIEL Julien,2534074,2,run_score,80.18,81.32,80.56
FIS FREESTYLE SKI WORLD CUP 2025,2025-01-31,VAL ST. COME (CAN),Men's Moguls,VIEL Julien,2534074,2,air_total,14.51,15.92,15.21
FIS FREESTYLE SKI WORLD CUP 2025,2025-01-31,VAL ST. COME (CAN),Men's Moguls,VIEL Julien,2534074,2,turns_total,49.5,48.7,49.0
FIS FREESTYLE SKI WORLD CUP 2025,2025-01-31,VAL ST. COME (CAN),Men's Moguls,VIEL Julien,2534074,2,time_points,16.17,16.7,16.35
FIS FREESTYLE SKI WORLD CUP 2025,2025-01-31,VAL ST. COME (CAN),Men's Moguls,VIEL Julien,2534074,2,jump_1_degree_diff,0.88,1.05,1.05
FIS FREESTYLE SKI WORLD CUP 2025,2025-01-31,VAL ST. COME (CAN),Men's Moguls,VIEL Julien,2534074,2,jump_2_degree_diff,0.88,0.88,0.88
FIS FREESTYLE SKI WORLD CUP 2025,2025-01-31,VAL ST. COME (CAN),Men's Moguls,VIEL Julien,2534074,2,jump_1_judge_6_score,8.3,8.0,7.8
FIS FREESTYLE SKI WORLD CUP 2025,2025-01-31,VAL ST. COME (CAN),Men's Moguls,VIEL Julien,2534074,2,jump_1_judge_7_score,8.5,8.0,8.2
FIS FREESTYLE SKI WORLD CUP 2025,2025-01-31,VAL ST. COME (CAN),Men's Moguls,VIEL Julien,2534074,2,jump_2_judge_6_score,7.9,8.5,7.6
FIS FREESTYLE SKI WORLD CUP 2025,2025-01-31,VAL ST. COME (CAN),Men's Moguls,VIEL Julien,2534074,2,jump_2_judge_7_score,8.3,8.6,7.9
FIS FREESTYLE SKI WORLD CUP 2025,2025-01-31,VAL ST. COME (CAN),Men's Moguls,PENTTALA Olli,2528035,3,run_score,72.19,78.16,78.28
FIS FREESTYLE SKI WORLD CUP 2025,2025-01-31,VAL ST. COME (CAN),Men's Moguls,PENTTALA Olli,2528035,3,air_total,16.07,16.91,16.28
FIS FREESTYLE SKI WORLD CUP 2025,2025-01-31,VAL ST. COME (CAN),Men's Moguls,PENTTALA Olli,2528035,3,turns_total,40.8,44.9,45.8
FIS FREESTYLE SKI WORLD CUP 2025,2025-01-31,VAL ST. COME (CAN),Men's Moguls,PENTTALA Olli,2528035,3,time_points,15.32,16.35,16.2
FIS FREESTYLE SKI WORLD CUP 2025,2025-01-31,VAL ST. COME (CAN),Men's Moguls,PENTTALA Olli,2528035,3,jump_1_degree_diff,1.05,1.05,1.05
FIS FREESTYLE SKI WORLD CUP 2025,2025-01-31,VAL ST. COME (CAN),Men's Moguls,PENTTALA Olli,2528035,3,jump_2_degree_diff,1.01,1.01,1.01
FIS FREESTYLE SKI WORLD CUP 2025,2025-01-31,VAL ST. COME (CAN),Men's Moguls,PENTTALA Olli,2528035,3,jump_1_judge_6_score,8.0,7.8,8.2
FIS FREESTYLE SKI WORLD CUP 2025,2025-01-31,VAL ST. COME (CAN),Men's Moguls,PENTTALA Olli,2528035,3,jump_1_judge_7_score,8.1,7.4,8.5
FIS FREESTYLE SKI WORLD CUP 2025,2025-01-31,VAL ST. COME (CAN),Men's Moguls,PENTTALA Olli,2528035,3,jump_2_judge_6_score,7.5,8.8,7.4
FIS FREESTYLE SKI WORLD CUP 2025,2025-01-31,VAL ST. COME (CAN),Men's Moguls,PENTTALA Olli,2528035,3,jump_2_judge_7_score,7.6,8.9,7.5
FIS FREESTYLE SKI WORLD CUP 2025,2025-01-31,VAL ST. COME (CAN),Women's Moguls,SCHWINGHAMMER,2533204,1,run_score,70.79,78.66,80.07
FIS FREESTYLE SKI WORLD CUP 2025,2025-01-31,VAL ST. COME (CAN),Women's Moguls,SCHWINGHAMMER,2533204,1,air_total,15.49,16.34,15.36
FIS FREESTYLE SKI WORLD CUP 2025,2025-01-31,VAL ST. COME (CAN),Women's Moguls,SCHWINGHAMMER,2533204,1,turns_total,40.6,45.8,48.1
FIS FREESTYLE SKI WORLD CUP 2025,2025-01-31,VAL ST. COME (CAN),Women's Moguls,SCHWINGHAMMER,2533204,1,time_points,14.7,16.52,16.61
FIS FREESTYLE SKI WORLD CUP 2025,2025-01-31,VAL ST. COME (CAN),Women's Moguls,SCHWINGHAMMER,2533204,1,jump_1_degree_diff,0.98,0.98,0.98
FIS FREESTYLE SKI WORLD CUP 2025,2025-01-31,VAL ST. COME (CAN),Women's Moguls,SCHWINGHAMMER,2533204,1,jump_2_degree_diff,0.92,0.92,0.92
FIS FREESTYLE SKI WORLD CUP 2025,2025-01-31,VAL ST. COME (CAN),Women's Moguls,SCHWINGHAMMER,2533204,1,jump_1_judge_6_score,8.1,7.8,7.8
FIS FREESTYLE SKI WORLD CUP 2025,2025-01-31,VAL ST. COME (CAN),Women's Moguls,SCHWINGHAMMER,2533204,1,jump_1_judge_7_score,7.2,8.0,7.7
FIS FREESTYLE SKI WORLD CUP 2025,2025-01-31,VAL ST. COME (CAN),Women's Moguls,SCHWINGHAMMER,2533204,1,jump_2_judge_6_score,8.8,9.2,8.5
FIS FREESTYLE SKI WORLD CUP 2025,2025-01-31,VAL ST. COME (CAN),Women's Moguls,SCHWINGHAMMER,2533204,1,jump_2_judge_7_score,8.6,9.5,8.4
FIS FREESTYLE SKI WORLD CUP 2025,2025-01-31,VAL ST. COME (CAN),Women's Moguls,KAUF Jaelin,2529064,2,run_score,72.92,75.23,77.85
FIS FREESTYLE SKI WORLD CUP 2025,2025-01-31,VAL ST. COME (CAN),Women's Moguls,KAUF Jaelin,2529064,2,air_total,15.62,15.17,14.93
FIS FREESTYLE SKI WORLD CUP 2025,2025-01-31,VAL ST. COME (CAN),Women's Moguls,KAUF Jaelin,2529064,2,turns_total,40.9,42.3,45.1
FIS FREESTYLE SKI WORLD CUP 2025,2025-01-31,VAL ST. COME (CAN),Women's Moguls,KAUF Jaelin,2529064,2,time_points,16.4,17.76,17.82
FIS FREESTYLE SKI WORLD CUP 2025,2025-01-31,VAL ST. COME (CAN),Women's Moguls,KAUF Jaelin,2529064,2,jump_1_degree_diff,0.98,0.98,0.98
FIS FREESTYLE SKI WORLD CUP 2025,2025-01-31,VAL ST. COME (CAN),Women's Moguls,KAUF Jaelin,2529064,2,jump_2_degree_diff,0.92,0.92,0.92
FIS FREESTYLE SKI WORLD CUP 2025,2025-01-31,VAL ST. COME (CAN),Women's Moguls,KAUF Jaelin,2529064,2,jump_1_judge_6_score,8.2,7.6,7.9
FIS FREESTYLE SKI WORLD CUP 2025,2025-01-31,VAL ST. COME (CAN),Women's Moguls,KAUF Jaelin,2529064,2,jump_1_judge_7_score,8.4,7.9,7.0
FIS FREESTYLE SKI WORLD CUP 2025,2025-01-31,VAL ST. COME (CAN),Women's Moguls,KAUF Jaelin,2529064,2,jump_2_judge_6_score,8.2,8.2,8.1
FIS FREESTYLE SKI WORLD CUP 2025,2025-01-31,VAL ST. COME (CAN),Women's Moguls,KAUF Jaelin,2529064,2,jump_2_judge_7_score,8.1,8.3,8.5
FIS FREESTYLE SKI WORLD CUP 2025,2025-01-31,VAL ST. COME (CAN),Women's Moguls,GIACCIO Olivia,2532241,3,run_score,75.03,76.69,77.71
FIS FREESTYLE SKI WORLD CUP 2025,2025-01-31,VAL ST. COME (CAN),Women's Moguls,GIACCIO Olivia,2532241,3,air_total,17.54,16.8,16.89
FIS FREESTYLE SKI WORLD CUP 2025,2025-01-31,VAL ST. COME (CAN),Women's Moguls,GIACCIO Olivia,2532241,3,turns_total,43.6,45.0,45.7
FIS FREESTYLE SKI WORLD CUP 2025,2025-01-31,VAL ST. COME (CAN),Women's Moguls,GIACCIO Olivia,2532241,3,time_points,13.89,14.89,15.12
FIS FREESTYLE SKI WORLD CUP 2025,2025-01-31,VAL ST. COME (CAN),Women's Moguls,GIACCIO Olivia,2532241,3,jump_1_degree_diff,1.11,1.11,1.11
FIS FREESTYLE SKI WORLD CUP 2025,2025-01-31,VAL ST. COME (CAN),Women's Moguls,GIACCIO Olivia,2532241,3,jump_2_degree_diff,0.98,0.98,0.98
FIS FREESTYLE SKI WORLD CUP 2025,2025-01-31,VAL ST. COME (CAN),Women's Moguls,GIACCIO Olivia,2532241,3,jump_1_judge_6_score,8.3,7.8,8.1
FIS FREESTYLE SKI WORLD CUP 2025,2025-01-31,VAL ST. COME (CAN),Women's Moguls,GIACCIO Olivia,2532241,3,jump_1_judge_7_score,8.5,8.0,8.3
FIS FREESTYLE SKI WORLD CUP 2025,2025-01-31,VAL ST. COME (CAN),Women's Moguls,GIACCIO Olivia,2532241,3,jump_2_judge_6_score,8.6,8.0,8.0
FIS FREESTYLE SKI WORLD CUP 2025,2025-01-31,VAL ST. COME (CAN),Women's Moguls,GIACCIO Olivia,2532241,3,jump_2_judge_7_score,8.2,8.4,7.9
FIS FREESTYLE SKI WORLD CUP 2025,2025-02-06,DEER VALLEY (USA),Men's Moguls,HORISHIMA Ikuma,2529645,1,run_score,78.9,87.99,86.24
FIS FREESTYLE SKI WORLD CUP 2025,2025-02-06,DEER VALLEY (USA),Men's Moguls,HORISHIMA Ikuma,2529645,1,air_total,15.17,17.62,16.72
FIS FREESTYLE SKI WORLD CUP 2025,2025-02-06,DEER VALLEY (USA),Men's Moguls,HORISHIMA Ikuma,2529645,1,turns_total,48.8,53.7,52.8
FIS FREESTYLE SKI WORLD CUP 2025,2025-02-06,DEER VALLEY (USA),Men's Moguls,HORISHIMA Ikuma,2529645,1,time_points,14.93,16.67,16.72
FIS FREESTYLE SKI WORLD CUP 2025,2025-02-06,DEER VALLEY (USA),Men's Moguls,HORISHIMA Ikuma,2529645,1,jump_1_degree_diff,0.88,0.88,1.05
FIS FREESTYLE SKI WORLD CUP 2025,2025-02-06,DEER VALLEY (USA),Men's Moguls,HORISHIMA Ikuma,2529645,1,jump_2_degree_diff,1.05,1.05,1.22
FIS FREESTYLE SKI WORLD CUP 2025,2025-02-06,DEER VALLEY (USA),Men's Moguls,HORISHIMA Ikuma,2529645,1,jump_1_judge_6_score,7.6,9.4,8.1
FIS FREESTYLE SKI WORLD CUP 2025,2025-02-06,DEER VALLEY (USA),Men's Moguls,HORISHIMA Ikuma,2529645,1,jump_1_judge_7_score,7.7,9.3,8.2
FIS FREESTYLE SKI WORLD CUP 2025,2025-02-06,DEER VALLEY (USA),Men's Moguls,HORISHIMA Ikuma,2529645,1,jump_2_judge_6_score,8.0,8.9,6.6
FIS FREESTYLE SKI WORLD CUP 2025,2025-02-06,DEER VALLEY (USA),Men's Moguls,HORISHIMA Ikuma,2529645,1,jump_2_judge_7_score,8.1,9.0,6.8
FIS FREESTYLE SKI WORLD CUP 2025,2025-02-06,DEER VALLEY (USA),Men's Moguls,KOLMAKOV Pavel,2528846,2,run_score,75.43,82.4,84.95
FIS FREESTYLE SKI WORLD CUP 2025,2025-02-06,DEER VALLEY (USA),Men's Moguls,KOLMAKOV Pavel,2528846,2,air_total,15.27,16.18,16.22
FIS FREESTYLE SKI WORLD CUP 2025,2025-02-06,DEER VALLEY (USA),Men's Moguls,KOLMAKOV Pavel,2528846,2,turns_total,43.9,49.7,51.4
FIS FREESTYLE SKI WORLD CUP 2025,2025-02-06,DEER VALLEY (USA),Men's Moguls,KOLMAKOV Pavel,2528846,2,time_points,16.26,16.52,17.33
FIS FREESTYLE SKI WORLD CUP 2025,2025-02-06,DEER VALLEY (USA),Men's Moguls,KOLMAKOV Pavel,2528846,2,jump_1_degree_diff,0.88,1.05,1.05
FIS FREESTYLE SKI WORLD CUP 2025,2025-02-06,DEER VALLEY (USA),Men's Moguls,KOLMAKOV Pavel,2528846,2,jump_2_degree_diff,0.82,0.82,0.82
FIS FREESTYLE SKI WORLD CUP 2025,2025-02-06,DEER VALLEY (USA),Men's Moguls,KOLMAKOV Pavel,2528846,2,jump_1_judge_6_score,8.8,8.3,8.3
FIS FREESTYLE SKI WORLD CUP 2025,2025-02-06,DEER VALLEY (USA),Men's Moguls,KOLMAKOV Pavel,2528846,2,jump_1_judge_7_score,8.5,8.1,8.1
FIS FREESTYLE SKI WORLD CUP 2025,2025-02-06,DEER VALLEY (USA),Men's Moguls,KOLMAKOV Pavel,2528846,2,jump_2_judge_6_score,9.4,9.3,9.4
FIS FREESTYLE SKI WORLD CUP 2025,2025-02-06,DEER VALLEY (USA),Men's Moguls,KOLMAKOV Pavel,2528846,2,jump_2_judge_7_score,9.3,9.2,9.2
FIS FREESTYLE SKI WORLD CUP 2025,2025-02-06,DEER VALLEY (USA),Men's Moguls,CAVET Benjamin,2530514,3,run_score,76.32,80.12,83.82
FIS FREESTYLE SKI WORLD CUP 2025,2025-02-06,DEER VALLEY (USA),Men's Moguls,CAVET Benjamin,2530514,3,air_total,11.79,13.83,16.25
FIS FREESTYLE SKI WORLD CUP 2025,2025-02-06,DEER VALLEY (USA),Men's Moguls,CAVET Benjamin,2530514,3,turns_total,48.6,50.9,51.3
FIS FREESTYLE SKI WORLD CUP 2025,2025-02-06,DEER VALLEY (USA),Men's Moguls,CAVET Benjamin,2530514,3,time_points,15.93,15.39,16.27
FIS FREESTYLE SKI WORLD CUP 2025,2025-02-06,DEER VALLEY (USA),Men's Moguls,CAVET Benjamin,2530514,3,jump_1_degree_diff,0.88,0.88,0.88
FIS FREESTYLE SKI WORLD CUP 2025,2025-02-06,DEER VALLEY (USA),Men's Moguls,CAVET Benjamin,2530514,3,jump_2_degree_diff,0.71,1.05,1.05
FIS FREESTYLE SKI WORLD CUP 2025,2025-02-06,DEER VALLEY (USA),Men's Moguls,CAVET Benjamin,2530514,3,jump_1_judge_6_score,8.1,7.1,8.4
FIS FREESTYLE SKI WORLD CUP 2025,2025-02-06,DEER VALLEY (USA),Men's Moguls,CAVET Benjamin,2530514,3,jump_1_judge_7_score,8.0,7.3,8.5
FIS FREESTYLE SKI WORLD CUP 2025,2025-02-06,DEER VALLEY (USA),Men's Moguls,CAVET Benjamin,2530514,3,jump_2_judge_6_score,6.6,7.3,8.5
FIS FREESTYLE SKI WORLD CUP 2025,2025-02-06,DEER VALLEY (USA),Men's Moguls,CAVET Benjamin,2530514,3,jump_2_judge_7_score,6.7,7.0,8.3
FIS FREESTYLE SKI WORLD CUP 2025,2025-02-06,DEER VALLEY (USA),Women's Moguls,KAUF Jaelin,2529064,1,run_score,71.72,78.72,80.75
FIS FREESTYLE SKI WORLD CUP 2025,2025-02-06,DEER VALLEY (USA),Women's Moguls,KAUF Jaelin,2529064,1,air_total,13.21,14.26,15.35
FIS FREESTYLE SKI WORLD CUP 2025,2025-02-06,DEER VALLEY (USA),Women's Moguls,KAUF Jaelin,2529064,1,turns_total,43.6,48.3,49.0
FIS FREESTYLE SKI WORLD CUP 2025,2025-02-06,DEER VALLEY (USA),Women's Moguls,KAUF Jaelin,2529064,1,time_points,14.91,16.16,16.4
FIS FREESTYLE SKI WORLD CUP 2025,2025-02-06,DEER VALLEY (USA),Women's Moguls,KAUF Jaelin,2529064,1,jump_1_degree_diff,0.81,0.98,0.98
FIS FREESTYLE SKI WORLD CUP 2025,2025-02-06,DEER VALLEY (USA),Women's Moguls,KAUF Jaelin,2529064,1,jump_2_degree_diff,0.92,0.92,0.92
FIS FREESTYLE SKI WORLD CUP 2025,2025-02-06,DEER VALLEY (USA),Women's Moguls,KAUF Jaelin,2529064,1,jump_1_judge_6_score,6.9,7.1,7.6
FIS FREESTYLE SKI WORLD CUP 2025,2025-02-06,DEER VALLEY (USA),Women's Moguls,KAUF Jaelin,2529064,1,jump_1_judge_7_score,7.0,7.0,7.7
FIS FREESTYLE SKI WORLD CUP 2025,2025-02-06,DEER VALLEY (USA),Women's Moguls,KAUF Jaelin,2529064,1,jump_2_judge_6_score,8.2,8.1,8.6
FIS FREESTYLE SKI WORLD CUP 2025,2025-02-06,DEER VALLEY (USA),Women's Moguls,KAUF Jaelin,2529064,1,jump_2_judge_7_score,8.3,7.9,8.5
FIS FREESTYLE SKI WORLD CUP 2025,2025-02-06,DEER VALLEY (USA),Women's Moguls,LAFFONT Perrine,2531156,2,run_score,76.91,83.63,79.63
FIS FREESTYLE SKI WORLD CUP 2025,2025-02-06,DEER VALLEY (USA),Women's Moguls,LAFFONT Perrine,2531156,2,air_total,16.26,16.31,15.18
FIS FREESTYLE SKI WORLD CUP 2025,2025-02-06,DEER VALLEY (USA),Women's Moguls,LAFFONT Perrine,2531156,2,turns_total,45.2,50.5,47.3
FIS FREESTYLE SKI WORLD CUP 2025,2025-02-06,DEER VALLEY (USA),Women's Moguls,LAFFONT Perrine,2531156,2,time_points,15.45,16.82,17.15
FIS FREESTYLE SKI WORLD CUP 2025,2025-02-06,DEER VALLEY (USA),Women's Moguls,LAFFONT Perrine,2531156,2,jump_1_degree_diff,1.11,1.11,1.11
FIS FREESTYLE SKI WORLD CUP 2025,2025-02-06,DEER VALLEY (USA),Women's Moguls,LAFFONT Perrine,2531156,2,jump_2_degree_diff,0.92,0.92,0.92
FIS FREESTYLE SKI WORLD CUP 2025,2025-02-06,DEER VALLEY (USA),Women's Moguls,LAFFONT Perrine,2531156,2,jump_1_judge_6_score,7.6,7.4,6.9
FIS FREESTYLE SKI WORLD CUP 2025,2025-02-06,DEER VALLEY (USA),Women's Moguls,LAFFONT Perrine,2531156,2,jump_1_judge_7_score,7.8,7.5,6.8
FIS FREESTYLE SKI WORLD CUP 2025,2025-02-06,DEER VALLEY (USA),Women's Moguls,LAFFONT Perrine,2531156,2,jump_2_judge_6_score,8.4,8.8,8.4
FIS FREESTYLE SKI WORLD CUP 2025,2025-02-06,DEER VALLEY (USA),Women's Moguls,LAFFONT Perrine,2531156,2,jump_2_judge_7_score,8.4,8.7,8.1
FIS FREESTYLE SKI WORLD CUP 2025,2025-02-06,DEER VALLEY (USA),Women's Moguls,SCHWINGHAMMER,2533204,3,run_score,72.08,78.68,75.22
FIS FREESTYLE SKI WORLD CUP 2025,2025-02-06,DEER VALLEY (USA),Women's Moguls,SCHWINGHAMMER,2533204,3,air_total,13.76,14.67,13.05
FIS FREESTYLE SKI WORLD CUP 2025,2025-02-06,DEER VALLEY (USA),Women's Moguls,SCHWINGHAMMER,2533204,3,turns_total,44.8,48.0,46.3
FIS FREESTYLE SKI WORLD CUP 2025,2025-02-06,DEER VALLEY (USA),Women's Moguls,SCHWINGHAMMER,2533204,3,time_points,13.52,16.01,15.87
FIS FREESTYLE SKI WORLD CUP 2025,2025-02-06,DEER VALLEY (USA),Women's Moguls,SCHWINGHAMMER,2533204,3,jump_1_degree_diff,0.98,0.98,0.98
FIS FREESTYLE SKI WORLD CUP 2025,2025-02-06,DEER VALLEY (USA),Women's Moguls,SCHWINGHAMMER,2533204,3,jump_2_degree_diff,0.81,0.92,0.81
FIS FREESTYLE SKI WORLD CUP 2025,2025-02-06,DEER VALLEY (USA),Women's Moguls,SCHWINGHAMMER,2533204,3,jump_1_judge_6_score,7.9,7.8,7.5
FIS FREESTYLE SKI WORLD CUP 2025,2025-02-06,DEER VALLEY (USA),Women's Moguls,SCHWINGHAMMER,2533204,3,jump_1_judge_7_score,7.8,7.7,7.4
FIS FREESTYLE SKI WORLD CUP 2025,2025-02-06,DEER VALLEY (USA),Women's Moguls,SCHWINGHAMMER,2533204,3,jump_2_judge_6_score,7.5,7.6,7.1
FIS FREESTYLE SKI WORLD CUP 2025,2025-02-06,DEER VALLEY (USA),Women's Moguls,SCHWINGHAMMER,2533204,3,jump_2_judge_7_score,7.5,7.8,7.1
FIS FREESTYLE SKI WORLD CUP 2025,2025-02-21,BEIDAHU (CHN),Men's Moguls,HORISHIMA Ikuma,2529645,1,run_score,74.99,84.67,86.57
FIS FREESTYLE SKI WORLD CUP 2025,2025-02-21,BEIDAHU (CHN),Men's Moguls,HORISHIMA Ikuma,2529645,1,air_total,14.28,15.47,17.64
FIS FREESTYLE SKI WORLD CUP 2025,2025-02-21,BEIDAHU (CHN),Men's Moguls,HORISHIMA Ikuma,2529645,1,turns_total,45.1,53.1,52.5
FIS FREESTYLE SKI WORLD CUP 2025,2025-02-21,BEIDAHU (CHN),Men's Moguls,HORISHIMA Ikuma,2529645,1,time_points,15.61,16.1,16.43
FIS FREESTYLE SKI WORLD CUP 2025,2025-02-21,BEIDAHU (CHN),Men's Moguls,HORISHIMA Ikuma,2529645,1,jump_1_degree_diff,0.88,0.88,1.05
FIS FREESTYLE SKI WORLD CUP 2025,2025-02-21,BEIDAHU (CHN),Men's Moguls,HORISHIMA Ikuma,2529645,1,jump_2_degree_diff,1.05,1.05,1.22
FIS FREESTYLE SKI WORLD CUP 2025,2025-02-21,BEIDAHU (CHN),Men's Moguls,HORISHIMA Ikuma,2529645,1,jump_1_judge_6_score,8.0,8.0,8.5
FIS FREESTYLE SKI WORLD CUP 2025,2025-02-21,BEIDAHU (CHN),Men's Moguls,HORISHIMA Ikuma,2529645,1,jump_1_judge_7_score,7.4,8.1,8.5
FIS FREESTYLE SKI WORLD CUP 2025,2025-02-21,BEIDAHU (CHN),Men's Moguls,HORISHIMA Ikuma,2529645,1,jump_2_judge_6_score,7.0,7.9,7.1
FIS FREESTYLE SKI WORLD CUP 2025,2025-02-21,BEIDAHU (CHN),Men's Moguls,HORISHIMA Ikuma,2529645,1,jump_2_judge_7_score,7.3,8.1,7.2
FIS FREESTYLE SKI WORLD CUP 2025,2025-02-21,BEIDAHU (CHN),Men's Moguls,KINGSBURY Mikael,2484937,2,run_score,81.55,84.6,85.91
FIS FREESTYLE SKI WORLD CUP 2025,2025-02-21,BEIDAHU (CHN),Men's Moguls,KINGSBURY Mikael,2484937,2,air_total,14.03,15.48,15.88
FIS FREESTYLE SKI WORLD CUP 2025,2025-02-21,BEIDAHU (CHN),Men's Moguls,KINGSBURY Mikael,2484937,2,turns_total,51.4,52.4,53.2
FIS FREESTYLE SKI WORLD CUP 2025,2025-02-21,BEIDAHU (CHN),Men's Moguls,KINGSBURY Mikael,2484937,2,time_points,16.12,16.72,16.83
FIS FREESTYLE SKI WORLD CUP 2025,2025-02-21,BEIDAHU (CHN),Men's Moguls,KINGSBURY Mikael,2484937,2,jump_1_degree_diff,1.05,1.05,1.05
FIS FREESTYLE SKI WORLD CUP 2025,2025-02-21,BEIDAHU (CHN),Men's Moguls,KINGSBURY Mikael,2484937,2,jump_2_degree_diff,0.88,0.88,0.88
FIS FREESTYLE SKI WORLD CUP 2025,2025-02-21,BEIDAHU (CHN),Men's Moguls,KINGSBURY Mikael,2484937,2,jump_1_judge_6_score,7.0,8.2,8.3
FIS FREESTYLE SKI WORLD CUP 2025,2025-02-21,BEIDAHU (CHN),Men's Moguls,KINGSBURY Mikael,2484937,2,jump_1_judge_7_score,7.5,8.4,8.4
FIS FREESTYLE SKI WORLD CUP 2025,2025-02-21,BEIDAHU (CHN),Men's Moguls,KINGSBURY Mikael,2484937,2,jump_2_judge_6_score,7.6,7.7,8.1
FIS FREESTYLE SKI WORLD CUP 2025,2025-02-21,BEIDAHU (CHN),Men's Moguls,KINGSBURY Mikael,2484937,2,jump_2_judge_7_score,7.0,7.7,8.1
FIS FREESTYLE SKI WORLD CUP 2025,2025-02-21,BEIDAHU (CHN),Men's Moguls,GRAVENFORS Filip,2534858,3,run_score,76.1,82.95,83.79
FIS FREESTYLE SKI WORLD CUP 2025,2025-02-21,BEIDAHU (CHN),Men's Moguls,GRAVENFORS Filip,2534858,3,air_total,14.16,15.02,16.22
FIS FREESTYLE SKI WORLD CUP 2025,2025-02-21,BEIDAHU (CHN),Men's Moguls,GRAVENFORS Filip,2534858,3,turns_total,46.0,51.1,50.6
FIS FREESTYLE SKI WORLD CUP 2025,2025-02-21,BEIDAHU (CHN),Men's Moguls,GRAVENFORS Filip,2534858,3,time_points,15.94,16.83,16.97
FIS FREESTYLE SKI WORLD CUP 2025,2025-02-21,BEIDAHU (CHN),Men's Moguls,GRAVENFORS Filip,2534858,3,jump_1_degree_diff,1.05,1.05,1.2
FIS FREESTYLE SKI WORLD CUP 2025,2025-02-21,BEIDAHU (CHN),Men's Moguls,GRAVENFORS Filip,2534858,3,jump_2_degree_diff,0.88,1.01,0.88
FIS FREESTYLE SKI WORLD CUP 2025,2025-02-21,BEIDAHU (CHN),Men's Moguls,GRAVENFORS Filip,2534858,3,jump_1_judge_6_score,7.0,7.3,7.7
FIS FREESTYLE SKI WORLD CUP 2025,2025-02-21,BEIDAHU (CHN),Men's Moguls,GRAVENFORS Filip,2534858,3,jump_1_judge_7_score,7.5,7.1,7.6
FIS FREESTYLE SKI WORLD CUP 2025,2025-02-21,BEIDAHU (CHN),Men's Moguls,GRAVENFORS Filip,2534858,3,jump_2_judge_6_score,7.3,7.2,8.0
FIS FREESTYLE SKI WORLD CUP 2025,2025-02-21,BEIDAHU (CHN),Men's Moguls,GRAVENFORS Filip,2534858,3,jump_2_judge_7_score,7.6,7.6,8.0
FIS FREESTYLE SKI WORLD CUP 2025,2025-02-21,BEIDAHU (CHN),Women's Moguls,KAUF Jaelin,2529064,1,run_score,79.94,82.39,82.19
FIS FREESTYLE SKI WORLD CUP 2025,2025-02-21,BEIDAHU (CHN),Women's Moguls,KAUF Jaelin,2529064,1,air_total,14.05,14.37,14.61
FIS FREESTYLE SKI WORLD CUP 2025,2025-02-21,BEIDAHU (CHN),Women's Moguls,KAUF Jaelin,2529064,1,turns_total,48.3,49.9,49.4
FIS FREESTYLE SKI WORLD CUP 2025,2025-02-21,BEIDAHU (CHN),Women's Moguls,KAUF Jaelin,2529064,1,time_points,17.59,18.12,18.18
FIS FREESTYLE SKI WORLD CUP 2025,2025-02-21,BEIDAHU (CHN),Women's Moguls,KAUF Jaelin,2529064,1,jump_1_degree_diff,0.98,0.98,0.98
FIS FREESTYLE SKI WORLD CUP 2025,2025-02-21,BEIDAHU (CHN),Women's Moguls,KAUF Jaelin,2529064,1,jump_2_degree_diff,0.92,0.92,0.92
FIS FREESTYLE SKI WORLD CUP 2025,2025-02-21,BEIDAHU (CHN),Women's Moguls,KAUF Jaelin,2529064,1,jump_1_judge_6_score,6.8,7.5,7.4
FIS FREESTYLE SKI WORLD CUP 2025,2025-02-21,BEIDAHU (CHN),Women's Moguls,KAUF Jaelin,2529064,1,jump_1_judge_7_score,6.5,7.2,7.4
FIS FREESTYLE SKI WORLD CUP 2025,2025-02-21,BEIDAHU (CHN),Women's Moguls,KAUF Jaelin,2529064,1,jump_2_judge_6_score,8.1,7.8,8.0
FIS FREESTYLE SKI WORLD CUP 2025,2025-02-21,BEIDAHU (CHN),Women's Moguls,KAUF Jaelin,2529064,1,jump_2_judge_7_score,8.3,7.8,8.0
FIS FREESTYLE SKI WORLD CUP 2025,2025-02-21,BEIDAHU (CHN),Women's Moguls,LAFFONT Perrine,2531156,2,run_score,78.44,80.34,79.23
FIS FREESTYLE SKI WORLD CUP 2025,2025-02-21,BEIDAHU (CHN),Women's Moguls,LAFFONT Perrine,2531156,2,air_total,14.4,14.04,14.88
FIS FREESTYLE SKI WORLD CUP 2025,2025-02-21,BEIDAHU (CHN),Women's Moguls,LAFFONT Perrine,2531156,2,turns_total,48.9,50.3,48.5
FIS FREESTYLE SKI WORLD CUP 2025,2025-02-21,BEIDAHU (CHN),Women's Moguls,LAFFONT Perrine,2531156,2,time_points,15.14,16.0,15.85
FIS FREESTYLE SKI WORLD CUP 2025,2025-02-21,BEIDAHU (CHN),Women's Moguls,LAFFONT Perrine,2531156,2,jump_1_degree_diff,1.11,1.11,1.11
FIS FREESTYLE SKI WORLD CUP 2025,2025-02-21,BEIDAHU (CHN),Women's Moguls,LAFFONT Perrine,2531156,2,jump_2_degree_diff,0.92,0.92,0.92
FIS FREESTYLE SKI WORLD CUP 2025,2025-02-21,BEIDAHU (CHN),Women's Moguls,LAFFONT Perrine,2531156,2,jump_1_judge_6_score,7.3,7.5,7.3
FIS FREESTYLE SKI WORLD CUP 2025,2025-02-21,BEIDAHU (CHN),Women's Moguls,LAFFONT Perrine,2531156,2,jump_1_judge_7_score,6.9,7.3,7.0
FIS FREESTYLE SKI WORLD CUP 2025,2025-02-21,BEIDAHU (CHN),Women's Moguls,LAFFONT Perrine,2531156,2,jump_2_judge_6_score,6.8,6.3,7.5
FIS FREESTYLE SKI WORLD CUP 2025,2025-02-21,BEIDAHU (CHN),Women's Moguls,LAFFONT Perrine,2531156,2,jump_2_judge_7_score,7.4,6.4,7.6
FIS FREESTYLE SKI WORLD CUP 2025,2025-02-21,BEIDAHU (CHN),Women's Moguls,GIACCIO Olivia,2532241,3,run_score,69.0,77.47,78.43
FIS FREESTYLE SKI WORLD CUP 2025,2025-02-21,BEIDAHU (CHN),Women's Moguls,GIACCIO Olivia,2532241,3,air_total,13.88,14.34,15.32
FIS FREESTYLE SKI WORLD CUP 2025,2025-02-21,BEIDAHU (CHN),Women's Moguls,GIACCIO Olivia,2532241,3,turns_total,41.0,47.8,47.1
FIS FREESTYLE SKI WORLD CUP 2025,2025-02-21,BEIDAHU (CHN),Women's Moguls,GIACCIO Olivia,2532241,3,time_points,14.12,15.33,16.01
FIS FREESTYLE SKI WORLD CUP 2025,2025-02-21,BEIDAHU (CHN),Women's Moguls,GIACCIO Olivia,2532241,3,jump_1_degree_diff,1.11,1.11,1.11
FIS FREESTYLE SKI WORLD CUP 2025,2025-02-21,BEIDAHU (CHN),Women's Moguls,GIACCIO Olivia,2532241,3,jump_2_degree_diff,0.98,0.98,0.98
FIS FREESTYLE SKI WORLD CUP 2025,2025-02-21,BEIDAHU (CHN),Women's Moguls,GIACCIO Olivia,2532241,3,jump_1_judge_6_score,6.5,6.7,7.6
FIS FREESTYLE SKI WORLD CUP 2025,2025-02-21,BEIDAHU (CHN),Women's Moguls,GIACCIO Olivia,2532241,3,jump_1_judge_7_score,6.0,6.8,7.4
FIS FREESTYLE SKI WORLD CUP 2025,2025-02-21,BEIDAHU (CHN),Women's Moguls,GIACCIO Olivia,2532241,3,jump_2_judge_6_score,7.1,6.9,7.1
FIS FREESTYLE SKI WORLD CUP 2025,2025-02-21,BEIDAHU (CHN),Women's Moguls,GIACCIO Olivia,2532241,3,jump_2_judge_7_score,7.1,7.1,7.2
FIS FREESTYLE SKI WORLD CUP 2025,2025-03-11,LIVIGNO (ITA),Men's Moguls,HORISHIMA Ikuma,2529645,1,run_score,80.26,79.2,85.37
FIS FREESTYLE SKI WORLD CUP 2025,2025-03-11,LIVIGNO (ITA),Men's Moguls,HORISHIMA Ikuma,2529645,1,air_total,14.71,13.22,17.43
FIS FREESTYLE SKI WORLD CUP 2025,2025-03-11,LIVIGNO (ITA),Men's Moguls,HORISHIMA Ikuma,2529645,1,turns_total,49.8,49.4,50.3
FIS FREESTYLE SKI WORLD CUP 2025,2025-03-11,LIVIGNO (ITA),Men's Moguls,HORISHIMA Ikuma,2529645,1,time_points,15.75,16.58,17.64
FIS FREESTYLE SKI WORLD CUP 2025,2025-03-11,LIVIGNO (ITA),Men's Moguls,HORISHIMA Ikuma,2529645,1,jump_1_degree_diff,0.88,1.05,1.05
FIS FREESTYLE SKI WORLD CUP 2025,2025-03-11,LIVIGNO (ITA),Men's Moguls,HORISHIMA Ikuma,2529645,1,jump_2_degree_diff,1.05,1.05,1.22
FIS FREESTYLE SKI WORLD CUP 2025,2025-03-11,LIVIGNO (ITA),Men's Moguls,HORISHIMA Ikuma,2529645,1,jump_1_judge_6_score,8.2,6.7,7.6
FIS FREESTYLE SKI WORLD CUP 2025,2025-03-11,LIVIGNO (ITA),Men's Moguls,HORISHIMA Ikuma,2529645,1,jump_1_judge_7_score,8.2,6.7,7.5
FIS FREESTYLE SKI WORLD CUP 2025,2025-03-11,LIVIGNO (ITA),Men's Moguls,HORISHIMA Ikuma,2529645,1,jump_2_judge_6_score,7.3,5.8,7.8
FIS FREESTYLE SKI WORLD CUP 2025,2025-03-11,LIVIGNO (ITA),Men's Moguls,HORISHIMA Ikuma,2529645,1,jump_2_judge_7_score,7.0,6.0,7.8
FIS FREESTYLE SKI WORLD CUP 2025,2025-03-11,LIVIGNO (ITA),Men's Moguls,KINGSBURY Mikael,2484937,2,run_score,78.54,82.28,82.9
FIS FREESTYLE SKI WORLD CUP 2025,2025-03-11,LIVIGNO (ITA),Men's Moguls,KINGSBURY Mikael,2484937,2,air_total,13.33,16.37,15.9
FIS FREESTYLE SKI WORLD CUP 2025,2025-03-11,LIVIGNO (ITA),Men's Moguls,KINGSBURY Mikael,2484937,2,turns_total,49.3,49.6,49.4
FIS FREESTYLE SKI WORLD CUP 2025,2025-03-11,LIVIGNO (ITA),Men's Moguls,KINGSBURY Mikael,2484937,2,time_points,15.91,16.31,17.6
FIS FREESTYLE SKI WORLD CUP 2025,2025-03-11,LIVIGNO (ITA),Men's Moguls,KINGSBURY Mikael,2484937,2,jump_1_degree_diff,0.88,1.05,1.05
FIS FREESTYLE SKI WORLD CUP 2025,2025-03-11,LIVIGNO (ITA),Men's Moguls,KINGSBURY Mikael,2484937,2,jump_2_degree_diff,0.88,1.05,1.05
FIS FREESTYLE SKI WORLD CUP 2025,2025-03-11,LIVIGNO (ITA),Men's Moguls,KINGSBURY Mikael,2484937,2,jump_1_judge_6_score,7.5,8.0,6.9
FIS FREESTYLE SKI WORLD CUP 2025,2025-03-11,LIVIGNO (ITA),Men's Moguls,KINGSBURY Mikael,2484937,2,jump_1_judge_7_score,8.0,8.3,6.8
FIS FREESTYLE SKI WORLD CUP 2025,2025-03-11,LIVIGNO (ITA),Men's Moguls,KINGSBURY Mikael,2484937,2,jump_2_judge_6_score,7.3,7.6,8.4
FIS FREESTYLE SKI WORLD CUP 2025,2025-03-11,LIVIGNO (ITA),Men's Moguls,KINGSBURY Mikael,2484937,2,jump_2_judge_7_score,7.5,7.3,8.2
FIS FREESTYLE SKI WORLD CUP 2025,2025-03-11,LIVIGNO (ITA),Men's Moguls,MICKEL Charlie,2537180,3,run_score,74.86,81.06,80.14
FIS FREESTYLE SKI WORLD CUP 2025,2025-03-11,LIVIGNO (ITA),Men's Moguls,MICKEL Charlie,2537180,3,air_total,15.01,15.63,15.53
FIS FREESTYLE SKI WORLD CUP 2025,2025-03-11,LIVIGNO (ITA),Men's Moguls,MICKEL Charlie,2537180,3,turns_total,44.5,48.4,48.1
FIS FREESTYLE SKI WORLD CUP 2025,2025-03-11,LIVIGNO (ITA),Men's Moguls,MICKEL Charlie,2537180,3,time_points,15.35,17.03,16.51
FIS FREESTYLE SKI WORLD CUP 2025,2025-03-11,LIVIGNO (ITA),Men's Moguls,MICKEL Charlie,2537180,3,jump_1_degree_diff,1.01,1.01,1.01
FIS FREESTYLE SKI WORLD CUP 2025,2025-03-11,LIVIGNO (ITA),Men's Moguls,MICKEL Charlie,2537180,3,jump_2_degree_diff,0.88,1.05,1.05
FIS FREESTYLE SKI WORLD CUP 2025,2025-03-11,LIVIGNO (ITA),Men's Moguls,MICKEL Charlie,2537180,3,jump_1_judge_6_score,8.3,8.4,7.6
FIS FREESTYLE SKI WORLD CUP 2025,2025-03-11,LIVIGNO (ITA),Men's Moguls,MICKEL Charlie,2537180,3,jump_1_judge_7_score,8.2,8.0,7.9
FIS FREESTYLE SKI WORLD CUP 2025,2025-03-11,LIVIGNO (ITA),Men's Moguls,MICKEL Charlie,2537180,3,jump_2_judge_6_score,7.5,7.2,7.4
FIS FREESTYLE SKI WORLD CUP 2025,2025-03-11,LIVIGNO (ITA),Men's Moguls,MICKEL Charlie,2537180,3,jump_2_judge_7_score,7.7,6.8,7.3
FIS FREESTYLE SKI WORLD CUP 2025,2025-03-11,LIVIGNO (ITA),Women's Moguls,KAUF Jaelin,2529064,1,run_score,75.77,79.88,81.21
FIS FREESTYLE SKI WORLD CUP 2025,2025-03-11,LIVIGNO (ITA),Women's Moguls,KAUF Jaelin,2529064,1,air_total,13.56,14.5,15.13
FIS FREESTYLE SKI WORLD CUP 2025,2025-03-11,LIVIGNO (ITA),Women's Moguls,KAUF Jaelin,2529064,1,turns_total,45.7,46.8,47.5
FIS FREESTYLE SKI WORLD CUP 2025,2025-03-11,LIVIGNO (ITA),Women's Moguls,KAUF Jaelin,2529064,1,time_points,16.51,18.58,18.58
FIS FREESTYLE SKI WORLD CUP 2025,2025-03-11,LIVIGNO (ITA),Women's Moguls,KAUF Jaelin,2529064,1,jump_1_degree_diff,0.98,0.98,0.98
FIS FREESTYLE SKI WORLD CUP 2025,2025-03-11,LIVIGNO (ITA),Women's Moguls,KAUF Jaelin,2529064,1,jump_2_degree_diff,0.92,0.92,0.92
FIS FREESTYLE SKI WORLD CUP 2025,2025-03-11,LIVIGNO (ITA),Women's Moguls,KAUF Jaelin,2529064,1,jump_1_judge_6_score,7.1,7.3,7.9
FIS FREESTYLE SKI WORLD CUP 2025,2025-03-11,LIVIGNO (ITA),Women's Moguls,KAUF Jaelin,2529064,1,jump_1_judge_7_score,6.7,7.1,7.6
FIS FREESTYLE SKI WORLD CUP 2025,2025-03-11,LIVIGNO (ITA),Women's Moguls,KAUF Jaelin,2529064,1,jump_2_judge_6_score,7.5,8.0,8.1
FIS FREESTYLE SKI WORLD CUP 2025,2025-03-11,LIVIGNO (ITA),Women's Moguls,KAUF Jaelin,2529064,1,jump_2_judge_7_score,7.3,8.2,8.3
FIS FREESTYLE SKI WORLD CUP 2025,2025-03-11,LIVIGNO (ITA),Women's Moguls,LAFFONT Perrine,2531156,2,run_score,75.86,77.87,77.07
FIS FREESTYLE SKI WORLD CUP 2025,2025-03-11,LIVIGNO (ITA),Women's Moguls,LAFFONT Perrine,2531156,2,air_total,13.47,13.36,13.62
FIS FREESTYLE SKI WORLD CUP 2025,2025-03-11,LIVIGNO (ITA),Women's Moguls,LAFFONT Perrine,2531156,2,turns_total,46.2,46.9,46.3
FIS FREESTYLE SKI WORLD CUP 2025,2025-03-11,LIVIGNO (ITA),Women's Moguls,LAFFONT Perrine,2531156,2,time_points,16.19,17.61,17.15
FIS FREESTYLE SKI WORLD CUP 2025,2025-03-11,LIVIGNO (ITA),Women's Moguls,LAFFONT Perrine,2531156,2,jump_1_degree_diff,0.81,1.11,1.11
FIS FREESTYLE SKI WORLD CUP 2025,2025-03-11,LIVIGNO (ITA),Women's Moguls,LAFFONT Perrine,2531156,2,jump_2_degree_diff,0.98,0.98,0.98
FIS FREESTYLE SKI WORLD CUP 2025,2025-03-11,LIVIGNO (ITA),Women's Moguls,LAFFONT Perrine,2531156,2,jump_1_judge_6_score,8.4,6.2,6.3
FIS FREESTYLE SKI WORLD CUP 2025,2025-03-11,LIVIGNO (ITA),Women's Moguls,LAFFONT Perrine,2531156,2,jump_1_judge_7_score,7.7,5.8,5.9
FIS FREESTYLE SKI WORLD CUP 2025,2025-03-11,LIVIGNO (ITA),Women's Moguls,LAFFONT Perrine,2531156,2,jump_2_judge_6_score,7.3,7.0,7.3
FIS FREESTYLE SKI WORLD CUP 2025,2025-03-11,LIVIGNO (ITA),Women's Moguls,LAFFONT Perrine,2531156,2,jump_2_judge_7_score,6.9,6.7,6.7
FIS FREESTYLE SKI WORLD CUP 2025,2025-03-11,LIVIGNO (ITA),Women's Moguls,JOHNSON Tess,2532270,3,run_score,71.39,74.88,74.94
FIS FREESTYLE SKI WORLD CUP 2025,2025-03-11,LIVIGNO (ITA),Women's Moguls,JOHNSON Tess,2532270,3,air_total,15.44,16.14,15.56
FIS FREESTYLE SKI WORLD CUP 2025,2025-03-11,LIVIGNO (ITA),Women's Moguls,JOHNSON Tess,2532270,3,turns_total,42.0,44.2,44.1
FIS FREESTYLE SKI WORLD CUP 2025,2025-03-11,LIVIGNO (ITA),Women's Moguls,JOHNSON Tess,2532270,3,time_points,13.95,14.54,15.28
FIS FREESTYLE SKI WORLD CUP 2025,2025-03-11,LIVIGNO (ITA),Women's Moguls,JOHNSON Tess,2532270,3,jump_1_degree_diff,1.11,1.11,1.11
FIS FREESTYLE SKI WORLD CUP 2025,2025-03-11,LIVIGNO (ITA),Women's Moguls,JOHNSON Tess,2532270,3,jump_2_degree_diff,0.92,0.92,0.92
FIS FREESTYLE SKI WORLD CUP 2025,2025-03-11,LIVIGNO (ITA),Women's Moguls,JOHNSON Tess,2532270,3,jump_1_judge_6_score,7.3,7.7,7.2
FIS FREESTYLE SKI WORLD CUP 2025,2025-03-11,LIVIGNO (ITA),Women's Moguls,JOHNSON Tess,2532270,3,jump_1_judge_7_score,7.2,7.9,7.1
FIS FREESTYLE SKI WORLD CUP 2025,2025-03-11,LIVIGNO (ITA),Women's Moguls,JOHNSON Tess,2532270,3,jump_2_judge_6_score,7.9,8.1,8.3
FIS FREESTYLE SKI WORLD CUP 2025,2025-03-11,LIVIGNO (ITA),Women's Moguls,JOHNSON Tess,2532270,3,jump_2_judge_7_score,8.2,8.2,8.3
FIS FREESTYLE SKI WORLD CUP 2026,2025-12-07,RUKA (FIN),Men's Moguls,HORISHIMA Ikuma,2529645,1,run_score,76.93,76.67,83.48
FIS FREESTYLE SKI WORLD CUP 2026,2025-12-07,RUKA (FIN),Men's Moguls,HORISHIMA Ikuma,2529645,1,air_total,14.58,13.11,18.49
FIS FREESTYLE SKI WORLD CUP 2026,2025-12-07,RUKA (FIN),Men's Moguls,HORISHIMA Ikuma,2529645,1,turns_total,47.0,47.3,47.6
FIS FREESTYLE SKI WORLD CUP 2026,2025-12-07,RUKA (FIN),Men's Moguls,HORISHIMA Ikuma,2529645,1,time_points,15.35,16.26,17.39
FIS FREESTYLE SKI WORLD CUP 2026,2025-12-07,RUKA (FIN),Men's Moguls,HORISHIMA Ikuma,2529645,1,jump_1_degree_diff,0.88,1.05,1.05
FIS FREESTYLE SKI WORLD CUP 2026,2025-12-07,RUKA (FIN),Men's Moguls,HORISHIMA Ikuma,2529645,1,jump_2_degree_diff,1.05,1.05,1.22
FIS FREESTYLE SKI WORLD CUP 2026,2025-12-07,RUKA (FIN),Men's Moguls,HORISHIMA Ikuma,2529645,1,jump_1_judge_6_score,8.3,6.7,8.2
FIS FREESTYLE SKI WORLD CUP 2026,2025-12-07,RUKA (FIN),Men's Moguls,HORISHIMA Ikuma,2529645,1,jump_1_judge_7_score,8.5,6.5,8.1
FIS FREESTYLE SKI WORLD CUP 2026,2025-12-07,RUKA (FIN),Men's Moguls,HORISHIMA Ikuma,2529645,1,jump_2_judge_6_score,7.0,5.9,8.3
FIS FREESTYLE SKI WORLD CUP 2026,2025-12-07,RUKA (FIN),Men's Moguls,HORISHIMA Ikuma,2529645,1,jump_2_judge_7_score,6.7,5.9,8.1
FIS FREESTYLE SKI WORLD CUP 2026,2025-12-07,RUKA (FIN),Men's Moguls,WALLBERG Walter,2532001,2,run_score,78.89,77.71,82.47
FIS FREESTYLE SKI WORLD CUP 2026,2025-12-07,RUKA (FIN),Men's Moguls,WALLBERG Walter,2532001,2,air_total,15.24,15.38,17.03
FIS FREESTYLE SKI WORLD CUP 2026,2025-12-07,RUKA (FIN),Men's Moguls,WALLBERG Walter,2532001,2,turns_total,46.8,45.2,47.8
FIS FREESTYLE SKI WORLD CUP 2026,2025-12-07,RUKA (FIN),Men's Moguls,WALLBERG Walter,2532001,2,time_points,16.85,17.13,17.64
FIS FREESTYLE SKI WORLD CUP 2026,2025-12-07,RUKA (FIN),Men's Moguls,WALLBERG Walter,2532001,2,jump_1_degree_diff,0.88,1.05,1.05
FIS FREESTYLE SKI WORLD CUP 2026,2025-12-07,RUKA (FIN),Men's Moguls,WALLBERG Walter,2532001,2,jump_2_degree_diff,1.01,1.01,1.01
FIS FREESTYLE SKI WORLD CUP 2026,2025-12-07,RUKA (FIN),Men's Moguls,WALLBERG Walter,2532001,2,jump_1_judge_6_score,7.6,7.4,8.1
FIS FREESTYLE SKI WORLD CUP 2026,2025-12-07,RUKA (FIN),Men's Moguls,WALLBERG Walter,2532001,2,jump_1_judge_7_score,7.9,7.3,8.2
FIS FREESTYLE SKI WORLD CUP 2026,2025-12-07,RUKA (FIN),Men's Moguls,WALLBERG Walter,2532001,2,jump_2_judge_6_score,8.4,7.7,8.5
FIS FREESTYLE SKI WORLD CUP 2026,2025-12-07,RUKA (FIN),Men's Moguls,WALLBERG Walter,2532001,2,jump_2_judge_7_score,8.3,7.5,8.3
FIS FREESTYLE SKI WORLD CUP 2026,2025-12-07,RUKA (FIN),Men's Moguls,PAGE Nick,2533462,3,run_score,77.72,76.68,79.62
FIS FREESTYLE SKI WORLD CUP 2026,2025-12-07,RUKA (FIN),Men's Moguls,PAGE Nick,2533462,3,air_total,16.33,15.03,15.71
FIS FREESTYLE SKI WORLD CUP 2026,2025-12-07,RUKA (FIN),Men's Moguls,PAGE Nick,2533462,3,turns_total,46.3,45.5,47.3
FIS FREESTYLE SKI WORLD CUP 2026,2025-12-07,RUKA (FIN),Men's Moguls,PAGE Nick,2533462,3,time_points,15.09,16.15,16.61
FIS FREESTYLE SKI WORLD CUP 2026,2025-12-07,RUKA (FIN),Men's Moguls,PAGE Nick,2533462,3,jump_1_degree_diff,1.01,1.01,0.88
FIS FREESTYLE SKI WORLD CUP 2026,2025-12-07,RUKA (FIN),Men's Moguls,PAGE Nick,2533462,3,jump_2_degree_diff,1.05,1.05,1.05
FIS FREESTYLE SKI WORLD CUP 2026,2025-12-07,RUKA (FIN),Men's Moguls,PAGE Nick,2533462,3,jump_1_judge_6_score,7.7,7.4,8.1
FIS FREESTYLE SKI WORLD CUP 2026,2025-12-07,RUKA (FIN),Men's Moguls,PAGE Nick,2533462,3,jump_1_judge_7_score,7.6,7.2,7.6
FIS FREESTYLE SKI WORLD CUP 2026,2025-12-07,RUKA (FIN),Men's Moguls,PAGE Nick,2533462,3,jump_2_judge_6_score,8.4,7.5,8.9
FIS FREESTYLE SKI WORLD CUP 2026,2025-12-07,RUKA (FIN),Men's Moguls,PAGE Nick,2533462,3,jump_2_judge_7_score,8.0,7.1,7.9
FIS FREESTYLE SKI WORLD CUP 2026,2025-12-07,RUKA (FIN),Women's Moguls,JOHNSON Tess,2532270,1,run_score,72.94,75.57,78.86
FIS FREESTYLE SKI WORLD CUP 2026,2025-12-07,RUKA (FIN),Women's Moguls,JOHNSON Tess,2532270,1,air_total,12.21,14.17,15.67
FIS FREESTYLE SKI WORLD CUP 2026,2025-12-07,RUKA (FIN),Women's Moguls,JOHNSON Tess,2532270,1,turns_total,44.4,43.9,46.5
FIS FREESTYLE SKI WORLD CUP 2026,2025-12-07,RUKA (FIN),Women's Moguls,JOHNSON Tess,2532270,1,time_points,16.33,17.5,16.69
FIS FREESTYLE SKI WORLD CUP 2026,2025-12-07,RUKA (FIN),Women's Moguls,JOHNSON Tess,2532270,1,jump_1_degree_diff,1.11,1.11,1.11
FIS FREESTYLE SKI WORLD CUP 2026,2025-12-07,RUKA (FIN),Women's Moguls,JOHNSON Tess,2532270,1,jump_2_degree_diff,0.92,0.92,0.92
FIS FREESTYLE SKI WORLD CUP 2026,2025-12-07,RUKA (FIN),Women's Moguls,JOHNSON Tess,2532270,1,jump_1_judge_6_score,5.5,6.0,7.2
FIS FREESTYLE SKI WORLD CUP 2026,2025-12-07,RUKA (FIN),Women's Moguls,JOHNSON Tess,2532270,1,jump_1_judge_7_score,5.5,5.7,7.3
FIS FREESTYLE SKI WORLD CUP 2026,2025-12-07,RUKA (FIN),Women's Moguls,JOHNSON Tess,2532270,1,jump_2_judge_6_score,6.8,8.5,8.4
FIS FREESTYLE SKI WORLD CUP 2026,2025-12-07,RUKA (FIN),Women's Moguls,JOHNSON Tess,2532270,1,jump_2_judge_7_score,6.5,8.2,8.2
FIS FREESTYLE SKI WORLD CUP 2026,2025-12-07,RUKA (FIN),Women's Moguls,LAFFONT Perrine,2531156,2,run_score,71.83,78.63,77.43
FIS FREESTYLE SKI WORLD CUP 2026,2025-12-07,RUKA (FIN),Women's Moguls,LAFFONT Perrine,2531156,2,air_total,11.42,15.77,13.36
FIS FREESTYLE SKI WORLD CUP 2026,2025-12-07,RUKA (FIN),Women's Moguls,LAFFONT Perrine,2531156,2,turns_total,43.8,46.5,47.2
FIS FREESTYLE SKI WORLD CUP 2026,2025-12-07,RUKA (FIN),Women's Moguls,LAFFONT Perrine,2531156,2,time_points,16.61,16.36,16.87
FIS FREESTYLE SKI WORLD CUP 2026,2025-12-07,RUKA (FIN),Women's Moguls,LAFFONT Perrine,2531156,2,jump_1_degree_diff,0.81,0.98,0.98
FIS FREESTYLE SKI WORLD CUP 2026,2025-12-07,RUKA (FIN),Women's Moguls,LAFFONT Perrine,2531156,2,jump_2_degree_diff,1.11,1.11,1.11
FIS FREESTYLE SKI WORLD CUP 2026,2025-12-07,RUKA (FIN),Women's Moguls,LAFFONT Perrine,2531156,2,jump_1_judge_6_score,6.9,7.3,7.4
FIS FREESTYLE SKI WORLD CUP 2026,2025-12-07,RUKA (FIN),Women's Moguls,LAFFONT Perrine,2531156,2,jump_1_judge_7_score,6.8,7.8,7.2
FIS FREESTYLE SKI WORLD CUP 2026,2025-12-07,RUKA (FIN),Women's Moguls,LAFFONT Perrine,2531156,2,jump_2_judge_6_score,5.4,7.5,5.7
FIS FREESTYLE SKI WORLD CUP 2026,2025-12-07,RUKA (FIN),Women's Moguls,LAFFONT Perrine,2531156,2,jump_2_judge_7_score,5.2,7.6,5.5
FIS FREESTYLE SKI WORLD CUP 2026,2025-12-07,RUKA (FIN),Women's Moguls,GIACCIO Olivia,2532241,3,run_score,67.32,71.64,74.35
FIS FREESTYLE SKI WORLD CUP 2026,2025-12-07,RUKA (FIN),Women's Moguls,GIACCIO Olivia,2532241,3,air_total,12.46,13.31,15.47
FIS FREESTYLE SKI WORLD CUP 2026,2025-12-07,RUKA (FIN),Women's Moguls,GIACCIO Olivia,2532241,3,turns_total,39.7,41.6,41.1
FIS FREESTYLE SKI WORLD CUP 2026,2025-12-07,RUKA (FIN),Women's Moguls,GIACCIO Olivia,2532241,3,time_points,15.16,16.73,17.78
FIS FREESTYLE SKI WORLD CUP 2026,2025-12-07,RUKA (FIN),Women's Moguls,GIACCIO Olivia,2532241,3,jump_1_degree_diff,1.11,1.11,1.11
FIS FREESTYLE SKI WORLD CUP 2026,2025-12-07,RUKA (FIN),Women's Moguls,GIACCIO Olivia,2532241,3,jump_2_degree_diff,0.98,0.98,0.98
FIS FREESTYLE SKI WORLD CUP 2026,2025-12-07,RUKA (FIN),Women's Moguls,GIACCIO Olivia,2532241,3,jump_1_judge_6_score,5.9,5.2,7.3
FIS FREESTYLE SKI WORLD CUP 2026,2025-12-07,RUKA (FIN),Women's Moguls,GIACCIO Olivia,2532241,3,jump_1_judge_7_score,5.8,5.2,7.7
FIS FREESTYLE SKI WORLD CUP 2026,2025-12-07,RUKA (FIN),Women's Moguls,GIACCIO Olivia,2532241,3,jump_2_judge_6_score,6.2,7.8,7.3
FIS FREESTYLE SKI WORLD CUP 2026,2025-12-07,RUKA (FIN),Women's Moguls,GIACCIO Olivia,2532241,3,jump_2_judge_7_score,6.0,7.6,7.3
FIS FREESTYLE SKI WORLD CUP 2026,2025-12-08,RUKA (FIN),Women's Moguls,ANTHONY Jakara,2530720,1,run_score,71.68,78.54,79.89
FIS FREESTYLE SKI WORLD CUP 2026,2025-12-08,RUKA (FIN),Women's Moguls,ANTHONY Jakara,2530720,1,air_total,12.66,14.66,14.83
FIS FREESTYLE SKI WORLD CUP 2026,2025-12-08,RUKA (FIN),Women's Moguls,ANTHONY Jakara,2530720,1,turns_total,43.4,47.4,47.6
FIS FREESTYLE SKI WORLD CUP 2026,2025-12-08,RUKA (FIN),Women's Moguls,ANTHONY Jakara,2530720,1,time_points,15.62,16.48,17.46
FIS FREESTYLE SKI WORLD CUP 2026,2025-12-08,RUKA (FIN),Women's Moguls,ANTHONY Jakara,2530720,1,jump_1_degree_diff,1.11,1.11,1.11
FIS FREESTYLE SKI WORLD CUP 2026,2025-12-08,RUKA (FIN),Women's Moguls,ANTHONY Jakara,2530720,1,jump_2_degree_diff,0.81,0.92,0.92
FIS FREESTYLE SKI WORLD CUP 2026,2025-12-08,RUKA (FIN),Women's Moguls,ANTHONY Jakara,2530720,1,jump_1_judge_6_score,6.6,7.0,6.9
FIS FREESTYLE SKI WORLD CUP 2026,2025-12-08,RUKA (FIN),Women's Moguls,ANTHONY Jakara,2530720,1,jump_1_judge_7_score,6.6,6.5,6.5
FIS FREESTYLE SKI WORLD CUP 2026,2025-12-08,RUKA (FIN),Women's Moguls,ANTHONY Jakara,2530720,1,jump_2_judge_6_score,6.5,7.6,8.1
FIS FREESTYLE SKI WORLD CUP 2026,2025-12-08,RUKA (FIN),Women's Moguls,ANTHONY Jakara,2530720,1,jump_2_judge_7_score,6.7,8.0,8.0
FIS FREESTYLE SKI WORLD CUP 2026,2025-12-08,RUKA (FIN),Women's Moguls,GIACCIO Olivia,2532241,2,run_score,72.38,78.94,78.64
FIS FREESTYLE SKI WORLD CUP 2026,2025-12-08,RUKA (FIN),Women's Moguls,GIACCIO Olivia,2532241,2,air_total,13.06,13.36,14.51
FIS FREESTYLE SKI WORLD CUP 2026,2025-12-08,RUKA (FIN),Women's Moguls,GIACCIO Olivia,2532241,2,turns_total,45.2,48.9,46.9
FIS FREESTYLE SKI WORLD CUP 2026,2025-12-08,RUKA (FIN),Women's Moguls,GIACCIO Olivia,2532241,2,time_points,14.12,16.68,17.23
FIS FREESTYLE SKI WORLD CUP 2026,2025-12-08,RUKA (FIN),Women's Moguls,GIACCIO Olivia,2532241,2,jump_1_degree_diff,1.11,1.11,1.11
FIS FREESTYLE SKI WORLD CUP 2026,2025-12-08,RUKA (FIN),Women's Moguls,GIACCIO Olivia,2532241,2,jump_2_degree_diff,0.98,0.98,0.98
FIS FREESTYLE SKI WORLD CUP 2026,2025-12-08,RUKA (FIN),Women's Moguls,GIACCIO Olivia,2532241,2,jump_1_judge_6_score,5.4,5.4,7.1
FIS FREESTYLE SKI WORLD CUP 2026,2025-12-08,RUKA (FIN),Women's Moguls,GIACCIO Olivia,2532241,2,jump_1_judge_7_score,6.5,5.8,7.4
FIS FREESTYLE SKI WORLD CUP 2026,2025-12-08,RUKA (FIN),Women's Moguls,GIACCIO Olivia,2532241,2,jump_2_judge_6_score,6.4,7.9,6.5
FIS FREESTYLE SKI WORLD CUP 2026,2025-12-08,RUKA (FIN),Women's Moguls,GIACCIO Olivia,2532241,2,jump_2_judge_7_score,6.8,6.7,6.7
FIS FREESTYLE SKI WORLD CUP 2026,2025-12-08,RUKA (FIN),Women's Moguls,KAUF Jaelin,2529064,3,run_score,71.29,75.94,78.08
FIS FREESTYLE SKI WORLD CUP 2026,2025-12-08,RUKA (FIN),Women's Moguls,KAUF Jaelin,2529064,3,air_total,10.93,13.52,14.59
FIS FREESTYLE SKI WORLD CUP 2026,2025-12-08,RUKA (FIN),Women's Moguls,KAUF Jaelin,2529064,3,turns_total,45.1,44.9,44.8
FIS FREESTYLE SKI WORLD CUP 2026,2025-12-08,RUKA (FIN),Women's Moguls,KAUF Jaelin,2529064,3,time_points,15.26,17.52,18.69
FIS FREESTYLE SKI WORLD CUP 2026,2025-12-08,RUKA (FIN),Women's Moguls,KAUF Jaelin,2529064,3,jump_1_degree_diff,0.81,1.11,1.11
FIS FREESTYLE SKI WORLD CUP 2026,2025-12-08,RUKA (FIN),Women's Moguls,KAUF Jaelin,2529064,3,jump_2_degree_diff,0.92,0.92,0.92
FIS FREESTYLE SKI WORLD CUP 2026,2025-12-08,RUKA (FIN),Women's Moguls,KAUF Jaelin,2529064,3,jump_1_judge_6_score,5.3,6.3,6.4
FIS FREESTYLE SKI WORLD CUP 2026,2025-12-08,RUKA (FIN),Women's Moguls,KAUF Jaelin,2529064,3,jump_1_judge_7_score,6.5,6.3,6.9
FIS FREESTYLE SKI WORLD CUP 2026,2025-12-08,RUKA (FIN),Women's Moguls,KAUF Jaelin,2529064,3,jump_2_judge_6_score,6.7,6.6,7.8
FIS FREESTYLE SKI WORLD CUP 2026,2025-12-08,RUKA (FIN),Women's Moguls,KAUF Jaelin,2529064,3,jump_2_judge_7_score,6.7,7.6,7.9
FIS FREESTYLE SKI WORLD CUP 2026,2026-01-09,VAL ST. COME (CAN),Men's Moguls,KINGSBURY Mikael,2484937,1,run_score,81.51,,85.83
FIS FREESTYLE SKI WORLD CUP 2026,2026-01-09,VAL ST. COME (CAN),Men's Moguls,KINGSBURY Mikael,2484937,1,air_total,17.42,,16.69
FIS FREESTYLE SKI WORLD CUP 2026,2026-01-09,VAL ST. COME (CAN),Men's Moguls,KINGSBURY Mikael,2484937,1,turns_total,48.2,,51.6
FIS FREESTYLE SKI WORLD CUP 2026,2026-01-09,VAL ST. COME (CAN),Men's Moguls,KINGSBURY Mikael,2484937,1,time_points,15.89,,17.54
FIS FREESTYLE SKI WORLD CUP 2026,2026-01-09,VAL ST. COME (CAN),Men's Moguls,KINGSBURY Mikael,2484937,1,jump_1_degree_diff,1.05,,1.05
FIS FREESTYLE SKI WORLD CUP 2026,2026-01-09,VAL ST. COME (CAN),Men's Moguls,KINGSBURY Mikael,2484937,1,jump_2_degree_diff,1.05,,1.05
FIS FREESTYLE SKI WORLD CUP 2026,2026-01-09,VAL ST. COME (CAN),Men's Moguls,KINGSBURY Mikael,2484937,1,jump_1_judge_6_score,8.0,,7.9
FIS FREESTYLE SKI WORLD CUP 2026,2026-01-09,VAL ST. COME (CAN),Men's Moguls,KINGSBURY Mikael,2484937,1,jump_1_judge_7_score,8.1,,7.9
FIS FREESTYLE SKI WORLD CUP 2026,2026-01-09,VAL ST. COME (CAN),Men's Moguls,KINGSBURY Mikael,2484937,1,jump_2_judge_6_score,8.5,,8.0
FIS FREESTYLE SKI WORLD CUP 2026,2026-01-09,VAL ST. COME (CAN),Men's Moguls,KINGSBURY Mikael,2484937,1,jump_2_judge_7_score,8.6,,8.0
FIS FREESTYLE SKI WORLD CUP 2026,2026-01-09,VAL ST. COME (CAN),Men's Moguls,GRAHAM Matt,2441426,2,run_score,81.22,,83.5
FIS FREESTYLE SKI WORLD CUP 2026,2026-01-09,VAL ST. COME (CAN),Men's Moguls,GRAHAM Matt,2441426,2,air_total,14.72,,15.01
FIS FREESTYLE SKI WORLD CUP 2026,2026-01-09,VAL ST. COME (CAN),Men's Moguls,GRAHAM Matt,2441426,2,turns_total,48.9,,50.6
FIS FREESTYLE SKI WORLD CUP 2026,2026-01-09,VAL ST. COME (CAN),Men's Moguls,GRAHAM Matt,2441426,2,time_points,17.6,,17.89
FIS FREESTYLE SKI WORLD CUP 2026,2026-01-09,VAL ST. COME (CAN),Men's Moguls,GRAHAM Matt,2441426,2,jump_1_degree_diff,0.88,,0.88
FIS FREESTYLE SKI WORLD CUP 2026,2026-01-09,VAL ST. COME (CAN),Men's Moguls,GRAHAM Matt,2441426,2,jump_2_degree_diff,1.05,,1.05
FIS FREESTYLE SKI WORLD CUP 2026,2026-01-09,VAL ST. COME (CAN),Men's Moguls,GRAHAM Matt,2441426,2,jump_1_judge_6_score,7.7,,8.2
FIS FREESTYLE SKI WORLD CUP 2026,2026-01-09,VAL ST. COME (CAN),Men's Moguls,GRAHAM Matt,2441426,2,jump_1_judge_7_score,8.0,,8.4
FIS FREESTYLE SKI WORLD CUP 2026,2026-01-09,VAL ST. COME (CAN),Men's Moguls,GRAHAM Matt,2441426,2,jump_2_judge_6_score,7.4,,7.2
FIS FREESTYLE SKI WORLD CUP 2026,2026-01-09,VAL ST. COME (CAN),Men's Moguls,GRAHAM Matt,2441426,2,jump_2_judge_7_score,7.5,,7.5
FIS FREESTYLE SKI WORLD CUP 2026,2026-01-09,VAL ST. COME (CAN),Men's Moguls,PAGE Nick,2533462,3,run_score,74.94,,80.96
FIS FREESTYLE SKI WORLD CUP 2026,2026-01-09,VAL ST. COME (CAN),Men's Moguls,PAGE Nick,2533462,3,air_total,13.55,,16.42
FIS FREESTYLE SKI WORLD CUP 2026,2026-01-09,VAL ST. COME (CAN),Men's Moguls,PAGE Nick,2533462,3,turns_total,44.9,,48.4
FIS FREESTYLE SKI WORLD CUP 2026,2026-01-09,VAL ST. COME (CAN),Men's Moguls,PAGE Nick,2533462,3,time_points,16.49,,16.14
FIS FREESTYLE SKI WORLD CUP 2026,2026-01-09,VAL ST. COME (CAN),Men's Moguls,PAGE Nick,2533462,3,jump_1_degree_diff,1.01,,1.01
FIS FREESTYLE SKI WORLD CUP 2026,2026-01-09,VAL ST. COME (CAN),Men's Moguls,PAGE Nick,2533462,3,jump_2_degree_diff,1.05,,1.05
FIS FREESTYLE SKI WORLD CUP 2026,2026-01-09,VAL ST. COME (CAN),Men's Moguls,PAGE Nick,2533462,3,jump_1_judge_6_score,6.0,,8.1
FIS FREESTYLE SKI WORLD CUP 2026,2026-01-09,VAL ST. COME (CAN),Men's Moguls,PAGE Nick,2533462,3,jump_1_judge_7_score,6.5,,8.2
FIS FREESTYLE SKI WORLD CUP 2026,2026-01-09,VAL ST. COME (CAN),Men's Moguls,PAGE Nick,2533462,3,jump_2_judge_6_score,6.8,,7.8
FIS FREESTYLE SKI WORLD CUP 2026,2026-01-09,VAL ST. COME (CAN),Men's Moguls,PAGE Nick,2533462,3,jump_2_judge_7_score,7.0,,7.8
FIS FREESTYLE SKI WORLD CUP 2026,2026-01-16,WATERVILLE VALLEY RESORT (USA),Men's Moguls,HORISHIMA Ikuma,2529645,1,run_score,81.52,83.71,85.56
FIS FREESTYLE SKI WORLD CUP 2026,2026-01-16,WATERVILLE VALLEY RESORT (USA),Men's Moguls,HORISHIMA Ikuma,2529645,1,air_total,15.53,16.4,17.19
FIS FREESTYLE SKI WORLD CUP 2026,2026-01-16,WATERVILLE VALLEY RESORT (USA),Men's Moguls,HORISHIMA Ikuma,2529645,1,turns_total,49.9,51.0,51.7
FIS FREESTYLE SKI WORLD CUP 2026,2026-01-16,WATERVILLE VALLEY RESORT (USA),Men's Moguls,HORISHIMA Ikuma,2529645,1,time_points,16.09,16.31,16.67
FIS FREESTYLE SKI WORLD CUP 2026,2026-01-16,WATERVILLE VALLEY RESORT (USA),Men's Moguls,HORISHIMA Ikuma,2529645,1,jump_1_degree_diff,0.88,0.88,0.88
FIS FREESTYLE SKI WORLD CUP 2026,2026-01-16,WATERVILLE VALLEY RESORT (USA),Men's Moguls,HORISHIMA Ikuma,2529645,1,jump_2_degree_diff,1.05,1.05,1.05
FIS FREESTYLE SKI WORLD CUP 2026,2026-01-16,WATERVILLE VALLEY RESORT (USA),Men's Moguls,HORISHIMA Ikuma,2529645,1,jump_1_judge_6_score,8.5,8.5,9.2
FIS FREESTYLE SKI WORLD CUP 2026,2026-01-16,WATERVILLE VALLEY RESORT (USA),Men's Moguls,HORISHIMA Ikuma,2529645,1,jump_1_judge_7_score,8.2,8.5,9.0
FIS FREESTYLE SKI WORLD CUP 2026,2026-01-16,WATERVILLE VALLEY RESORT (USA),Men's Moguls,HORISHIMA Ikuma,2529645,1,jump_2_judge_6_score,7.8,8.3,9.0
FIS FREESTYLE SKI WORLD CUP 2026,2026-01-16,WATERVILLE VALLEY RESORT (USA),Men's Moguls,HORISHIMA Ikuma,2529645,1,jump_2_judge_7_score,7.8,8.7,8.5
FIS FREESTYLE SKI WORLD CUP 2026,2026-01-16,WATERVILLE VALLEY RESORT (USA),Men's Moguls,GRAVENFORS Filip,2534858,2,run_score,74.3,81.76,80.54
FIS FREESTYLE SKI WORLD CUP 2026,2026-01-16,WATERVILLE VALLEY RESORT (USA),Men's Moguls,GRAVENFORS Filip,2534858,2,air_total,13.23,16.62,16.52
FIS FREESTYLE SKI WORLD CUP 2026,2026-01-16,WATERVILLE VALLEY RESORT (USA),Men's Moguls,GRAVENFORS Filip,2534858,2,turns_total,46.1,48.5,47.0
FIS FREESTYLE SKI WORLD CUP 2026,2026-01-16,WATERVILLE VALLEY RESORT (USA),Men's Moguls,GRAVENFORS Filip,2534858,2,time_points,14.97,16.64,17.02
FIS FREESTYLE SKI WORLD CUP 2026,2026-01-16,WATERVILLE VALLEY RESORT (USA),Men's Moguls,GRAVENFORS Filip,2534858,2,jump_1_degree_diff,1.05,1.2,1.2
FIS FREESTYLE SKI WORLD CUP 2026,2026-01-16,WATERVILLE VALLEY RESORT (USA),Men's Moguls,GRAVENFORS Filip,2534858,2,jump_2_degree_diff,1.01,0.88,0.88
FIS FREESTYLE SKI WORLD CUP 2026,2026-01-16,WATERVILLE VALLEY RESORT (USA),Men's Moguls,GRAVENFORS Filip,2534858,2,jump_1_judge_6_score,6.7,7.9,8.3
FIS FREESTYLE SKI WORLD CUP 2026,2026-01-16,WATERVILLE VALLEY RESORT (USA),Men's Moguls,GRAVENFORS Filip,2534858,2,jump_1_judge_7_score,6.3,8.3,7.8
FIS FREESTYLE SKI WORLD CUP 2026,2026-01-16,WATERVILLE VALLEY RESORT (USA),Men's Moguls,GRAVENFORS Filip,2534858,2,jump_2_judge_6_score,6.5,7.8,7.8
FIS FREESTYLE SKI WORLD CUP 2026,2026-01-16,WATERVILLE VALLEY RESORT (USA),Men's Moguls,GRAVENFORS Filip,2534858,2,jump_2_judge_7_score,6.2,7.9,7.8
FIS FREESTYLE SKI WORLD CUP 2026,2026-01-16,WATERVILLE VALLEY RESORT (USA),Men's Moguls,HIRAYAMA Shota,2531908,3,run_score,76.61,78.85,79.47
FIS FREESTYLE SKI WORLD CUP 2026,2026-01-16,WATERVILLE VALLEY RESORT (USA),Men's Moguls,HIRAYAMA Shota,2531908,3,air_total,13.79,14.37,15.07
FIS FREESTYLE SKI WORLD CUP 2026,2026-01-16,WATERVILLE VALLEY RESORT (USA),Men's Moguls,HIRAYAMA Shota,2531908,3,turns_total,47.0,47.7,48.0
FIS FREESTYLE SKI WORLD CUP 2026,2026-01-16,WATERVILLE VALLEY RESORT (USA),Men's Moguls,HIRAYAMA Shota,2531908,3,time_points,15.82,16.78,16.4
FIS FREESTYLE SKI WORLD CUP 2026,2026-01-16,WATERVILLE VALLEY RESORT (USA),Men's Moguls,HIRAYAMA Shota,2531908,3,jump_1_degree_diff,0.88,0.88,0.88
FIS FREESTYLE SKI WORLD CUP 2026,2026-01-16,WATERVILLE VALLEY RESORT (USA),Men's Moguls,HIRAYAMA Shota,2531908,3,jump_2_degree_diff,1.01,0.82,1.01
FIS FREESTYLE SKI WORLD CUP 2026,2026-01-16,WATERVILLE VALLEY RESORT (USA),Men's Moguls,HIRAYAMA Shota,2531908,3,jump_1_judge_6_score,7.8,8.2,7.3
FIS FREESTYLE SKI WORLD CUP 2026,2026-01-16,WATERVILLE VALLEY RESORT (USA),Men's Moguls,HIRAYAMA Shota,2531908,3,jump_1_judge_7_score,6.7,7.7,7.8
FIS FREESTYLE SKI WORLD CUP 2026,2026-01-16,WATERVILLE VALLEY RESORT (USA),Men's Moguls,HIRAYAMA Shota,2531908,3,jump_2_judge_6_score,7.7,9.0,8.4
FIS FREESTYLE SKI WORLD CUP 2026,2026-01-16,WATERVILLE VALLEY RESORT (USA),Men's Moguls,HIRAYAMA Shota,2531908,3,jump_2_judge_7_score,7.0,9.0,8.3
FIS FREESTYLE SKI WORLD CUP 2026,2026-01-16,WATERVILLE VALLEY RESORT (USA),Women's Moguls,ANTHONY Jakara,2530720,1,run_score,80.04,81.59,81.17
FIS FREESTYLE SKI WORLD CUP 2026,2026-01-16,WATERVILLE VALLEY RESORT (USA),Women's Moguls,ANTHONY Jakara,2530720,1,air_total,14.45,16.72,16.68
FIS FREESTYLE SKI WORLD CUP 2026,2026-01-16,WATERVILLE VALLEY RESORT (USA),Women's Moguls,ANTHONY Jakara,2530720,1,turns_total,48.8,48.3,49.0
FIS FREESTYLE SKI WORLD CUP 2026,2026-01-16,WATERVILLE VALLEY RESORT (USA),Women's Moguls,ANTHONY Jakara,2530720,1,time_points,16.79,16.57,15.49
FIS FREESTYLE SKI WORLD CUP 2026,2026-01-16,WATERVILLE VALLEY RESORT (USA),Women's Moguls,ANTHONY Jakara,2530720,1,jump_1_degree_diff,1.11,1.11,1.11
FIS FREESTYLE SKI WORLD CUP 2026,2026-01-16,WATERVILLE VALLEY RESORT (USA),Women's Moguls,ANTHONY Jakara,2530720,1,jump_2_degree_diff,0.81,0.92,0.92
FIS FREESTYLE SKI WORLD CUP 2026,2026-01-16,WATERVILLE VALLEY RESORT (USA),Women's Moguls,ANTHONY Jakara,2530720,1,jump_1_judge_6_score,7.2,8.2,7.8
FIS FREESTYLE SKI WORLD CUP 2026,2026-01-16,WATERVILLE VALLEY RESORT (USA),Women's Moguls,ANTHONY Jakara,2530720,1,jump_1_judge_7_score,7.4,8.1,8.1
FIS FREESTYLE SKI WORLD CUP 2026,2026-01-16,WATERVILLE VALLEY RESORT (USA),Women's Moguls,ANTHONY Jakara,2530720,1,jump_2_judge_6_score,7.9,8.6,8.5
FIS FREESTYLE SKI WORLD CUP 2026,2026-01-16,WATERVILLE VALLEY RESORT (USA),Women's Moguls,ANTHONY Jakara,2530720,1,jump_2_judge_7_score,7.8,8.1,8.6
FIS FREESTYLE SKI WORLD CUP 2026,2026-01-16,WATERVILLE VALLEY RESORT (USA),Women's Moguls,LEMLEY Elizabeth,2537762,2,run_score,75.84,75.62,78.12
FIS FREESTYLE SKI WORLD CUP 2026,2026-01-16,WATERVILLE VALLEY RESORT (USA),Women's Moguls,LEMLEY Elizabeth,2537762,2,air_total,15.12,14.65,15.15
FIS FREESTYLE SKI WORLD CUP 2026,2026-01-16,WATERVILLE VALLEY RESORT (USA),Women's Moguls,LEMLEY Elizabeth,2537762,2,turns_total,45.1,47.1,47.4
FIS FREESTYLE SKI WORLD CUP 2026,2026-01-16,WATERVILLE VALLEY RESORT (USA),Women's Moguls,LEMLEY Elizabeth,2537762,2,time_points,15.62,13.87,15.57
FIS FREESTYLE SKI WORLD CUP 2026,2026-01-16,WATERVILLE VALLEY RESORT (USA),Women's Moguls,LEMLEY Elizabeth,2537762,2,jump_1_degree_diff,0.92,0.98,0.98
FIS FREESTYLE SKI WORLD CUP 2026,2026-01-16,WATERVILLE VALLEY RESORT (USA),Women's Moguls,LEMLEY Elizabeth,2537762,2,jump_2_degree_diff,1.11,1.11,1.11
FIS FREESTYLE SKI WORLD CUP 2026,2026-01-16,WATERVILLE VALLEY RESORT (USA),Women's Moguls,LEMLEY Elizabeth,2537762,2,jump_1_judge_6_score,6.4,6.5,6.8
FIS FREESTYLE SKI WORLD CUP 2026,2026-01-16,WATERVILLE VALLEY RESORT (USA),Women's Moguls,LEMLEY Elizabeth,2537762,2,jump_1_judge_7_score,7.2,5.4,6.6
FIS FREESTYLE SKI WORLD CUP 2026,2026-01-16,WATERVILLE VALLEY RESORT (USA),Women's Moguls,LEMLEY Elizabeth,2537762,2,jump_2_judge_6_score,7.9,8.1,7.9
FIS FREESTYLE SKI WORLD CUP 2026,2026-01-16,WATERVILLE VALLEY RESORT (USA),Women's Moguls,LEMLEY Elizabeth,2537762,2,jump_2_judge_7_score,8.1,7.8,7.6
FIS FREESTYLE SKI WORLD CUP 2026,2026-01-16,WATERVILLE VALLEY RESORT (USA),Women's Moguls,GIACCIO Olivia,2532241,3,run_score,76.71,77.14,76.6
FIS FREESTYLE SKI WORLD CUP 2026,2026-01-16,WATERVILLE VALLEY RESORT (USA),Women's Moguls,GIACCIO Olivia,2532241,3,air_total,13.78,14.4,14.51
FIS FREESTYLE SKI WORLD CUP 2026,2026-01-16,WATERVILLE VALLEY RESORT (USA),Women's Moguls,GIACCIO Olivia,2532241,3,turns_total,46.4,45.8,46.5
FIS FREESTYLE SKI WORLD CUP 2026,2026-01-16,WATERVILLE VALLEY RESORT (USA),Women's Moguls,GIACCIO Olivia,2532241,3,time_points,16.53,16.94,15.59
FIS FREESTYLE SKI WORLD CUP 2026,2026-01-16,WATERVILLE VALLEY RESORT (USA),Women's Moguls,GIACCIO Olivia,2532241,3,jump_1_degree_diff,1.11,1.11,1.11
FIS FREESTYLE SKI WORLD CUP 2026,2026-01-16,WATERVILLE VALLEY RESORT (USA),Women's Moguls,GIACCIO Olivia,2532241,3,jump_2_degree_diff,0.98,0.98,0.98
FIS FREESTYLE SKI WORLD CUP 2026,2026-01-16,WATERVILLE VALLEY RESORT (USA),Women's Moguls,GIACCIO Olivia,2532241,3,jump_1_judge_6_score,5.9,6.7,6.8
FIS FREESTYLE SKI WORLD CUP 2026,2026-01-16,WATERVILLE VALLEY RESORT (USA),Women's Moguls,GIACCIO Olivia,2532241,3,jump_1_judge_7_score,5.8,6.9,6.3
FIS FREESTYLE SKI WORLD CUP 2026,2026-01-16,WATERVILLE VALLEY RESORT (USA),Women's Moguls,GIACCIO Olivia,2532241,3,jump_2_judge_6_score,7.8,7.0,7.2
FIS FREESTYLE SKI WORLD CUP 2026,2026-01-16,WATERVILLE VALLEY RESORT (USA),Women's Moguls,GIACCIO Olivia,2532241,3,jump_2_judge_7_score,7.1,7.0,7.6
FIS FREESTYLE SKI WORLD CUP 2026,2026-02-28,NANTO-TOYAMA (JPN),Men's Moguls,GRAHAM Matt,2441426,1,run_score,73.79,75.52,78.42
FIS FREESTYLE SKI WORLD CUP 2026,2026-02-28,NANTO-TOYAMA (JPN),Men's Moguls,GRAHAM Matt,2441426,1,air_total,13.54,14.39,15.41
FIS FREESTYLE SKI WORLD CUP 2026,2026-02-28,NANTO-TOYAMA (JPN),Men's Moguls,GRAHAM Matt,2441426,1,turns_total,43.5,44.2,45.5
FIS FREESTYLE SKI WORLD CUP 2026,2026-02-28,NANTO-TOYAMA (JPN),Men's Moguls,GRAHAM Matt,2441426,1,time_points,16.75,16.93,17.51
FIS FREESTYLE SKI WORLD CUP 2026,2026-02-28,NANTO-TOYAMA (JPN),Men's Moguls,GRAHAM Matt,2441426,1,jump_1_degree_diff,0.88,0.88,0.88
FIS FREESTYLE SKI WORLD CUP 2026,2026-02-28,NANTO-TOYAMA (JPN),Men's Moguls,GRAHAM Matt,2441426,1,jump_2_degree_diff,0.88,1.05,1.05
FIS FREESTYLE SKI WORLD CUP 2026,2026-02-28,NANTO-TOYAMA (JPN),Men's Moguls,GRAHAM Matt,2441426,1,jump_1_judge_6_score,8.5,8.5,8.3
FIS FREESTYLE SKI WORLD CUP 2026,2026-02-28,NANTO-TOYAMA (JPN),Men's Moguls,GRAHAM Matt,2441426,1,jump_1_judge_7_score,7.6,7.4,8.0
FIS FREESTYLE SKI WORLD CUP 2026,2026-02-28,NANTO-TOYAMA (JPN),Men's Moguls,GRAHAM Matt,2441426,1,jump_2_judge_6_score,7.1,7.0,7.6
FIS FREESTYLE SKI WORLD CUP 2026,2026-02-28,NANTO-TOYAMA (JPN),Men's Moguls,GRAHAM Matt,2441426,1,jump_2_judge_7_score,7.6,7.1,8.1
FIS FREESTYLE SKI WORLD CUP 2026,2026-02-28,NANTO-TOYAMA (JPN),Men's Moguls,WENDLER Landon,2534140,2,run_score,72.31,77.0,78.21
FIS FREESTYLE SKI WORLD CUP 2026,2026-02-28,NANTO-TOYAMA (JPN),Men's Moguls,WENDLER Landon,2534140,2,air_total,12.36,15.23,15.53
FIS FREESTYLE SKI WORLD CUP 2026,2026-02-28,NANTO-TOYAMA (JPN),Men's Moguls,WENDLER Landon,2534140,2,turns_total,42.8,45.6,45.4
FIS FREESTYLE SKI WORLD CUP 2026,2026-02-28,NANTO-TOYAMA (JPN),Men's Moguls,WENDLER Landon,2534140,2,time_points,17.15,16.17,17.28
FIS FREESTYLE SKI WORLD CUP 2026,2026-02-28,NANTO-TOYAMA (JPN),Men's Moguls,WENDLER Landon,2534140,2,jump_1_degree_diff,0.88,0.88,0.88
FIS FREESTYLE SKI WORLD CUP 2026,2026-02-28,NANTO-TOYAMA (JPN),Men's Moguls,WENDLER Landon,2534140,2,jump_2_degree_diff,0.71,1.01,1.01
FIS FREESTYLE SKI WORLD CUP 2026,2026-02-28,NANTO-TOYAMA (JPN),Men's Moguls,WENDLER Landon,2534140,2,jump_1_judge_6_score,8.2,8.1,8.6
FIS FREESTYLE SKI WORLD CUP 2026,2026-02-28,NANTO-TOYAMA (JPN),Men's Moguls,WENDLER Landon,2534140,2,jump_1_judge_7_score,7.9,7.6,8.0
FIS FREESTYLE SKI WORLD CUP 2026,2026-02-28,NANTO-TOYAMA (JPN),Men's Moguls,WENDLER Landon,2534140,2,jump_2_judge_6_score,7.6,8.4,8.0
FIS FREESTYLE SKI WORLD CUP 2026,2026-02-28,NANTO-TOYAMA (JPN),Men's Moguls,WENDLER Landon,2534140,2,jump_2_judge_7_score,7.3,8.1,8.3
FIS FREESTYLE SKI WORLD CUP 2026,2026-02-28,NANTO-TOYAMA (JPN),Men's Moguls,HORISHIMA Ikuma,2529645,3,run_score,77.04,76.2,75.63
FIS FREESTYLE SKI WORLD CUP 2026,2026-02-28,NANTO-TOYAMA (JPN),Men's Moguls,HORISHIMA Ikuma,2529645,3,air_total,14.99,13.73,14.75
FIS FREESTYLE SKI WORLD CUP 2026,2026-02-28,NANTO-TOYAMA (JPN),Men's Moguls,HORISHIMA Ikuma,2529645,3,turns_total,45.3,44.9,42.3
FIS FREESTYLE SKI WORLD CUP 2026,2026-02-28,NANTO-TOYAMA (JPN),Men's Moguls,HORISHIMA Ikuma,2529645,3,time_points,16.75,17.57,18.58
FIS FREESTYLE SKI WORLD CUP 2026,2026-02-28,NANTO-TOYAMA (JPN),Men's Moguls,HORISHIMA Ikuma,2529645,3,jump_1_degree_diff,0.88,0.88,0.88
FIS FREESTYLE SKI WORLD CUP 2026,2026-02-28,NANTO-TOYAMA (JPN),Men's Moguls,HORISHIMA Ikuma,2529645,3,jump_2_degree_diff,1.05,1.05,1.05
FIS FREESTYLE SKI WORLD CUP 2026,2026-02-28,NANTO-TOYAMA (JPN),Men's Moguls,HORISHIMA Ikuma,2529645,3,jump_1_judge_6_score,8.0,7.0,8.2
FIS FREESTYLE SKI WORLD CUP 2026,2026-02-28,NANTO-TOYAMA (JPN),Men's Moguls,HORISHIMA Ikuma,2529645,3,jump_1_judge_7_score,8.3,6.8,8.4
FIS FREESTYLE SKI WORLD CUP 2026,2026-02-28,NANTO-TOYAMA (JPN),Men's Moguls,HORISHIMA Ikuma,2529645,3,jump_2_judge_6_score,7.6,7.4,7.1
FIS FREESTYLE SKI WORLD CUP 2026,2026-02-28,NANTO-TOYAMA (JPN),Men's Moguls,HORISHIMA Ikuma,2529645,3,jump_2_judge_7_score,7.3,7.2,7.1
"FIS SNOWBOARD, FREESTYLE AND FREESKI WORLD CHAMPIONSHIPS 2023",2023-02-25,BAKURIANI (GEO),Men's Moguls,KINGSBURY Mikael,2484937,1,run_score,87.38,89.1,89.82
"FIS SNOWBOARD, FREESTYLE AND FREESKI WORLD CHAMPIONSHIPS 2023",2023-02-25,BAKURIANI (GEO),Men's Moguls,KINGSBURY Mikael,2484937,1,air_total,15.92,17.37,18.05
"FIS SNOWBOARD, FREESTYLE AND FREESKI WORLD CHAMPIONSHIPS 2023",2023-02-25,BAKURIANI (GEO),Men's Moguls,KINGSBURY Mikael,2484937,1,turns_total,53.1,54.7,53.6
"FIS SNOWBOARD, FREESTYLE AND FREESKI WORLD CHAMPIONSHIPS 2023",2023-02-25,BAKURIANI (GEO),Men's Moguls,KINGSBURY Mikael,2484937,1,time_points,18.36,17.03,18.17
"FIS SNOWBOARD, FREESTYLE AND FREESKI WORLD CHAMPIONSHIPS 2023",2023-02-25,BAKURIANI (GEO),Men's Moguls,KINGSBURY Mikael,2484937,1,jump_1_degree_diff,0.88,1.05,1.05
"FIS SNOWBOARD, FREESTYLE AND FREESKI WORLD CHAMPIONSHIPS 2023",2023-02-25,BAKURIANI (GEO),Men's Moguls,KINGSBURY Mikael,2484937,1,jump_2_degree_diff,0.88,1.05,1.05
"FIS SNOWBOARD, FREESTYLE AND FREESKI WORLD CHAMPIONSHIPS 2023",2023-02-25,BAKURIANI (GEO),Men's Moguls,KINGSBURY Mikael,2484937,1,jump_1_judge_6_score,9.8,8.0,9.0
"FIS SNOWBOARD, FREESTYLE AND FREESKI WORLD CHAMPIONSHIPS 2023",2023-02-25,BAKURIANI (GEO),Men's Moguls,KINGSBURY Mikael,2484937,1,jump_1_judge_7_score,9.7,8.4,8.5
"FIS SNOWBOARD, FREESTYLE AND FREESKI WORLD CHAMPIONSHIPS 2023",2023-02-25,BAKURIANI (GEO),Men's Moguls,KINGSBURY Mikael,2484937,1,jump_2_judge_6_score,8.3,8.2,8.7
"FIS SNOWBOARD, FREESTYLE AND FREESKI WORLD CHAMPIONSHIPS 2023",2023-02-25,BAKURIANI (GEO),Men's Moguls,KINGSBURY Mikael,2484937,1,jump_2_judge_7_score,8.4,8.5,8.2
"FIS SNOWBOARD, FREESTYLE AND FREESKI WORLD CHAMPIONSHIPS 2023",2023-02-25,BAKURIANI (GEO),Men's Moguls,GRAHAM Matt,2441426,2,run_score,81.37,85.6,88.9
"FIS SNOWBOARD, FREESTYLE AND FREESKI WORLD CHAMPIONSHIPS 2023",2023-02-25,BAKURIANI (GEO),Men's Moguls,GRAHAM Matt,2441426,2,air_total,12.53,15.71,16.98
"FIS SNOWBOARD, FREESTYLE AND FREESKI WORLD CHAMPIONSHIPS 2023",2023-02-25,BAKURIANI (GEO),Men's Moguls,GRAHAM Matt,2441426,2,turns_total,51.6,52.4,53.0
"FIS SNOWBOARD, FREESTYLE AND FREESKI WORLD CHAMPIONSHIPS 2023",2023-02-25,BAKURIANI (GEO),Men's Moguls,GRAHAM Matt,2441426,2,time_points,17.24,17.49,18.92
"FIS SNOWBOARD, FREESTYLE AND FREESKI WORLD CHAMPIONSHIPS 2023",2023-02-25,BAKURIANI (GEO),Men's Moguls,GRAHAM Matt,2441426,2,jump_1_degree_diff,0.88,1.05,1.05
"FIS SNOWBOARD, FREESTYLE AND FREESKI WORLD CHAMPIONSHIPS 2023",2023-02-25,BAKURIANI (GEO),Men's Moguls,GRAHAM Matt,2441426,2,jump_2_degree_diff,0.88,0.88,0.88
"FIS SNOWBOARD, FREESTYLE AND FREESKI WORLD CHAMPIONSHIPS 2023",2023-02-25,BAKURIANI (GEO),Men's Moguls,GRAHAM Matt,2441426,2,jump_1_judge_6_score,7.0,8.4,9.4
"FIS SNOWBOARD, FREESTYLE AND FREESKI WORLD CHAMPIONSHIPS 2023",2023-02-25,BAKURIANI (GEO),Men's Moguls,GRAHAM Matt,2441426,2,jump_1_judge_7_score,7.1,8.3,9.3
"FIS SNOWBOARD, FREESTYLE AND FREESKI WORLD CHAMPIONSHIPS 2023",2023-02-25,BAKURIANI (GEO),Men's Moguls,GRAHAM Matt,2441426,2,jump_2_judge_6_score,7.1,8.0,8.1
"FIS SNOWBOARD, FREESTYLE AND FREESKI WORLD CHAMPIONSHIPS 2023",2023-02-25,BAKURIANI (GEO),Men's Moguls,GRAHAM Matt,2441426,2,jump_2_judge_7_score,7.3,7.8,8.2
"FIS SNOWBOARD, FREESTYLE AND FREESKI WORLD CHAMPIONSHIPS 2023",2023-02-25,BAKURIANI (GEO),Men's Moguls,WALLBERG Walter,2532001,3,run_score,82.42,88.2,88.52
"FIS SNOWBOARD, FREESTYLE AND FREESKI WORLD CHAMPIONSHIPS 2023",2023-02-25,BAKURIANI (GEO),Men's Moguls,WALLBERG Walter,2532001,3,air_total,13.59,16.54,16.84
"FIS SNOWBOARD, FREESTYLE AND FREESKI WORLD CHAMPIONSHIPS 2023",2023-02-25,BAKURIANI (GEO),Men's Moguls,WALLBERG Walter,2532001,3,turns_total,51.8,53.7,53.5
"FIS SNOWBOARD, FREESTYLE AND FREESKI WORLD CHAMPIONSHIPS 2023",2023-02-25,BAKURIANI (GEO),Men's Moguls,WALLBERG Walter,2532001,3,time_points,17.03,17.96,18.18
"FIS SNOWBOARD, FREESTYLE AND FREESKI WORLD CHAMPIONSHIPS 2023",2023-02-25,BAKURIANI (GEO),Men's Moguls,WALLBERG Walter,2532001,3,jump_1_degree_diff,0.88,0.88,0.88
"FIS SNOWBOARD, FREESTYLE AND FREESKI WORLD CHAMPIONSHIPS 2023",2023-02-25,BAKURIANI (GEO),Men's Moguls,WALLBERG Walter,2532001,3,jump_2_degree_diff,0.88,1.05,1.05
"FIS SNOWBOARD, FREESTYLE AND FREESKI WORLD CHAMPIONSHIPS 2023",2023-02-25,BAKURIANI (GEO),Men's Moguls,WALLBERG Walter,2532001,3,jump_1_judge_6_score,7.4,7.8,9.1
"FIS SNOWBOARD, FREESTYLE AND FREESKI WORLD CHAMPIONSHIPS 2023",2023-02-25,BAKURIANI (GEO),Men's Moguls,WALLBERG Walter,2532001,3,jump_1_judge_7_score,7.7,8.7,8.9
"FIS SNOWBOARD, FREESTYLE AND FREESKI WORLD CHAMPIONSHIPS 2023",2023-02-25,BAKURIANI (GEO),Men's Moguls,WALLBERG Walter,2532001,3,jump_2_judge_6_score,7.9,8.9,8.6
"FIS SNOWBOARD, FREESTYLE AND FREESKI WORLD CHAMPIONSHIPS 2023",2023-02-25,BAKURIANI (GEO),Men's Moguls,WALLBERG Walter,2532001,3,jump_2_judge_7_score,7.9,8.8,8.4
"FIS SNOWBOARD, FREESTYLE AND FREESKI WORLD CHAMPIONSHIPS 2023",2023-02-25,BAKURIANI (GEO),Women's Moguls,LAFFONT Perrine,2531156,1,run_score,83.93,87.6,87.4
"FIS SNOWBOARD, FREESTYLE AND FREESKI WORLD CHAMPIONSHIPS 2023",2023-02-25,BAKURIANI (GEO),Women's Moguls,LAFFONT Perrine,2531156,1,air_total,14.21,15.05,15.77
"FIS SNOWBOARD, FREESTYLE AND FREESKI WORLD CHAMPIONSHIPS 2023",2023-02-25,BAKURIANI (GEO),Women's Moguls,LAFFONT Perrine,2531156,1,turns_total,50.8,53.1,52.4
"FIS SNOWBOARD, FREESTYLE AND FREESKI WORLD CHAMPIONSHIPS 2023",2023-02-25,BAKURIANI (GEO),Women's Moguls,LAFFONT Perrine,2531156,1,time_points,18.92,19.45,19.23
"FIS SNOWBOARD, FREESTYLE AND FREESKI WORLD CHAMPIONSHIPS 2023",2023-02-25,BAKURIANI (GEO),Women's Moguls,LAFFONT Perrine,2531156,1,jump_1_degree_diff,0.92,0.92,0.92
"FIS SNOWBOARD, FREESTYLE AND FREESKI WORLD CHAMPIONSHIPS 2023",2023-02-25,BAKURIANI (GEO),Women's Moguls,LAFFONT Perrine,2531156,1,jump_2_degree_diff,0.98,0.98,0.98
"FIS SNOWBOARD, FREESTYLE AND FREESKI WORLD CHAMPIONSHIPS 2023",2023-02-25,BAKURIANI (GEO),Women's Moguls,LAFFONT Perrine,2531156,1,jump_1_judge_6_score,7.1,7.7,8.1
"FIS SNOWBOARD, FREESTYLE AND FREESKI WORLD CHAMPIONSHIPS 2023",2023-02-25,BAKURIANI (GEO),Women's Moguls,LAFFONT Perrine,2531156,1,jump_1_judge_7_score,7.2,7.9,8.1
"FIS SNOWBOARD, FREESTYLE AND FREESKI WORLD CHAMPIONSHIPS 2023",2023-02-25,BAKURIANI (GEO),Women's Moguls,LAFFONT Perrine,2531156,1,jump_2_judge_6_score,7.9,8.3,8.6
"FIS SNOWBOARD, FREESTYLE AND FREESKI WORLD CHAMPIONSHIPS 2023",2023-02-25,BAKURIANI (GEO),Women's Moguls,LAFFONT Perrine,2531156,1,jump_2_judge_7_score,7.7,7.8,8.4
"FIS SNOWBOARD, FREESTYLE AND FREESKI WORLD CHAMPIONSHIPS 2023",2023-02-25,BAKURIANI (GEO),Women's Moguls,KAUF Jaelin,2529064,2,run_score,79.73,81.9,83.56
"FIS SNOWBOARD, FREESTYLE AND FREESKI WORLD CHAMPIONSHIPS 2023",2023-02-25,BAKURIANI (GEO),Women's Moguls,KAUF Jaelin,2529064,2,air_total,11.74,12.66,13.93
"FIS SNOWBOARD, FREESTYLE AND FREESKI WORLD CHAMPIONSHIPS 2023",2023-02-25,BAKURIANI (GEO),Women's Moguls,KAUF Jaelin,2529064,2,turns_total,48.9,49.3,49.8
"FIS SNOWBOARD, FREESTYLE AND FREESKI WORLD CHAMPIONSHIPS 2023",2023-02-25,BAKURIANI (GEO),Women's Moguls,KAUF Jaelin,2529064,2,time_points,19.09,19.94,19.83
"FIS SNOWBOARD, FREESTYLE AND FREESKI WORLD CHAMPIONSHIPS 2023",2023-02-25,BAKURIANI (GEO),Women's Moguls,KAUF Jaelin,2529064,2,jump_1_degree_diff,0.92,0.92,0.92
"FIS SNOWBOARD, FREESTYLE AND FREESKI WORLD CHAMPIONSHIPS 2023",2023-02-25,BAKURIANI (GEO),Women's Moguls,KAUF Jaelin,2529064,2,jump_2_degree_diff,0.81,0.81,0.81
"FIS SNOWBOARD, FREESTYLE AND FREESKI WORLD CHAMPIONSHIPS 2023",2023-02-25,BAKURIANI (GEO),Women's Moguls,KAUF Jaelin,2529064,2,jump_1_judge_6_score,6.9,7.8,8.1
"FIS SNOWBOARD, FREESTYLE AND FREESKI WORLD CHAMPIONSHIPS 2023",2023-02-25,BAKURIANI (GEO),Women's Moguls,KAUF Jaelin,2529064,2,jump_1_judge_7_score,7.3,7.6,8.4
"FIS SNOWBOARD, FREESTYLE AND FREESKI WORLD CHAMPIONSHIPS 2023",2023-02-25,BAKURIANI (GEO),Women's Moguls,KAUF Jaelin,2529064,2,jump_2_judge_6_score,6.4,7.2,7.8
"FIS SNOWBOARD, FREESTYLE AND FREESKI WORLD CHAMPIONSHIPS 2023",2023-02-25,BAKURIANI (GEO),Women's Moguls,KAUF Jaelin,2529064,2,jump_2_judge_7_score,6.5,6.6,7.9
"FIS SNOWBOARD, FREESTYLE AND FREESKI WORLD CHAMPIONSHIPS 2023",2023-02-25,BAKURIANI (GEO),Women's Moguls,CARROLL Avital,2529074,3,run_score,72.47,79.32,80.19
"FIS SNOWBOARD, FREESTYLE AND FREESKI WORLD CHAMPIONSHIPS 2023",2023-02-25,BAKURIANI (GEO),Women's Moguls,CARROLL Avital,2529074,3,air_total,12.78,16.75,15.25
"FIS SNOWBOARD, FREESTYLE AND FREESKI WORLD CHAMPIONSHIPS 2023",2023-02-25,BAKURIANI (GEO),Women's Moguls,CARROLL Avital,2529074,3,turns_total,41.4,43.8,45.8
"FIS SNOWBOARD, FREESTYLE AND FREESKI WORLD CHAMPIONSHIPS 2023",2023-02-25,BAKURIANI (GEO),Women's Moguls,CARROLL Avital,2529074,3,time_points,18.29,18.77,19.14
"FIS SNOWBOARD, FREESTYLE AND FREESKI WORLD CHAMPIONSHIPS 2023",2023-02-25,BAKURIANI (GEO),Women's Moguls,CARROLL Avital,2529074,3,jump_1_degree_diff,0.81,1.11,1.11
"FIS SNOWBOARD, FREESTYLE AND FREESKI WORLD CHAMPIONSHIPS 2023",2023-02-25,BAKURIANI (GEO),Women's Moguls,CARROLL Avital,2529074,3,jump_2_degree_diff,0.92,0.92,0.92
"FIS SNOWBOARD, FREESTYLE AND FREESKI WORLD CHAMPIONSHIPS 2023",2023-02-25,BAKURIANI (GEO),Women's Moguls,CARROLL Avital,2529074,3,jump_1_judge_6_score,7.2,8.2,6.8
"FIS SNOWBOARD, FREESTYLE AND FREESKI WORLD CHAMPIONSHIPS 2023",2023-02-25,BAKURIANI (GEO),Women's Moguls,CARROLL Avital,2529074,3,jump_1_judge_7_score,7.0,8.4,7.2
"FIS SNOWBOARD, FREESTYLE AND FREESKI WORLD CHAMPIONSHIPS 2023",2023-02-25,BAKURIANI (GEO),Women's Moguls,CARROLL Avital,2529074,3,jump_2_judge_6_score,7.8,8.4,7.9
"FIS SNOWBOARD, FREESTYLE AND FREESKI WORLD CHAMPIONSHIPS 2023",2023-02-25,BAKURIANI (GEO),Women's Moguls,CARROLL Avital,2529074,3,jump_2_judge_7_score,7.5,8.0,8.4
"FIS Snowboard, Freestyle and Freeski World Championships 2025",2025-03-19,ST. MORITZ / ENGADIN (SUI),Men's Moguls,HORISHIMA Ikuma,2529645,1,run_score,,85.47,89.03
"FIS Snowboard, Freestyle and Freeski World Championships 2025",2025-03-19,ST. MORITZ / ENGADIN (SUI),Men's Moguls,HORISHIMA Ikuma,2529645,1,air_total,,17.58,19.18
"FIS Snowboard, Freestyle and Freeski World Championships 2025",2025-03-19,ST. MORITZ / ENGADIN (SUI),Men's Moguls,HORISHIMA Ikuma,2529645,1,turns_total,,51.1,52.2
"FIS Snowboard, Freestyle and Freeski World Championships 2025",2025-03-19,ST. MORITZ / ENGADIN (SUI),Men's Moguls,HORISHIMA Ikuma,2529645,1,time_points,,16.79,17.65
"FIS Snowboard, Freestyle and Freeski World Championships 2025",2025-03-19,ST. MORITZ / ENGADIN (SUI),Men's Moguls,HORISHIMA Ikuma,2529645,1,jump_1_degree_diff,,1.05,1.05
"FIS Snowboard, Freestyle and Freeski World Championships 2025",2025-03-19,ST. MORITZ / ENGADIN (SUI),Men's Moguls,HORISHIMA Ikuma,2529645,1,jump_2_degree_diff,,1.05,1.22
"FIS Snowboard, Freestyle and Freeski World Championships 2025",2025-03-19,ST. MORITZ / ENGADIN (SUI),Men's Moguls,HORISHIMA Ikuma,2529645,1,jump_1_judge_6_score,,7.9,8.7
"FIS Snowboard, Freestyle and Freeski World Championships 2025",2025-03-19,ST. MORITZ / ENGADIN (SUI),Men's Moguls,HORISHIMA Ikuma,2529645,1,jump_1_judge_7_score,,7.9,8.8
"FIS Snowboard, Freestyle and Freeski World Championships 2025",2025-03-19,ST. MORITZ / ENGADIN (SUI),Men's Moguls,HORISHIMA Ikuma,2529645,1,jump_2_judge_6_score,,8.7,8.5
"FIS Snowboard, Freestyle and Freeski World Championships 2025",2025-03-19,ST. MORITZ / ENGADIN (SUI),Men's Moguls,HORISHIMA Ikuma,2529645,1,jump_2_judge_7_score,,9.0,9.0
"FIS Snowboard, Freestyle and Freeski World Championships 2025",2025-03-19,ST. MORITZ / ENGADIN (SUI),Men's Moguls,KINGSBURY Mikael,2484937,2,run_score,,82.53,82.68
"FIS Snowboard, Freestyle and Freeski World Championships 2025",2025-03-19,ST. MORITZ / ENGADIN (SUI),Men's Moguls,KINGSBURY Mikael,2484937,2,air_total,,16.08,16.22
"FIS Snowboard, Freestyle and Freeski World Championships 2025",2025-03-19,ST. MORITZ / ENGADIN (SUI),Men's Moguls,KINGSBURY Mikael,2484937,2,turns_total,,49.5,49.1
"FIS Snowboard, Freestyle and Freeski World Championships 2025",2025-03-19,ST. MORITZ / ENGADIN (SUI),Men's Moguls,KINGSBURY Mikael,2484937,2,time_points,,16.95,17.36
"FIS Snowboard, Freestyle and Freeski World Championships 2025",2025-03-19,ST. MORITZ / ENGADIN (SUI),Men's Moguls,KINGSBURY Mikael,2484937,2,jump_1_degree_diff,,0.88,1.05
"FIS Snowboard, Freestyle and Freeski World Championships 2025",2025-03-19,ST. MORITZ / ENGADIN (SUI),Men's Moguls,KINGSBURY Mikael,2484937,2,jump_2_degree_diff,,1.05,1.05
"FIS Snowboard, Freestyle and Freeski World Championships 2025",2025-03-19,ST. MORITZ / ENGADIN (SUI),Men's Moguls,KINGSBURY Mikael,2484937,2,jump_1_judge_6_score,,8.9,8.5
"FIS Snowboard, Freestyle and Freeski World Championships 2025",2025-03-19,ST. MORITZ / ENGADIN (SUI),Men's Moguls,KINGSBURY Mikael,2484937,2,jump_1_judge_7_score,,8.7,8.6
"FIS Snowboard, Freestyle and Freeski World Championships 2025",2025-03-19,ST. MORITZ / ENGADIN (SUI),Men's Moguls,KINGSBURY Mikael,2484937,2,jump_2_judge_6_score,,8.0,7.0
"FIS Snowboard, Freestyle and Freeski World Championships 2025",2025-03-19,ST. MORITZ / ENGADIN (SUI),Men's Moguls,KINGSBURY Mikael,2484937,2,jump_2_judge_7_score,,7.9,6.8
"FIS Snowboard, Freestyle and Freeski World Championships 2025",2025-03-19,ST. MORITZ / ENGADIN (SUI),Men's Moguls,JUNG Daeyoon,2534856,3,run_score,,82.9,81.76
"FIS Snowboard, Freestyle and Freeski World Championships 2025",2025-03-19,ST. MORITZ / ENGADIN (SUI),Men's Moguls,JUNG Daeyoon,2534856,3,air_total,,18.59,17.32
"FIS Snowboard, Freestyle and Freeski World Championships 2025",2025-03-19,ST. MORITZ / ENGADIN (SUI),Men's Moguls,JUNG Daeyoon,2534856,3,turns_total,,47.5,47.3
"FIS Snowboard, Freestyle and Freeski World Championships 2025",2025-03-19,ST. MORITZ / ENGADIN (SUI),Men's Moguls,JUNG Daeyoon,2534856,3,time_points,,16.81,17.14
"FIS Snowboard, Freestyle and Freeski World Championships 2025",2025-03-19,ST. MORITZ / ENGADIN (SUI),Men's Moguls,JUNG Daeyoon,2534856,3,jump_1_degree_diff,,1.2,1.2
"FIS Snowboard, Freestyle and Freeski World Championships 2025",2025-03-19,ST. MORITZ / ENGADIN (SUI),Men's Moguls,JUNG Daeyoon,2534856,3,jump_2_degree_diff,,1.01,1.01
"FIS Snowboard, Freestyle and Freeski World Championships 2025",2025-03-19,ST. MORITZ / ENGADIN (SUI),Men's Moguls,JUNG Daeyoon,2534856,3,jump_1_judge_6_score,,7.8,8.6
"FIS Snowboard, Freestyle and Freeski World Championships 2025",2025-03-19,ST. MORITZ / ENGADIN (SUI),Men's Moguls,JUNG Daeyoon,2534856,3,jump_1_judge_7_score,,8.3,8.5
"FIS Snowboard, Freestyle and Freeski World Championships 2025",2025-03-19,ST. MORITZ / ENGADIN (SUI),Men's Moguls,JUNG Daeyoon,2534856,3,jump_2_judge_6_score,,8.7,7.3
"FIS Snowboard, Freestyle and Freeski World Championships 2025",2025-03-19,ST. MORITZ / ENGADIN (SUI),Men's Moguls,JUNG Daeyoon,2534856,3,jump_2_judge_7_score,,9.0,7.2
"FIS Snowboard, Freestyle and Freeski World Championships 2025",2025-03-19,ST. MORITZ / ENGADIN (SUI),Women's Moguls,LAFFONT Perrine,2531156,1,run_score,,76.23,77.92
"FIS Snowboard, Freestyle and Freeski World Championships 2025",2025-03-19,ST. MORITZ / ENGADIN (SUI),Women's Moguls,LAFFONT Perrine,2531156,1,air_total,,12.56,13.58
"FIS Snowboard, Freestyle and Freeski World Championships 2025",2025-03-19,ST. MORITZ / ENGADIN (SUI),Women's Moguls,LAFFONT Perrine,2531156,1,turns_total,,45.8,47.0
"FIS Snowboard, Freestyle and Freeski World Championships 2025",2025-03-19,ST. MORITZ / ENGADIN (SUI),Women's Moguls,LAFFONT Perrine,2531156,1,time_points,,17.87,17.34
"FIS Snowboard, Freestyle and Freeski World Championships 2025",2025-03-19,ST. MORITZ / ENGADIN (SUI),Women's Moguls,LAFFONT Perrine,2531156,1,jump_1_degree_diff,,0.81,0.81
"FIS Snowboard, Freestyle and Freeski World Championships 2025",2025-03-19,ST. MORITZ / ENGADIN (SUI),Women's Moguls,LAFFONT Perrine,2531156,1,jump_2_degree_diff,,0.98,0.98
"FIS Snowboard, Freestyle and Freeski World Championships 2025",2025-03-19,ST. MORITZ / ENGADIN (SUI),Women's Moguls,LAFFONT Perrine,2531156,1,jump_1_judge_6_score,,7.3,7.5
"FIS Snowboard, Freestyle and Freeski World Championships 2025",2025-03-19,ST. MORITZ / ENGADIN (SUI),Women's Moguls,LAFFONT Perrine,2531156,1,jump_1_judge_7_score,,6.8,7.3
"FIS Snowboard, Freestyle and Freeski World Championships 2025",2025-03-19,ST. MORITZ / ENGADIN (SUI),Women's Moguls,LAFFONT Perrine,2531156,1,jump_2_judge_6_score,,7.1,7.6
"FIS Snowboard, Freestyle and Freeski World Championships 2025",2025-03-19,ST. MORITZ / ENGADIN (SUI),Women's Moguls,LAFFONT Perrine,2531156,1,jump_2_judge_7_score,,6.9,7.9
"FIS Snowboard, Freestyle and Freeski World Championships 2025",2025-03-19,ST. MORITZ / ENGADIN (SUI),Women's Moguls,TOMITAKA Hinako,2532031,2,run_score,,73.34,75.15
"FIS Snowboard, Freestyle and Freeski World Championships 2025",2025-03-19,ST. MORITZ / ENGADIN (SUI),Women's Moguls,TOMITAKA Hinako,2532031,2,air_total,,10.06,12.56
"FIS Snowboard, Freestyle and Freeski World Championships 2025",2025-03-19,ST. MORITZ / ENGADIN (SUI),Women's Moguls,TOMITAKA Hinako,2532031,2,turns_total,,47.1,46.1
"FIS Snowboard, Freestyle and Freeski World Championships 2025",2025-03-19,ST. MORITZ / ENGADIN (SUI),Women's Moguls,TOMITAKA Hinako,2532031,2,time_points,,16.18,16.49
"FIS Snowboard, Freestyle and Freeski World Championships 2025",2025-03-19,ST. MORITZ / ENGADIN (SUI),Women's Moguls,TOMITAKA Hinako,2532031,2,jump_1_degree_diff,,0.92,0.92
"FIS Snowboard, Freestyle and Freeski World Championships 2025",2025-03-19,ST. MORITZ / ENGADIN (SUI),Women's Moguls,TOMITAKA Hinako,2532031,2,jump_2_degree_diff,,0.98,0.98
"FIS Snowboard, Freestyle and Freeski World Championships 2025",2025-03-19,ST. MORITZ / ENGADIN (SUI),Women's Moguls,TOMITAKA Hinako,2532031,2,jump_1_judge_6_score,,4.6,5.5
"FIS Snowboard, Freestyle and Freeski World Championships 2025",2025-03-19,ST. MORITZ / ENGADIN (SUI),Women's Moguls,TOMITAKA Hinako,2532031,2,jump_1_judge_7_score,,4.2,5.2
"FIS Snowboard, Freestyle and Freeski World Championships 2025",2025-03-19,ST. MORITZ / ENGADIN (SUI),Women's Moguls,TOMITAKA Hinako,2532031,2,jump_2_judge_6_score,,6.2,7.7
"FIS Snowboard, Freestyle and Freeski World Championships 2025",2025-03-19,ST. MORITZ / ENGADIN (SUI),Women's Moguls,TOMITAKA Hinako,2532031,2,jump_2_judge_7_score,,6.1,7.9
"FIS Snowboard, Freestyle and Freeski World Championships 2025",2025-03-19,ST. MORITZ / ENGADIN (SUI),Women's Moguls,SCHWINGHAMMER,2533204,3,run_score,,75.57,74.92
"FIS Snowboard, Freestyle and Freeski World Championships 2025",2025-03-19,ST. MORITZ / ENGADIN (SUI),Women's Moguls,SCHWINGHAMMER,2533204,3,air_total,,14.98,14.22
"FIS Snowboard, Freestyle and Freeski World Championships 2025",2025-03-19,ST. MORITZ / ENGADIN (SUI),Women's Moguls,SCHWINGHAMMER,2533204,3,turns_total,,44.7,43.9
"FIS Snowboard, Freestyle and Freeski World Championships 2025",2025-03-19,ST. MORITZ / ENGADIN (SUI),Women's Moguls,SCHWINGHAMMER,2533204,3,time_points,,15.89,16.8
"FIS Snowboard, Freestyle and Freeski World Championships 2025",2025-03-19,ST. MORITZ / ENGADIN (SUI),Women's Moguls,SCHWINGHAMMER,2533204,3,jump_1_degree_diff,,0.98,0.98
"FIS Snowboard, Freestyle and Freeski World Championships 2025",2025-03-19,ST. MORITZ / ENGADIN (SUI),Women's Moguls,SCHWINGHAMMER,2533204,3,jump_2_degree_diff,,0.92,0.92
"FIS Snowboard, Freestyle and Freeski World Championships 2025",2025-03-19,ST. MORITZ / ENGADIN (SUI),Women's Moguls,SCHWINGHAMMER,2533204,3,jump_1_judge_6_score,,7.5,6.5
"FIS Snowboard, Freestyle and Freeski World Championships 2025",2025-03-19,ST. MORITZ / ENGADIN (SUI),Women's Moguls,SCHWINGHAMMER,2533204,3,jump_1_judge_7_score,,7.8,6.3
"FIS Snowboard, Freestyle and Freeski World Championships 2025",2025-03-19,ST. MORITZ / ENGADIN (SUI),Women's Moguls,SCHWINGHAMMER,2533204,3,jump_2_judge_6_score,,7.9,8.7
"FIS Snowboard, Freestyle and Freeski World Championships 2025",2025-03-19,ST. MORITZ / ENGADIN (SUI),Women's Moguls,SCHWINGHAMMER,2533204,3,jump_2_judge_7_score,,8.4,8.6
